{
    "model": "tti_gunpack:gun/tti_tr9_geo",
    "texture": "tti_gunpack:gun/uv/tti_tr9",
    "lod": {
        "model": "tti_gunpack:gun/lod/tti_tr9_lod_geo",
        "texture": "tti_gunpack:gun/lod/tti_tr9_lod"
    },
    "hud": "tti_gunpack:gun/hud/tti_tr9",
    "slot": "tti_gunpack:gun/slot/tti_tr9",
    "animation": "tti_gunpack:tti_tr9",
    "use_default_animation": "rifle",
    "third_person_animation": "default",
    "transform": {
        "scale": {
            "thirdperson": [
                0.6,
                0.6,
                0.6
            ],
            "ground": [
                0.6,
                0.6,
                0.6
            ],
            "fixed": [
                1.2,
                1.2,
                1.2
            ]
        }
    },
    "muzzle_flash": {
      "texture": "tacz:flash/common_muzzle_flash",
      "scale": 0.75
    },
    "shell": {
        "initial_velocity": [5, 2, 1],
        "random_velocity": [1, 1, 0.25],
        "acceleration": [0.0, -10, 0.0],
        "angular_velocity": [360, -1200, 90],
        "living_time": 1.0
    },
    "sounds": {
        "shoot": "tti_gunpack:tti_tr9/tti_tr9_shoot",
        "shoot_3p": "tti_gunpack:tti_tr9/tti_tr9_shoot",
        "reload_empty": "tti_gunpack:tti_tr9/tti_tr9_reload_empty",
        "reload_tactical": "tti_gunpack:tti_tr9/tti_tr9_reload_tactical",
        "inspect": "tti_gunpack:tti_tr9/tti_tr9_inspect",
        "inspect_empty": "tti_gunpack:tti_tr9/tti_tr9_inspect_empty",
        "draw": "tti_gunpack:tti_tr9/tti_tr9_draw",
        "put_away": "tti_gunpack:tti_tr9/tti_tr9_put_away",
        "silence": "tti_gunpack:tti_tr9/tti_tr9_silence",
        "silence_3p": "tti_gunpack:tti_tr9/tti_tr9_silence"
    }
}