{
	"format_version": "1.12.0",
	"minecraft:geometry": [
		{
			"description": {
				"identifier": "geometry.aug (1)",
				"texture_width": 64,
				"texture_height": 64,
				"visible_bounds_width": 4,
				"visible_bounds_height": 2.5,
				"visible_bounds_offset": [0, 0.75, 0]
			},
			"bones": [
				{
					"name": "positioning",
					"pivot": [0, 0, -8]
				},
				{
					"name": "thirdperson_hand",
					"parent": "positioning",
					"pivot": [0, 7.125, 2.075]
				},
				{
					"name": "ground",
					"parent": "positioning",
					"pivot": [0, -2, 4]
				},
				{
					"name": "fixed",
					"parent": "positioning",
					"pivot": [1.25, 9.25, 4],
					"rotation": [0, 90, 0]
				},
				{
					"name": "lod",
					"pivot": [0.54687, -4.54321, 5.3125],
					"cubes": [
						{
							"origin": [-0.38565, 7.26611, -3.16721],
							"size": [0.99004, 1.58081, 2.875],
							"inflate": 0.001,
							"pivot": [0.01562, 7.55652, -2.72971],
							"rotation": [-30, 0, 0],
							"uv": {
								"north": {"uv": [35, 52], "uv_size": [1, 1.5]},
								"east": {"uv": [33, 42], "uv_size": [3, 1.5]},
								"south": {"uv": [52, 36], "uv_size": [1, 1.5]},
								"west": {"uv": [43, 0], "uv_size": [3, 1.5]},
								"up": {"uv": [46, 18], "uv_size": [1, 3]},
								"down": {"uv": [22, 49], "uv_size": [1, -3]}
							}
						},
						{
							"origin": [-0.38565, 3.89111, -2.66721],
							"size": [0.99004, 0.58081, 5.75],
							"pivot": [0.01562, 4.18152, 0.64529],
							"rotation": [-52.5, 0, 0],
							"uv": {
								"north": {"uv": [54, 29], "uv_size": [1, 0.5]},
								"east": {"uv": [45, 45], "uv_size": [6, 0.5]},
								"south": {"uv": [54, 31], "uv_size": [1, 0.5]},
								"west": {"uv": [9, 46], "uv_size": [6, 0.5]},
								"up": {"uv": [39, 21], "uv_size": [1, 6]},
								"down": {"uv": [37, 45], "uv_size": [1, -6]}
							}
						},
						{
							"origin": [-1.08571, 7.5204, 2.125],
							"size": [1.9375, 1.9375, 10.3125],
							"pivot": [0, 8.37219, 7.28125],
							"rotation": [0, 0, 45],
							"uv": {
								"north": {"uv": [17, 44], "uv_size": [2, 2]},
								"east": {"uv": [11, 3], "uv_size": [10.5, 2]},
								"south": {"uv": [26, 44], "uv_size": [2, 2]},
								"west": {"uv": [11, 6], "uv_size": [10.5, 2]},
								"up": {"uv": [14, 13], "uv_size": [2, 10.5]},
								"down": {"uv": [17, 23.5], "uv_size": [2, -10.5]}
							}
						},
						{
							"origin": [-0.62546, 7.33937, -4.0625],
							"size": [1.58394, 1.58395, 6.1875],
							"pivot": [0.04687, 8.25098, -5],
							"rotation": [0, 0, 45],
							"uv": {
								"north": {"uv": [49, 11], "uv_size": [1.5, 1.5]},
								"east": {"uv": [36, 3], "uv_size": [6, 1.5]},
								"south": {"uv": [49, 36], "uv_size": [1.5, 1.5]},
								"west": {"uv": [36, 6], "uv_size": [6, 1.5]},
								"up": {"uv": [36, 14], "uv_size": [1.5, 6]},
								"down": {"uv": [36, 27], "uv_size": [1.5, -6]}
							}
						},
						{
							"origin": [-1.07315, 8.08179, -4.0625],
							"size": [2.24004, 0.45581, 6.1875],
							"uv": {
								"north": {"uv": [53, 23], "uv_size": [2, 0.5]},
								"east": {"uv": [46, 22], "uv_size": [6, 0.5]},
								"south": {"uv": [53, 25], "uv_size": [2, 0.5]},
								"west": {"uv": [46, 24], "uv_size": [6, 0.5]},
								"up": {"uv": [30, 0], "uv_size": [2, 6]},
								"down": {"uv": [30, 25], "uv_size": [2, -6]}
							}
						},
						{
							"origin": [-0.71385, 7.75857, -4.0625],
							"size": [1.58394, 1.58394, 6.1875],
							"pivot": [0.04687, 8.58179, -5],
							"rotation": [0, 0, 45],
							"uv": {
								"north": {"uv": [49, 5], "uv_size": [1.5, 1.5]},
								"east": {"uv": [6, 35], "uv_size": [6, 1.5]},
								"south": {"uv": [49, 8], "uv_size": [1.5, 1.5]},
								"west": {"uv": [36, 0], "uv_size": [6, 1.5]},
								"up": {"uv": [0, 34], "uv_size": [1.5, 6]},
								"down": {"uv": [23, 40], "uv_size": [1.5, -6]}
							}
						},
						{
							"origin": [0.34865, 9.32107, -4.0625],
							"size": [0.52144, 1.08394, 0.6875],
							"pivot": [0.04687, 8.58179, -5],
							"rotation": [0, 0, 45],
							"uv": {
								"north": {"uv": [9, 55], "uv_size": [0.5, 1]},
								"east": {"uv": [11, 55], "uv_size": [0.5, 1]},
								"south": {"uv": [13, 55], "uv_size": [0.5, 1]},
								"west": {"uv": [15, 55], "uv_size": [0.5, 1]},
								"up": {"uv": [31, 55], "uv_size": [0.5, 0.5]},
								"down": {"uv": [33, 55.5], "uv_size": [0.5, -0.5]}
							}
						},
						{
							"origin": [-1.02635, 7.75857, -2.375],
							"size": [0.33394, 0.83394, 4.5],
							"pivot": [0.04687, 8.58179, -5],
							"rotation": [0, 0, 45],
							"uv": {
								"north": {"uv": [50, 54], "uv_size": [0.5, 1]},
								"east": {"uv": [26, 11], "uv_size": [4.5, 1]},
								"south": {"uv": [7, 55], "uv_size": [0.5, 1]},
								"west": {"uv": [9, 44], "uv_size": [4.5, 1]},
								"up": {"uv": [0, 48], "uv_size": [0.5, 4.5]},
								"down": {"uv": [46, 54.5], "uv_size": [0.5, -4.5]}
							}
						},
						{
							"origin": [-0.19555, 8.58937, -9.7125],
							"size": [0.54734, 0.54734, 2.8375],
							"pivot": [0.04687, 8.95679, -14],
							"rotation": [0, 0, 45],
							"uv": {
								"north": {"uv": [17, 55], "uv_size": [0.5, 0.5]},
								"east": {"uv": [44, 40], "uv_size": [7.5, 0.5]},
								"south": {"uv": [21, 55], "uv_size": [0.5, 0.5]},
								"west": {"uv": [45, 3], "uv_size": [7.5, 0.5]},
								"up": {"uv": [5, 45], "uv_size": [0.5, 7.5]},
								"down": {"uv": [45, 12.5], "uv_size": [0.5, -7.5]}
							}
						},
						{
							"origin": [-0.32055, 8.46437, -12.125],
							"size": [0.79734, 0.79734, 2.8125],
							"pivot": [0.04687, 8.95679, -9],
							"rotation": [0, 0, 45],
							"uv": {
								"north": {"uv": [0, 54], "uv_size": [1, 1]},
								"east": {"uv": [47, 28], "uv_size": [3, 1]},
								"south": {"uv": [54, 0], "uv_size": [1, 1]},
								"west": {"uv": [47, 34], "uv_size": [3, 1]},
								"up": {"uv": [26, 47], "uv_size": [1, 3]},
								"down": {"uv": [47, 39], "uv_size": [1, -3]}
							}
						},
						{
							"origin": [-0.74555, 7.90187, -7.4125],
							"size": [0.24734, 0.74734, 2.6625],
							"uv": {
								"north": {"uv": [23, 55], "uv_size": [0.5, 0.5]},
								"east": {"uv": [53, 14], "uv_size": [2.5, 0.5]},
								"south": {"uv": [29, 55], "uv_size": [0.5, 0.5]},
								"west": {"uv": [15, 53], "uv_size": [2.5, 0.5]},
								"up": {"uv": [48, 52], "uv_size": [0.5, 2.5]},
								"down": {"uv": [19, 55.5], "uv_size": [0.5, -2.5]}
							}
						},
						{
							"origin": [-0.34555, 7.50187, -7.3125],
							"size": [0.64734, 0.34734, 2.5625],
							"uv": {
								"north": {"uv": [23, 55], "uv_size": [0.5, 0.5]},
								"east": {"uv": [53, 14], "uv_size": [2.5, 0.5]},
								"south": {"uv": [29, 55], "uv_size": [0.5, 0.5]},
								"west": {"uv": [15, 53], "uv_size": [2.5, 0.5]},
								"up": {"uv": [48, 52], "uv_size": [0.5, 2.5]},
								"down": {"uv": [19, 55.5], "uv_size": [0.5, -2.5]}
							}
						},
						{
							"origin": [-0.32055, 8.46437, -6.875],
							"size": [0.79734, 0.79734, 2.125],
							"pivot": [0.04687, 8.95679, -7],
							"rotation": [0, 0, 45],
							"uv": {
								"north": {"uv": [18, 36], "uv_size": [1, 1]},
								"east": {"uv": [33, 31], "uv_size": [2, 1]},
								"south": {"uv": [37, 9], "uv_size": [1, 1]},
								"west": {"uv": [51, 19], "uv_size": [2, 1]},
								"up": {"uv": [26, 51], "uv_size": [1, 2]},
								"down": {"uv": [28, 53], "uv_size": [1, -2]}
							}
						},
						{
							"origin": [-0.32055, 7.96437, -6.875],
							"size": [0.79734, 0.49734, 2.125],
							"uv": {
								"north": {"uv": [18, 36], "uv_size": [1, 1]},
								"east": {"uv": [33, 31], "uv_size": [2, 1]},
								"south": {"uv": [37, 9], "uv_size": [1, 1]},
								"west": {"uv": [51, 19], "uv_size": [2, 1]},
								"up": {"uv": [26, 51], "uv_size": [1, 2]},
								"down": {"uv": [28, 53], "uv_size": [1, -2]}
							}
						},
						{
							"origin": [-0.75805, 7.46437, -4.75],
							"size": [1.67234, 1.67234, 0.6875],
							"pivot": [0.04687, 8.33179, -11.1875],
							"rotation": [0, 0, 45],
							"uv": {
								"north": {"uv": [40, 49], "uv_size": [1.5, 1.5]},
								"east": {"uv": [2, 54], "uv_size": [0.5, 1.5]},
								"south": {"uv": [48, 49], "uv_size": [1.5, 1.5]},
								"west": {"uv": [54, 2], "uv_size": [0.5, 1.5]},
								"up": {"uv": [4, 54], "uv_size": [1.5, 0.5]},
								"down": {"uv": [54, 5.5], "uv_size": [1.5, -0.5]}
							}
						},
						{
							"origin": [-0.87278, 7.86526, 12.4375],
							"size": [1.71653, 1.71653, 6],
							"pivot": [-0.15625, 8.64429, 11.3125],
							"rotation": [0, 0, 45],
							"uv": {
								"north": {"uv": [45, 47], "uv_size": [1.5, 1.5]},
								"east": {"uv": [8, 32], "uv_size": [6, 1.5]},
								"south": {"uv": [9, 48], "uv_size": [1.5, 1.5]},
								"west": {"uv": [32, 11], "uv_size": [6, 1.5]},
								"up": {"uv": [20, 31], "uv_size": [1.5, 6]},
								"down": {"uv": [15, 38], "uv_size": [1.5, -6]}
							}
						},
						{
							"origin": [-0.85179, 7.28649, 2.125],
							"size": [1.9375, 1.9375, 10.3125],
							"pivot": [0, 8.37219, 7.28125],
							"rotation": [0, 0, 45],
							"uv": {
								"north": {"uv": [44, 34], "uv_size": [2, 2]},
								"east": {"uv": [20, 13], "uv_size": [10.5, 2]},
								"south": {"uv": [44, 37], "uv_size": [2, 2]},
								"west": {"uv": [20, 16], "uv_size": [10.5, 2]},
								"up": {"uv": [20, 19], "uv_size": [2, 10.5]},
								"down": {"uv": [0, 32.5], "uv_size": [2, -10.5]}
							}
						},
						{
							"origin": [-0.81786, 7.33937, 2.125],
							"size": [1.71653, 1.71653, 16.3125],
							"pivot": [0.03125, 8.25098, 5.3125],
							"rotation": [0, 0, 45],
							"uv": {
								"north": {"uv": [23, 50], "uv_size": [1.5, 1.5]},
								"east": {"uv": [8, 10], "uv_size": [16.5, 1.5]},
								"south": {"uv": [43, 50], "uv_size": [1.5, 1.5]},
								"west": {"uv": [11, 0], "uv_size": [16.5, 1.5]},
								"up": {"uv": [8, 13], "uv_size": [1.5, 16.5]},
								"down": {"uv": [11, 29.5], "uv_size": [1.5, -16.5]}
							}
						},
						{
							"origin": [-1.37002, 8.20679, 2.125],
							"size": [2.74004, 0.33081, 10.3125],
							"uv": {
								"north": {"uv": [7, 53], "uv_size": [2.5, 0.5]},
								"east": {"uv": [40, 30], "uv_size": [10.5, 0.5]},
								"south": {"uv": [11, 53], "uv_size": [2.5, 0.5]},
								"west": {"uv": [40, 32], "uv_size": [10.5, 0.5]},
								"up": {"uv": [0, 10], "uv_size": [2.5, 10.5]},
								"down": {"uv": [4, 20.5], "uv_size": [2.5, -10.5]}
							}
						},
						{
							"origin": [-0.38565, 2.03341, 4.08996],
							"size": [0.99004, 5.5183, 2.125],
							"inflate": 0.001,
							"pivot": [0.01562, 2.26131, 4.21496],
							"rotation": [18, 0, 0],
							"uv": {
								"north": {"uv": [39, 39], "uv_size": [1, 5.5]},
								"east": {"uv": [26, 30], "uv_size": [2, 5.5]},
								"south": {"uv": [3, 40], "uv_size": [1, 5.5]},
								"west": {"uv": [30, 26], "uv_size": [2, 5.5]},
								"up": {"uv": [13, 35], "uv_size": [1, 2]},
								"down": {"uv": [2, 53], "uv_size": [1, -2]}
							}
						},
						{
							"origin": [-0.38565, 5.82861, 1.27029],
							"size": [0.99004, 1.58081, 1.6875],
							"uv": {
								"north": {"uv": [52, 8], "uv_size": [1, 1.5]},
								"east": {"uv": [28, 48], "uv_size": [1.5, 1.5]},
								"south": {"uv": [52, 11], "uv_size": [1, 1.5]},
								"west": {"uv": [31, 48], "uv_size": [1.5, 1.5]},
								"up": {"uv": [52, 30], "uv_size": [1, 1.5]},
								"down": {"uv": [33, 53.5], "uv_size": [1, -1.5]}
							}
						},
						{
							"origin": [-0.38565, 1.95679, 1.75],
							"size": [0.99004, 0.70581, 4.4375],
							"uv": {
								"north": {"uv": [54, 19], "uv_size": [1, 0.5]},
								"east": {"uv": [48, 42], "uv_size": [4.5, 0.5]},
								"south": {"uv": [54, 27], "uv_size": [1, 0.5]},
								"west": {"uv": [48, 47], "uv_size": [4.5, 0.5]},
								"up": {"uv": [29, 42], "uv_size": [1, 4.5]},
								"down": {"uv": [31, 46.5], "uv_size": [1, -4.5]}
							}
						},
						{
							"origin": [-0.69815, 2.95679, 17.9375],
							"size": [1.42754, 5.76831, 1.3125],
							"pivot": [0.46108, 6.58179, 15.125],
							"rotation": [-10, 0, 0],
							"uv": {
								"east": {"uv": [3, 33], "uv_size": [1.5, 6]},
								"south": {"uv": [33, 14], "uv_size": [1.5, 6]},
								"west": {"uv": [33, 21], "uv_size": [1.5, 6]},
								"up": {"uv": [12, 48], "uv_size": [1.5, 1.5]},
								"down": {"uv": [48, 19.5], "uv_size": [1.5, -1.5]}
							}
						},
						{
							"origin": [-0.69815, 2.29556, 15.68286],
							"size": [1.42754, 2.08081, 2.875],
							"inflate": 0.002,
							"uv": {
								"north": {"uv": [33, 45], "uv_size": [1.5, 2]},
								"east": {"uv": [39, 15], "uv_size": [3, 2]},
								"south": {"uv": [45, 42], "uv_size": [1.5, 2]},
								"west": {"uv": [39, 18], "uv_size": [3, 2]},
								"up": {"uv": [41, 39], "uv_size": [1.5, 3]},
								"down": {"uv": [42, 12], "uv_size": [1.5, -3]}
							}
						},
						{
							"origin": [-0.69815, 5.35806, 8.49536],
							"size": [1.42754, 3.64331, 9.875],
							"inflate": 0.005,
							"uv": {
								"north": {"uv": [23, 41], "uv_size": [1.5, 3.5]},
								"east": {"uv": [0, 0], "uv_size": [10, 3.5]},
								"south": {"uv": [41, 34], "uv_size": [1.5, 3.5]},
								"west": {"uv": [0, 5], "uv_size": [10, 3.5]},
								"up": {"uv": [3, 22], "uv_size": [1.5, 10]},
								"down": {"uv": [23, 33], "uv_size": [1.5, -10]}
							}
						},
						{
							"origin": [-0.57315, 6.17056, 4.68286],
							"size": [1.17754, 1.39331, 6.0625],
							"pivot": [0.01562, 7.21097, 8.62036],
							"rotation": [-15, 0, 0],
							"uv": {
								"north": {"uv": [51, 51], "uv_size": [1, 1.5]},
								"east": {"uv": [33, 28], "uv_size": [6, 1.5]},
								"south": {"uv": [52, 5], "uv_size": [1, 1.5]},
								"west": {"uv": [29, 33], "uv_size": [6, 1.5]},
								"up": {"uv": [21, 38], "uv_size": [1, 6]},
								"down": {"uv": [15, 45], "uv_size": [1, -6]}
							}
						},
						{
							"origin": [-0.71377, 4.15072, 11.73934],
							"size": [1.42754, 2.7683, 6.0625],
							"pivot": [0, 5.53487, 14.77059],
							"rotation": [-31, 0, 0],
							"uv": {
								"east": {"uv": [23, 3], "uv_size": [6, 3]},
								"south": {"uv": [43, 23], "uv_size": [1.5, 3]},
								"west": {"uv": [23, 19], "uv_size": [6, 3]},
								"down": {"uv": [6, 44], "uv_size": [1.5, -6]}
							}
						},
						{
							"origin": [-0.57315, 0.27572, 7.98934],
							"size": [1.17754, 2.7683, 2.9375],
							"pivot": [0.01562, 1.65987, 10.89559],
							"rotation": [-16, 0, 0],
							"uv": {
								"north": {"uv": [24, 46], "uv_size": [1, 3]},
								"east": {"uv": [29, 36], "uv_size": [3, 3]},
								"south": {"uv": [36, 46], "uv_size": [1, 3]},
								"west": {"uv": [36, 31], "uv_size": [3, 3]},
								"up": {"uv": [38, 46], "uv_size": [1, 3]},
								"down": {"uv": [2, 50], "uv_size": [1, -3]}
							}
						},
						{
							"origin": [-0.57315, 2.96471, 8.6478],
							"size": [1.17754, 3.17713, 2.90892],
							"inflate": 0.001,
							"pivot": [0.01562, 4.75769, 11.55405],
							"rotation": [-8, 0, 0],
							"uv": {
								"north": {"uv": [47, 5], "uv_size": [1, 3]},
								"east": {"uv": [33, 36], "uv_size": [3, 3]},
								"south": {"uv": [47, 9], "uv_size": [1, 3]},
								"west": {"uv": [37, 35], "uv_size": [3, 3]},
								"up": {"uv": [16, 47], "uv_size": [1, 3]},
								"down": {"uv": [18, 50], "uv_size": [1, -3]}
							}
						},
						{
							"origin": [-0.69815, 7.97624, 18.4375],
							"size": [1.42754, 0.87386, 1.12201],
							"uv": {
								"north": {"uv": [51, 28], "uv_size": [1.5, 1]},
								"east": {"uv": [6, 33], "uv_size": [1, 1]},
								"south": {"uv": [30, 51], "uv_size": [1.5, 1]},
								"west": {"uv": [34, 7], "uv_size": [1, 1]},
								"up": {"uv": [51, 34], "uv_size": [1.5, 1]},
								"down": {"uv": [51, 50], "uv_size": [1.5, -1]}
							}
						},
						{
							"origin": [-0.32315, 8.12295, 18.34934],
							"size": [0.67754, 1.31136, 1.12202],
							"pivot": [0.01562, 8.55988, 18.91035],
							"rotation": [62, 0, 0],
							"uv": {
								"north": {"uv": [25, 54], "uv_size": [0.5, 1.5]},
								"east": {"uv": [41, 52], "uv_size": [1, 1.5]},
								"south": {"uv": [27, 54], "uv_size": [0.5, 1.5]},
								"west": {"uv": [52, 44], "uv_size": [1, 1.5]},
								"up": {"uv": [54, 43], "uv_size": [0.5, 1]},
								"down": {"uv": [54, 46], "uv_size": [0.5, -1]}
							}
						},
						{
							"origin": [-1.21377, 8.20679, 12.4375],
							"size": [2.42754, 0.39331, 6],
							"uv": {
								"north": {"uv": [21, 53], "uv_size": [2.5, 0.5]},
								"east": {"uv": [46, 26], "uv_size": [6, 0.5]},
								"south": {"uv": [53, 21], "uv_size": [2.5, 0.5]},
								"west": {"uv": [47, 0], "uv_size": [6, 0.5]},
								"up": {"uv": [14, 25], "uv_size": [2.5, 6]},
								"down": {"uv": [26, 29], "uv_size": [2.5, -6]}
							}
						}
					]
				},
				{
					"name": "lod2",
					"pivot": [-0.00041, 7.56692, 4.77724],
					"cubes": [
						{
							"origin": [-0.4375, 9.58589, -3.97452],
							"size": [0.875, 0.5125, 11.725],
							"uv": {
								"north": {"uv": [16, 53], "uv_size": [1, 0.5]},
								"east": {"uv": [43, 13], "uv_size": [1, 4.5]},
								"south": {"uv": [28, 52.5], "uv_size": [1, 0.5]},
								"west": {"uv": [45.05, 14], "uv_size": [3.45, 1]},
								"up": {"uv": [7, 23], "uv_size": [-0.95, 8.45]},
								"down": {"uv": [6, 31], "uv_size": [1, -9]}
							}
						}
					]
				},
				{
					"name": "sight",
					"parent": "lod2",
					"pivot": [-0.00041, 21.56692, 4.77724],
					"cubes": [
						{
							"origin": [-0.62541, 10.06692, 5.27724],
							"size": [1.25, 0.5625, 2],
							"uv": {
								"north": {"uv": [48, 49.5], "uv_size": [1.5, 0.5]},
								"east": {"uv": [48, 49], "uv_size": [1.5, 0.5]},
								"south": {"uv": [48, 50], "uv_size": [1.5, 0.5]},
								"west": {"uv": [53, 53], "uv_size": [1, 0.5]},
								"up": {"uv": [43, 45.5], "uv_size": [1, 2]},
								"down": {"uv": [40, 50.5], "uv_size": [1.45, -1.5]}
							}
						},
						{
							"origin": [-0.50041, 10.06692, 6.46474],
							"size": [1, 1.4375, 0.8125],
							"inflate": 0.002,
							"uv": {
								"north": {"uv": [50, 55], "uv_size": [1, 1.5]},
								"east": {"uv": [55, 53], "uv_size": [1, 1.5]},
								"south": {"uv": [0, 56], "uv_size": [1, 1.5]},
								"west": {"uv": [56, 0], "uv_size": [1, 1.5]},
								"up": {"uv": [57, 52], "uv_size": [1, 1]},
								"down": {"uv": [57, 55], "uv_size": [1, -1]}
							}
						},
						{
							"origin": [-0.49085, 10.99192, -3.61026],
							"size": [0.875, 0.875, 0.625],
							"pivot": [-0.0221, 11.36692, -3.14151],
							"rotation": [0, 0, 45],
							"uv": {
								"north": {"uv": [9, 58], "uv_size": [1, 1]},
								"east": {"uv": [59, 41], "uv_size": [0.5, 1]},
								"south": {"uv": [11, 58], "uv_size": [1, 1]},
								"west": {"uv": [43, 59], "uv_size": [0.5, 1]},
								"up": {"uv": [59, 43], "uv_size": [1, 0.5]},
								"down": {"uv": [45, 59.5], "uv_size": [1, -0.5]}
							}
						},
						{
							"origin": [-0.3125, 10.20821, -3.61026],
							"size": [0.625, 1.1, 0.625],
							"uv": {
								"north": {"uv": [2, 60], "uv_size": [0.5, 1]},
								"east": {"uv": [4, 60], "uv_size": [0.5, 1]},
								"south": {"uv": [60, 5], "uv_size": [0.5, 1]},
								"west": {"uv": [6, 60], "uv_size": [0.5, 1]},
								"up": {"uv": [60, 35], "uv_size": [0.5, 0.5]},
								"down": {"uv": [60, 37.5], "uv_size": [0.5, -0.5]}
							}
						},
						{
							"origin": [-0.50041, 10.06692, -3.91026],
							"size": [1.0625, 0.375, 0.9375],
							"uv": {
								"north": {"uv": [47, 59], "uv_size": [1, 0.5]},
								"east": {"uv": [59, 52], "uv_size": [1, 0.5]},
								"south": {"uv": [59, 54], "uv_size": [1, 0.5]},
								"west": {"uv": [59, 58], "uv_size": [1, 0.5]},
								"up": {"uv": [17, 58], "uv_size": [1, 1]},
								"down": {"uv": [58, 18], "uv_size": [1, -1]}
							}
						},
						{
							"origin": [-0.50041, 10.37942, 5.58974],
							"size": [1, 0.5625, 1.75],
							"inflate": 0.001,
							"pivot": [-0.00041, 10.22317, 5.99599],
							"rotation": [22.5, 0, 0],
							"uv": {
								"north": {"uv": [28, 52.5], "uv_size": [1, 0.5]},
								"east": {"uv": [58, 0], "uv_size": [2, 0.5]},
								"south": {"uv": [28, 52], "uv_size": [1, 0.5]},
								"west": {"uv": [4, 54], "uv_size": [1.5, 0.5]},
								"up": {"uv": [39, 52], "uv_size": [1, 1.5]},
								"down": {"uv": [37, 53.5], "uv_size": [1, -1.5]}
							}
						},
						{
							"origin": [-0.50041, 10.81692, 6.02724],
							"size": [1, 0.5625, 1],
							"pivot": [-0.00041, 10.22317, 5.99599],
							"rotation": [22.5, 0, 0],
							"uv": {
								"north": {"uv": [35, 59], "uv_size": [1, 0.5]},
								"east": {"uv": [37, 59], "uv_size": [1, 0.5]},
								"south": {"uv": [39, 59], "uv_size": [1, 0.5]},
								"west": {"uv": [41, 59], "uv_size": [1, 0.5]},
								"up": {"uv": [5, 58], "uv_size": [1, 1]},
								"down": {"uv": [7, 59], "uv_size": [1, -1]}
							}
						}
					]
				},
				{
					"name": "positioning_attachment",
					"parent": "lod2",
					"pivot": [0, 7, 6.575]
				},
				{
					"name": "muzzle_flash",
					"parent": "positioning_attachment",
					"pivot": [0, 8.85, -12.125]
				},
				{
					"name": "muzzle_pos",
					"parent": "positioning_attachment",
					"pivot": [0, 8.875, -12.075]
				},
				{
					"name": "laser_pos",
					"parent": "positioning_attachment",
					"pivot": [-1.6255, 9.625, -0.625],
					"rotation": [0, 0, 90]
				},
				{
					"name": "scope_pos",
					"parent": "positioning_attachment",
					"pivot": [0, 10.0725, 4.25]
				},
				{
					"name": "grip_pos",
					"parent": "positioning_attachment",
					"pivot": [0, 7.40625, -6.15]
				},
				{
					"name": "shell",
					"parent": "positioning_attachment",
					"pivot": [-0.2, 9.75, 10.2]
				},
				{
					"name": "fixed2",
					"parent": "lod2",
					"pivot": [0.875, 9.625, 5.1],
					"rotation": [0, 90, 0]
				},
				{
					"name": "ground2",
					"parent": "lod2",
					"pivot": [0, -0.9, 4.65]
				},
				{
					"name": "thirdperson_hand2",
					"parent": "lod2",
					"pivot": [0, 7.025, 6.65]
				}
			]
		}
	]
}