{
	"format_version": "1.12.0",
	"minecraft:geometry": [
		{
			"description": {
				"identifier": "geometry.hk416d - Converted",
				"texture_width": 64,
				"texture_height": 64,
				"visible_bounds_width": 4,
				"visible_bounds_height": 2.5,
				"visible_bounds_offset": [0, 0.75, 0]
			},
			"bones": [
				{
					"name": "lod",
					"pivot": [-0.00041, 7.56692, 4.77724],
					"cubes": [
						{
							"origin": [-0.5, 3.88589, 0.37548],
							"size": [1, 2, 2.9375],
							"pivot": [0, 4.88589, 1.87548],
							"rotation": [-6, 0, 0],
							"uv": {
								"north": {"uv": [19, 39], "uv_size": [1, 2]},
								"east": {"uv": [41, 14], "uv_size": [3, 2]},
								"south": {"uv": [48, 52], "uv_size": [1, 2]},
								"west": {"uv": [41, 17], "uv_size": [3, 2]},
								"up": {"uv": [3, 49], "uv_size": [1, 3]},
								"down": {"uv": [5, 52], "uv_size": [1, -3]}
							}
						},
						{
							"origin": [-1.0625, 9.26089, -12.11202],
							"size": [2.125, 0.75, 11.9875],
							"uv": {
								"north": {"uv": [52, 49], "uv_size": [2, 1]},
								"east": {"uv": [27, 29], "uv_size": [10.5, 1]},
								"south": {"uv": [53, 11], "uv_size": [2, 1]},
								"west": {"uv": [30, 12], "uv_size": [10.5, 1]},
								"up": {"uv": [0, 8], "uv_size": [2, 10.5]},
								"down": {"uv": [3, 18.5], "uv_size": [2, -10.5]}
							}
						},
						{
							"origin": [-1.0625, 9.44839, -11.81202],
							"size": [2.125, 0.375, 11.1875],
							"inflate": 0.001,
							"uv": {
								"north": {"uv": [34, 57], "uv_size": [2, 0.5]},
								"east": {"uv": [45, 14], "uv_size": [10, 0.5]},
								"south": {"uv": [37, 57], "uv_size": [2, 0.5]},
								"west": {"uv": [45, 16], "uv_size": [10, 0.5]},
								"up": {"uv": [6, 8], "uv_size": [2, 10]},
								"down": {"uv": [9, 18], "uv_size": [2, -10]}
							}
						},
						{
							"origin": [-0.375, 8.69839, -12.11202],
							"size": [1.375, 1.375, 11.9875],
							"pivot": [0, 9.69839, -5.46827],
							"rotation": [0, 0, 45],
							"uv": {
								"north": {"uv": [23, 52], "uv_size": [1.5, 1.5]},
								"east": {"uv": [20, 0], "uv_size": [10.5, 1.5]},
								"south": {"uv": [37, 52], "uv_size": [1.5, 1.5]},
								"west": {"uv": [20, 3], "uv_size": [10.5, 1.5]},
								"up": {"uv": [16, 19], "uv_size": [1.5, 10.5]},
								"down": {"uv": [0, 30.5], "uv_size": [1.5, -10.5]}
							}
						},
						{
							"origin": [-0.375, 9.44839, -12.11202],
							"size": [1.375, 1.375, 11.9875],
							"pivot": [0, 10.44839, -5.46827],
							"rotation": [0, 0, 45],
							"uv": {
								"north": {"uv": [52, 39], "uv_size": [1.5, 1.5]},
								"east": {"uv": [21, 6], "uv_size": [10.5, 1.5]},
								"south": {"uv": [52, 46], "uv_size": [1.5, 1.5]},
								"west": {"uv": [21, 9], "uv_size": [10.5, 1.5]},
								"up": {"uv": [3, 20], "uv_size": [1.5, 10.5]},
								"down": {"uv": [21, 22.5], "uv_size": [1.5, -10.5]}
							}
						},
						{
							"origin": [-0.375, 9.19839, -18.57452],
							"size": [0.9375, 0.9375, 3],
							"pivot": [0, 9.76089, -17.66827],
							"rotation": [0, 0, 45],
							"uv": {
								"north": {"uv": [26, 57], "uv_size": [1, 1]},
								"east": {"uv": [29, 50], "uv_size": [3, 1]},
								"south": {"uv": [28, 57], "uv_size": [1, 1]},
								"west": {"uv": [33, 50], "uv_size": [3, 1]},
								"up": {"uv": [50, 39], "uv_size": [1, 3]},
								"down": {"uv": [50, 50], "uv_size": [1, -3]}
							}
						},
						{
							"origin": [-0.25, 9.32339, -15.57452],
							"size": [0.6875, 0.6875, 4.7],
							"pivot": [0, 9.76089, -13.46827],
							"rotation": [0, 0, 45],
							"uv": {
								"north": {"uv": [60, 11], "uv_size": [0.5, 0.5]},
								"east": {"uv": [12, 60], "uv_size": [0.5, 0.5]},
								"south": {"uv": [60, 13], "uv_size": [0.5, 0.5]},
								"west": {"uv": [60, 15], "uv_size": [0.5, 0.5]},
								"up": {"uv": [17, 60], "uv_size": [0.5, 0.5]},
								"down": {"uv": [60, 17.5], "uv_size": [0.5, -0.5]}
							}
						},
						{
							"origin": [-0.54982, 9.20397, -0.56202],
							"size": [1.15835, 1.13975, 10.18702],
							"pivot": [-0.20397, 9.82897, 6.3125],
							"rotation": [0, 0, -45],
							"uv": {
								"north": {"uv": [18, 56], "uv_size": [1, 1]},
								"east": {"uv": [30, 14], "uv_size": [10, 1]},
								"south": {"uv": [56, 19], "uv_size": [1, 1]},
								"west": {"uv": [30, 16], "uv_size": [10, 1]},
								"up": {"uv": [11, 28], "uv_size": [1, 10]},
								"down": {"uv": [13, 38], "uv_size": [1, -10]}
							}
						},
						{
							"origin": [-0.54051, 8.50331, -0.12452],
							"size": [1.14905, 1.14905, 9.75],
							"pivot": [-0.20397, 9.12831, 6.56298],
							"rotation": [0, 0, -45],
							"uv": {
								"north": {"uv": [56, 32], "uv_size": [1, 1]},
								"east": {"uv": [30, 18], "uv_size": [10, 1]},
								"south": {"uv": [56, 34], "uv_size": [1, 1]},
								"west": {"uv": [30, 20], "uv_size": [10, 1]},
								"up": {"uv": [19, 28], "uv_size": [1, 10]},
								"down": {"uv": [6, 40], "uv_size": [1, -10]}
							}
						},
						{
							"origin": [-0.8125, 9.26089, -0.12452],
							"size": [1.625, 0.6875, 9.75],
							"uv": {
								"north": {"uv": [58, 19], "uv_size": [1.5, 0.5]},
								"east": {"uv": [41, 20], "uv_size": [10, 0.5]},
								"south": {"uv": [58, 25], "uv_size": [1.5, 0.5]},
								"west": {"uv": [42, 12], "uv_size": [10, 0.5]},
								"up": {"uv": [24, 12], "uv_size": [1.5, 10]},
								"down": {"uv": [21, 34], "uv_size": [1.5, -10]}
							}
						},
						{
							"origin": [0.9375, 9.26089, 5.06298],
							"size": [1.625, 1.0625, 1.5625],
							"pivot": [1.75, 9.60464, 1.75048],
							"rotation": [0, -30, 0],
							"uv": {
								"north": {"uv": [19, 59], "uv_size": [1.5, 0.5]},
								"east": {"uv": [59, 21], "uv_size": [1.5, 0.5]},
								"south": {"uv": [22, 59], "uv_size": [1.5, 0.5]},
								"west": {"uv": [59, 23], "uv_size": [1.5, 0.5]},
								"up": {"uv": [8, 53], "uv_size": [1.5, 1.5]},
								"down": {"uv": [53, 9.5], "uv_size": [1.5, -1.5]}
							}
						},
						{
							"origin": [-1.41498, 9.25, 5.39021],
							"size": [1.4375, 0.75, 3],
							"pivot": [-0.78998, 9.46875, 7.60896],
							"rotation": [0, -22.5, 0],
							"uv": {
								"north": {"uv": [2, 56], "uv_size": [1.5, 1]},
								"east": {"uv": [51, 31], "uv_size": [3, 1]},
								"south": {"uv": [56, 3], "uv_size": [1.5, 1]},
								"west": {"uv": [50, 51], "uv_size": [3, 1]},
								"up": {"uv": [23, 45], "uv_size": [1.5, 3]},
								"down": {"uv": [26, 49], "uv_size": [1.5, -3]}
							}
						},
						{
							"origin": [-0.4375, 8.32339, -11.77452],
							"size": [0.875, 2.5625, 19.9625],
							"uv": {
								"north": {"uv": [11, 52], "uv_size": [1, 2.5]},
								"east": {"uv": [0, 0], "uv_size": [19, 2.5]},
								"south": {"uv": [18, 52], "uv_size": [1, 2.5]},
								"west": {"uv": [0, 4], "uv_size": [19, 2.5]},
								"up": {"uv": [12, 8], "uv_size": [1, 19]},
								"down": {"uv": [14, 27], "uv_size": [1, -19]}
							}
						},
						{
							"origin": [-0.4375, 10.88589, -11.77452],
							"size": [0.875, 0.3125, 19.525],
							"uv": {
								"north": {"uv": [15, 59], "uv_size": [1, 0.5]},
								"east": {"uv": [34, 22], "uv_size": [18.5, 0.5]},
								"south": {"uv": [25, 59], "uv_size": [1, 0.5]},
								"west": {"uv": [34, 24], "uv_size": [18.5, 0.5]},
								"up": {"uv": [19, 8], "uv_size": [1, 18.5]},
								"down": {"uv": [9, 37.5], "uv_size": [1, -18.5]}
							}
						},
						{
							"origin": [-1.3125, 10.63589, 8.18798],
							"size": [2.6875, 0.375, 0.75],
							"uv": {
								"north": {"uv": [56, 13], "uv_size": [2.5, 0.5]},
								"east": {"uv": [60, 7], "uv_size": [1, 0.5]},
								"south": {"uv": [56, 15], "uv_size": [2.5, 0.5]},
								"west": {"uv": [8, 60], "uv_size": [1, 0.5]},
								"up": {"uv": [29, 52], "uv_size": [2.5, 1]},
								"down": {"uv": [33, 53], "uv_size": [2.5, -1]}
							}
						},
						{
							"origin": [-0.4375, 8.01089, -11.69952],
							"size": [0.875, 0.375, 12.3],
							"uv": {
								"north": {"uv": [27, 59], "uv_size": [1, 0.5]},
								"east": {"uv": [45, 35], "uv_size": [9.5, 0.5]},
								"south": {"uv": [29, 59], "uv_size": [1, 0.5]},
								"west": {"uv": [45, 37], "uv_size": [9.5, 0.5]},
								"up": {"uv": [21, 35], "uv_size": [1, 9.5]},
								"down": {"uv": [26, 44.5], "uv_size": [1, -9.5]}
							}
						},
						{
							"origin": [-1.2375, 9.31089, -11.29952],
							"size": [2.475, 0.675, 11.1],
							"uv": {
								"north": {"uv": [27, 59], "uv_size": [1, 0.5]},
								"east": {"uv": [45, 35], "uv_size": [9.5, 0.5]},
								"south": {"uv": [29, 59], "uv_size": [1, 0.5]},
								"west": {"uv": [45, 37], "uv_size": [9.5, 0.5]},
								"up": {"uv": [21, 35], "uv_size": [1, 9.5]},
								"down": {"uv": [26, 44.5], "uv_size": [1, -9.5]}
							}
						},
						{
							"origin": [-0.9375, 5.38589, 0.50048],
							"size": [1.875, 0.3125, 3.75],
							"pivot": [0, 9.38589, 6.50048],
							"rotation": [-5, 0, 0],
							"uv": {
								"north": {"uv": [56, 21], "uv_size": [2, 0.5]},
								"east": {"uv": [13, 53], "uv_size": [4, 0.5]},
								"south": {"uv": [56, 23], "uv_size": [2, 0.5]},
								"west": {"uv": [53, 26], "uv_size": [4, 0.5]},
								"up": {"uv": [36, 35], "uv_size": [2, 4]},
								"down": {"uv": [8, 43], "uv_size": [2, -4]}
							}
						},
						{
							"origin": [-0.6875, 5.94839, 0.43798],
							"size": [1.375, 2.0625, 3.4375],
							"uv": {
								"north": {"uv": [26, 50], "uv_size": [1.5, 2]},
								"east": {"uv": [39, 28], "uv_size": [3.5, 2]},
								"south": {"uv": [50, 26], "uv_size": [1.5, 2]},
								"west": {"uv": [28, 40], "uv_size": [3.5, 2]},
								"up": {"uv": [39, 44], "uv_size": [1.5, 3.5]},
								"down": {"uv": [44, 43.5], "uv_size": [1.5, -3.5]}
							}
						},
						{
							"origin": [0, 5.76089, 3.93798],
							"size": [0, 1.3125, 2.75],
							"uv": {
								"north": {"uv": [11, 19], "uv_size": [0, 1.5]},
								"east": {"uv": [46, 5], "uv_size": [3, 1.5]},
								"south": {"uv": [11, 22], "uv_size": [0, 1.5]},
								"west": {"uv": [46, 8], "uv_size": [3, 1.5]},
								"up": {"uv": [8, 30], "uv_size": [0, 3]},
								"down": {"uv": [8, 37], "uv_size": [0, -3]}
							}
						},
						{
							"origin": [-0.6875, 7.01089, 3.87548],
							"size": [1.375, 1, 4.5],
							"uv": {
								"north": {"uv": [55, 30], "uv_size": [1.5, 1]},
								"east": {"uv": [42, 45], "uv_size": [4.5, 1]},
								"south": {"uv": [37, 55], "uv_size": [1.5, 1]},
								"west": {"uv": [46, 0], "uv_size": [4.5, 1]},
								"up": {"uv": [33, 40], "uv_size": [1.5, 4.5]},
								"down": {"uv": [36, 44.5], "uv_size": [1.5, -4.5]}
							}
						},
						{
							"origin": [-0.75, 5.57339, 6.75048],
							"size": [1.5, 1.4375, 2.1875],
							"uv": {
								"north": {"uv": [2, 53], "uv_size": [1.5, 1.5]},
								"east": {"uv": [18, 49], "uv_size": [2, 1.5]},
								"south": {"uv": [53, 2], "uv_size": [1.5, 1.5]},
								"west": {"uv": [23, 49], "uv_size": [2, 1.5]},
								"up": {"uv": [38, 49], "uv_size": [1.5, 2]},
								"down": {"uv": [50, 4], "uv_size": [1.5, -2]}
							}
						},
						{
							"origin": [-0.75, 6.70496, 8.69564],
							"size": [1.5, 1.9375, 0.875],
							"inflate": 0.001,
							"pivot": [0, 8.29871, 8.35189],
							"rotation": [-35, 0, 0],
							"uv": {
								"north": {"uv": [50, 5], "uv_size": [1.5, 2]},
								"east": {"uv": [53, 53], "uv_size": [1, 2]},
								"south": {"uv": [50, 8], "uv_size": [1.5, 2]},
								"west": {"uv": [54, 22], "uv_size": [1, 2]},
								"up": {"uv": [47, 55], "uv_size": [1.5, 1]},
								"down": {"uv": [55, 49], "uv_size": [1.5, -1]}
							}
						},
						{
							"origin": [-0.75, 1.93194, 7.65196],
							"size": [1.5, 1.02397, 2.70862],
							"pivot": [0, 2.44393, 8.75627],
							"rotation": [11, 0, 0],
							"uv": {
								"north": {"uv": [55, 39], "uv_size": [1.5, 1]},
								"east": {"uv": [52, 0], "uv_size": [2.5, 1]},
								"south": {"uv": [55, 46], "uv_size": [1.5, 1]},
								"west": {"uv": [52, 20], "uv_size": [2.5, 1]},
								"up": {"uv": [11, 48], "uv_size": [1.5, 2.5]},
								"down": {"uv": [48, 45.5], "uv_size": [1.5, -2.5]}
							}
						},
						{
							"origin": [-0.75, 2.51089, 6.56582],
							"size": [1.5, 3.57165, 2.30966],
							"inflate": 0.001,
							"pivot": [0, 6.29214, 7.68798],
							"rotation": [22.5, 0, 0],
							"uv": {
								"north": {"uv": [8, 44], "uv_size": [1.5, 3.5]},
								"east": {"uv": [28, 35], "uv_size": [2.5, 3.5]},
								"south": {"uv": [44, 26], "uv_size": [1.5, 3.5]},
								"west": {"uv": [32, 35], "uv_size": [2.5, 3.5]},
								"up": {"uv": [45, 47], "uv_size": [1.5, 2.5]},
								"down": {"uv": [0, 50.5], "uv_size": [1.5, -2.5]}
							}
						},
						{
							"origin": [-0.6875, 8.01089, -0.12452],
							"size": [1.375, 0.6875, 9.6875],
							"uv": {
								"north": {"uv": [50, 58], "uv_size": [1.5, 0.5]},
								"east": {"uv": [45, 18], "uv_size": [9.5, 0.5]},
								"south": {"uv": [53, 58], "uv_size": [1.5, 0.5]},
								"west": {"uv": [45, 33], "uv_size": [9.5, 0.5]},
								"up": {"uv": [24, 23], "uv_size": [1.5, 9.5]},
								"down": {"uv": [27, 21.5], "uv_size": [1.5, -9.5]}
							}
						},
						{
							"origin": [-0.875, 9.19839, 12.37548],
							"size": [1.75, 0.8125, 9.75],
							"uv": {
								"north": {"uv": [26, 53], "uv_size": [2, 1]},
								"east": {"uv": [27, 31], "uv_size": [9.5, 1]},
								"south": {"uv": [50, 53], "uv_size": [2, 1]},
								"west": {"uv": [32, 0], "uv_size": [9.5, 1]},
								"up": {"uv": [16, 8], "uv_size": [2, 9.5]},
								"down": {"uv": [6, 28.5], "uv_size": [2, -9.5]}
							}
						},
						{
							"origin": [-0.4375, 6.28969, 14.41767],
							"size": [0.875, 0.8125, 7.9375],
							"inflate": 0.001,
							"pivot": [0, 8.16469, 17.35517],
							"rotation": [-35, 0, 0],
							"uv": {
								"north": {"uv": [54, 56], "uv_size": [1, 1]},
								"east": {"uv": [34, 26], "uv_size": [8, 1]},
								"south": {"uv": [56, 56], "uv_size": [1, 1]},
								"west": {"uv": [38, 31], "uv_size": [8, 1]},
								"up": {"uv": [11, 39], "uv_size": [1, 8]},
								"down": {"uv": [13, 47], "uv_size": [1, -8]}
							}
						},
						{
							"origin": [-0.4375, 7.91469, 12.60517],
							"size": [0.875, 0.8125, 3.1],
							"inflate": 0.002,
							"uv": {
								"north": {"uv": [30, 57], "uv_size": [1, 1]},
								"east": {"uv": [14, 51], "uv_size": [3, 1]},
								"south": {"uv": [32, 57], "uv_size": [1, 1]},
								"west": {"uv": [51, 29], "uv_size": [3, 1]},
								"up": {"uv": [21, 51], "uv_size": [1, 3]},
								"down": {"uv": [41, 54], "uv_size": [1, -3]}
							}
						},
						{
							"origin": [-0.3375, 7.41469, 15.84267],
							"size": [0.675, 0.625, 1.875],
							"inflate": 0.002,
							"uv": {
								"north": {"uv": [60, 9], "uv_size": [1, 0.5]},
								"east": {"uv": [54, 42], "uv_size": [3.5, 0.5]},
								"south": {"uv": [10, 60], "uv_size": [1, 0.5]},
								"west": {"uv": [54, 44], "uv_size": [3.5, 0.5]},
								"up": {"uv": [21, 46], "uv_size": [1, 3.5]},
								"down": {"uv": [48, 50.5], "uv_size": [1, -3.5]}
							}
						},
						{
							"origin": [-0.3375, 6.81469, 16.54267],
							"size": [0.675, 0.625, 3.875],
							"inflate": 0.002,
							"uv": {
								"north": {"uv": [60, 9], "uv_size": [1, 0.5]},
								"east": {"uv": [54, 42], "uv_size": [3.5, 0.5]},
								"south": {"uv": [10, 60], "uv_size": [1, 0.5]},
								"west": {"uv": [54, 44], "uv_size": [3.5, 0.5]},
								"up": {"uv": [21, 46], "uv_size": [1, 3.5]},
								"down": {"uv": [48, 50.5], "uv_size": [1, -3.5]}
							}
						},
						{
							"origin": [-0.3375, 6.21469, 17.44267],
							"size": [0.675, 0.625, 2.975],
							"inflate": 0.002,
							"uv": {
								"north": {"uv": [60, 9], "uv_size": [1, 0.5]},
								"east": {"uv": [54, 42], "uv_size": [3.5, 0.5]},
								"south": {"uv": [10, 60], "uv_size": [1, 0.5]},
								"west": {"uv": [54, 44], "uv_size": [3.5, 0.5]},
								"up": {"uv": [21, 46], "uv_size": [1, 3.5]},
								"down": {"uv": [48, 50.5], "uv_size": [1, -3.5]}
							}
						},
						{
							"origin": [-0.3375, 4.71469, 19.14267],
							"size": [0.675, 0.925, 1.275],
							"inflate": 0.002,
							"uv": {
								"north": {"uv": [60, 9], "uv_size": [1, 0.5]},
								"east": {"uv": [54, 42], "uv_size": [3.5, 0.5]},
								"south": {"uv": [10, 60], "uv_size": [1, 0.5]},
								"west": {"uv": [54, 44], "uv_size": [3.5, 0.5]},
								"up": {"uv": [21, 46], "uv_size": [1, 3.5]},
								"down": {"uv": [48, 50.5], "uv_size": [1, -3.5]}
							}
						},
						{
							"origin": [-0.3375, 5.61469, 18.24267],
							"size": [0.675, 0.625, 2.175],
							"inflate": 0.002,
							"uv": {
								"north": {"uv": [60, 9], "uv_size": [1, 0.5]},
								"east": {"uv": [54, 42], "uv_size": [3.5, 0.5]},
								"south": {"uv": [10, 60], "uv_size": [1, 0.5]},
								"west": {"uv": [54, 44], "uv_size": [3.5, 0.5]},
								"up": {"uv": [21, 46], "uv_size": [1, 3.5]},
								"down": {"uv": [48, 50.5], "uv_size": [1, -3.5]}
							}
						},
						{
							"origin": [-0.4375, 7.91469, 15.64267],
							"size": [0.875, 0.625, 4.775],
							"inflate": 0.002,
							"uv": {
								"north": {"uv": [60, 9], "uv_size": [1, 0.5]},
								"east": {"uv": [54, 42], "uv_size": [3.5, 0.5]},
								"south": {"uv": [10, 60], "uv_size": [1, 0.5]},
								"west": {"uv": [54, 44], "uv_size": [3.5, 0.5]},
								"up": {"uv": [21, 46], "uv_size": [1, 3.5]},
								"down": {"uv": [48, 50.5], "uv_size": [1, -3.5]}
							}
						},
						{
							"origin": [-0.4375, 1.69839, 18.31298],
							"size": [0.875, 1.75, 5.375],
							"pivot": [0, 4.63589, 19.18798],
							"rotation": [90, 0, 0],
							"uv": {
								"north": {"uv": [29, 54], "uv_size": [1, 2]},
								"east": {"uv": [27, 23], "uv_size": [5.5, 2]},
								"south": {"uv": [31, 54], "uv_size": [1, 2]},
								"west": {"uv": [27, 26], "uv_size": [5.5, 2]},
								"up": {"uv": [43, 33], "uv_size": [1, 5.5]},
								"down": {"uv": [44, 10.5], "uv_size": [1, -5.5]}
							}
						},
						{
							"origin": [-1.43198, 8.843, 12.37548],
							"size": [1.23744, 1.23744, 9.75],
							"pivot": [-1.06954, 10.718, 17.25048],
							"rotation": [0, 0, -45],
							"uv": {
								"north": {"uv": [56, 36], "uv_size": [1, 1]},
								"east": {"uv": [32, 2], "uv_size": [9.5, 1]},
								"south": {"uv": [52, 56], "uv_size": [1, 1]},
								"west": {"uv": [32, 4], "uv_size": [9.5, 1]},
								"up": {"uv": [15, 31], "uv_size": [1, 9.5]},
								"down": {"uv": [17, 40.5], "uv_size": [1, -9.5]}
							}
						},
						{
							"origin": [-0.68122, 9.4, 12.37548],
							"size": [1.17494, 0.86244, 9.75],
							"pivot": [-0.0625, 9.88589, 17.25048],
							"rotation": [0, 0, -90],
							"uv": {
								"north": {"uv": [22, 57], "uv_size": [1, 1]},
								"east": {"uv": [33, 10], "uv_size": [9.5, 1]},
								"south": {"uv": [24, 57], "uv_size": [1, 1]},
								"west": {"uv": [27, 33], "uv_size": [9.5, 1]},
								"up": {"uv": [4, 32], "uv_size": [1, 9.5]},
								"down": {"uv": [24, 43.5], "uv_size": [1, -9.5]}
							}
						},
						{
							"origin": [-1.43198, 8.0305, 12.37548],
							"size": [1.23744, 1.23744, 9.75],
							"pivot": [-1.06954, 9.9055, 17.25048],
							"rotation": [0, 0, -45],
							"uv": {
								"north": {"uv": [15, 57], "uv_size": [1, 1]},
								"east": {"uv": [33, 6], "uv_size": [9.5, 1]},
								"south": {"uv": [20, 57], "uv_size": [1, 1]},
								"west": {"uv": [33, 8], "uv_size": [9.5, 1]},
								"up": {"uv": [0, 32], "uv_size": [1, 9.5]},
								"down": {"uv": [2, 41.5], "uv_size": [1, -9.5]}
							}
						},
						{
							"origin": [-0.66594, 9.31738, 9.62548],
							"size": [1.35225, 0.57452, 2.75],
							"pivot": [0.00509, 9.59235, 11.00048],
							"rotation": [0, 0, -45],
							"uv": {
								"north": {"uv": [58, 46], "uv_size": [1.5, 0.5]},
								"east": {"uv": [56, 9], "uv_size": [2.5, 0.5]},
								"south": {"uv": [58, 48], "uv_size": [1.5, 0.5]},
								"west": {"uv": [56, 11], "uv_size": [2.5, 0.5]},
								"up": {"uv": [47, 39], "uv_size": [1.5, 2.5]},
								"down": {"uv": [42, 49.5], "uv_size": [1.5, -2.5]}
							}
						},
						{
							"origin": [-0.67613, 9.31738, 9.62548],
							"size": [1.35225, 0.57452, 2.75],
							"pivot": [0, 9.60464, 11.00048],
							"rotation": [0, 0, -135],
							"uv": {
								"north": {"uv": [58, 31], "uv_size": [1.5, 0.5]},
								"east": {"uv": [56, 7], "uv_size": [2.5, 0.5]},
								"south": {"uv": [58, 33], "uv_size": [1.5, 0.5]},
								"west": {"uv": [9, 56], "uv_size": [2.5, 0.5]},
								"up": {"uv": [35, 46], "uv_size": [1.5, 2.5]},
								"down": {"uv": [47, 28.5], "uv_size": [1.5, -2.5]}
							}
						},
						{
							"origin": [-0.68122, 9.32968, 9.62548],
							"size": [1.36244, 0.54994, 2.75],
							"uv": {
								"north": {"uv": [58, 27], "uv_size": [1.5, 0.5]},
								"east": {"uv": [5, 56], "uv_size": [2.5, 0.5]},
								"south": {"uv": [58, 29], "uv_size": [1.5, 0.5]},
								"west": {"uv": [56, 5], "uv_size": [2.5, 0.5]},
								"up": {"uv": [29, 46], "uv_size": [1.5, 2.5]},
								"down": {"uv": [32, 48.5], "uv_size": [1.5, -2.5]}
							}
						},
						{
							"origin": [-0.27497, 8.92343, 9.62548],
							"size": [0.54994, 1.36244, 2.75],
							"uv": {
								"north": {"uv": [58, 35], "uv_size": [0.5, 1.5]},
								"east": {"uv": [46, 2], "uv_size": [3, 1.5]},
								"south": {"uv": [58, 38], "uv_size": [0.5, 1.5]},
								"west": {"uv": [3, 46], "uv_size": [3, 1.5]},
								"up": {"uv": [40, 55], "uv_size": [0.5, 3]},
								"down": {"uv": [45, 58], "uv_size": [0.5, -3]}
							}
						},
						{
							"origin": [-0.5, 1.43474, 0.05324],
							"size": [1, 2.7125, 2.9375],
							"pivot": [0, 3.14724, 1.55324],
							"rotation": [-15, 0, 0],
							"uv": {
								"north": {"uv": [46, 51], "uv_size": [1, 2.5]},
								"east": {"uv": [39, 33], "uv_size": [3, 2.5]},
								"south": {"uv": [0, 52], "uv_size": [1, 2.5]},
								"west": {"uv": [39, 37], "uv_size": [3, 2.5]},
								"up": {"uv": [7, 49], "uv_size": [1, 3]},
								"down": {"uv": [9, 52], "uv_size": [1, -3]}
							}
						},
						{
							"origin": [-0.43791, 9.12942, 0.46474],
							"size": [1.4375, 1.4375, 3.8125],
							"pivot": [-0.00041, 10.56692, 4.77724],
							"rotation": [0, 0, 22.5],
							"uv": {
								"north": {"uv": [5, 53], "uv_size": [1.5, 1.5]},
								"east": {"uv": [39, 41], "uv_size": [4, 1.5]},
								"south": {"uv": [53, 5], "uv_size": [1.5, 1.5]},
								"west": {"uv": [15, 42], "uv_size": [4, 1.5]},
								"up": {"uv": [0, 43], "uv_size": [1.5, 4]},
								"down": {"uv": [43, 4], "uv_size": [1.5, -4]}
							}
						},
						{
							"origin": [-1.12509, 7.96674, 0.46474],
							"size": [0.1875, 1.4375, 3.8125],
							"pivot": [-1.03134, 8.68549, 2.37099],
							"rotation": [0, 0, 13.5],
							"uv": {
								"north": {"uv": [0, 59], "uv_size": [0.5, 1.5]},
								"east": {"uv": [3, 43], "uv_size": [4, 1.5]},
								"south": {"uv": [59, 2], "uv_size": [0.5, 1.5]},
								"west": {"uv": [28, 43], "uv_size": [4, 1.5]},
								"up": {"uv": [43, 54], "uv_size": [0.5, 4]},
								"down": {"uv": [13, 59], "uv_size": [0.5, -4]}
							}
						}
					]
				},
				{
					"name": "sight",
					"parent": "lod",
					"pivot": [-0.00041, 21.56692, 4.77724],
					"cubes": [
						{
							"origin": [-0.62541, 11.06692, 5.27724],
							"size": [1.25, 0.5625, 2],
							"uv": {
								"north": {"uv": [56, 58], "uv_size": [1.5, 0.5]},
								"east": {"uv": [47, 57], "uv_size": [2, 0.5]},
								"south": {"uv": [58, 56], "uv_size": [1.5, 0.5]},
								"west": {"uv": [57, 50], "uv_size": [2, 0.5]},
								"up": {"uv": [43, 51], "uv_size": [1.5, 2]},
								"down": {"uv": [51, 45], "uv_size": [1.5, -2]}
							}
						},
						{
							"origin": [-0.50041, 11.06692, 6.46474],
							"size": [1, 1.4375, 0.8125],
							"inflate": 0.002,
							"uv": {
								"north": {"uv": [50, 55], "uv_size": [1, 1.5]},
								"east": {"uv": [55, 53], "uv_size": [1, 1.5]},
								"south": {"uv": [0, 56], "uv_size": [1, 1.5]},
								"west": {"uv": [56, 0], "uv_size": [1, 1.5]},
								"up": {"uv": [57, 52], "uv_size": [1, 1]},
								"down": {"uv": [57, 55], "uv_size": [1, -1]}
							}
						},
						{
							"origin": [-0.49085, 12.19192, -9.91026],
							"size": [0.875, 0.875, 0.625],
							"pivot": [-0.0221, 12.56692, -9.44151],
							"rotation": [0, 0, 45],
							"uv": {
								"north": {"uv": [9, 58], "uv_size": [1, 1]},
								"east": {"uv": [59, 41], "uv_size": [0.5, 1]},
								"south": {"uv": [11, 58], "uv_size": [1, 1]},
								"west": {"uv": [43, 59], "uv_size": [0.5, 1]},
								"up": {"uv": [59, 43], "uv_size": [1, 0.5]},
								"down": {"uv": [45, 59.5], "uv_size": [1, -0.5]}
							}
						},
						{
							"origin": [-0.3125, 11.50821, -9.91026],
							"size": [0.625, 1, 0.625],
							"uv": {
								"north": {"uv": [2, 60], "uv_size": [0.5, 1]},
								"east": {"uv": [4, 60], "uv_size": [0.5, 1]},
								"south": {"uv": [60, 5], "uv_size": [0.5, 1]},
								"west": {"uv": [6, 60], "uv_size": [0.5, 1]},
								"up": {"uv": [60, 35], "uv_size": [0.5, 0.5]},
								"down": {"uv": [60, 37.5], "uv_size": [0.5, -0.5]}
							}
						},
						{
							"origin": [-0.50041, 11.06692, -9.91026],
							"size": [1.0625, 0.375, 0.9375],
							"uv": {
								"north": {"uv": [47, 59], "uv_size": [1, 0.5]},
								"east": {"uv": [59, 52], "uv_size": [1, 0.5]},
								"south": {"uv": [59, 54], "uv_size": [1, 0.5]},
								"west": {"uv": [59, 58], "uv_size": [1, 0.5]},
								"up": {"uv": [17, 58], "uv_size": [1, 1]},
								"down": {"uv": [58, 18], "uv_size": [1, -1]}
							}
						},
						{
							"origin": [-0.50041, 11.37942, 5.58974],
							"size": [1, 0.5625, 1.75],
							"inflate": 0.001,
							"pivot": [-0.00041, 11.22317, 5.99599],
							"rotation": [22.5, 0, 0],
							"uv": {
								"north": {"uv": [31, 59], "uv_size": [1, 0.5]},
								"east": {"uv": [58, 0], "uv_size": [2, 0.5]},
								"south": {"uv": [33, 59], "uv_size": [1, 0.5]},
								"west": {"uv": [2, 58], "uv_size": [2, 0.5]},
								"up": {"uv": [33, 54], "uv_size": [1, 2]},
								"down": {"uv": [35, 56], "uv_size": [1, -2]}
							}
						},
						{
							"origin": [-0.50041, 11.81692, 6.02724],
							"size": [1, 0.5625, 1],
							"pivot": [-0.00041, 11.22317, 5.99599],
							"rotation": [22.5, 0, 0],
							"uv": {
								"north": {"uv": [35, 59], "uv_size": [1, 0.5]},
								"east": {"uv": [37, 59], "uv_size": [1, 0.5]},
								"south": {"uv": [39, 59], "uv_size": [1, 0.5]},
								"west": {"uv": [41, 59], "uv_size": [1, 0.5]},
								"up": {"uv": [5, 58], "uv_size": [1, 1]},
								"down": {"uv": [7, 59], "uv_size": [1, -1]}
							}
						}
					]
				},
				{
					"name": "positioning_attachment",
					"parent": "lod",
					"pivot": [0, 7, 6.575]
				},
				{
					"name": "muzzle_flash",
					"parent": "positioning_attachment",
					"pivot": [0, 9.6, -17.075]
				},
				{
					"name": "muzzle_pos",
					"parent": "positioning_attachment",
					"pivot": [0, 9.625, -15.075]
				},
				{
					"name": "laser_pos",
					"parent": "positioning_attachment",
					"pivot": [1.3745, 9.625, -8.625],
					"rotation": [0, 0, 90]
				},
				{
					"name": "scope_pos",
					"parent": "positioning_attachment",
					"pivot": [0, 11.3725, 5.05]
				},
				{
					"name": "grip_pos",
					"parent": "positioning_attachment",
					"pivot": [0, 8.00625, -5.05]
				},
				{
					"name": "shell",
					"parent": "positioning_attachment",
					"pivot": [-0.2, 9.75, 2.2]
				},
				{
					"name": "fixed",
					"parent": "lod",
					"pivot": [0.875, 9.625, 5.1],
					"rotation": [0, 90, 0]
				},
				{
					"name": "ground",
					"parent": "lod",
					"pivot": [0, -0.9, 4.65]
				},
				{
					"name": "thirdperson_hand",
					"parent": "lod",
					"pivot": [0, 7.025, 6.65]
				}
			]
		}
	]
}