{
	"format_version": "1.12.0",
	"minecraft:geometry": [
		{
			"description": {
				"identifier": "geometry.m24_body - Converted",
				"texture_width": 64,
				"texture_height": 64,
				"visible_bounds_width": 5,
				"visible_bounds_height": 5,
				"visible_bounds_offset": [0, -0.5, 0]
			},
			"bones": [
				{
					"name": "positioning",
					"pivot": [0.5, -3.95, -11.225]
				},
				{
					"name": "ground",
					"parent": "positioning",
					"pivot": [0, 0, 0]
				},
				{
					"name": "fixed",
					"parent": "positioning",
					"pivot": [1, 6, 0],
					"rotation": [0, 90, 0]
				},
				{
					"name": "thirdperson_hand",
					"parent": "positioning",
					"pivot": [0.125, 5.1125, 10.175]
				},
				{
					"name": "scope_pos",
					"parent": "positioning",
					"pivot": [0, 8.175, 4.775]
				},
				{
					"name": "muzzle_flash",
					"parent": "positioning",
					"pivot": [0, 7.3125, -24]
				},
				{
					"name": "lod",
					"pivot": [0, 32, -8],
					"cubes": [
						{
							"origin": [-1, 5.33012, -9.87125],
							"size": [2, 0.53706, 12.30078],
							"pivot": [0, 5.59865, -3.72086],
							"rotation": [-1, 0, 0],
							"uv": {
								"north": {"uv": [44, 2], "uv_size": [2, 0.5]},
								"east": {"uv": [33, 15], "uv_size": [12.5, 0.5]},
								"south": {"uv": [4, 44], "uv_size": [2, 0.5]},
								"west": {"uv": [34, 32], "uv_size": [12.5, 0.5]},
								"up": {"uv": [4, 4], "uv_size": [2, 12.5]},
								"down": {"uv": [7, 16.5], "uv_size": [2, -12.5]}
							}
						},
						{
							"origin": [0.05546, 6.30362, -9.875],
							"size": [1.41421, 1.41421, 12.3125],
							"pivot": [0.46967, 6.05362, -8],
							"rotation": [0, 0, -45],
							"uv": {
								"north": {"uv": [18, 43], "uv_size": [1.5, 1.5]},
								"east": {"uv": [19, 12], "uv_size": [12.5, 1.5]},
								"south": {"uv": [43, 19], "uv_size": [1.5, 1.5]},
								"west": {"uv": [19, 15], "uv_size": [12.5, 1.5]},
								"up": {"uv": [7, 18], "uv_size": [1.5, 12.5]},
								"down": {"uv": [10, 30.5], "uv_size": [1.5, -12.5]}
							}
						},
						{
							"origin": [-1, 5.75, -9.875],
							"size": [2, 1.1875, 12.3125],
							"inflate": 0.001,
							"uv": {
								"north": {"uv": [28, 43], "uv_size": [2, 1]},
								"east": {"uv": [27, 4], "uv_size": [12.5, 1]},
								"south": {"uv": [31, 43], "uv_size": [2, 1]},
								"west": {"uv": [27, 6], "uv_size": [12.5, 1]},
								"up": {"uv": [10, 4], "uv_size": [2, 12.5]},
								"down": {"uv": [13, 16.5], "uv_size": [2, -12.5]}
							}
						},
						{
							"origin": [-0.66291, 6.9375, -9.875],
							"size": [1.32583, 0.33709, 12.3125],
							"uv": {
								"north": {"uv": [18, 46], "uv_size": [1.5, 0.5]},
								"east": {"uv": [34, 34], "uv_size": [12.5, 0.5]},
								"south": {"uv": [46, 19], "uv_size": [1.5, 0.5]},
								"west": {"uv": [36, 8], "uv_size": [12.5, 0.5]},
								"up": {"uv": [16, 12], "uv_size": [1.5, 12.5]},
								"down": {"uv": [4, 30.5], "uv_size": [1.5, -12.5]}
							}
						},
						{
							"origin": [-0.36742, 6.9375, -24],
							"size": [0.89239, 0.89239, 26.4375],
							"inflate": -0.001,
							"pivot": [0.13258, 7.25, -3.71875],
							"rotation": [0, 0, -45],
							"uv": {
								"north": {"uv": [14, 44], "uv_size": [1, 1]},
								"east": {"uv": [0, 0], "uv_size": [26.5, 1]},
								"south": {"uv": [44, 42], "uv_size": [1, 1]},
								"west": {"uv": [0, 2], "uv_size": [26.5, 1]},
								"up": {"uv": [0, 4], "uv_size": [1, 26.5]},
								"down": {"uv": [2, 30.5], "uv_size": [1, -26.5]}
							}
						},
						{
							"origin": [-0.36742, 6.9375, 2.0625],
							"size": [1.0625, 1.0625, 8],
							"pivot": [0.13258, 7.25, 22.34375],
							"rotation": [0, 0, -45],
							"uv": {
								"north": {"uv": [44, 44], "uv_size": [1, 1]},
								"east": {"uv": [31, 26], "uv_size": [8, 1]},
								"south": {"uv": [45, 12], "uv_size": [1, 1]},
								"west": {"uv": [31, 28], "uv_size": [8, 1]},
								"up": {"uv": [22, 32], "uv_size": [1, 8]},
								"down": {"uv": [24, 40], "uv_size": [1, -8]}
							}
						},
						{
							"origin": [-0.36742, 6.5, 10.0625],
							"size": [1.0625, 1.0625, 0.8125],
							"pivot": [0.13258, 6.8125, 30.34375],
							"rotation": [0, 0, -45],
							"uv": {
								"north": {"uv": [25, 45], "uv_size": [1, 1]},
								"east": {"uv": [45, 26], "uv_size": [1, 1]},
								"south": {"uv": [27, 45], "uv_size": [1, 1]},
								"west": {"uv": [45, 28], "uv_size": [1, 1]},
								"up": {"uv": [29, 45], "uv_size": [1, 1]},
								"down": {"uv": [45, 31], "uv_size": [1, -1]}
							}
						},
						{
							"origin": [-0.7513, 5.92417, 2.0625],
							"size": [1.0625, 1.5026, 8],
							"pivot": [-0.22005, 6.89553, 5.6875],
							"rotation": [0, 0, -90],
							"uv": {
								"north": {"uv": [21, 43], "uv_size": [1, 1.5]},
								"east": {"uv": [27, 8], "uv_size": [8, 1.5]},
								"south": {"uv": [34, 43], "uv_size": [1, 1.5]},
								"west": {"uv": [28, 0], "uv_size": [8, 1.5]},
								"up": {"uv": [26, 32], "uv_size": [1, 8]},
								"down": {"uv": [28, 40], "uv_size": [1, -8]}
							}
						},
						{
							"origin": [-0.0638, 6.92417, 0.5],
							"size": [0.375, 1.0026, 8.75],
							"pivot": [-0.22005, 7.64553, 5.6875],
							"rotation": [0, 0, -90],
							"uv": {
								"north": {"uv": [47, 2], "uv_size": [0.5, 1]},
								"east": {"uv": [28, 30], "uv_size": [9, 1]},
								"south": {"uv": [47, 4], "uv_size": [0.5, 1]},
								"west": {"uv": [31, 24], "uv_size": [9, 1]},
								"up": {"uv": [40, 36], "uv_size": [0.5, 9]},
								"down": {"uv": [38, 49], "uv_size": [0.5, -9]}
							}
						},
						{
							"origin": [-0.875, 5.3125, 2.4375],
							"size": [1.75, 1.75, 7.9375],
							"inflate": 0.001,
							"uv": {
								"north": {"uv": [36, 21], "uv_size": [2, 2]},
								"east": {"uv": [19, 18], "uv_size": [8, 2]},
								"south": {"uv": [0, 41], "uv_size": [2, 2]},
								"west": {"uv": [19, 21], "uv_size": [8, 2]},
								"up": {"uv": [13, 18], "uv_size": [2, 8]},
								"down": {"uv": [19, 32], "uv_size": [2, -8]}
							}
						},
						{
							"origin": [-0.5, 4.5625, 4.1875],
							"size": [1, 0.875, 3.625],
							"pivot": [0, 5.625, 6.40625],
							"rotation": [-3, 0, 0],
							"uv": {
								"north": {"uv": [31, 45], "uv_size": [1, 1]},
								"east": {"uv": [41, 17], "uv_size": [3.5, 1]},
								"south": {"uv": [36, 45], "uv_size": [1, 1]},
								"west": {"uv": [18, 41], "uv_size": [3.5, 1]},
								"up": {"uv": [41, 19], "uv_size": [1, 3.5]},
								"down": {"uv": [23, 44.5], "uv_size": [1, -3.5]}
							}
						},
						{
							"origin": [-0.375, 7.375, 2.0625],
							"size": [0.75, 0.4375, 8],
							"uv": {
								"north": {"uv": [46, 42], "uv_size": [1, 0.5]},
								"east": {"uv": [41, 6], "uv_size": [8, 0.5]},
								"south": {"uv": [44, 46], "uv_size": [1, 0.5]},
								"west": {"uv": [41, 10], "uv_size": [8, 0.5]},
								"up": {"uv": [30, 32], "uv_size": [1, 8]},
								"down": {"uv": [32, 40], "uv_size": [1, -8]}
							}
						},
						{
							"origin": [0, 3.8125, 8.5],
							"size": [0, 1.625, 2.5],
							"uv": {
								"north": {"uv": [21, 33], "uv_size": [0, 1.5]},
								"east": {"uv": [12, 41], "uv_size": [2.5, 1.5]},
								"south": {"uv": [18, 34], "uv_size": [0, 1.5]},
								"west": {"uv": [41, 12], "uv_size": [2.5, 1.5]},
								"up": {"uv": [21, 36], "uv_size": [0, 2.5]},
								"down": {"uv": [18, 39.5], "uv_size": [0, -2.5]}
							}
						},
						{
							"origin": [-0.875, 4.125, 13.25],
							"size": [1.75, 1.5625, 3.125],
							"inflate": 0.002,
							"uv": {
								"north": {"uv": [42, 36], "uv_size": [2, 1.5]},
								"east": {"uv": [40, 0], "uv_size": [3, 1.5]},
								"south": {"uv": [42, 39], "uv_size": [2, 1.5]},
								"west": {"uv": [34, 40], "uv_size": [3, 1.5]},
								"up": {"uv": [9, 37], "uv_size": [2, 3]},
								"down": {"uv": [37, 39], "uv_size": [2, -3]}
							}
						},
						{
							"origin": [-0.4375, 5.875, 14.875],
							"size": [0.875, 0.4375, 6.625],
							"uv": {
								"north": {"uv": [21, 46], "uv_size": [1, 0.5]},
								"east": {"uv": [41, 24], "uv_size": [6.5, 0.5]},
								"south": {"uv": [46, 21], "uv_size": [1, 0.5]},
								"west": {"uv": [25, 41], "uv_size": [6.5, 0.5]},
								"up": {"uv": [12, 33], "uv_size": [1, 6.5]},
								"down": {"uv": [14, 39.5], "uv_size": [1, -6.5]}
							}
						},
						{
							"origin": [-0.4375, 4.25582, 12.69903],
							"size": [0.875, 0.6875, 2.625],
							"pivot": [0, 4.61519, 12.01153],
							"rotation": [25, 0, 0],
							"uv": {
								"north": {"uv": [46, 44], "uv_size": [1, 0.5]},
								"east": {"uv": [0, 44], "uv_size": [2.5, 0.5]},
								"south": {"uv": [46, 46], "uv_size": [1, 0.5]},
								"west": {"uv": [44, 0], "uv_size": [2.5, 0.5]},
								"up": {"uv": [16, 42], "uv_size": [1, 2.5]},
								"down": {"uv": [42, 44.5], "uv_size": [1, -2.5]}
							}
						},
						{
							"origin": [-0.875, 4.5625, 14.875],
							"size": [1.75, 1.3125, 6.625],
							"inflate": 0.001,
							"uv": {
								"north": {"uv": [42, 26], "uv_size": [2, 1.5]},
								"east": {"uv": [28, 18], "uv_size": [6.5, 1.5]},
								"south": {"uv": [42, 29], "uv_size": [2, 1.5]},
								"west": {"uv": [28, 21], "uv_size": [6.5, 1.5]},
								"up": {"uv": [24, 4], "uv_size": [2, 6.5]},
								"down": {"uv": [22, 30.5], "uv_size": [2, -6.5]}
							}
						},
						{
							"origin": [-0.21875, 5.44778, 21.47264],
							"size": [0.4375, 0.4375, 0.8125],
							"pivot": [0, 5.66653, 21.87889],
							"rotation": [-3.38262, 3.68425, 45],
							"uv": {
								"north": {"uv": [47, 36], "uv_size": [0.5, 0.5]},
								"east": {"uv": [23, 46], "uv_size": [1, 0.5]},
								"south": {"uv": [47, 38], "uv_size": [0.5, 0.5]},
								"west": {"uv": [33, 46], "uv_size": [1, 0.5]},
								"up": {"uv": [40, 46], "uv_size": [0.5, 1]},
								"down": {"uv": [42, 47], "uv_size": [0.5, -1]}
							}
						},
						{
							"origin": [-0.21875, 2.19778, 20.16014],
							"size": [0.4375, 0.4375, 2.125],
							"pivot": [0, 2.41653, 21.87889],
							"rotation": [-3.38262, 3.68425, 45],
							"uv": {
								"north": {"uv": [47, 40], "uv_size": [0.5, 0.5]},
								"east": {"uv": [44, 4], "uv_size": [2, 0.5]},
								"south": {"uv": [48, 0], "uv_size": [0.5, 0.5]},
								"west": {"uv": [7, 44], "uv_size": [2, 0.5]},
								"up": {"uv": [10, 44], "uv_size": [0.5, 2]},
								"down": {"uv": [12, 46], "uv_size": [0.5, -2]}
							}
						},
						{
							"origin": [-0.875, 2.62511, 14.50948],
							"size": [1.75, 2.79045, 6.71506],
							"pivot": [0, 3.90636, 18.00948],
							"rotation": [-14.5, 0, 0],
							"uv": {
								"north": {"uv": [36, 17], "uv_size": [2, 3]},
								"east": {"uv": [16, 4], "uv_size": [6.5, 3]},
								"south": {"uv": [34, 36], "uv_size": [2, 3]},
								"west": {"uv": [16, 8], "uv_size": [6.5, 3]},
								"up": {"uv": [25, 24], "uv_size": [2, 6.5]},
								"down": {"uv": [16, 32.5], "uv_size": [2, -6.5]}
							}
						},
						{
							"origin": [-0.875, 4.69618, 9.41457],
							"size": [1.75, 2.85295, 1.90256],
							"inflate": -0.001,
							"pivot": [0, 13.0289, 17.99085],
							"rotation": [22.5, 0, 0],
							"uv": {
								"north": {"uv": [0, 37], "uv_size": [2, 3]},
								"east": {"uv": [37, 0], "uv_size": [2, 3]},
								"south": {"uv": [3, 37], "uv_size": [2, 3]},
								"west": {"uv": [6, 37], "uv_size": [2, 3]},
								"up": {"uv": [3, 41], "uv_size": [2, 2]},
								"down": {"uv": [41, 5], "uv_size": [2, -2]}
							}
						},
						{
							"origin": [-0.875, 3.72656, 11.27602],
							"size": [1.75, 3.9122, 1.89903],
							"pivot": [0, 5.15303, 12.2273],
							"rotation": [65, 0, 0],
							"uv": {
								"north": {"uv": [0, 32], "uv_size": [2, 4]},
								"east": {"uv": [3, 32], "uv_size": [2, 4]},
								"south": {"uv": [6, 32], "uv_size": [2, 4]},
								"west": {"uv": [9, 32], "uv_size": [2, 4]},
								"up": {"uv": [6, 41], "uv_size": [2, 2]},
								"down": {"uv": [9, 43], "uv_size": [2, -2]}
							}
						},
						{
							"origin": [-0.875, 1.5639, 22.013],
							"size": [1.75, 4.66545, 1.15256],
							"pivot": [0, 2.70912, 23.40177],
							"rotation": [-4.5, 0, 0],
							"uv": {
								"north": {"uv": [13, 27], "uv_size": [2, 4.5]},
								"east": {"uv": [39, 17], "uv_size": [1, 4.5]},
								"south": {"uv": [28, 24], "uv_size": [2, 4.5]},
								"west": {"uv": [40, 26], "uv_size": [1, 4.5]},
								"up": {"uv": [43, 22], "uv_size": [2, 1]},
								"down": {"uv": [25, 44], "uv_size": [2, -1]}
							}
						},
						{
							"origin": [-0.68068, 5.01831, 14.875],
							"size": [1.23744, 1.23744, 6.625],
							"pivot": [-0.31824, 5.83081, 18.15625],
							"rotation": [0, 0, -45],
							"uv": {
								"north": {"uv": [38, 30], "uv_size": [1, 1]},
								"east": {"uv": [33, 11], "uv_size": [6.5, 1]},
								"south": {"uv": [36, 43], "uv_size": [1, 1]},
								"west": {"uv": [33, 13], "uv_size": [6.5, 1]},
								"up": {"uv": [19, 33], "uv_size": [1, 6.5]},
								"down": {"uv": [16, 40.5], "uv_size": [1, -6.5]}
							}
						}
					]
				},
				{
					"name": "sight",
					"parent": "lod",
					"pivot": [0, 32, -8],
					"cubes": [
						{
							"origin": [-0.28125, 7.71926, -23.78537],
							"size": [0.625, 0.2026, 0.875],
							"inflate": 0.001,
							"pivot": [0, 7.82056, -23.34787],
							"rotation": [0, -11, -90],
							"uv": {
								"north": {"uv": [25, 47], "uv_size": [0.5, 1]},
								"east": {"uv": [8, 46], "uv_size": [1, 1]},
								"south": {"uv": [47, 26], "uv_size": [0.5, 1]},
								"west": {"uv": [14, 46], "uv_size": [1, 1]},
								"up": {"uv": [27, 47], "uv_size": [0.5, 1]},
								"down": {"uv": [47, 29], "uv_size": [0.5, -1]}
							}
						}
					]
				}
			]
		}
	]
}