{
	"format_version": "1.12.0",
	"minecraft:geometry": [
		{
			"description": {
				"identifier": "geometry.m95_rebuild - black - Converted",
				"texture_width": 258,
				"texture_height": 515,
				"visible_bounds_width": 5,
				"visible_bounds_height": 3.5,
				"visible_bounds_offset": [0, 1.25, 0]
			},
			"bones": [
				{
					"name": "bone",
					"pivot": [2.22693, -2.73312, -12.625],
					"cubes": [
						{
							"origin": [-0.9375, 3.6375, -1.75],
							"size": [1.875, 4.925, 8.25],
							"uv": {
								"north": {"uv": [113, 282], "uv_size": [4, 9]},
								"east": {"uv": [47, 318], "uv_size": [17, 9]},
								"south": {"uv": [113, 294], "uv_size": [4, 9]},
								"west": {"uv": [67, 318], "uv_size": [17, 9]},
								"up": {"uv": [53, 348], "uv_size": [4, 17]},
								"down": {"uv": [1, 258], "uv_size": [0, 0]}
							}
						},
						{
							"origin": [-0.9375, 3.58545, -1.7633],
							"size": [1.875, 0.875, 8.25],
							"inflate": 0.01,
							"pivot": [0, 4.02295, 2.3617],
							"rotation": [-10, 0, 0],
							"uv": {
								"north": {"uv": [45, 408], "uv_size": [4, 2]},
								"east": {"uv": [115, 358], "uv_size": [17, 2]},
								"south": {"uv": [151, 320], "uv_size": [4, 2]},
								"west": {"uv": [115, 362], "uv_size": [17, 2]},
								"up": {"uv": [1, 258], "uv_size": [0, 0]},
								"down": {"uv": [93, 323], "uv_size": [4, -17]}
							}
						},
						{
							"origin": [-0.75, 7.6875, -10.75],
							"size": [1.5, 1, 2.25],
							"uv": {
								"north": {"uv": [153, 272], "uv_size": [3, 2]},
								"east": {"uv": [145, 270], "uv_size": [5, 2]},
								"south": {"uv": [153, 276], "uv_size": [3, 2]},
								"west": {"uv": [145, 274], "uv_size": [5, 2]},
								"up": {"uv": [1, 258], "uv_size": [0, 0]},
								"down": {"uv": [1, 258], "uv_size": [0, 0]}
							}
						},
						{
							"origin": [-1.25, 7.1875, -10],
							"size": [2.5, 0.75, 0.75],
							"uv": {
								"north": {"uv": [33, 402], "uv_size": [5, 2]},
								"east": {"uv": [155, 258], "uv_size": [2, 2]},
								"south": {"uv": [145, 290], "uv_size": [5, 2]},
								"west": {"uv": [155, 280], "uv_size": [2, 2]},
								"up": {"uv": [145, 312], "uv_size": [5, 2]},
								"down": {"uv": [145, 318], "uv_size": [5, -2]}
							}
						},
						{
							"origin": [-0.61612, 7.01072, -10.75],
							"size": [1.06066, 1.06066, 2.25],
							"pivot": [0.13388, 7.51072, -9.625],
							"rotation": [0, 0, 45],
							"uv": {
								"north": {"uv": [59, 348], "uv_size": [2, 2]},
								"east": {"uv": [1, 258], "uv_size": [0, 0]},
								"south": {"uv": [77, 352], "uv_size": [2, 2]},
								"west": {"uv": [145, 278], "uv_size": [5, 2]},
								"up": {"uv": [1, 258], "uv_size": [0, 0]},
								"down": {"uv": [145, 287], "uv_size": [2, -5]}
							}
						},
						{
							"origin": [-0.625, 9.5, -39.25],
							"size": [1.25, 1.25, 28],
							"pivot": [0, 10.125, -14.25],
							"rotation": [0, 0, 45],
							"uv": {
								"north": {"uv": [107, 404], "uv_size": [3, 3]},
								"east": {"uv": [35, 306], "uv_size": [56, 3]},
								"south": {"uv": [147, 396], "uv_size": [3, 3]},
								"west": {"uv": [35, 312], "uv_size": [56, 3]},
								"up": {"uv": [35, 318], "uv_size": [3, 56]},
								"down": {"uv": [41, 374], "uv_size": [3, -56]}
							}
						},
						{
							"origin": [-0.875, 9.25, -34.25],
							"size": [1.75, 1.75, 1.5],
							"pivot": [0, 10.125, -14.25],
							"rotation": [0, 0, 45],
							"uv": {
								"north": {"uv": [137, 368], "uv_size": [4, 4]},
								"east": {"uv": [143, 350], "uv_size": [3, 4]},
								"south": {"uv": [137, 374], "uv_size": [4, 4]},
								"west": {"uv": [143, 356], "uv_size": [3, 4]},
								"up": {"uv": [143, 368], "uv_size": [4, 3]},
								"down": {"uv": [143, 377], "uv_size": [4, -3]}
							}
						},
						{
							"origin": [-1.375, 9.25, -38.75],
							"size": [2.75, 1.75, 4.5],
							"inflate": 0.005,
							"pivot": [0, 10.125, -35],
							"rotation": [0, 0, 90],
							"uv": {
								"north": {"uv": [107, 380], "uv_size": [6, 4]},
								"east": {"uv": [47, 368], "uv_size": [9, 4]},
								"south": {"uv": [125, 266], "uv_size": [6, 4]},
								"west": {"uv": [75, 368], "uv_size": [9, 4]},
								"up": {"uv": [99, 306], "uv_size": [6, 9]},
								"down": {"uv": [99, 327], "uv_size": [6, -9]}
							}
						},
						{
							"origin": [-2.524, 8.875, -38.47172],
							"size": [2.75, 2.375, 4.25],
							"pivot": [-1.149, 10.125, -36.47172],
							"rotation": [22.5, 0, 90],
							"uv": {
								"north": {"uv": [47, 374], "uv_size": [6, 5]},
								"east": {"uv": [103, 344], "uv_size": [9, 5]},
								"south": {"uv": [75, 374], "uv_size": [6, 5]},
								"west": {"uv": [103, 352], "uv_size": [9, 5]},
								"up": {"uv": [77, 356], "uv_size": [6, 9]},
								"down": {"uv": [85, 365], "uv_size": [6, -9]}
							}
						},
						{
							"origin": [-0.226, 8.875, -38.47172],
							"size": [2.75, 2.375, 4.25],
							"pivot": [1.149, 10.125, -36.47172],
							"rotation": [22.5, 0, -90],
							"uv": {
								"north": {"uv": [117, 374], "uv_size": [6, 5]},
								"east": {"uv": [103, 360], "uv_size": [9, 5]},
								"south": {"uv": [119, 258], "uv_size": [6, 5]},
								"west": {"uv": [107, 306], "uv_size": [9, 5]},
								"up": {"uv": [59, 358], "uv_size": [6, 9]},
								"down": {"uv": [67, 367], "uv_size": [6, -9]}
							}
						}
					]
				},
				{
					"name": "bone5",
					"parent": "bone",
					"pivot": [2.22693, -2.73312, -12.625],
					"cubes": [
						{
							"origin": [-1.875, -2.5625, -9.875],
							"size": [0.5, 11.75, 0.5],
							"pivot": [-1.625, 8.0625, -9.625],
							"rotation": [0, -45, 17.5],
							"uv": {
								"north": {"uv": [67, 376], "uv_size": [1, 24]},
								"east": {"uv": [125, 284], "uv_size": [1, 24]},
								"south": {"uv": [47, 382], "uv_size": [1, 24]},
								"west": {"uv": [51, 382], "uv_size": [1, 24]},
								"up": {"uv": [159, 328], "uv_size": [1, 1]},
								"down": {"uv": [159, 333], "uv_size": [1, -1]}
							}
						},
						{
							"origin": [-1.625, -1.8125, -10.5],
							"size": [0.375, 9.75, 1.75],
							"pivot": [-1.625, 8.0625, -9.625],
							"rotation": [0, 0, 17.5],
							"uv": {
								"north": {"uv": [63, 388], "uv_size": [1, 20]},
								"east": {"uv": [63, 330], "uv_size": [4, 20]},
								"south": {"uv": [103, 388], "uv_size": [1, 20]},
								"west": {"uv": [69, 330], "uv_size": [4, 20]},
								"up": {"uv": [25, 412], "uv_size": [1, 4]},
								"down": {"uv": [29, 416], "uv_size": [1, -4]}
							}
						},
						{
							"origin": [7.931, 2.25008, -10.75],
							"size": [0.375, 2, 2.25],
							"pivot": [-1.625, 8.0625, -9.625],
							"rotation": [0, 0, 85],
							"uv": {
								"north": {"uv": [33, 412], "uv_size": [1, 4]},
								"east": {"uv": [135, 308], "uv_size": [5, 4]},
								"south": {"uv": [45, 412], "uv_size": [1, 4]},
								"west": {"uv": [91, 392], "uv_size": [5, 4]},
								"up": {"uv": [131, 408], "uv_size": [1, 5]},
								"down": {"uv": [63, 415], "uv_size": [1, -5]}
							}
						},
						{
							"origin": [1.375, -2.5625, -9.875],
							"size": [0.5, 11.75, 0.5],
							"pivot": [1.625, 8.0625, -9.625],
							"rotation": [0, 45, -17.5],
							"uv": {
								"north": {"uv": [75, 382], "uv_size": [1, 24]},
								"east": {"uv": [79, 382], "uv_size": [1, 24]},
								"south": {"uv": [115, 382], "uv_size": [1, 24]},
								"west": {"uv": [125, 374], "uv_size": [1, 24]},
								"up": {"uv": [83, 416], "uv_size": [1, 1]},
								"down": {"uv": [87, 417], "uv_size": [1, -1]}
							}
						},
						{
							"origin": [1.25, -1.8125, -10.5],
							"size": [0.375, 9.75, 1.75],
							"pivot": [1.625, 8.0625, -9.625],
							"rotation": [0, 0, -17.5],
							"uv": {
								"north": {"uv": [71, 390], "uv_size": [1, 20]},
								"east": {"uv": [29, 332], "uv_size": [4, 20]},
								"south": {"uv": [99, 392], "uv_size": [1, 20]},
								"west": {"uv": [75, 330], "uv_size": [4, 20]},
								"up": {"uv": [155, 302], "uv_size": [1, 4]},
								"down": {"uv": [71, 416], "uv_size": [1, -4]}
							}
						},
						{
							"origin": [-8.306, 2.25008, -10.75],
							"size": [0.375, 2, 2.25],
							"pivot": [1.625, 8.0625, -9.625],
							"rotation": [0, 0, -85],
							"uv": {
								"north": {"uv": [75, 412], "uv_size": [1, 4]},
								"east": {"uv": [135, 350], "uv_size": [5, 4]},
								"south": {"uv": [79, 412], "uv_size": [1, 4]},
								"west": {"uv": [135, 356], "uv_size": [5, 4]},
								"up": {"uv": [103, 410], "uv_size": [1, 5]},
								"down": {"uv": [107, 415], "uv_size": [1, -5]}
							}
						}
					]
				},
				{
					"name": "m95_lod",
					"pivot": [0, 7.5625, -12.625],
					"cubes": [
						{
							"origin": [-1, 10.3125, -13.35],
							"size": [2, 1.25, 37.35],
							"uv": {
								"north": {"uv": [143, 49], "uv_size": [4, 3]},
								"east": {"uv": [1, 1], "uv_size": [0, 0]},
								"south": {"uv": [83, 143], "uv_size": [4, 3]},
								"west": {"uv": [1, 1], "uv_size": [0, 0]},
								"up": {"uv": [29, 1], "uv_size": [4, 72]},
								"down": {"uv": [1, 1], "uv_size": [0, 0]}
							}
						},
						{
							"origin": [-0.5, 11.5625, -11.75],
							"size": [1, 0.5, 17.25],
							"uv": {
								"north": {"uv": [157, 105], "uv_size": [2, 1]},
								"east": {"uv": [113, 63], "uv_size": [35, 1]},
								"south": {"uv": [1, 1], "uv_size": [0, 0]},
								"west": {"uv": [113, 67], "uv_size": [35, 1]},
								"up": {"uv": [25, 79], "uv_size": [2, 35]},
								"down": {"uv": [1, 1], "uv_size": [0, 0]}
							}
						},
						{
							"origin": [-0.625, 11.3125, -13.1],
							"size": [1.25, 0.5, 0.5],
							"pivot": [0, 11.5625, -12.85],
							"rotation": [-45, 0, 0],
							"uv": {
								"north": {"uv": [37, 157], "uv_size": [3, 1]},
								"east": {"uv": [159, 23], "uv_size": [1, 1]},
								"south": {"uv": [157, 63], "uv_size": [3, 1]},
								"west": {"uv": [159, 31], "uv_size": [1, 1]},
								"up": {"uv": [157, 67], "uv_size": [3, 1]},
								"down": {"uv": [157, 82], "uv_size": [3, -1]}
							}
						},
						{
							"origin": [-0.1875, 11.6625, -13],
							"size": [0.375, 1.875, 0.3125],
							"uv": {
								"north": {"uv": [93, 99], "uv_size": [1, 4]},
								"east": {"uv": [99, 105], "uv_size": [1, 4]},
								"south": {"uv": [83, 117], "uv_size": [1, 4]},
								"west": {"uv": [135, 153], "uv_size": [1, 4]},
								"up": {"uv": [1, 1], "uv_size": [0, 0]},
								"down": {"uv": [1, 1], "uv_size": [0, 0]}
							}
						},
						{
							"origin": [-0.5, 12.3125, 5.75],
							"size": [1, 2.625, 0.3125],
							"pivot": [0, 12.3125, 5.9375],
							"rotation": [2.5, 0, 0],
							"uv": {
								"north": {"uv": [131, 143], "uv_size": [2, 5]},
								"east": {"uv": [37, 149], "uv_size": [1, 5]},
								"south": {"uv": [145, 1], "uv_size": [2, 5]},
								"west": {"uv": [51, 151], "uv_size": [1, 5]},
								"up": {"uv": [123, 157], "uv_size": [2, 1]},
								"down": {"uv": [1, 1], "uv_size": [0, 0]}
							}
						},
						{
							"origin": [-0.75, 11.5625, 5.5],
							"size": [1.5, 0.625, 0.8125],
							"uv": {
								"north": {"uv": [157, 85], "uv_size": [3, 1]},
								"east": {"uv": [127, 157], "uv_size": [2, 1]},
								"south": {"uv": [157, 89], "uv_size": [3, 1]},
								"west": {"uv": [157, 133], "uv_size": [2, 1]},
								"up": {"uv": [153, 11], "uv_size": [3, 2]},
								"down": {"uv": [1, 1], "uv_size": [0, 0]}
							}
						},
						{
							"origin": [-0.9375, 12.0625, 5.6875],
							"size": [1.875, 0.5, 0.5],
							"pivot": [0, 12.3125, 5.9375],
							"rotation": [-45, 0, 0],
							"uv": {
								"north": {"uv": [153, 137], "uv_size": [4, 1]},
								"east": {"uv": [159, 55], "uv_size": [1, 1]},
								"south": {"uv": [139, 153], "uv_size": [4, 1]},
								"west": {"uv": [57, 159], "uv_size": [1, 1]},
								"up": {"uv": [153, 141], "uv_size": [4, 1]},
								"down": {"uv": [153, 146], "uv_size": [4, -1]}
							}
						},
						{
							"origin": [-0.23579, 13.52671, -13],
							"size": [0.5, 0.5, 0.3125],
							"uv": {
								"north": {"uv": [159, 35], "uv_size": [1, 1]},
								"east": {"uv": [159, 39], "uv_size": [1, 1]},
								"south": {"uv": [159, 43], "uv_size": [1, 1]},
								"west": {"uv": [159, 47], "uv_size": [1, 1]},
								"up": {"uv": [49, 159], "uv_size": [1, 1]},
								"down": {"uv": [53, 160], "uv_size": [1, -1]}
							}
						},
						{
							"origin": [-1.5, 9.6875, -14.25],
							"size": [3, 0.625, 38.25],
							"uv": {
								"north": {"uv": [147, 151], "uv_size": [6, 1]},
								"east": {"uv": [81, 73], "uv_size": [75, 1]},
								"south": {"uv": [153, 7], "uv_size": [6, 1]},
								"west": {"uv": [81, 77], "uv_size": [75, 1]},
								"up": {"uv": [1, 1], "uv_size": [6, 75]},
								"down": {"uv": [9, 76], "uv_size": [6, -75]}
							}
						},
						{
							"origin": [-0.875, 3.9375, 22],
							"size": [1.75, 0.75, 1.5],
							"inflate": 0.005,
							"uv": {
								"north": {"uv": [135, 149], "uv_size": [4, 2]},
								"east": {"uv": [1, 1], "uv_size": [0, 0]},
								"south": {"uv": [141, 149], "uv_size": [4, 2]},
								"west": {"uv": [1, 1], "uv_size": [0, 0]},
								"up": {"uv": [125, 143], "uv_size": [4, 3]},
								"down": {"uv": [143, 132], "uv_size": [4, -3]}
							}
						},
						{
							"origin": [-1.5, 8.6875, 22],
							"size": [3, 1, 1.5],
							"uv": {
								"north": {"uv": [121, 89], "uv_size": [6, 2]},
								"east": {"uv": [153, 31], "uv_size": [3, 2]},
								"south": {"uv": [1, 1], "uv_size": [0, 0]},
								"west": {"uv": [153, 55], "uv_size": [3, 2]},
								"up": {"uv": [1, 1], "uv_size": [0, 0]},
								"down": {"uv": [55, 140], "uv_size": [6, -3]}
							}
						},
						{
							"origin": [-1.5, 8.57123, 23.32769],
							"size": [3, 1.25, 0.5],
							"pivot": [0, 9.32123, 23.57769],
							"rotation": [-22.5, 0, 0],
							"uv": {
								"north": {"uv": [1, 1], "uv_size": [0, 0]},
								"east": {"uv": [21, 157], "uv_size": [1, 3]},
								"south": {"uv": [137, 57], "uv_size": [6, 3]},
								"west": {"uv": [67, 157], "uv_size": [1, 3]},
								"up": {"uv": [1, 1], "uv_size": [0, 0]},
								"down": {"uv": [153, 60], "uv_size": [6, -1]}
							}
						},
						{
							"origin": [-0.625, 3.9375, 22],
							"size": [1.5, 4.8125, 1.5],
							"pivot": [0.875, 3.9375, 23.5],
							"rotation": [0, 0, 7.5],
							"uv": {
								"north": {"uv": [119, 9], "uv_size": [3, 10]},
								"east": {"uv": [119, 21], "uv_size": [3, 10]},
								"south": {"uv": [119, 33], "uv_size": [3, 10]},
								"west": {"uv": [35, 119], "uv_size": [3, 10]},
								"up": {"uv": [147, 145], "uv_size": [3, 3]},
								"down": {"uv": [149, 4], "uv_size": [3, -3]}
							}
						},
						{
							"origin": [-0.875, 3.9375, 22],
							"size": [1.5, 4.8125, 1.5],
							"pivot": [-0.875, 3.9375, 23.5],
							"rotation": [0, 0, -7.5],
							"uv": {
								"north": {"uv": [41, 119], "uv_size": [3, 10]},
								"east": {"uv": [119, 45], "uv_size": [3, 10]},
								"south": {"uv": [55, 119], "uv_size": [3, 10]},
								"west": {"uv": [61, 119], "uv_size": [3, 10]},
								"up": {"uv": [25, 149], "uv_size": [3, 3]},
								"down": {"uv": [149, 28], "uv_size": [3, -3]}
							}
						},
						{
							"origin": [-0.75, 2.31137, 18.97321],
							"size": [1.5, 6.25, 0.75],
							"pivot": [0, 5.43637, 19.34821],
							"rotation": [70, 0, 0],
							"uv": {
								"north": {"uv": [93, 105], "uv_size": [3, 13]},
								"east": {"uv": [55, 143], "uv_size": [1, 13]},
								"south": {"uv": [107, 57], "uv_size": [3, 13]},
								"west": {"uv": [59, 143], "uv_size": [1, 13]},
								"up": {"uv": [97, 157], "uv_size": [3, 1]},
								"down": {"uv": [1, 1], "uv_size": [0, 0]}
							}
						},
						{
							"origin": [-0.75, 6.1528, 16.28341],
							"size": [1.5, 4.25, 0.75],
							"uv": {
								"north": {"uv": [93, 105], "uv_size": [3, 13]},
								"east": {"uv": [55, 143], "uv_size": [1, 13]},
								"south": {"uv": [107, 57], "uv_size": [3, 13]},
								"west": {"uv": [59, 143], "uv_size": [1, 13]},
								"up": {"uv": [97, 157], "uv_size": [3, 1]},
								"down": {"uv": [1, 1], "uv_size": [0, 0]}
							}
						},
						{
							"origin": [-1.1875, 7.5625, -1],
							"size": [2.375, 2, 7.75],
							"uv": {
								"north": {"uv": [129, 81], "uv_size": [5, 4]},
								"east": {"uv": [59, 95], "uv_size": [16, 4]},
								"south": {"uv": [129, 87], "uv_size": [5, 4]},
								"west": {"uv": [97, 81], "uv_size": [16, 4]},
								"up": {"uv": [47, 73], "uv_size": [5, 16]},
								"down": {"uv": [55, 89], "uv_size": [5, -16]}
							}
						},
						{
							"origin": [-1.1875, 5.6875, 5.25],
							"size": [2.375, 1.875, 1.5],
							"uv": {
								"north": {"uv": [107, 129], "uv_size": [5, 4]},
								"east": {"uv": [119, 143], "uv_size": [3, 4]},
								"south": {"uv": [129, 117], "uv_size": [5, 4]},
								"west": {"uv": [143, 123], "uv_size": [3, 4]},
								"up": {"uv": [139, 37], "uv_size": [5, 3]},
								"down": {"uv": [39, 142], "uv_size": [5, -3]}
							}
						},
						{
							"origin": [-1.1875, 5.6875, 5.25],
							"size": [2.375, 7.625, 2],
							"inflate": 0.005,
							"pivot": [1.1875, 5.6875, 5.25],
							"rotation": [75, 0, 0],
							"uv": {
								"north": {"uv": [81, 81], "uv_size": [5, 15]},
								"east": {"uv": [29, 97], "uv_size": [4, 15]},
								"south": {"uv": [89, 81], "uv_size": [5, 15]},
								"west": {"uv": [97, 87], "uv_size": [4, 15]},
								"up": {"uv": [129, 123], "uv_size": [5, 4]},
								"down": {"uv": [129, 133], "uv_size": [5, -4]}
							}
						},
						{
							"origin": [-1.1875, 7.95335, -2.90938],
							"size": [2.375, 2.625, 1.75],
							"pivot": [0, 8.76585, -2.15938],
							"rotation": [45, 0, 0],
							"uv": {
								"north": {"uv": [121, 81], "uv_size": [5, 5]},
								"east": {"uv": [35, 131], "uv_size": [4, 5]},
								"south": {"uv": [83, 123], "uv_size": [5, 5]},
								"west": {"uv": [41, 131], "uv_size": [4, 5]},
								"up": {"uv": [55, 131], "uv_size": [5, 4]},
								"down": {"uv": [83, 135], "uv_size": [5, -4]}
							}
						},
						{
							"origin": [-1, 10.1875, -14.85],
							"size": [0.5, 1.375, 38.85],
							"pivot": [-1, 11.5625, -12],
							"rotation": [0, 0, 22.5],
							"uv": {
								"north": {"uv": [149, 155], "uv_size": [1, 3]},
								"east": {"uv": [35, 1], "uv_size": [75, 3]},
								"south": {"uv": [155, 149], "uv_size": [1, 3]},
								"west": {"uv": [35, 7], "uv_size": [75, 3]},
								"up": {"uv": [1, 79], "uv_size": [1, 75]},
								"down": {"uv": [5, 154], "uv_size": [1, -75]}
							}
						},
						{
							"origin": [0.5, 10.1875, -14.85],
							"size": [0.5, 1.375, 38.85],
							"pivot": [1, 11.5625, -12],
							"rotation": [0, 0, -22.5],
							"uv": {
								"north": {"uv": [153, 155], "uv_size": [1, 3]},
								"east": {"uv": [35, 13], "uv_size": [75, 3]},
								"south": {"uv": [1, 157], "uv_size": [1, 3]},
								"west": {"uv": [35, 19], "uv_size": [75, 3]},
								"up": {"uv": [9, 79], "uv_size": [1, 75]},
								"down": {"uv": [13, 154], "uv_size": [1, -75]}
							}
						},
						{
							"origin": [-0.875, 8.6875, -14.75],
							"size": [1.75, 0.5, 37.5],
							"uv": {
								"north": {"uv": [125, 153], "uv_size": [4, 1]},
								"east": {"uv": [1, 1], "uv_size": [0, 0]},
								"south": {"uv": [1, 1], "uv_size": [0, 0]},
								"west": {"uv": [1, 1], "uv_size": [0, 0]},
								"up": {"uv": [17, 1], "uv_size": [4, 75]},
								"down": {"uv": [23, 76], "uv_size": [4, -75]}
							}
						},
						{
							"origin": [-0.875, 7.9375, 6.5],
							"size": [1.75, 0.75, 8.25],
							"uv": {
								"north": {"uv": [93, 69], "uv_size": [4, 2]},
								"east": {"uv": [115, 93], "uv_size": [17, 2]},
								"south": {"uv": [1, 1], "uv_size": [0, 0]},
								"west": {"uv": [115, 97], "uv_size": [17, 2]},
								"up": {"uv": [1, 1], "uv_size": [0, 0]},
								"down": {"uv": [47, 108], "uv_size": [4, -17]}
							}
						},
						{
							"origin": [-0.875, 6.9375, 6.5],
							"size": [1.75, 1, 4.875],
							"uv": {
								"north": {"uv": [133, 23], "uv_size": [4, 2]},
								"east": {"uv": [125, 59], "uv_size": [10, 2]},
								"south": {"uv": [149, 51], "uv_size": [4, 2]},
								"west": {"uv": [91, 131], "uv_size": [10, 2]},
								"up": {"uv": [1, 1], "uv_size": [0, 0]},
								"down": {"uv": [87, 71], "uv_size": [4, -10]}
							}
						},
						{
							"origin": [-0.875, 5.1875, 9.25],
							"size": [1.75, 1.75, 2],
							"uv": {
								"north": {"uv": [137, 123], "uv_size": [4, 4]},
								"east": {"uv": [137, 129], "uv_size": [4, 4]},
								"south": {"uv": [139, 7], "uv_size": [4, 4]},
								"west": {"uv": [139, 13], "uv_size": [4, 4]},
								"up": {"uv": [1, 1], "uv_size": [0, 0]},
								"down": {"uv": [139, 23], "uv_size": [4, -4]}
							}
						},
						{
							"origin": [0, 5.1875, 6.5],
							"size": [0, 1.75, 2.75],
							"uv": {
								"north": {"uv": [1, 1], "uv_size": [0, 0]},
								"east": {"uv": [125, 15], "uv_size": [6, 4]},
								"south": {"uv": [1, 1], "uv_size": [0, 0]},
								"west": {"uv": [125, 21], "uv_size": [6, 4]},
								"up": {"uv": [1, 1], "uv_size": [0, 0]},
								"down": {"uv": [1, 1], "uv_size": [0, 0]}
							}
						},
						{
							"origin": [-0.875, 1.38679, 9.75873],
							"size": [1.75, 4.25, 1.75],
							"pivot": [0, 4.76179, 10.50873],
							"rotation": [22.5, 0, 0],
							"uv": {
								"north": {"uv": [87, 111], "uv_size": [4, 9]},
								"east": {"uv": [99, 111], "uv_size": [4, 9]},
								"south": {"uv": [105, 111], "uv_size": [4, 9]},
								"west": {"uv": [111, 111], "uv_size": [4, 9]},
								"up": {"uv": [1, 1], "uv_size": [0, 0]},
								"down": {"uv": [139, 29], "uv_size": [4, -4]}
							}
						},
						{
							"origin": [-0.875, 2.12135, 11.27537],
							"size": [1.75, 4.25, 1.1875],
							"inflate": 0.005,
							"pivot": [0, 4.37135, 12.15037],
							"rotation": [35, 0, 0],
							"uv": {
								"north": {"uv": [113, 1], "uv_size": [4, 9]},
								"east": {"uv": [25, 137], "uv_size": [2, 9]},
								"south": {"uv": [113, 13], "uv_size": [4, 9]},
								"west": {"uv": [29, 137], "uv_size": [2, 9]},
								"up": {"uv": [149, 125], "uv_size": [4, 2]},
								"down": {"uv": [149, 131], "uv_size": [4, -2]}
							}
						},
						{
							"origin": [-0.875, 7.56618, 10.61664],
							"size": [1.75, 1, 2.25],
							"inflate": 0.005,
							"pivot": [0, 8.06618, 11.74164],
							"rotation": [42.5, 0, 0],
							"uv": {
								"north": {"uv": [149, 121], "uv_size": [4, 2]},
								"east": {"uv": [143, 135], "uv_size": [5, 2]},
								"south": {"uv": [125, 149], "uv_size": [4, 2]},
								"west": {"uv": [145, 9], "uv_size": [5, 2]},
								"up": {"uv": [133, 7], "uv_size": [4, 5]},
								"down": {"uv": [133, 20], "uv_size": [4, -5]}
							}
						},
						{
							"origin": [-0.875, 8.6875, -14.75],
							"size": [0.5, 1.375, 37.5],
							"pivot": [-0.875, 8.6875, -12],
							"rotation": [0, 0, -22.5],
							"uv": {
								"north": {"uv": [13, 157], "uv_size": [1, 3]},
								"east": {"uv": [35, 37], "uv_size": [75, 3]},
								"south": {"uv": [17, 157], "uv_size": [1, 3]},
								"west": {"uv": [35, 43], "uv_size": [75, 3]},
								"up": {"uv": [21, 79], "uv_size": [1, 75]},
								"down": {"uv": [1, 1], "uv_size": [0, 0]}
							}
						},
						{
							"origin": [0.375, 8.6875, -14.75],
							"size": [0.5, 1.375, 37.5],
							"pivot": [0.875, 8.6875, -12],
							"rotation": [0, 0, 22.5],
							"uv": {
								"north": {"uv": [5, 157], "uv_size": [1, 3]},
								"east": {"uv": [35, 25], "uv_size": [75, 3]},
								"south": {"uv": [9, 157], "uv_size": [1, 3]},
								"west": {"uv": [35, 31], "uv_size": [75, 3]},
								"up": {"uv": [17, 79], "uv_size": [1, 75]},
								"down": {"uv": [1, 1], "uv_size": [0, 0]}
							}
						}
					]
				},
				{
					"name": "bone4",
					"parent": "m95_lod",
					"pivot": [-1.25, 10.25, 10.25],
					"rotation": [-16.32495, 15.69986, -47.26579],
					"cubes": [
						{
							"origin": [-4.2294, 7.6294, -1.52388],
							"size": [2, 0.5, 0.5],
							"pivot": [-1.5, -2.1, -10.6],
							"rotation": [0, 7.5, 22.5],
							"uv": {
								"north": {"uv": [155, 27], "uv_size": [4, 1]},
								"east": {"uv": [91, 159], "uv_size": [1, 1]},
								"south": {"uv": [155, 51], "uv_size": [4, 1]},
								"west": {"uv": [159, 97], "uv_size": [1, 1]},
								"up": {"uv": [83, 155], "uv_size": [4, 1]},
								"down": {"uv": [155, 94], "uv_size": [4, -1]}
							}
						}
					]
				},
				{
					"name": "bone2",
					"parent": "m95_lod",
					"pivot": [-1.625, 7.5625, -12.625],
					"rotation": [67.5, 0, 22.5]
				},
				{
					"name": "bone3",
					"parent": "m95_lod",
					"pivot": [1.625, 7.5625, -12.625],
					"rotation": [67.5, 0, -22.5]
				},
				{
					"name": "positioning2",
					"parent": "m95_lod",
					"pivot": [0, 11.25, -13.525]
				},
				{
					"name": "muzzle_flash",
					"parent": "positioning2",
					"pivot": [0, 10.125, -39.275]
				},
				{
					"name": "scope_pos",
					"parent": "positioning2",
					"pivot": [0, 11.975, 0.275]
				},
				{
					"name": "camera",
					"pivot": [3.25, 14.25, 14.5]
				},
				{
					"name": "positioning",
					"pivot": [8, -1, -1]
				},
				{
					"name": "thirdperson_hand",
					"parent": "positioning",
					"pivot": [0, 6.95, 3.075]
				},
				{
					"name": "ground",
					"parent": "positioning",
					"pivot": [0, -0.425, -3.675]
				},
				{
					"name": "fixed",
					"parent": "positioning",
					"pivot": [1.75, 10.2, -0.525],
					"rotation": [0, 90, 0]
				},
				{
					"name": "view",
					"pivot": [0, 0, 0]
				},
				{
					"name": "iron_view",
					"parent": "view",
					"pivot": [0, 14, 10.2]
				},
				{
					"name": "idle_view",
					"parent": "view",
					"pivot": [3.25, 14.25, 14.5]
				},
				{
					"name": "refit_extended_mag_view",
					"parent": "view",
					"pivot": [10.7, 5.3, 11.725],
					"rotation": [0, 90, 0]
				},
				{
					"name": "refit_view",
					"parent": "view",
					"pivot": [36.6, 9.275, -5.125],
					"rotation": [0, 90, 0]
				},
				{
					"name": "refit_scope_view",
					"parent": "view",
					"pivot": [8.6, 13.275, -4.975],
					"rotation": [0, 120, 0]
				}
			]
		}
	]
}