{
	"format_version": "1.12.0",
	"minecraft:geometry": [
		{
			"description": {
				"identifier": "geometry.mk14",
				"texture_width": 128,
				"texture_height": 128,
				"visible_bounds_width": 5,
				"visible_bounds_height": 2.5,
				"visible_bounds_offset": [0, 0.75, 0]
			},
			"bones": [
				{
					"name": "lod",
					"pivot": [0, 11, 0],
					"cubes": [
						{
							"origin": [-0.8125, 5.625, -12.25],
							"size": [1.625, 1.9375, 13.75],
							"uv": {
								"north": {"uv": [50, 47], "uv_size": [1.5, 2]},
								"east": {"uv": [0, 0], "uv_size": [14, 2]},
								"south": {"uv": [50, 50], "uv_size": [1.5, 2]},
								"west": {"uv": [0, 3], "uv_size": [14, 2]},
								"up": {"uv": [0, 6], "uv_size": [1.5, 14]},
								"down": {"uv": [3, 20], "uv_size": [1.5, -14]}
							}
						},
						{
							"origin": [-1.3125, 6.125, -11.75],
							"size": [2.625, 1, 4.25],
							"uv": {
								"north": {"uv": [53, 49], "uv_size": [2.5, 1]},
								"east": {"uv": [40, 21], "uv_size": [4.5, 1]},
								"south": {"uv": [53, 51], "uv_size": [2.5, 1]},
								"west": {"uv": [40, 23], "uv_size": [4.5, 1]},
								"up": {"uv": [25, 26], "uv_size": [2.5, 4.5]},
								"down": {"uv": [27, 14.5], "uv_size": [2.5, -4.5]}
							}
						},
						{
							"origin": [-0.5, 8, -12.25],
							"size": [1, 0.3125, 13.75],
							"inflate": 0.001,
							"uv": {
								"north": {"uv": [36, 62], "uv_size": [1, 0.5]},
								"east": {"uv": [32, 28], "uv_size": [14, 0.5]},
								"south": {"uv": [62, 41], "uv_size": [1, 0.5]},
								"west": {"uv": [33, 30], "uv_size": [14, 0.5]},
								"up": {"uv": [23, 18], "uv_size": [1, 14]},
								"down": {"uv": [12, 39], "uv_size": [1, -14]}
							}
						},
						{
							"origin": [-0.5, 5.3125, -12.25],
							"size": [1, 0.3125, 13.75],
							"inflate": 0.001,
							"uv": {
								"north": {"uv": [62, 53], "uv_size": [1, 0.5]},
								"east": {"uv": [34, 15], "uv_size": [14, 0.5]},
								"south": {"uv": [63, 2], "uv_size": [1, 0.5]},
								"west": {"uv": [35, 17], "uv_size": [14, 0.5]},
								"up": {"uv": [5, 26], "uv_size": [1, 14]},
								"down": {"uv": [7, 40], "uv_size": [1, -14]}
							}
						},
						{
							"origin": [-0.625, 5.25, -11.125],
							"size": [1.25, 0.3125, 3.75],
							"inflate": 0.001,
							"uv": {
								"north": {"uv": [62, 39], "uv_size": [1.5, 0.5]},
								"east": {"uv": [40, 57], "uv_size": [4, 0.5]},
								"south": {"uv": [40, 62], "uv_size": [1.5, 0.5]},
								"west": {"uv": [57, 41], "uv_size": [4, 0.5]},
								"up": {"uv": [22, 37], "uv_size": [1.5, 4]},
								"down": {"uv": [9, 42], "uv_size": [1.5, -4]}
							}
						},
						{
							"origin": [-0.375, 4.6875, -10.625],
							"size": [0.75, 0.5625, 2.75],
							"inflate": 0.001,
							"uv": {
								"north": {"uv": [63, 10], "uv_size": [1, 0.5]},
								"east": {"uv": [60, 29], "uv_size": [3, 0.5]},
								"south": {"uv": [11, 63], "uv_size": [1, 0.5]},
								"west": {"uv": [60, 31], "uv_size": [3, 0.5]},
								"up": {"uv": [52, 17], "uv_size": [1, 3]},
								"down": {"uv": [19, 55], "uv_size": [1, -3]}
							}
						},
						{
							"origin": [-0.875, 3.5625, -9.875],
							"size": [1.75, 1.125, 1.25],
							"inflate": 0.001,
							"uv": {
								"north": {"uv": [57, 43], "uv_size": [2, 1]},
								"east": {"uv": [21, 60], "uv_size": [1.5, 1]},
								"south": {"uv": [45, 57], "uv_size": [2, 1]},
								"west": {"uv": [60, 43], "uv_size": [1.5, 1]},
								"up": {"uv": [21, 52], "uv_size": [2, 1.5]},
								"down": {"uv": [29, 53.5], "uv_size": [2, -1.5]}
							}
						},
						{
							"origin": [-0.5, 6, 11.1875],
							"size": [1, 0.4375, 3.4375],
							"uv": {
								"north": {"uv": [4, 63], "uv_size": [1, 0.5]},
								"east": {"uv": [58, 8], "uv_size": [3.5, 0.5]},
								"south": {"uv": [63, 4], "uv_size": [1, 0.5]},
								"west": {"uv": [58, 10], "uv_size": [3.5, 0.5]},
								"up": {"uv": [27, 50], "uv_size": [1, 3.5]},
								"down": {"uv": [50, 37.5], "uv_size": [1, -3.5]}
							}
						},
						{
							"origin": [0.4375, 7.375, 2.375],
							"size": [0.1875, 0.3125, 5.375],
							"uv": {
								"north": {"uv": [64, 0], "uv_size": [0.5, 0.5]},
								"east": {"uv": [52, 34], "uv_size": [5.5, 0.5]},
								"south": {"uv": [2, 64], "uv_size": [0.5, 0.5]},
								"west": {"uv": [52, 36], "uv_size": [5.5, 0.5]},
								"up": {"uv": [32, 52], "uv_size": [0.5, 5.5]},
								"down": {"uv": [34, 57.5], "uv_size": [0.5, -5.5]}
							}
						},
						{
							"origin": [-0.875, 9.8125, 8.9375],
							"size": [1.75, 0.6875, 0.6875],
							"pivot": [0, 10.28125, 6.5625],
							"rotation": [-45, 0, 0],
							"uv": {
								"north": {"uv": [18, 61], "uv_size": [2, 0.5]},
								"east": {"uv": [63, 63], "uv_size": [0.5, 0.5]},
								"south": {"uv": [61, 18], "uv_size": [2, 0.5]},
								"west": {"uv": [0, 64], "uv_size": [0.5, 0.5]},
								"up": {"uv": [61, 20], "uv_size": [2, 0.5]},
								"down": {"uv": [61, 22.5], "uv_size": [2, -0.5]}
							}
						},
						{
							"origin": [-0.6875, 6.625, 4.8125],
							"size": [1.375, 0.75, 5.875],
							"inflate": 0.001,
							"uv": {
								"north": {"uv": [58, 12], "uv_size": [1.5, 1]},
								"east": {"uv": [37, 0], "uv_size": [6, 1]},
								"south": {"uv": [58, 17], "uv_size": [1.5, 1]},
								"west": {"uv": [37, 2], "uv_size": [6, 1]},
								"up": {"uv": [28, 16], "uv_size": [1.5, 6]},
								"down": {"uv": [29, 29], "uv_size": [1.5, -6]}
							}
						},
						{
							"origin": [-0.6875, 5.51793, 10.68041],
							"size": [1.375, 0.875, 0.3125],
							"pivot": [0, 6.01793, 8.05541],
							"rotation": [20, 0, 0],
							"uv": {
								"north": {"uv": [58, 25], "uv_size": [1.5, 1]},
								"east": {"uv": [62, 49], "uv_size": [0.5, 1]},
								"south": {"uv": [27, 58], "uv_size": [1.5, 1]},
								"west": {"uv": [62, 51], "uv_size": [0.5, 1]},
								"up": {"uv": [62, 35], "uv_size": [1.5, 0.5]},
								"down": {"uv": [62, 37.5], "uv_size": [1.5, -0.5]}
							}
						},
						{
							"origin": [-0.6875, 6.84794, 8.22156],
							"size": [1.375, 1.5, 1],
							"pivot": [0, 7.53544, 9.06531],
							"rotation": [58, 0, 0],
							"uv": {
								"north": {"uv": [55, 9], "uv_size": [1.5, 1.5]},
								"east": {"uv": [7, 58], "uv_size": [1, 1.5]},
								"south": {"uv": [55, 12], "uv_size": [1.5, 1.5]},
								"west": {"uv": [17, 58], "uv_size": [1, 1.5]},
								"up": {"uv": [48, 58], "uv_size": [1.5, 1]},
								"down": {"uv": [51, 59], "uv_size": [1.5, -1]}
							}
						},
						{
							"origin": [-0.6875, 6.56726, 6.80282],
							"size": [1.375, 1.5, 0.75],
							"pivot": [0, 7.25476, 7.64657],
							"rotation": [-90, 0, 0],
							"uv": {
								"north": {"uv": [21, 55], "uv_size": [1.5, 1.5]},
								"east": {"uv": [30, 58], "uv_size": [1, 1.5]},
								"south": {"uv": [55, 21], "uv_size": [1.5, 1.5]},
								"west": {"uv": [38, 58], "uv_size": [1, 1.5]},
								"up": {"uv": [54, 58], "uv_size": [1.5, 1]},
								"down": {"uv": [58, 56], "uv_size": [1.5, -1]}
							}
						},
						{
							"origin": [-0.6875, 6.625, 1.6875],
							"size": [1.4375, 0.9375, 3.125],
							"uv": {
								"north": {"uv": [58, 21], "uv_size": [1.5, 1]},
								"east": {"uv": [13, 52], "uv_size": [3, 1]},
								"south": {"uv": [58, 23], "uv_size": [1.5, 1]},
								"west": {"uv": [52, 15], "uv_size": [3, 1]},
								"up": {"uv": [0, 42], "uv_size": [1.5, 3]},
								"down": {"uv": [42, 40], "uv_size": [1.5, -3]}
							}
						},
						{
							"origin": [-2.25, 6.875, 3.0625],
							"size": [3, 0.4375, 0.5],
							"uv": {
								"north": {"uv": [59, 57], "uv_size": [3, 0.5]},
								"east": {"uv": [9, 64], "uv_size": [0.5, 0.5]},
								"south": {"uv": [59, 59], "uv_size": [3, 0.5]},
								"west": {"uv": [64, 12], "uv_size": [0.5, 0.5]},
								"up": {"uv": [0, 60], "uv_size": [3, 0.5]},
								"down": {"uv": [26, 60.5], "uv_size": [3, -0.5]}
							}
						},
						{
							"origin": [-0.8125, 4.6875, 2.1875],
							"size": [1.625, 1.4375, 12.4375],
							"uv": {
								"north": {"uv": [24, 56], "uv_size": [1.5, 1.5]},
								"east": {"uv": [6, 6], "uv_size": [12.5, 1.5]},
								"south": {"uv": [56, 27], "uv_size": [1.5, 1.5]},
								"west": {"uv": [6, 9], "uv_size": [12.5, 1.5]},
								"up": {"uv": [6, 12], "uv_size": [1.5, 12.5]},
								"down": {"uv": [9, 24.5], "uv_size": [1.5, -12.5]}
							}
						},
						{
							"origin": [-0.625, 4.6875, 19.1875],
							"size": [1.25, 1.375, 2.875],
							"uv": {
								"north": {"uv": [56, 38], "uv_size": [1.5, 1.5]},
								"east": {"uv": [43, 4], "uv_size": [3, 1.5]},
								"south": {"uv": [57, 30], "uv_size": [1.5, 1.5]},
								"west": {"uv": [44, 0], "uv_size": [3, 1.5]},
								"up": {"uv": [9, 43], "uv_size": [1.5, 3]},
								"down": {"uv": [25, 46], "uv_size": [1.5, -3]}
							}
						},
						{
							"origin": [-1.1875, 2.4375, 22.0625],
							"size": [2.375, 3.625, 1.1875],
							"uv": {
								"north": {"uv": [30, 0], "uv_size": [2.5, 3.5]},
								"east": {"uv": [50, 11], "uv_size": [1, 3.5]},
								"south": {"uv": [29, 30], "uv_size": [2.5, 3.5]},
								"west": {"uv": [50, 16], "uv_size": [1, 3.5]},
								"up": {"uv": [54, 19], "uv_size": [2.5, 1]},
								"down": {"uv": [54, 26], "uv_size": [2.5, -1]}
							}
						},
						{
							"origin": [-0.8125, 1.4375, 20.875],
							"size": [1.625, 4.5, 1.1875],
							"inflate": 0.001,
							"uv": {
								"north": {"uv": [30, 35], "uv_size": [1.5, 4.5]},
								"east": {"uv": [23, 42], "uv_size": [1, 4.5]},
								"south": {"uv": [35, 32], "uv_size": [1.5, 4.5]},
								"west": {"uv": [42, 41], "uv_size": [1, 4.5]},
								"up": {"uv": [59, 33], "uv_size": [1.5, 1]},
								"down": {"uv": [59, 36], "uv_size": [1.5, -1]}
							}
						},
						{
							"origin": [-0.8125, 3.4375, 20.1875],
							"size": [1.625, 2.4375, 1.1875],
							"pivot": [0, 5.375, 20.78125],
							"rotation": [22.5, 0, 0],
							"uv": {
								"north": {"uv": [30, 48], "uv_size": [1.5, 2.5]},
								"east": {"uv": [36, 53], "uv_size": [1, 2.5]},
								"south": {"uv": [33, 48], "uv_size": [1.5, 2.5]},
								"west": {"uv": [2, 54], "uv_size": [1, 2.5]},
								"up": {"uv": [59, 37], "uv_size": [1.5, 1]},
								"down": {"uv": [59, 40], "uv_size": [1.5, -1]}
							}
						},
						{
							"origin": [-1.64667, 4.60041, 22.0625],
							"size": [1.67938, 1.67938, 1.1875],
							"pivot": [-1.15479, 6.72541, 22.65625],
							"rotation": [0, 0, -45],
							"uv": {
								"north": {"uv": [27, 55], "uv_size": [1.5, 1.5]},
								"east": {"uv": [57, 58], "uv_size": [1, 1.5]},
								"south": {"uv": [49, 55], "uv_size": [1.5, 1.5]},
								"west": {"uv": [9, 59], "uv_size": [1, 1.5]},
								"up": {"uv": [59, 0], "uv_size": [1.5, 1]},
								"down": {"uv": [11, 60], "uv_size": [1.5, -1]}
							}
						},
						{
							"origin": [-1.64667, 0.97541, 22.0625],
							"size": [1.67938, 1.67938, 1.1875],
							"pivot": [-1.15479, 3.10041, 22.65625],
							"rotation": [0, 0, -45],
							"uv": {
								"north": {"uv": [52, 55], "uv_size": [1.5, 1.5]},
								"east": {"uv": [59, 14], "uv_size": [1, 1.5]},
								"south": {"uv": [55, 55], "uv_size": [1.5, 1.5]},
								"west": {"uv": [24, 59], "uv_size": [1, 1.5]},
								"up": {"uv": [59, 27], "uv_size": [1.5, 1]},
								"down": {"uv": [32, 60], "uv_size": [1.5, -1]}
							}
						},
						{
							"origin": [-1.25, 5.625, -0.5625],
							"size": [2.5, 1.4375, 1.6875],
							"uv": {
								"north": {"uv": [46, 34], "uv_size": [2.5, 1.5]},
								"east": {"uv": [54, 31], "uv_size": [1.5, 1.5]},
								"south": {"uv": [47, 3], "uv_size": [2.5, 1.5]},
								"west": {"uv": [40, 54], "uv_size": [1.5, 1.5]},
								"up": {"uv": [42, 47], "uv_size": [2.5, 1.5]},
								"down": {"uv": [46, 48.5], "uv_size": [2.5, -1.5]}
							}
						},
						{
							"origin": [-1.0625, 5.5, -6.5],
							"size": [2.125, 1.75, 7.625],
							"uv": {
								"north": {"uv": [35, 45], "uv_size": [2, 2]},
								"east": {"uv": [15, 3], "uv_size": [7.5, 2]},
								"south": {"uv": [45, 37], "uv_size": [2, 2]},
								"west": {"uv": [18, 15], "uv_size": [7.5, 2]},
								"up": {"uv": [18, 18], "uv_size": [2, 7.5]},
								"down": {"uv": [0, 28.5], "uv_size": [2, -7.5]}
							}
						},
						{
							"origin": [-1.0625, 7.25, -6.0625],
							"size": [2.125, 0.4375, 7.1875],
							"uv": {
								"north": {"uv": [15, 61], "uv_size": [2, 0.5]},
								"east": {"uv": [48, 0], "uv_size": [7, 0.5]},
								"south": {"uv": [61, 16], "uv_size": [2, 0.5]},
								"west": {"uv": [48, 29], "uv_size": [7, 0.5]},
								"up": {"uv": [14, 25], "uv_size": [2, 7]},
								"down": {"uv": [25, 25], "uv_size": [2, -7]}
							}
						},
						{
							"origin": [-0.9375, 4.6875, 2.1875],
							"size": [1.9375, 1.9375, 9],
							"inflate": 0.001,
							"uv": {
								"north": {"uv": [45, 25], "uv_size": [2, 2]},
								"east": {"uv": [12, 12], "uv_size": [9, 2]},
								"south": {"uv": [30, 45], "uv_size": [2, 2]},
								"west": {"uv": [15, 0], "uv_size": [9, 2]},
								"up": {"uv": [12, 15], "uv_size": [2, 9]},
								"down": {"uv": [15, 24], "uv_size": [2, -9]}
							}
						},
						{
							"origin": [-0.64225, 0.89974, 12.7677],
							"size": [1.2845, 5.625, 1.375],
							"pivot": [0.0485, 1.86849, 14.5177],
							"rotation": [33, 0, 0],
							"uv": {
								"north": {"uv": [0, 30], "uv_size": [1.5, 5.5]},
								"east": {"uv": [31, 10], "uv_size": [1.5, 5.5]},
								"south": {"uv": [32, 17], "uv_size": [1.5, 5.5]},
								"west": {"uv": [25, 32], "uv_size": [1.5, 5.5]},
								"up": {"uv": [54, 41], "uv_size": [1.5, 1.5]},
								"down": {"uv": [43, 55.5], "uv_size": [1.5, -1.5]}
							}
						},
						{
							"origin": [-0.64225, 0.71111, 11.55993],
							"size": [1.2845, 4.125, 1.625],
							"inflate": 0.001,
							"pivot": [0, 2.83611, 12.49743],
							"rotation": [23, 0, 0],
							"uv": {
								"north": {"uv": [0, 37], "uv_size": [1.5, 4]},
								"east": {"uv": [37, 4], "uv_size": [1.5, 4]},
								"south": {"uv": [37, 9], "uv_size": [1.5, 4]},
								"west": {"uv": [19, 37], "uv_size": [1.5, 4]},
								"up": {"uv": [46, 54], "uv_size": [1.5, 1.5]},
								"down": {"uv": [55, 7.5], "uv_size": [1.5, -1.5]}
							}
						},
						{
							"origin": [-0.64225, 2.96111, 11.30993],
							"size": [1.2845, 2.75, 2.5],
							"pivot": [0, 5.14861, 12.49743],
							"rotation": [-22, 0, 0],
							"uv": {
								"north": {"uv": [30, 41], "uv_size": [1.5, 3]},
								"east": {"uv": [32, 24], "uv_size": [2.5, 3]},
								"south": {"uv": [37, 41], "uv_size": [1.5, 3]},
								"west": {"uv": [20, 33], "uv_size": [2.5, 3]},
								"up": {"uv": [22, 48], "uv_size": [1.5, 2.5]},
								"down": {"uv": [48, 27.5], "uv_size": [1.5, -2.5]}
							}
						},
						{
							"origin": [0, 3.39861, 8.05993],
							"size": [0, 1.375, 2.8125],
							"uv": {
								"north": {"uv": [5, 21], "uv_size": [0, 1.5]},
								"east": {"uv": [19, 42], "uv_size": [3, 1.5]},
								"south": {"uv": [24, 3], "uv_size": [0, 1.5]},
								"west": {"uv": [42, 34], "uv_size": [3, 1.5]},
								"up": {"uv": [20, 27], "uv_size": [0, 3]},
								"down": {"uv": [31, 20], "uv_size": [0, -3]}
							}
						},
						{
							"origin": [-0.64225, -0.02322, 12.41831],
							"size": [1.2845, 0.875, 2.3125],
							"uv": {
								"north": {"uv": [58, 19], "uv_size": [1.5, 1]},
								"east": {"uv": [13, 54], "uv_size": [2.5, 1]},
								"south": {"uv": [21, 58], "uv_size": [1.5, 1]},
								"west": {"uv": [54, 17], "uv_size": [2.5, 1]},
								"up": {"uv": [14, 48], "uv_size": [1.5, 2.5]},
								"down": {"uv": [19, 50.5], "uv_size": [1.5, -2.5]}
							}
						},
						{
							"origin": [-0.9375, 5.22711, 1.15706],
							"size": [1.9375, 2, 1.5],
							"pivot": [0.03125, 5.25836, 0.75081],
							"rotation": [-22.5, 0, 0],
							"uv": {
								"north": {"uv": [14, 45], "uv_size": [2, 2]},
								"east": {"uv": [51, 25], "uv_size": [1.5, 2]},
								"south": {"uv": [19, 45], "uv_size": [2, 2]},
								"west": {"uv": [52, 6], "uv_size": [1.5, 2]},
								"up": {"uv": [52, 9], "uv_size": [2, 1.5]},
								"down": {"uv": [52, 13.5], "uv_size": [2, -1.5]}
							}
						},
						{
							"origin": [-0.9375, 5.07403, 1.11418],
							"size": [1.9375, 2.3125, 0.75],
							"inflate": 0.001,
							"uv": {
								"north": {"uv": [25, 39], "uv_size": [2, 2.5]},
								"east": {"uv": [17, 54], "uv_size": [1, 2.5]},
								"south": {"uv": [40, 4], "uv_size": [2, 2.5]},
								"west": {"uv": [38, 54], "uv_size": [1, 2.5]},
								"up": {"uv": [47, 6], "uv_size": [2, 1]},
								"down": {"uv": [56, 1], "uv_size": [2, -1]}
							}
						},
						{
							"origin": [-0.79339, 6.40862, 1.11418],
							"size": [1.37002, 1.37002, 0.75],
							"pivot": [-0.39212, 7.40862, 1.86418],
							"rotation": [0, 0, -45],
							"uv": {
								"north": {"uv": [9, 56], "uv_size": [1.5, 1.5]},
								"east": {"uv": [40, 59], "uv_size": [1, 1.5]},
								"south": {"uv": [12, 56], "uv_size": [1.5, 1.5]},
								"west": {"uv": [42, 59], "uv_size": [1, 1.5]},
								"up": {"uv": [44, 59], "uv_size": [1.5, 1]},
								"down": {"uv": [59, 54], "uv_size": [1.5, -1]}
							}
						},
						{
							"origin": [-0.9375, 4.5, 2.5],
							"size": [1.9375, 0.1875, 3.6875],
							"uv": {
								"north": {"uv": [61, 12], "uv_size": [2, 0.5]},
								"east": {"uv": [57, 49], "uv_size": [3.5, 0.5]},
								"south": {"uv": [61, 14], "uv_size": [2, 0.5]},
								"west": {"uv": [57, 51], "uv_size": [3.5, 0.5]},
								"up": {"uv": [9, 33], "uv_size": [2, 3.5]},
								"down": {"uv": [14, 36.5], "uv_size": [2, -3.5]}
							}
						},
						{
							"origin": [-3.1718, 7.86666, -12.25],
							"size": [1.14905, 1.14905, 13.75],
							"pivot": [-2.3593, 4.86666, -8.875],
							"rotation": [0, 0, 45],
							"uv": {
								"north": {"uv": [20, 10], "uv_size": [1, 1]},
								"east": {"uv": [20, 6], "uv_size": [14, 1]},
								"south": {"uv": [48, 37], "uv_size": [1, 1]},
								"west": {"uv": [20, 8], "uv_size": [14, 1]},
								"up": {"uv": [3, 21], "uv_size": [1, 14]},
								"down": {"uv": [21, 32], "uv_size": [1, -14]}
							}
						},
						{
							"origin": [-2.7968, 9.0157, -12.25],
							"size": [0.64905, 0, 13.75],
							"inflate": 0.001,
							"pivot": [-2.3593, 4.86666, -8.875],
							"rotation": [0, 0, 45],
							"uv": {
								"north": {"uv": [25, 5], "uv_size": [0.5, 0]},
								"east": {"uv": [64, 32], "uv_size": [14, 0]},
								"south": {"uv": [27, 5], "uv_size": [0.5, 0]},
								"west": {"uv": [64, 33], "uv_size": [14, 0]},
								"up": {"uv": [33, 32], "uv_size": [0.5, 14]},
								"down": {"uv": [17, 48], "uv_size": [0.5, -14]}
							}
						},
						{
							"origin": [2.14775, 9.0157, -12.25],
							"size": [0.64905, 0, 13.75],
							"inflate": 0.001,
							"pivot": [2.3593, 4.86666, -8.875],
							"rotation": [0, 0, -45],
							"uv": {
								"north": {"uv": [29, 5], "uv_size": [0.5, 0]},
								"east": {"uv": [64, 34], "uv_size": [14, 0]},
								"south": {"uv": [31, 5], "uv_size": [0.5, 0]},
								"west": {"uv": [64, 41], "uv_size": [14, 0]},
								"up": {"uv": [35, 0], "uv_size": [0.5, 14]},
								"down": {"uv": [28, 49], "uv_size": [0.5, -14]}
							}
						},
						{
							"origin": [-2.71025, 7.92916, -20.9375],
							"size": [0.625, 0.625, 8.6875],
							"pivot": [-2.3593, 4.86666, -22.625],
							"rotation": [0, 0, 45],
							"uv": {
								"north": {"uv": [38, 63], "uv_size": [0.5, 0.5]},
								"east": {"uv": [44, 41], "uv_size": [8.5, 0.5]},
								"south": {"uv": [43, 63], "uv_size": [0.5, 0.5]},
								"west": {"uv": [44, 43], "uv_size": [8.5, 0.5]},
								"up": {"uv": [3, 44], "uv_size": [0.5, 8.5]},
								"down": {"uv": [40, 52.5], "uv_size": [0.5, -8.5]}
							}
						},
						{
							"origin": [-2.83525, 7.80416, -23.125],
							"size": [0.875, 0.875, 2.1875],
							"pivot": [-2.3593, 4.86666, -29.625],
							"rotation": [0, 0, 45],
							"uv": {
								"north": {"uv": [54, 27], "uv_size": [1, 1]},
								"east": {"uv": [56, 15], "uv_size": [2, 1]},
								"south": {"uv": [61, 24], "uv_size": [1, 1]},
								"west": {"uv": [56, 53], "uv_size": [2, 1]},
								"up": {"uv": [0, 55], "uv_size": [1, 2]},
								"down": {"uv": [30, 57], "uv_size": [1, -2]}
							}
						},
						{
							"origin": [-3.58525, 4.67916, -17.375],
							"size": [0.5625, 0.5625, 8.75],
							"pivot": [-3.2343, 1.55416, -21.625],
							"rotation": [0, 0, 45],
							"uv": {
								"north": {"uv": [57, 63], "uv_size": [0.5, 0.5]},
								"east": {"uv": [40, 8], "uv_size": [9, 0.5]},
								"south": {"uv": [63, 57], "uv_size": [0.5, 0.5]},
								"west": {"uv": [40, 10], "uv_size": [9, 0.5]},
								"up": {"uv": [12, 40], "uv_size": [0.5, 9]},
								"down": {"uv": [40, 43], "uv_size": [0.5, -9]}
							}
						},
						{
							"origin": [-1.77275, 4.67916, -17.375],
							"size": [0.5625, 0.5625, 8.75],
							"pivot": [-1.4218, 1.55416, -21.625],
							"rotation": [0, 0, 45],
							"uv": {
								"north": {"uv": [59, 63], "uv_size": [0.5, 0.5]},
								"east": {"uv": [40, 12], "uv_size": [9, 0.5]},
								"south": {"uv": [63, 59], "uv_size": [0.5, 0.5]},
								"west": {"uv": [40, 19], "uv_size": [9, 0.5]},
								"up": {"uv": [5, 41], "uv_size": [0.5, 9]},
								"down": {"uv": [7, 50], "uv_size": [0.5, -9]}
							}
						},
						{
							"origin": [-1.96025, 4.49166, -18.3125],
							"size": [0.9375, 0.9375, 0.9375],
							"pivot": [-1.4218, 1.55416, -21.625],
							"rotation": [0, 0, 45],
							"uv": {
								"north": {"uv": [30, 61], "uv_size": [1, 1]},
								"east": {"uv": [32, 61], "uv_size": [1, 1]},
								"south": {"uv": [34, 61], "uv_size": [1, 1]},
								"west": {"uv": [38, 61], "uv_size": [1, 1]},
								"up": {"uv": [44, 61], "uv_size": [1, 1]},
								"down": {"uv": [61, 56], "uv_size": [1, -1]}
							}
						},
						{
							"origin": [1.02275, 4.49166, -18.3125],
							"size": [0.9375, 0.9375, 0.9375],
							"pivot": [1.4218, 1.55416, -21.625],
							"rotation": [0, 0, -45],
							"uv": {
								"north": {"uv": [57, 61], "uv_size": [1, 1]},
								"east": {"uv": [59, 61], "uv_size": [1, 1]},
								"south": {"uv": [61, 61], "uv_size": [1, 1]},
								"west": {"uv": [0, 62], "uv_size": [1, 1]},
								"up": {"uv": [62, 0], "uv_size": [1, 1]},
								"down": {"uv": [2, 63], "uv_size": [1, -1]}
							}
						},
						{
							"origin": [-1.71025, 6.05416, 14.75],
							"size": [0.5, 0.5, 2.5],
							"pivot": [-1.4218, 2.92916, 3.375],
							"rotation": [0, 0, 45],
							"uv": {
								"north": {"uv": [61, 63], "uv_size": [0.5, 0.5]},
								"east": {"uv": [60, 45], "uv_size": [2.5, 0.5]},
								"south": {"uv": [63, 61], "uv_size": [0.5, 0.5]},
								"west": {"uv": [47, 60], "uv_size": [2.5, 0.5]},
								"up": {"uv": [51, 60], "uv_size": [0.5, 2.5]},
								"down": {"uv": [53, 62.5], "uv_size": [0.5, -2.5]}
							}
						},
						{
							"origin": [-3.58525, 6.05416, 14.75],
							"size": [0.5, 0.5, 2.5],
							"pivot": [-3.2968, 2.92916, 3.375],
							"rotation": [0, 0, 45],
							"uv": {
								"north": {"uv": [64, 26], "uv_size": [0.5, 0.5]},
								"east": {"uv": [60, 47], "uv_size": [2.5, 0.5]},
								"south": {"uv": [27, 64], "uv_size": [0.5, 0.5]},
								"west": {"uv": [11, 61], "uv_size": [2.5, 0.5]},
								"up": {"uv": [55, 60], "uv_size": [0.5, 2.5]},
								"down": {"uv": [7, 63.5], "uv_size": [0.5, -2.5]}
							}
						},
						{
							"origin": [-1.77275, 5.99166, 6.9375],
							"size": [0.625, 0.625, 7.8125],
							"pivot": [-1.4218, 2.92916, 3.375],
							"rotation": [0, 0, 45],
							"uv": {
								"north": {"uv": [23, 64], "uv_size": [0.5, 0.5]},
								"east": {"uv": [46, 21], "uv_size": [8, 0.5]},
								"south": {"uv": [25, 64], "uv_size": [0.5, 0.5]},
								"west": {"uv": [46, 23], "uv_size": [8, 0.5]},
								"up": {"uv": [9, 47], "uv_size": [0.5, 8]},
								"down": {"uv": [25, 55], "uv_size": [0.5, -8]}
							}
						},
						{
							"origin": [1.14775, 5.99166, 17.25],
							"size": [0.625, 0.625, 3.25],
							"pivot": [1.4218, 2.92916, 13.6875],
							"rotation": [0, 0, -45],
							"uv": {
								"north": {"uv": [21, 64], "uv_size": [0.5, 0.5]},
								"east": {"uv": [58, 4], "uv_size": [3.5, 0.5]},
								"south": {"uv": [64, 22], "uv_size": [0.5, 0.5]},
								"west": {"uv": [58, 6], "uv_size": [3.5, 0.5]},
								"up": {"uv": [36, 57], "uv_size": [0.5, 3.5]},
								"down": {"uv": [5, 61.5], "uv_size": [0.5, -3.5]}
							}
						},
						{
							"origin": [1.14775, 5.99166, 6.9375],
							"size": [0.625, 0.625, 7.8125],
							"pivot": [1.4218, 2.92916, 3.375],
							"rotation": [0, 0, -45],
							"uv": {
								"north": {"uv": [64, 18], "uv_size": [0.5, 0.5]},
								"east": {"uv": [45, 32], "uv_size": [8, 0.5]},
								"south": {"uv": [64, 20], "uv_size": [0.5, 0.5]},
								"west": {"uv": [44, 45], "uv_size": [8, 0.5]},
								"up": {"uv": [38, 45], "uv_size": [0.5, 8]},
								"down": {"uv": [0, 54], "uv_size": [0.5, -8]}
							}
						},
						{
							"origin": [-1.77275, 5.99166, 17.25],
							"size": [0.625, 0.625, 3.25],
							"pivot": [-1.4218, 2.92916, 13.6875],
							"rotation": [0, 0, 45],
							"uv": {
								"north": {"uv": [64, 14], "uv_size": [0.5, 0.5]},
								"east": {"uv": [0, 58], "uv_size": [3.5, 0.5]},
								"south": {"uv": [64, 16], "uv_size": [0.5, 0.5]},
								"west": {"uv": [58, 2], "uv_size": [3.5, 0.5]},
								"up": {"uv": [15, 56], "uv_size": [0.5, 3.5]},
								"down": {"uv": [19, 59.5], "uv_size": [0.5, -3.5]}
							}
						},
						{
							"origin": [-2.71025, 6.99166, -18.375],
							"size": [0.625, 0.625, 6.125],
							"pivot": [-2.3593, 3.92916, -22.625],
							"rotation": [0, 0, 45],
							"uv": {
								"north": {"uv": [63, 43], "uv_size": [0.5, 0.5]},
								"east": {"uv": [51, 2], "uv_size": [6, 0.5]},
								"south": {"uv": [63, 55], "uv_size": [0.5, 0.5]},
								"west": {"uv": [51, 4], "uv_size": [6, 0.5]},
								"up": {"uv": [5, 51], "uv_size": [0.5, 6]},
								"down": {"uv": [7, 57], "uv_size": [0.5, -6]}
							}
						},
						{
							"origin": [-0.5625, 2.58058, 2.58591],
							"size": [1.125, 3.375, 3.625],
							"pivot": [0, 5.04933, 4.39841],
							"rotation": [-10, 0, 0],
							"uv": {
								"north": {"uv": [36, 48], "uv_size": [1, 3.5]},
								"east": {"uv": [22, 10], "uv_size": [3.5, 3.5]},
								"south": {"uv": [17, 49], "uv_size": [1, 3.5]},
								"west": {"uv": [25, 0], "uv_size": [3.5, 3.5]},
								"up": {"uv": [50, 6], "uv_size": [1, 3.5]},
								"down": {"uv": [11, 53.5], "uv_size": [1, -3.5]}
							}
						},
						{
							"origin": [-0.4375, 6.5625, 15.8125],
							"size": [0.875, 0.4375, 5.5],
							"uv": {
								"north": {"uv": [63, 6], "uv_size": [1, 0.5]},
								"east": {"uv": [42, 52], "uv_size": [5.5, 0.5]},
								"south": {"uv": [63, 8], "uv_size": [1, 0.5]},
								"west": {"uv": [53, 45], "uv_size": [5.5, 0.5]},
								"up": {"uv": [14, 38], "uv_size": [1, 5.5]},
								"down": {"uv": [38, 24.5], "uv_size": [1, -5.5]}
							}
						},
						{
							"origin": [-0.875, 6, 15.8125],
							"size": [1.75, 0.5625, 5.5],
							"uv": {
								"north": {"uv": [23, 62], "uv_size": [2, 0.5]},
								"east": {"uv": [53, 47], "uv_size": [5.5, 0.5]},
								"south": {"uv": [26, 62], "uv_size": [2, 0.5]},
								"west": {"uv": [49, 53], "uv_size": [5.5, 0.5]},
								"up": {"uv": [9, 26], "uv_size": [2, 5.5]},
								"down": {"uv": [17, 32.5], "uv_size": [2, -5.5]}
							}
						},
						{
							"origin": [-0.93241, 5.86141, 15.8125],
							"size": [1.23744, 1.23744, 5.5],
							"pivot": [-0.05741, 6.14266, 18.5625],
							"rotation": [0, 0, 45],
							"uv": {
								"north": {"uv": [9, 62], "uv_size": [1, 1]},
								"east": {"uv": [38, 26], "uv_size": [5.5, 1]},
								"south": {"uv": [21, 62], "uv_size": [1, 1]},
								"west": {"uv": [38, 32], "uv_size": [5.5, 1]},
								"up": {"uv": [38, 34], "uv_size": [1, 5.5]},
								"down": {"uv": [35, 43.5], "uv_size": [1, -5.5]}
							}
						},
						{
							"origin": [-0.39147, 8.22541, -19.749],
							"size": [0.44194, 0.44194, 1],
							"inflate": 0.001,
							"pivot": [-0.26202, 8.72541, -30.6875],
							"rotation": [0, 0, -45],
							"uv": {
								"north": {"uv": [64, 28], "uv_size": [0.5, 0.5]},
								"east": {"uv": [13, 63], "uv_size": [1, 0.5]},
								"south": {"uv": [64, 30], "uv_size": [0.5, 0.5]},
								"west": {"uv": [15, 63], "uv_size": [1, 0.5]},
								"up": {"uv": [17, 63], "uv_size": [0.5, 1]},
								"down": {"uv": [19, 64], "uv_size": [0.5, -1]}
							}
						},
						{
							"origin": [-0.3125, 7.46783, -19.75],
							"size": [0.625, 1.125, 1],
							"uv": {
								"north": {"uv": [63, 24], "uv_size": [0.5, 1]},
								"east": {"uv": [62, 26], "uv_size": [1, 1]},
								"south": {"uv": [29, 63], "uv_size": [0.5, 1]},
								"west": {"uv": [62, 33], "uv_size": [1, 1]},
								"up": {"uv": [31, 63], "uv_size": [0.5, 1]},
								"down": {"uv": [33, 64], "uv_size": [0.5, -1]}
							}
						}
					]
				},
				{
					"name": "positioning2",
					"parent": "lod",
					"pivot": [0, 7.30625, -22.35]
				},
				{
					"name": "thirdperson_hand",
					"parent": "positioning2",
					"pivot": [0, 4.55, 10.6]
				},
				{
					"name": "fixed",
					"parent": "positioning2",
					"pivot": [1.3, 6.975, 2.125],
					"rotation": [0, 90, 0]
				},
				{
					"name": "ground",
					"parent": "positioning2",
					"pivot": [0, -5, 0]
				},
				{
					"name": "muzzle_flash",
					"parent": "positioning2",
					"pivot": [0, 7.30625, -22.35]
				},
				{
					"name": "laser_pos",
					"parent": "positioning2",
					"pivot": [0, 8.30625, -9.25]
				},
				{
					"name": "grip_pos",
					"parent": "positioning2",
					"pivot": [0, 5.125, -2.5]
				},
				{
					"name": "muzzle_pos",
					"parent": "positioning2",
					"pivot": [0, 7.30625, -19.1]
				},
				{
					"name": "shell",
					"parent": "positioning2",
					"pivot": [-0.125, 7.55625, 4.975]
				},
				{
					"name": "mount",
					"parent": "lod",
					"pivot": [0, 11, 0],
					"cubes": [
						{
							"origin": [-0.5, 8.375, 4.7],
							"size": [1, 0.4375, 3.05],
							"uv": {
								"north": {"uv": [46, 62], "uv_size": [1, 0.5]},
								"east": {"uv": [51.5, 39], "uv_size": [3, 0.5]},
								"south": {"uv": [48, 62], "uv_size": [1, 0.5]},
								"west": {"uv": [46, 50], "uv_size": [2.5, 0.5]},
								"up": {"uv": [3, 36], "uv_size": [1, 2.5]},
								"down": {"uv": [36, 25.5], "uv_size": [1, -6.5]}
							}
						}
					]
				},
				{
					"name": "scope_pos",
					"parent": "mount",
					"pivot": [0, 8.38125, -2.2]
				}
			]
		}
	]
}