{
	"format_version": "1.12.0",
	"minecraft:geometry": [
		{
			"description": {
				"identifier": "geometry.p90 - Converted",
				"texture_width": 64,
				"texture_height": 64,
				"visible_bounds_width": 4,
				"visible_bounds_height": 2.5,
				"visible_bounds_offset": [0, 0.75, 0]
			},
			"bones": [
				{
					"name": "positioning",
					"pivot": [0, 0, -8]
				},
				{
					"name": "scope_pos",
					"parent": "positioning",
					"pivot": [0, 11.9375, 3]
				},
				{
					"name": "thirdperson_hand",
					"parent": "positioning",
					"pivot": [0, 7.25, 3]
				},
				{
					"name": "ground",
					"parent": "positioning",
					"pivot": [0, 0, 8]
				},
				{
					"name": "fixed",
					"parent": "positioning",
					"pivot": [1.5, 8, 6.375],
					"rotation": [0, 90, 0]
				},
				{
					"name": "muzzle_flash",
					"parent": "positioning",
					"pivot": [0, 8, -5.75]
				},
				{
					"name": "muzzle_pos",
					"parent": "positioning",
					"pivot": [0, 8.125, -4.275]
				},
				{
					"name": "shell",
					"parent": "positioning",
					"pivot": [-0.2, 4.55, 10.3],
					"rotation": [0, 0, -90]
				},
				{
					"name": "grip_pos",
					"parent": "positioning",
					"pivot": [0, 8.00625, -5.05]
				},
				{
					"name": "lod",
					"pivot": [0, 6, 4],
					"cubes": [
						{
							"origin": [-0.7, 11.87529, 2.82364],
							"size": [1.4, 0.10057, 2.10903],
							"pivot": [0, 8.0125, 6.825],
							"rotation": [22.5, 0, 0],
							"uv": {
								"east": {"uv": [38, 52], "uv_size": [2, 0.5]},
								"west": {"uv": [41, 52], "uv_size": [2, 0.5]},
								"up": {"uv": [42, 42], "uv_size": [1.5, 2]},
								"down": {"uv": [0, 45], "uv_size": [1.5, -2]}
							}
						},
						{
							"origin": [-0.7, 10.85, 3.56],
							"size": [1.4, 0.1, 0.49],
							"uv": {
								"north": {"uv": [37, 54], "uv_size": [1.5, 0.5]},
								"east": {"uv": [14, 56], "uv_size": [0.5, 0.5]},
								"west": {"uv": [16, 56], "uv_size": [0.5, 0.5]},
								"up": {"uv": [40, 54], "uv_size": [1.5, 0.5]},
								"down": {"uv": [54, 47.5], "uv_size": [1.5, -0.5]}
							}
						},
						{
							"origin": [-0.7, 10.05, -2],
							"size": [1.4, 0.1, 3.65],
							"uv": {
								"east": {"uv": [49, 0], "uv_size": [3.5, 0.5]},
								"west": {"uv": [49, 21], "uv_size": [3.5, 0.5]},
								"up": {"uv": [27, 32], "uv_size": [1.5, 3.5]},
								"down": {"uv": [4, 36.5], "uv_size": [1.5, -3.5]}
							}
						},
						{
							"origin": [-0.7, 9.675, -3.125],
							"size": [1.4, 0.475, 1.125],
							"uv": {
								"east": {"uv": [0, 56], "uv_size": [1, 0.5]},
								"west": {"uv": [2, 56], "uv_size": [1, 0.5]},
								"up": {"uv": [50, 31], "uv_size": [1.5, 1]},
								"down": {"uv": [33, 51], "uv_size": [1.5, -1]}
							}
						},
						{
							"origin": [-0.875, 5, 11],
							"size": [1.75, 2.75, 6.5],
							"inflate": 0.001,
							"uv": {
								"north": {"uv": [18, 28], "uv_size": [2, 3]},
								"east": {"uv": [12, 6], "uv_size": [6.5, 3]},
								"south": {"uv": [21, 28], "uv_size": [2, 3]},
								"west": {"uv": [12, 10], "uv_size": [6.5, 3]},
								"up": {"uv": [20, 6], "uv_size": [2, 6.5]},
								"down": {"uv": [18, 26.5], "uv_size": [2, -6.5]}
							}
						},
						{
							"origin": [-0.625, 5, 7.125],
							"size": [1.25, 1.25, 3.5625],
							"pivot": [0, 6.375, 10.25],
							"rotation": [22.5, 0, 0],
							"uv": {
								"north": {"uv": [44, 27], "uv_size": [1.5, 1.5]},
								"east": {"uv": [29, 12], "uv_size": [3.5, 1.5]},
								"south": {"uv": [30, 44], "uv_size": [1.5, 1.5]},
								"west": {"uv": [26, 29], "uv_size": [3.5, 1.5]},
								"up": {"uv": [31, 21], "uv_size": [1.5, 3.5]},
								"down": {"uv": [31, 32.5], "uv_size": [1.5, -3.5]}
							}
						},
						{
							"origin": [-0.625, 3.97154, 3.57356],
							"size": [1.25, 1.375, 3.375],
							"pivot": [0, 5.34654, 6.51106],
							"rotation": [-22.5, 0, 0],
							"uv": {
								"north": {"uv": [45, 19], "uv_size": [1.5, 1.5]},
								"east": {"uv": [32, 7], "uv_size": [3.5, 1.5]},
								"south": {"uv": [45, 36], "uv_size": [1.5, 1.5]},
								"west": {"uv": [10, 32], "uv_size": [3.5, 1.5]},
								"up": {"uv": [15, 32], "uv_size": [1.5, 3.5]},
								"down": {"uv": [18, 35.5], "uv_size": [1.5, -3.5]}
							}
						},
						{
							"origin": [-0.625, 6.96094, 7.48477],
							"size": [1.25, 1.375, 1.375],
							"pivot": [0, 7.64844, 8.20352],
							"rotation": [-35, 0, 0],
							"uv": {
								"north": {"uv": [47, 6], "uv_size": [1.5, 1.5]},
								"east": {"uv": [9, 47], "uv_size": [1.5, 1.5]},
								"south": {"uv": [47, 9], "uv_size": [1.5, 1.5]},
								"west": {"uv": [12, 47], "uv_size": [1.5, 1.5]},
								"up": {"uv": [47, 12], "uv_size": [1.5, 1.5]},
								"down": {"uv": [15, 48.5], "uv_size": [1.5, -1.5]}
							}
						},
						{
							"origin": [-0.625, 6.47886, 0.49042],
							"size": [1.25, 0.625, 1.125],
							"pivot": [0, 7.04136, 0.67792],
							"rotation": [-135.5, 0, 0],
							"uv": {
								"north": {"uv": [53, 31], "uv_size": [1.5, 0.5]},
								"east": {"uv": [29, 55], "uv_size": [1, 0.5]},
								"south": {"uv": [53, 39], "uv_size": [1.5, 0.5]},
								"west": {"uv": [31, 55], "uv_size": [1, 0.5]},
								"up": {"uv": [50, 17], "uv_size": [1.5, 1]},
								"down": {"uv": [18, 51], "uv_size": [1.5, -1]}
							}
						},
						{
							"origin": [-1.3125, 9.43973, 4.53061],
							"size": [0.25, 1.5625, 1.5625],
							"pivot": [1, 10.18973, 4.90561],
							"rotation": [-72.5, 0, 0],
							"uv": {
								"north": {"uv": [48, 52], "uv_size": [0.5, 1.5]},
								"east": {"uv": [47, 3], "uv_size": [1.5, 1.5]},
								"south": {"uv": [13, 53], "uv_size": [0.5, 1.5]},
								"west": {"uv": [6, 47], "uv_size": [1.5, 1.5]},
								"up": {"uv": [53, 14], "uv_size": [0.5, 1.5]},
								"down": {"uv": [25, 54.5], "uv_size": [0.5, -1.5]}
							}
						},
						{
							"origin": [1.0625, 9.43973, 4.53061],
							"size": [0.25, 1.5625, 1.5625],
							"pivot": [3.375, 10.18973, 4.90561],
							"rotation": [-72.5, 0, 0],
							"uv": {
								"north": {"uv": [23, 54], "uv_size": [0.5, 1.5]},
								"east": {"uv": [30, 47], "uv_size": [1.5, 1.5]},
								"south": {"uv": [54, 25], "uv_size": [0.5, 1.5]},
								"west": {"uv": [33, 47], "uv_size": [1.5, 1.5]},
								"up": {"uv": [54, 28], "uv_size": [0.5, 1.5]},
								"down": {"uv": [33, 55.5], "uv_size": [0.5, -1.5]}
							}
						},
						{
							"origin": [-1.3125, 10.63434, 4.07756],
							"size": [2.625, 0.34485, 1.49018],
							"inflate": 0.001,
							"uv": {
								"north": {"uv": [50, 35], "uv_size": [2.5, 0.5]},
								"east": {"uv": [53, 10], "uv_size": [1.5, 0.5]},
								"south": {"uv": [50, 37], "uv_size": [2.5, 0.5]},
								"west": {"uv": [53, 17], "uv_size": [1.5, 0.5]},
								"up": {"uv": [9, 38], "uv_size": [2.5, 1.5]},
								"down": {"uv": [28, 39.5], "uv_size": [2.5, -1.5]}
							}
						},
						{
							"origin": [-1.3125, 10.32184, 4.07756],
							"size": [2.625, 0.3125, 0.99018],
							"uv": {
								"north": {"uv": [51, 43], "uv_size": [2.5, 0.5]},
								"east": {"uv": [55, 53], "uv_size": [1, 0.5]},
								"south": {"uv": [51, 45], "uv_size": [2.5, 0.5]},
								"west": {"uv": [55, 55], "uv_size": [1, 0.5]},
								"up": {"uv": [43, 14], "uv_size": [2.5, 1]},
								"down": {"uv": [43, 26], "uv_size": [2.5, -1]}
							}
						},
						{
							"origin": [-1.3125, 10.97919, 5.32756],
							"size": [2.625, 1.1875, 0.24018],
							"uv": {
								"north": {"uv": [43, 7], "uv_size": [2.5, 1]},
								"east": {"uv": [49, 55], "uv_size": [0.5, 1]},
								"south": {"uv": [43, 9], "uv_size": [2.5, 1]},
								"west": {"uv": [51, 55], "uv_size": [0.5, 1]},
								"up": {"uv": [50, 47], "uv_size": [2.5, 0.5]},
								"down": {"uv": [50, 49.5], "uv_size": [2.5, -0.5]}
							}
						},
						{
							"origin": [-0.375, 10.13434, -2.54744],
							"size": [0.75, 1.78235, 4.36518],
							"inflate": 0.001,
							"uv": {
								"north": {"uv": [10, 29], "uv_size": [1, 2]},
								"east": {"uv": [23, 7], "uv_size": [4.5, 2]},
								"south": {"uv": [48, 15], "uv_size": [1, 2]},
								"west": {"uv": [23, 10], "uv_size": [4.5, 2]},
								"up": {"uv": [34, 19], "uv_size": [1, 4.5]},
								"down": {"uv": [34, 29.5], "uv_size": [1, -4.5]}
							}
						},
						{
							"origin": [-0.375, 8.44684, -3.10994],
							"size": [0.75, 1.71985, 1.80268],
							"uv": {
								"north": {"uv": [27, 50], "uv_size": [1, 1.5]},
								"east": {"uv": [42, 36], "uv_size": [2, 1.5]},
								"south": {"uv": [50, 28], "uv_size": [1, 1.5]},
								"west": {"uv": [42, 39], "uv_size": [2, 1.5]},
								"up": {"uv": [48, 47], "uv_size": [1, 2]},
								"down": {"uv": [0, 51], "uv_size": [1, -2]}
							}
						},
						{
							"origin": [-0.375, 9.75631, -2.84947],
							"size": [0.75, 1.71985, 0.55268],
							"pivot": [0, 10.61623, -1.94813],
							"rotation": [-22.5, 0, 0],
							"uv": {
								"north": {"uv": [29, 50], "uv_size": [1, 1.5]},
								"east": {"uv": [21, 54], "uv_size": [0.5, 1.5]},
								"south": {"uv": [31, 50], "uv_size": [1, 1.5]},
								"west": {"uv": [54, 22], "uv_size": [0.5, 1.5]},
								"up": {"uv": [55, 51], "uv_size": [1, 0.5]},
								"down": {"uv": [53, 55.5], "uv_size": [1, -0.5]}
							}
						},
						{
							"origin": [-0.5, 11.82184, -2.54744],
							"size": [1, 0.28235, 7.92768],
							"uv": {
								"north": {"uv": [55, 45], "uv_size": [1, 0.5]},
								"east": {"uv": [35, 5], "uv_size": [8, 0.5]},
								"south": {"uv": [47, 55], "uv_size": [1, 0.5]},
								"west": {"uv": [36, 2], "uv_size": [8, 0.5]},
								"up": {"uv": [5, 24], "uv_size": [1, 8]},
								"down": {"uv": [24, 29], "uv_size": [1, -8]}
							}
						},
						{
							"origin": [0, 9.50934, -1.85994],
							"size": [1.0625, 1.78235, 3.80268],
							"pivot": [0.5625, 10.96302, 1.3539],
							"rotation": [0, 0, 90],
							"uv": {
								"north": {"uv": [48, 18], "uv_size": [1, 2]},
								"east": {"uv": [26, 21], "uv_size": [4, 2]},
								"south": {"uv": [48, 36], "uv_size": [1, 2]},
								"west": {"uv": [26, 24], "uv_size": [4, 2]},
								"up": {"uv": [13, 35], "uv_size": [1, 4]},
								"down": {"uv": [0, 40], "uv_size": [1, -4]}
							}
						},
						{
							"origin": [-0.375, 10.82184, 1.81774],
							"size": [0.75, 1.09485, 3.6875],
							"inflate": 0.001,
							"uv": {
								"north": {"uv": [8, 52], "uv_size": [1, 1]},
								"east": {"uv": [37, 0], "uv_size": [3.5, 1]},
								"south": {"uv": [52, 12], "uv_size": [1, 1]},
								"west": {"uv": [39, 28], "uv_size": [3.5, 1]},
								"up": {"uv": [13, 40], "uv_size": [1, 3.5]},
								"down": {"uv": [40, 39.5], "uv_size": [1, -3.5]}
							}
						},
						{
							"origin": [-0.375, 11.03928, 1.22199],
							"size": [0.75, 1.15735, 1.74018],
							"pivot": [0, 11.93046, 3.56083],
							"rotation": [25, 0, 0],
							"uv": {
								"north": {"uv": [4, 52], "uv_size": [1, 1]},
								"east": {"uv": [50, 8], "uv_size": [1.5, 1]},
								"south": {"uv": [6, 52], "uv_size": [1, 1]},
								"west": {"uv": [50, 10], "uv_size": [1.5, 1]},
								"up": {"uv": [40, 49], "uv_size": [1, 1.5]},
								"down": {"uv": [11, 51.5], "uv_size": [1, -1.5]}
							}
						},
						{
							"origin": [-1.3125, 8.83166, 4.54741],
							"size": [2.625, 0.46985, 1.49018],
							"uv": {
								"north": {"uv": [42, 50], "uv_size": [2.5, 0.5]},
								"east": {"uv": [27, 53], "uv_size": [1.5, 0.5]},
								"south": {"uv": [46, 50], "uv_size": [2.5, 0.5]},
								"west": {"uv": [30, 53], "uv_size": [1.5, 0.5]},
								"up": {"uv": [36, 38], "uv_size": [2.5, 1.5]},
								"down": {"uv": [39, 15.5], "uv_size": [2.5, -1.5]}
							}
						},
						{
							"origin": [-0.25403, 7.11442, 4.54741],
							"size": [1.85616, 1.85616, 1.49018],
							"pivot": [1.28962, 9.25072, 4.92241],
							"rotation": [0, 0, 45],
							"uv": {
								"north": {"uv": [33, 34], "uv_size": [2, 2]},
								"east": {"uv": [9, 41], "uv_size": [1.5, 2]},
								"south": {"uv": [10, 35], "uv_size": [2, 2]},
								"west": {"uv": [41, 11], "uv_size": [1.5, 2]},
								"up": {"uv": [15, 41], "uv_size": [2, 1.5]},
								"down": {"uv": [21, 42.5], "uv_size": [2, -1.5]}
							}
						},
						{
							"origin": [-0.625, 4.05286, -1.34086],
							"size": [1.25, 1.3125, 2.625],
							"inflate": -0.002,
							"pivot": [0, 5.42786, 0.84664],
							"rotation": [-67.5, 0, 0],
							"uv": {
								"north": {"uv": [46, 22], "uv_size": [1.5, 1.5]},
								"east": {"uv": [37, 30], "uv_size": [2.5, 1.5]},
								"south": {"uv": [46, 33], "uv_size": [1.5, 1.5]},
								"west": {"uv": [2, 38], "uv_size": [2.5, 1.5]},
								"up": {"uv": [33, 37], "uv_size": [1.5, 2.5]},
								"down": {"uv": [6, 40.5], "uv_size": [1.5, -2.5]}
							}
						},
						{
							"origin": [-0.625, 7.99036, -0.21586],
							"size": [1.25, 0.4375, 1.5],
							"pivot": [0, 5.42786, 0.84664],
							"rotation": [-67.5, 0, 0],
							"uv": {
								"north": {"uv": [54, 0], "uv_size": [1.5, 0.5]},
								"east": {"uv": [2, 54], "uv_size": [1.5, 0.5]},
								"south": {"uv": [5, 54], "uv_size": [1.5, 0.5]},
								"west": {"uv": [54, 12], "uv_size": [1.5, 0.5]},
								"up": {"uv": [24, 47], "uv_size": [1.5, 1.5]},
								"down": {"uv": [47, 26.5], "uv_size": [1.5, -1.5]}
							}
						},
						{
							"origin": [-0.625, 4.03404, 0.19856],
							"size": [1.25, 1.1875, 1.375],
							"pivot": [0, 5.40904, 1.13606],
							"rotation": [-22.5, 0, 0],
							"uv": {
								"north": {"uv": [2, 50], "uv_size": [1.5, 1]},
								"east": {"uv": [50, 2], "uv_size": [1.5, 1]},
								"south": {"uv": [50, 4], "uv_size": [1.5, 1]},
								"west": {"uv": [5, 50], "uv_size": [1.5, 1]},
								"up": {"uv": [0, 46], "uv_size": [1.5, 1.5]},
								"down": {"uv": [46, 1.5], "uv_size": [1.5, -1.5]}
							}
						},
						{
							"origin": [-0.625, 3.90878, 6.38907],
							"size": [1.25, 1.25, 1.5],
							"inflate": 0.002,
							"uv": {
								"north": {"uv": [44, 30], "uv_size": [1.5, 1.5]},
								"east": {"uv": [33, 44], "uv_size": [1.5, 1.5]},
								"south": {"uv": [36, 44], "uv_size": [1.5, 1.5]},
								"west": {"uv": [39, 44], "uv_size": [1.5, 1.5]},
								"up": {"uv": [3, 45], "uv_size": [1.5, 1.5]},
								"down": {"uv": [45, 17.5], "uv_size": [1.5, -1.5]}
							}
						},
						{
							"origin": [-0.625, 5.22128, 3.26407],
							"size": [1.25, 2.375, 1.375],
							"inflate": 0.002,
							"uv": {
								"north": {"uv": [36, 26], "uv_size": [1.5, 2.5]},
								"east": {"uv": [36, 34], "uv_size": [1.5, 2.5]},
								"south": {"uv": [37, 7], "uv_size": [1.5, 2.5]},
								"west": {"uv": [15, 37], "uv_size": [1.5, 2.5]},
								"up": {"uv": [45, 39], "uv_size": [1.5, 1.5]},
								"down": {"uv": [42, 46.5], "uv_size": [1.5, -1.5]}
							}
						},
						{
							"origin": [-0.125, 5.22128, 2.26407],
							"size": [0.25, 2.375, 1.375],
							"inflate": 0.002,
							"pivot": [0, 6.40878, 2.95157],
							"rotation": [22.5, 0, 0],
							"uv": {
								"north": {"uv": [50, 51], "uv_size": [0.5, 2.5]},
								"east": {"uv": [40, 7], "uv_size": [1.5, 2.5]},
								"south": {"uv": [0, 52], "uv_size": [0.5, 2.5]},
								"west": {"uv": [18, 40], "uv_size": [1.5, 2.5]},
								"up": {"uv": [35, 54], "uv_size": [0.5, 1.5]},
								"down": {"uv": [54, 36.5], "uv_size": [0.5, -1.5]}
							}
						},
						{
							"origin": [-0.625, 5.03378, 8.26407],
							"size": [1.25, 2.5625, 3.375],
							"inflate": 0.002,
							"uv": {
								"north": {"uv": [39, 17], "uv_size": [1.5, 2.5]},
								"east": {"uv": [0, 24], "uv_size": [3.5, 2.5]},
								"south": {"uv": [39, 21], "uv_size": [1.5, 2.5]},
								"west": {"uv": [24, 13], "uv_size": [3.5, 2.5]},
								"up": {"uv": [21, 32], "uv_size": [1.5, 3.5]},
								"down": {"uv": [24, 35.5], "uv_size": [1.5, -3.5]}
							}
						},
						{
							"origin": [-0.625, 6.72128, -2.98593],
							"size": [1.25, 0.875, 3.1875],
							"inflate": 0.002,
							"uv": {
								"north": {"uv": [50, 6], "uv_size": [1.5, 1]},
								"east": {"uv": [29, 15], "uv_size": [3, 1]},
								"south": {"uv": [8, 50], "uv_size": [1.5, 1]},
								"west": {"uv": [0, 41], "uv_size": [3, 1]},
								"up": {"uv": [33, 15], "uv_size": [1.5, 3]},
								"down": {"uv": [7, 37], "uv_size": [1.5, -3]}
							}
						},
						{
							"origin": [-0.625, 7.09628, 0.20157],
							"size": [1.25, 0.5, 3.0625],
							"uv": {
								"north": {"uv": [53, 41], "uv_size": [1.5, 0.5]},
								"east": {"uv": [50, 19], "uv_size": [3, 0.5]},
								"south": {"uv": [52, 53], "uv_size": [1.5, 0.5]},
								"west": {"uv": [21, 50], "uv_size": [3, 0.5]},
								"up": {"uv": [34, 10], "uv_size": [1.5, 3]},
								"down": {"uv": [30, 37], "uv_size": [1.5, -3]}
							}
						},
						{
							"origin": [-0.625, 5.40878, -2.98593],
							"size": [1.25, 1.3125, 0.9375],
							"inflate": 0.001,
							"uv": {
								"north": {"uv": [18, 47], "uv_size": [1.5, 1.5]},
								"east": {"uv": [50, 12], "uv_size": [1, 1.5]},
								"south": {"uv": [21, 47], "uv_size": [1.5, 1.5]},
								"west": {"uv": [13, 50], "uv_size": [1, 1.5]},
								"up": {"uv": [15, 50], "uv_size": [1.5, 1]},
								"down": {"uv": [50, 16], "uv_size": [1.5, -1]}
							}
						},
						{
							"origin": [-0.27773, 5.18651, -2.98593],
							"size": [0.88388, 0.88388, 0.9375],
							"pivot": [0.34727, 5.32039, -2.51718],
							"rotation": [0, 0, -45],
							"uv": {
								"north": {"uv": [15, 52], "uv_size": [1, 1]},
								"east": {"uv": [17, 52], "uv_size": [1, 1]},
								"south": {"uv": [19, 52], "uv_size": [1, 1]},
								"west": {"uv": [21, 52], "uv_size": [1, 1]},
								"up": {"uv": [23, 52], "uv_size": [1, 1]},
								"down": {"uv": [52, 24], "uv_size": [1, -1]}
							}
						},
						{
							"origin": [-0.625, 3.97128, 1.01407],
							"size": [1.25, 1.3125, 2.25],
							"uv": {
								"north": {"uv": [45, 42], "uv_size": [1.5, 1.5]},
								"east": {"uv": [37, 11], "uv_size": [2.5, 1.5]},
								"south": {"uv": [45, 45], "uv_size": [1.5, 1.5]},
								"west": {"uv": [18, 37], "uv_size": [2.5, 1.5]},
								"up": {"uv": [22, 37], "uv_size": [1.5, 2.5]},
								"down": {"uv": [25, 39.5], "uv_size": [1.5, -2.5]}
							}
						},
						{
							"origin": [-1.0625, 8.9375, -1.375],
							"size": [2.125, 0.8125, 10.6875],
							"inflate": 0.001,
							"uv": {
								"north": {"uv": [47, 31], "uv_size": [2, 1]},
								"east": {"uv": [21, 3], "uv_size": [10.5, 1]},
								"south": {"uv": [36, 47], "uv_size": [2, 1]},
								"west": {"uv": [23, 5], "uv_size": [10.5, 1]},
								"up": {"uv": [0, 0], "uv_size": [2, 10.5]},
								"down": {"uv": [3, 10.5], "uv_size": [2, -10.5]}
							}
						},
						{
							"origin": [-1.26256, 8.25, 9.46967],
							"size": [1.76777, 1.5, 1.76777],
							"inflate": -0.001,
							"pivot": [-0.01256, 9.34375, 9.96967],
							"rotation": [0, 45, 0],
							"uv": {
								"north": {"uv": [24, 41], "uv_size": [2, 1.5]},
								"east": {"uv": [27, 41], "uv_size": [2, 1.5]},
								"south": {"uv": [30, 41], "uv_size": [2, 1.5]},
								"west": {"uv": [41, 30], "uv_size": [2, 1.5]},
								"up": {"uv": [36, 14], "uv_size": [2, 2]},
								"down": {"uv": [36, 19], "uv_size": [2, -2]}
							}
						},
						{
							"origin": [-1.26256, 8.25, 8.46967],
							"size": [1.76777, 1.5, 1.76777],
							"pivot": [-0.01256, 9.34375, 8.96967],
							"rotation": [0, 45, 0],
							"uv": {
								"north": {"uv": [33, 41], "uv_size": [2, 1.5]},
								"east": {"uv": [36, 41], "uv_size": [2, 1.5]},
								"south": {"uv": [39, 41], "uv_size": [2, 1.5]},
								"west": {"uv": [4, 42], "uv_size": [2, 1.5]},
								"up": {"uv": [36, 20], "uv_size": [2, 2]},
								"down": {"uv": [36, 25], "uv_size": [2, -2]}
							}
						},
						{
							"origin": [-1.25, 8.25, 9.5],
							"size": [2.5, 1.5, 1],
							"inflate": 0.001,
							"uv": {
								"north": {"uv": [39, 25], "uv_size": [2.5, 1.5]},
								"east": {"uv": [25, 50], "uv_size": [1, 1.5]},
								"south": {"uv": [39, 33], "uv_size": [2.5, 1.5]},
								"west": {"uv": [50, 25], "uv_size": [1, 1.5]},
								"up": {"uv": [42, 0], "uv_size": [2.5, 1]},
								"down": {"uv": [42, 24], "uv_size": [2.5, -1]}
							}
						},
						{
							"origin": [-1.0625, 8.5625, -1.75],
							"size": [2.125, 1.375, 0.375],
							"uv": {
								"north": {"uv": [42, 17], "uv_size": [2, 1.5]},
								"east": {"uv": [8, 54], "uv_size": [0.5, 1.5]},
								"south": {"uv": [42, 20], "uv_size": [2, 1.5]},
								"west": {"uv": [54, 19], "uv_size": [0.5, 1.5]},
								"up": {"uv": [52, 33], "uv_size": [2, 0.5]},
								"down": {"uv": [35, 52.5], "uv_size": [2, -0.5]}
							}
						},
						{
							"origin": [-0.41616, 8.30519, -1.375],
							"size": [1.5026, 1.5026, 10.6875],
							"pivot": [0.02394, 9.40154, 3.96875],
							"rotation": [0, 0, 45],
							"uv": {
								"north": {"uv": [27, 47], "uv_size": [1.5, 1.5]},
								"east": {"uv": [12, 14], "uv_size": [10.5, 1.5]},
								"south": {"uv": [47, 28], "uv_size": [1.5, 1.5]},
								"west": {"uv": [12, 17], "uv_size": [10.5, 1.5]},
								"up": {"uv": [12, 20], "uv_size": [1.5, 10.5]},
								"down": {"uv": [15, 30.5], "uv_size": [1.5, -10.5]}
							}
						},
						{
							"origin": [-0.6875, 9.38879, -3.12328],
							"size": [1.375, 1.625, 0.1875],
							"pivot": [0, 10.01379, -2.46703],
							"rotation": [-22.5, 0, 0],
							"uv": {
								"north": {"uv": [7, 44], "uv_size": [1.5, 1.5]},
								"east": {"uv": [44, 52], "uv_size": [0.5, 1.5]},
								"south": {"uv": [10, 44], "uv_size": [1.5, 1.5]},
								"west": {"uv": [46, 52], "uv_size": [0.5, 1.5]},
								"up": {"uv": [52, 51], "uv_size": [1.5, 0.5]},
								"down": {"uv": [53, 2.5], "uv_size": [1.5, -0.5]}
							}
						},
						{
							"origin": [-0.6875, 8.4375, -3.3125],
							"size": [1.375, 1.25, 1.3125],
							"uv": {
								"north": {"uv": [44, 11], "uv_size": [1.5, 1.5]},
								"east": {"uv": [15, 44], "uv_size": [1.5, 1.5]},
								"south": {"uv": [18, 44], "uv_size": [1.5, 1.5]},
								"west": {"uv": [21, 44], "uv_size": [1.5, 1.5]},
								"up": {"uv": [24, 44], "uv_size": [1.5, 1.5]},
								"down": {"uv": [27, 45.5], "uv_size": [1.5, -1.5]}
							}
						},
						{
							"origin": [-0.6875, 11.11705, -2.69064],
							"size": [1.375, 0.50925, 0.17323],
							"uv": {
								"north": {"uv": [53, 4], "uv_size": [1.5, 0.5]},
								"east": {"uv": [56, 10], "uv_size": [0.5, 0.5]},
								"south": {"uv": [53, 6], "uv_size": [1.5, 0.5]},
								"west": {"uv": [12, 56], "uv_size": [0.5, 0.5]},
								"up": {"uv": [53, 8], "uv_size": [1.5, 0.5]},
								"down": {"uv": [10, 53.5], "uv_size": [1.5, -0.5]}
							}
						},
						{
							"origin": [1.09987, 11.96393, -2.69064],
							"size": [0.97227, 0.97227, 0.17323],
							"pivot": [1.78737, 10.1237, 8.74686],
							"rotation": [0, 0, -45],
							"uv": {
								"north": {"uv": [52, 25], "uv_size": [1, 1]},
								"east": {"uv": [55, 33], "uv_size": [0.5, 1]},
								"south": {"uv": [52, 27], "uv_size": [1, 1]},
								"west": {"uv": [43, 55], "uv_size": [0.5, 1]},
								"up": {"uv": [55, 43], "uv_size": [1, 0.5]},
								"down": {"uv": [45, 55.5], "uv_size": [1, -0.5]}
							}
						},
						{
							"origin": [-1, 7.8125, 11],
							"size": [2, 2, 6.5],
							"inflate": 0.001,
							"uv": {
								"north": {"uv": [33, 2], "uv_size": [2, 2]},
								"east": {"uv": [0, 21], "uv_size": [6.5, 2]},
								"south": {"uv": [34, 31], "uv_size": [2, 2]},
								"west": {"uv": [21, 0], "uv_size": [6.5, 2]},
								"up": {"uv": [8, 21], "uv_size": [2, 6.5]},
								"down": {"uv": [21, 26.5], "uv_size": [2, -6.5]}
							}
						},
						{
							"origin": [-0.5, 7.5625, -3.0625],
							"size": [1, 0.875, 7.0625],
							"uv": {
								"north": {"uv": [24, 30], "uv_size": [1, 1]},
								"east": {"uv": [26, 27], "uv_size": [7, 1]},
								"south": {"uv": [32, 10], "uv_size": [1, 1]},
								"west": {"uv": [29, 0], "uv_size": [7, 1]},
								"up": {"uv": [0, 28], "uv_size": [1, 7]},
								"down": {"uv": [2, 35], "uv_size": [1, -7]}
							}
						},
						{
							"origin": [-0.51831, 7.75, -5.75],
							"size": [0.8125, 0.75, 1.5625],
							"pivot": [0.04419, 8.1875, -6.59375],
							"rotation": [0, 0, -45],
							"uv": {
								"north": {"uv": [2, 36], "uv_size": [1, 1]},
								"east": {"uv": [49, 23], "uv_size": [1.5, 1]},
								"south": {"uv": [7, 42], "uv_size": [1, 1]},
								"west": {"uv": [49, 33], "uv_size": [1.5, 1]},
								"up": {"uv": [36, 49], "uv_size": [1, 1.5]},
								"down": {"uv": [38, 50.5], "uv_size": [1, -1.5]}
							}
						},
						{
							"origin": [-0.45581, 7.8125, -3.5],
							"size": [0.6875, 0.625, 0.4375],
							"pivot": [0.04419, 8.1875, -4.34375],
							"rotation": [0, 0, -45],
							"uv": {
								"north": {"uv": [56, 2], "uv_size": [0.5, 0.5]},
								"east": {"uv": [4, 56], "uv_size": [0.5, 0.5]},
								"south": {"uv": [56, 4], "uv_size": [0.5, 0.5]},
								"west": {"uv": [6, 56], "uv_size": [0.5, 0.5]},
								"up": {"uv": [56, 6], "uv_size": [0.5, 0.5]},
								"down": {"uv": [56, 8.5], "uv_size": [0.5, -0.5]}
							}
						},
						{
							"origin": [-0.64331, 7.625, -4.1875],
							"size": [1.0625, 1, 0.6875],
							"pivot": [0.04419, 8.1875, -5.03125],
							"rotation": [0, 0, -45],
							"uv": {
								"north": {"uv": [13, 45], "uv_size": [1, 1]},
								"east": {"uv": [54, 49], "uv_size": [0.5, 1]},
								"south": {"uv": [2, 52], "uv_size": [1, 1]},
								"west": {"uv": [10, 55], "uv_size": [0.5, 1]},
								"up": {"uv": [55, 14], "uv_size": [1, 0.5]},
								"down": {"uv": [27, 55.5], "uv_size": [1, -0.5]}
							}
						},
						{
							"origin": [-1, 7.8125, 4],
							"size": [2, 0.9375, 7.8125],
							"uv": {
								"north": {"uv": [39, 47], "uv_size": [2, 1]},
								"east": {"uv": [24, 17], "uv_size": [8, 1]},
								"south": {"uv": [3, 48], "uv_size": [2, 1]},
								"west": {"uv": [24, 19], "uv_size": [8, 1]},
								"up": {"uv": [0, 12], "uv_size": [2, 8]},
								"down": {"uv": [3, 20], "uv_size": [2, -8]}
							}
						},
						{
							"origin": [-0.75, 7.875, 0.125],
							"size": [1.5, 0.5, 3.875],
							"uv": {
								"north": {"uv": [15, 54], "uv_size": [1.5, 0.5]},
								"east": {"uv": [48, 39], "uv_size": [4, 0.5]},
								"south": {"uv": [18, 54], "uv_size": [1.5, 0.5]},
								"west": {"uv": [48, 41], "uv_size": [4, 0.5]},
								"up": {"uv": [7, 29], "uv_size": [1.5, 4]},
								"down": {"uv": [29, 11], "uv_size": [1.5, -4]}
							}
						},
						{
							"origin": [-1.0625, 7.625, -0.875],
							"size": [2.125, 1, 1],
							"uv": {
								"north": {"uv": [42, 48], "uv_size": [2, 1]},
								"east": {"uv": [52, 29], "uv_size": [1, 1]},
								"south": {"uv": [48, 43], "uv_size": [2, 1]},
								"west": {"uv": [33, 52], "uv_size": [1, 1]},
								"up": {"uv": [45, 48], "uv_size": [2, 1]},
								"down": {"uv": [48, 46], "uv_size": [2, -1]}
							}
						},
						{
							"origin": [-0.82843, 7.39829, 4],
							"size": [1.41421, 1.41421, 13.5],
							"pivot": [-0.41421, 7.8125, 14.25],
							"rotation": [0, 0, 45],
							"uv": {
								"north": {"uv": [43, 33], "uv_size": [1.5, 1.5]},
								"east": {"uv": [6, 0], "uv_size": [13.5, 1.5]},
								"south": {"uv": [44, 4], "uv_size": [1.5, 1.5]},
								"west": {"uv": [6, 3], "uv_size": [13.5, 1.5]},
								"up": {"uv": [6, 6], "uv_size": [1.5, 13.5]},
								"down": {"uv": [9, 19.5], "uv_size": [1.5, -13.5]}
							}
						}
					]
				}
			]
		}
	]
}