{
	"format_version": "1.12.0",
	"minecraft:geometry": [
		{
			"description": {
				"identifier": "geometry.stock_militech_b5",
				"texture_width": 64,
				"texture_height": 64,
				"visible_bounds_width": 3,
				"visible_bounds_height": 1.5,
				"visible_bounds_offset": [0, 0.25, 0]
			},
			"bones": [
				{
					"name": "b5_stock",
					"pivot": [0, 2.91507, 10.09375],
					"cubes": [
						{
							"origin": [-0.52304, 0.53885, 8.60001],
							"size": [0.70711, 0.43644, 0.15],
							"pivot": [0.01831, -0.24727, -13.58204],
							"rotation": [0, 0, 45],
							"uv": {
								"north": {"uv": [16, 35], "uv_size": [0.5, 0.5]},
								"up": {"uv": [18, 35], "uv_size": [0.5, 0.5]}
							}
						},
						{
							"origin": [-0.5, 0.5, 8.6],
							"size": [1, 0.5, 0.15001],
							"uv": {
								"up": {"uv": [32, 10], "uv_size": [1, 0.5]}
							}
						},
						{
							"origin": [-1.23014, -0.43892, 8.60001],
							"size": [0.43644, 0.7071, 0.15],
							"pivot": [0.01831, -0.24727, -13.58204],
							"rotation": [0, 0, 45],
							"uv": {
								"east": {"uv": [20, 35], "uv_size": [0.5, 0.5]}
							}
						},
						{
							"origin": [-1, -4.53708, 8.4],
							"size": [2, 5.03708, 0.35001],
							"uv": {
								"north": {"uv": [0, 12], "uv_size": [2, 5]},
								"east": {"uv": [6, 22], "uv_size": [0.5, 5]},
								"west": {"uv": [22, 16], "uv_size": [0.5, 5]}
							}
						},
						{
							"origin": [-0.375, -2.16619, 1.51659],
							"size": [0.75, 0.25, 3.4],
							"uv": {
								"east": {"uv": [27, 0], "uv_size": [3.5, 0.5]},
								"west": {"uv": [27, 2], "uv_size": [3.5, 0.5]},
								"up": {"uv": [8, 20], "uv_size": [1, 3.5]},
								"down": {"uv": [10, 23.5], "uv_size": [1, -3.5]}
							}
						},
						{
							"origin": [-0.09375, -1.72869, 1.51659],
							"size": [0.1875, 0.625, 7],
							"uv": {
								"east": {"uv": [20, 4], "uv_size": [7, 0.5]},
								"west": {"uv": [21, 6], "uv_size": [7, 0.5]},
								"down": {"uv": [12, 27], "uv_size": [0.5, -7]}
							}
						},
						{
							"origin": [-0.09375, -4.79119, 8.32909],
							"size": [0.1875, 2.5, 0.1875],
							"uv": {
								"north": {"uv": [28, 28], "uv_size": [0.5, 2.5]},
								"east": {"uv": [22, 29], "uv_size": [0.5, 2.5]},
								"west": {"uv": [29, 24], "uv_size": [0.5, 2.5]}
							}
						},
						{
							"origin": [-0.09375, -4.30069, 4.24436],
							"size": [0.1875, 0.6, 4.35],
							"inflate": 0.005,
							"pivot": [0, -3.79444, 7.46936],
							"rotation": [-45, 0, 0],
							"uv": {
								"east": {"uv": [24, 18], "uv_size": [4.5, 0.5]},
								"west": {"uv": [24, 20], "uv_size": [4.5, 0.5]}
							}
						},
						{
							"origin": [11.26595, -2.66562, -2.27818],
							"size": [0.31066, 1.9, 0.75],
							"pivot": [0.01831, 0.00273, -13.33204],
							"rotation": [0, -45, 0],
							"uv": {
								"north": {"uv": [8, 30], "uv_size": [0.5, 2]},
								"east": {"uv": [2, 25], "uv_size": [1, 2]},
								"south": {"uv": [18, 30], "uv_size": [0.5, 2]},
								"up": {"uv": [32, 31], "uv_size": [0.5, 1]},
								"down": {"uv": [33, 7], "uv_size": [0.5, -1]}
							}
						},
						{
							"origin": [-0.15533, -2.66562, 2.43751],
							"size": [0.31066, 1.9, 0.75],
							"uv": {
								"north": {"uv": [30, 18], "uv_size": [0.5, 2]},
								"east": {"uv": [4, 25], "uv_size": [1, 2]},
								"south": {"uv": [20, 30], "uv_size": [0.5, 2]},
								"west": {"uv": [8, 25], "uv_size": [1, 2]},
								"down": {"uv": [8, 34], "uv_size": [0.5, -1]}
							}
						},
						{
							"origin": [11.04628, -2.66562, -2.05851],
							"size": [0.75, 1.9, 0.31065],
							"pivot": [0.01831, 0.00273, -13.33204],
							"rotation": [0, -45, 0],
							"uv": {
								"north": {"uv": [10, 25], "uv_size": [1, 2]},
								"east": {"uv": [30, 21], "uv_size": [0.5, 2]},
								"south": {"uv": [14, 25], "uv_size": [1, 2]},
								"west": {"uv": [30, 28], "uv_size": [0.5, 2]},
								"up": {"uv": [33, 8], "uv_size": [1, 0.5]},
								"down": {"uv": [33, 12.5], "uv_size": [1, -0.5]}
							}
						},
						{
							"origin": [-0.375, -2.66562, 2.65717],
							"size": [0.75, 1.9, 0.31067],
							"uv": {
								"north": {"uv": [16, 25], "uv_size": [1, 2]},
								"east": {"uv": [10, 31], "uv_size": [0.5, 2]},
								"south": {"uv": [22, 26], "uv_size": [1, 2]},
								"west": {"uv": [12, 31], "uv_size": [0.5, 2]},
								"down": {"uv": [14, 33.5], "uv_size": [1, -0.5]}
							}
						},
						{
							"origin": [-0.625, -2.35369, 0.71659],
							"size": [1.25, 0.125, 3.2375],
							"inflate": 0.001,
							"uv": {
								"north": {"uv": [14, 31], "uv_size": [1.5, 0.5]},
								"east": {"uv": [28, 10], "uv_size": [2.5, 0.5]},
								"south": {"uv": [24, 31], "uv_size": [1.5, 0.5]},
								"west": {"uv": [28, 16], "uv_size": [2.5, 0.5]},
								"up": {"uv": [18, 10], "uv_size": [1.5, 2.5]},
								"down": {"uv": [19, 16.5], "uv_size": [1.5, -2.5]}
							}
						},
						{
							"origin": [-0.625, -2.35582, 2.72239],
							"size": [1.25, 0.1875, 1.725],
							"uv": {
								"north": {"uv": [31, 24], "uv_size": [1.5, 0.5]},
								"east": {"uv": [29, 6], "uv_size": [2.5, 0.5]},
								"south": {"uv": [31, 26], "uv_size": [1.5, 0.5]},
								"west": {"uv": [0, 30], "uv_size": [2.5, 0.5]},
								"up": {"uv": [19, 18], "uv_size": [1.5, 2.5]},
								"down": {"uv": [20, 2.5], "uv_size": [1.5, -2.5]}
							}
						},
						{
							"origin": [-0.625, -2.22869, 1.51659],
							"size": [0.1875, 0.75, 2.8875],
							"uv": {
								"north": {"uv": [18, 33], "uv_size": [0.5, 1]},
								"east": {"uv": [19, 22], "uv_size": [2.5, 1]},
								"west": {"uv": [23, 0], "uv_size": [2.5, 1]}
							}
						},
						{
							"origin": [0.375, -2.2884, 4.20032],
							"size": [0.1875, 0.66349, 0.25282],
							"inflate": 0.001,
							"uv": {
								"east": {"uv": [20, 33], "uv_size": [0.5, 1]},
								"south": {"uv": [22, 33], "uv_size": [0.5, 1]},
								"west": {"uv": [24, 33], "uv_size": [0.5, 1]}
							}
						},
						{
							"origin": [0.4375, -2.22869, 1.51659],
							"size": [0.1875, 0.75, 2.8875],
							"uv": {
								"north": {"uv": [32, 33], "uv_size": [0.5, 1]},
								"east": {"uv": [2, 23], "uv_size": [2.5, 1]},
								"west": {"uv": [23, 2], "uv_size": [2.5, 1]}
							}
						},
						{
							"origin": [-0.5625, -2.2884, 4.20032],
							"size": [0.1875, 0.66349, 0.25282],
							"inflate": 0.001,
							"uv": {
								"east": {"uv": [34, 2], "uv_size": [0.5, 1]},
								"south": {"uv": [4, 34], "uv_size": [0.5, 1]},
								"west": {"uv": [34, 4], "uv_size": [0.5, 1]}
							}
						},
						{
							"origin": [-0.5, 0.5, 0],
							"size": [1, 0.5, 8.6],
							"uv": {
								"north": {"uv": [34, 14], "uv_size": [1, 0.5]},
								"up": {"uv": [6, 12], "uv_size": [1, 8.5]}
							}
						},
						{
							"origin": [-0.20695, 0.07399, 0],
							"size": [0.49272, 0.7071, 8.6],
							"inflate": 0.001,
							"pivot": [-0.08923, 1.24429, 4.25],
							"rotation": [0, 0, 45],
							"uv": {
								"north": {"uv": [4, 36], "uv_size": [0.5, 0.5]},
								"east": {"uv": [11, 6], "uv_size": [8.5, 0.5]},
								"south": {"uv": [36, 4], "uv_size": [0.5, 0.5]}
							}
						},
						{
							"origin": [-1, 0, 0],
							"size": [2, 0.5, 8],
							"uv": {
								"north": {"uv": [30, 8], "uv_size": [2, 0.5]},
								"east": {"uv": [8, 18], "uv_size": [8, 0.5]},
								"west": {"uv": [18, 8], "uv_size": [8, 0.5]},
								"down": {"uv": [8, 8], "uv_size": [2, -8]}
							}
						},
						{
							"origin": [-0.48, -3.90149, 2.25156],
							"size": [0.95, 0.6298, 5.58382],
							"pivot": [0, -3.29669, 6.12031],
							"rotation": [-48, 0, 0],
							"uv": {
								"east": {"uv": [25, 14], "uv_size": [4, 0.5]},
								"west": {"uv": [24, 26], "uv_size": [4, 0.5]},
								"up": {"uv": [2, 18], "uv_size": [1, 4]},
								"down": {"uv": [4, 22], "uv_size": [1, -4]}
							}
						},
						{
							"origin": [0.16642, -5.31312, 8.40001],
							"size": [0.7071, 0.43644, 0.35],
							"pivot": [0, -4.77243, 8.65625],
							"rotation": [0, 0, -45],
							"uv": {
								"north": {"uv": [6, 36], "uv_size": [0.5, 0.5]},
								"down": {"uv": [10, 36.5], "uv_size": [0.5, -0.5]}
							}
						},
						{
							"origin": [-0.5, -5.03708, 8.4],
							"size": [1, 0.5, 0.35001],
							"uv": {
								"north": {"uv": [34, 16], "uv_size": [1, 0.5]},
								"down": {"uv": [34, 18.5], "uv_size": [1, -0.5]}
							}
						},
						{
							"origin": [-0.54069, -4.60601, 8.40001],
							"size": [0.43644, 0.70711, 0.35],
							"pivot": [0, -4.77243, 8.65625],
							"rotation": [0, 0, -45],
							"uv": {
								"north": {"uv": [36, 10], "uv_size": [0.5, 0.5]},
								"east": {"uv": [12, 36], "uv_size": [0.5, 0.5]}
							}
						},
						{
							"origin": [-0.575, -2.26619, 0.95408],
							"size": [1.15, 1.1625, 0.7625],
							"uv": {
								"east": {"uv": [34, 20], "uv_size": [0.5, 1]},
								"south": {"uv": [30, 14], "uv_size": [1, 1]},
								"west": {"uv": [34, 22], "uv_size": [0.5, 1]},
								"down": {"uv": [34, 24.5], "uv_size": [1, -0.5]}
							}
						},
						{
							"origin": [-0.575, -2.32054, 0.74609],
							"size": [1.15, 1.2, 0.4375],
							"pivot": [0, -1.62054, 0.96484],
							"rotation": [22.5, 0, 0],
							"uv": {
								"north": {"uv": [31, 12], "uv_size": [1, 1]},
								"east": {"uv": [34, 26], "uv_size": [0.5, 1]},
								"west": {"uv": [34, 28], "uv_size": [0.5, 1]}
							}
						},
						{
							"origin": [-0.475, -4.995, 6.8125],
							"size": [0.95, 0.35, 1.6875],
							"uv": {
								"east": {"uv": [36, 14], "uv_size": [0.5, 0.5]},
								"west": {"uv": [36, 16], "uv_size": [0.5, 0.5]},
								"up": {"uv": [29, 34], "uv_size": [1, 0.5]},
								"down": {"uv": [34, 30.5], "uv_size": [1, -0.5]}
							}
						},
						{
							"origin": [-0.48, -1.095, 12.6125],
							"size": [0.9, 0.35, 0.4875],
							"pivot": [0, 3.9, 5.5],
							"rotation": [-45, 0, 0],
							"uv": {
								"east": {"uv": [36, 14], "uv_size": [0.5, 0.5]},
								"west": {"uv": [36, 16], "uv_size": [0.5, 0.5]},
								"up": {"uv": [29, 34], "uv_size": [1, 0.5]},
								"down": {"uv": [34, 30.5], "uv_size": [1, -0.5]}
							}
						},
						{
							"origin": [-1, -1.60811, 0.07664],
							"size": [2, 1.72281, 0.75],
							"pivot": [0, -0.1353, 0.32664],
							"rotation": [22.5, 0, 0],
							"uv": {
								"north": {"uv": [14, 20], "uv_size": [2, 1.5]},
								"east": {"uv": [24, 28], "uv_size": [1, 1.5]},
								"south": {"uv": [21, 10], "uv_size": [2, 1.5]},
								"west": {"uv": [26, 28], "uv_size": [1, 1.5]}
							}
						},
						{
							"origin": [-1, -1, 8],
							"size": [2, 1.5, 0.5],
							"uv": {
								"north": {"uv": [22, 13], "uv_size": [2, 1.5]}
							}
						},
						{
							"origin": [-0.25, -3.4625, 6.46342],
							"size": [0.5, 3.825, 0.18566],
							"pivot": [0, -1.6375, 6.55625],
							"rotation": [-90, 0, 0],
							"uv": {
								"north": {"uv": [32, 0], "uv_size": [0.5, 1.5]},
								"east": {"uv": [2, 32], "uv_size": [0.5, 1.5]},
								"south": {"uv": [32, 3], "uv_size": [0.5, 1.5]},
								"west": {"uv": [32, 14], "uv_size": [0.5, 1.5]}
							}
						},
						{
							"origin": [-0.25, -4.3375, 7.06342],
							"size": [0.5, 3.3, 0.18566],
							"pivot": [0, -2.4375, 7.15625],
							"rotation": [-90, 0, 0],
							"uv": {
								"north": {"uv": [10, 38], "uv_size": [0.5, 0.5]},
								"east": {"uv": [38, 10], "uv_size": [0.5, 0.5]},
								"south": {"uv": [12, 38], "uv_size": [0.5, 0.5]},
								"west": {"uv": [38, 14], "uv_size": [0.5, 0.5]}
							}
						},
						{
							"origin": [-0.25, -5.0375, 8.36342],
							"size": [0.5, 3.6, 0.38566],
							"pivot": [0, -3.1375, 8.45625],
							"rotation": [180, 0, 0],
							"uv": {
								"north": {"uv": [10, 38], "uv_size": [0.5, 0.5]},
								"east": {"uv": [38, 10], "uv_size": [0.5, 0.5]},
								"south": {"uv": [12, 38], "uv_size": [0.5, 0.5]},
								"west": {"uv": [38, 14], "uv_size": [0.5, 0.5]}
							}
						},
						{
							"origin": [-0.25, -5.5375, 5.96342],
							"size": [0.5, 4.5, 0.38566],
							"pivot": [0, -3.1375, 6.15625],
							"rotation": [45, 0, 0],
							"uv": {
								"north": {"uv": [10, 38], "uv_size": [0.5, 0.5]},
								"east": {"uv": [38, 10], "uv_size": [0.5, 0.5]},
								"south": {"uv": [12, 38], "uv_size": [0.5, 0.5]},
								"west": {"uv": [38, 14], "uv_size": [0.5, 0.5]}
							}
						},
						{
							"origin": [-0.25, -4.5375, 6.96342],
							"size": [0.5, 2.6, 0.18566],
							"pivot": [0, -3.3375, 7.15625],
							"rotation": [-90, 0, 0],
							"uv": {
								"north": {"uv": [10, 38], "uv_size": [0.5, 0.5]},
								"east": {"uv": [38, 10], "uv_size": [0.5, 0.5]},
								"south": {"uv": [12, 38], "uv_size": [0.5, 0.5]},
								"west": {"uv": [38, 14], "uv_size": [0.5, 0.5]}
							}
						},
						{
							"origin": [-0.25, -4.3375, 7.06342],
							"size": [0.5, 1.7, 0.18566],
							"pivot": [0, -4.0375, 7.15625],
							"rotation": [-90, 0, 0],
							"uv": {
								"north": {"uv": [10, 38], "uv_size": [0.5, 0.5]},
								"east": {"uv": [38, 10], "uv_size": [0.5, 0.5]},
								"south": {"uv": [12, 38], "uv_size": [0.5, 0.5]},
								"west": {"uv": [38, 14], "uv_size": [0.5, 0.5]}
							}
						},
						{
							"origin": [-0.09375, -4.76619, 7.87909],
							"size": [0.1875, 1.6, 0.575],
							"uv": {
								"east": {"uv": [38, 16], "uv_size": [0.5, 0.5]},
								"west": {"uv": [38, 18], "uv_size": [0.5, 0.5]}
							}
						},
						{
							"origin": [-0.09375, -2.49119, 8.12909],
							"size": [0.1875, 0.7625, 0.3875],
							"uv": {
								"north": {"uv": [38, 20], "uv_size": [0.5, 0.5]},
								"east": {"uv": [38, 22], "uv_size": [0.5, 0.5]},
								"west": {"uv": [38, 24], "uv_size": [0.5, 0.5]},
								"down": {"uv": [38, 26.5], "uv_size": [0.5, -0.5]}
							}
						},
						{
							"origin": [-0.09375, -4.74119, 7.15409],
							"size": [0.1875, 2.375, 1.1875],
							"uv": {
								"north": {"uv": [32, 17], "uv_size": [0.5, 1.5]},
								"east": {"uv": [32, 20], "uv_size": [0.5, 1.5]},
								"south": {"uv": [27, 32], "uv_size": [0.5, 1.5]},
								"west": {"uv": [32, 28], "uv_size": [0.5, 1.5]},
								"up": {"uv": [28, 38], "uv_size": [0.5, 0.5]},
								"down": {"uv": [38, 28.5], "uv_size": [0.5, -0.5]}
							}
						},
						{
							"origin": [-0.09375, -2.36619, 5.76659],
							"size": [0.1875, 0.35, 2.475],
							"uv": {
								"east": {"uv": [24, 10], "uv_size": [2.5, 1]},
								"south": {"uv": [34, 32], "uv_size": [0.5, 1]},
								"west": {"uv": [24, 16], "uv_size": [2.5, 1]},
								"up": {"uv": [4, 30], "uv_size": [0.5, 2.5]},
								"down": {"uv": [6, 32.5], "uv_size": [0.5, -2.5]}
							}
						},
						{
							"origin": [-0.09375, -3.36619, 6.05409],
							"size": [0.1875, 1, 1.4375],
							"uv": {
								"east": {"uv": [38, 30], "uv_size": [0.5, 0.5]},
								"west": {"uv": [32, 38], "uv_size": [0.5, 0.5]}
							}
						},
						{
							"origin": [-0.28577, 0.07399, 0],
							"size": [0.49272, 0.7071, 8.6],
							"inflate": 0.001,
							"pivot": [0.08923, 1.24429, 4.25],
							"rotation": [0, 0, -45],
							"uv": {
								"north": {"uv": [38, 32], "uv_size": [0.5, 0.5]},
								"south": {"uv": [34, 38], "uv_size": [0.5, 0.5]},
								"west": {"uv": [8, 12], "uv_size": [8.5, 0.5]}
							}
						},
						{
							"origin": [-0.09375, -1.97869, 1.51659],
							"size": [0.1875, 0.25, 4.25],
							"uv": {
								"east": {"uv": [22, 24], "uv_size": [4.5, 0.5]},
								"south": {"uv": [36, 34], "uv_size": [0.5, 0.5]},
								"west": {"uv": [25, 12], "uv_size": [4.5, 0.5]}
							}
						},
						{
							"origin": [-0.09375, -4.79119, 7.82909],
							"size": [0.1875, 0.75, 0.5],
							"uv": {
								"north": {"uv": [34, 34], "uv_size": [0.5, 1]},
								"east": {"uv": [0, 35], "uv_size": [0.5, 1]},
								"south": {"uv": [2, 35], "uv_size": [0.5, 1]},
								"west": {"uv": [35, 6], "uv_size": [0.5, 1]},
								"up": {"uv": [36, 38], "uv_size": [0.5, 0.5]},
								"down": {"uv": [38, 38.5], "uv_size": [0.5, -0.5]}
							}
						},
						{
							"origin": [-0.52304, 0.53885, 8.75001],
							"size": [0.70711, 0.43644, 0.375],
							"pivot": [0.01831, -0.24727, -13.33204],
							"rotation": [0, 0, 45],
							"uv": {
								"south": {"uv": [0, 39], "uv_size": [0.5, 0.5]},
								"up": {"uv": [2, 39], "uv_size": [0.5, 0.5]}
							}
						},
						{
							"origin": [-0.5, 0.5, 8.75],
							"size": [1, 0.5, 0.37501],
							"uv": {
								"south": {"uv": [8, 35], "uv_size": [1, 0.5]},
								"up": {"uv": [35, 8], "uv_size": [1, 0.5]}
							}
						},
						{
							"origin": [-1.23014, -0.43892, 8.75001],
							"size": [0.43644, 0.7071, 0.375],
							"pivot": [0.01831, -0.24727, -13.33204],
							"rotation": [0, 0, 45],
							"uv": {
								"east": {"uv": [39, 6], "uv_size": [0.5, 0.5]},
								"south": {"uv": [8, 39], "uv_size": [0.5, 0.5]}
							}
						},
						{
							"origin": [-1, -4.53708, 8.75],
							"size": [2, 5.03708, 0.37501],
							"uv": {
								"east": {"uv": [18, 24], "uv_size": [0.5, 5]},
								"south": {"uv": [3, 12], "uv_size": [2, 5]},
								"west": {"uv": [20, 24], "uv_size": [0.5, 5]}
							}
						},
						{
							"origin": [0.16642, -5.31312, 8.75001],
							"size": [0.7071, 0.43644, 0.375],
							"pivot": [0, -4.77243, 8.90625],
							"rotation": [0, 0, -45],
							"uv": {
								"south": {"uv": [39, 8], "uv_size": [0.5, 0.5]},
								"down": {"uv": [39, 12.5], "uv_size": [0.5, -0.5]}
							}
						},
						{
							"origin": [-0.5, -5.03708, 8.75],
							"size": [1, 0.5, 0.37501],
							"uv": {
								"south": {"uv": [35, 12], "uv_size": [1, 0.5]},
								"down": {"uv": [14, 35.5], "uv_size": [1, -0.5]}
							}
						},
						{
							"origin": [-0.54069, -4.60601, 8.75001],
							"size": [0.43644, 0.70711, 0.375],
							"pivot": [0, -4.77243, 8.90625],
							"rotation": [0, 0, -45],
							"uv": {
								"east": {"uv": [14, 39], "uv_size": [0.5, 0.5]},
								"south": {"uv": [16, 39], "uv_size": [0.5, 0.5]}
							}
						}
					]
				},
				{
					"name": "group11",
					"parent": "b5_stock",
					"pivot": [-1.07403, -1.09293, 0.75],
					"cubes": [
						{
							"origin": [-1.57403, -1.30003, 0.65625],
							"size": [3.14806, 0.41421, 8.44375],
							"uv": {
								"north": {"uv": [28, 4], "uv_size": [3, 0.5]},
								"east": {"uv": [8, 14], "uv_size": [8, 0.5]},
								"south": {"uv": [6, 28], "uv_size": [3, 0.5]},
								"west": {"uv": [8, 16], "uv_size": [8, 0.5]}
							}
						},
						{
							"origin": [0.86692, -1.59293, 0.65625],
							"size": [0.41421, 1, 8.44375],
							"pivot": [1.07403, -1.09293, 0.75],
							"rotation": [0, 0, -45],
							"uv": {
								"north": {"uv": [6, 34], "uv_size": [0.5, 1]},
								"south": {"uv": [10, 34], "uv_size": [0.5, 1]},
								"down": {"uv": [17, 22], "uv_size": [0.5, -8]}
							}
						},
						{
							"origin": [0.67857, -4.9341, 8.35625],
							"size": [1, 3.7, 0.74375],
							"pivot": [1.55357, -0.91455, 0.75],
							"rotation": [0, 0, 17.5],
							"uv": {
								"north": {"uv": [10, 28], "uv_size": [1, 1.5]},
								"east": {"uv": [0, 9], "uv_size": [8, 1.5]},
								"south": {"uv": [12, 28], "uv_size": [1, 1.5]},
								"west": {"uv": [6, 1], "uv_size": [0.5, 1.5]}
							}
						},
						{
							"origin": [0.07857, -1.0341, 0.65625],
							"size": [1, 1.5, 8.44375],
							"pivot": [0.95357, 0.28545, 0.75],
							"rotation": [0, 0, -22.5],
							"uv": {
								"north": {"uv": [10, 28], "uv_size": [1, 1.5]},
								"east": {"uv": [0, 9], "uv_size": [8, 1.5]},
								"south": {"uv": [12, 28], "uv_size": [1, 1.5]},
								"west": {"uv": [9, 9], "uv_size": [8, 1.5]}
							}
						},
						{
							"origin": [-1.28113, -1.59293, 0.65625],
							"size": [2.56226, 1, 8.44375],
							"uv": {
								"north": {"uv": [14, 23], "uv_size": [2.5, 1]},
								"south": {"uv": [23, 22], "uv_size": [2.5, 1]},
								"up": {"uv": [0, 0], "uv_size": [2.5, 8]},
								"down": {"uv": [4, 8], "uv_size": [2.5, -8]}
							}
						},
						{
							"origin": [-1.07857, -1.0341, 0.65625],
							"size": [1, 1.5, 8.44375],
							"pivot": [-0.95357, 0.28545, 0.75],
							"rotation": [0, 0, 22.5],
							"uv": {
								"north": {"uv": [14, 28], "uv_size": [1, 1.5]},
								"east": {"uv": [11, 0], "uv_size": [8, 1.5]},
								"south": {"uv": [16, 28], "uv_size": [1, 1.5]},
								"west": {"uv": [11, 3], "uv_size": [8, 1.5]}
							}
						},
						{
							"origin": [-1.67857, -4.8341, 8.35625],
							"size": [1, 3.6, 0.74375],
							"pivot": [-1.55357, -0.91455, 0.75],
							"rotation": [0, 0, -17.5],
							"uv": {
								"north": {"uv": [14, 28], "uv_size": [1, 1.5]},
								"east": {"uv": [6, 3], "uv_size": [0.5, 1.5]},
								"south": {"uv": [16, 28], "uv_size": [1, 1.5]},
								"west": {"uv": [11, 3], "uv_size": [8, 1.5]}
							}
						},
						{
							"origin": [-1.28113, -1.59293, 0.65625],
							"size": [0.41421, 1, 8.44375],
							"pivot": [-1.07403, -1.09293, 0.75],
							"rotation": [0, 0, 45],
							"uv": {
								"north": {"uv": [34, 10], "uv_size": [0.5, 1]},
								"south": {"uv": [12, 34], "uv_size": [0.5, 1]},
								"down": {"uv": [0, 26], "uv_size": [0.5, -8]}
							}
						}
					]
				},
				{
					"name": "stock",
					"pivot": [2.45, 2.4, 1.775],
					"rotation": [5, 0, 0],
					"cubes": [
						{
							"origin": [-1.0125, -3.50843, 8.19419],
							"size": [2.025, 0.25, 0.25],
							"inflate": 0.01,
							"pivot": [0, -3.38343, 8.31919],
							"rotation": [40, 0, 0],
							"uv": {
								"north": {"uv": [5.25, 30], "uv_size": [0.375, 0.125]},
								"east": {"uv": [39.75, 24], "uv_size": [0.125, 0.125]},
								"south": {"uv": [6, 30], "uv_size": [0.375, 0.125]},
								"west": {"uv": [39.75, 24.5], "uv_size": [0.125, 0.125]},
								"up": {"uv": [7.25, 30], "uv_size": [0.375, 0.125]},
								"down": {"uv": [8, 30.125], "uv_size": [0.375, -0.125]}
							}
						},
						{
							"origin": [-1.0125, -3.01033, 8.23777],
							"size": [2.025, 0.25, 0.25],
							"inflate": 0.01,
							"pivot": [0, -2.88533, 8.36277],
							"rotation": [40, 0, 0],
							"uv": {
								"north": {"uv": [8.75, 30], "uv_size": [0.375, 0.125]},
								"east": {"uv": [25, 39.75], "uv_size": [0.125, 0.125]},
								"south": {"uv": [11.75, 30], "uv_size": [0.375, 0.125]},
								"west": {"uv": [39.75, 25], "uv_size": [0.125, 0.125]},
								"up": {"uv": [12.5, 30], "uv_size": [0.375, 0.125]},
								"down": {"uv": [13.25, 30.125], "uv_size": [0.375, -0.125]}
							}
						},
						{
							"origin": [-1.0125, -2.51223, 8.28135],
							"size": [2.025, 0.25, 0.25],
							"inflate": 0.01,
							"pivot": [0, -2.38723, 8.40635],
							"rotation": [40, 0, 0],
							"uv": {
								"north": {"uv": [30, 13.25], "uv_size": [0.375, 0.125]},
								"east": {"uv": [39.75, 25.5], "uv_size": [0.125, 0.125]},
								"south": {"uv": [30, 13.75], "uv_size": [0.375, 0.125]},
								"west": {"uv": [26, 39.75], "uv_size": [0.125, 0.125]},
								"up": {"uv": [30, 14.25], "uv_size": [0.375, 0.125]},
								"down": {"uv": [15, 30.125], "uv_size": [0.375, -0.125]}
							}
						},
						{
							"origin": [-1.0125, -2.01414, 8.32493],
							"size": [2.025, 0.25, 0.25],
							"inflate": 0.01,
							"pivot": [0, -1.88914, 8.44993],
							"rotation": [40, 0, 0],
							"uv": {
								"north": {"uv": [30, 15.25], "uv_size": [0.375, 0.125]},
								"east": {"uv": [39.75, 26], "uv_size": [0.125, 0.125]},
								"south": {"uv": [30, 15.75], "uv_size": [0.375, 0.125]},
								"west": {"uv": [26.5, 39.75], "uv_size": [0.125, 0.125]},
								"up": {"uv": [30, 18], "uv_size": [0.375, 0.125]},
								"down": {"uv": [30, 18.625], "uv_size": [0.375, -0.125]}
							}
						},
						{
							"origin": [-1.0125, -1.51604, 8.36851],
							"size": [2.025, 0.25, 0.25],
							"inflate": 0.01,
							"pivot": [0, -1.39104, 8.49351],
							"rotation": [40, 0, 0],
							"uv": {
								"north": {"uv": [30, 20.75], "uv_size": [0.375, 0.125]},
								"east": {"uv": [39.75, 26.5], "uv_size": [0.125, 0.125]},
								"south": {"uv": [30, 22.75], "uv_size": [0.375, 0.125]},
								"west": {"uv": [27, 39.75], "uv_size": [0.125, 0.125]},
								"up": {"uv": [30, 23.75], "uv_size": [0.375, 0.125]},
								"down": {"uv": [30, 24.375], "uv_size": [0.375, -0.125]}
							}
						},
						{
							"origin": [-1.0125, -1.01794, 8.38083],
							"size": [2.025, 0.25, 0.25],
							"inflate": 0.01,
							"pivot": [0, -0.89294, 8.50583],
							"rotation": [45, 0, 0],
							"uv": {
								"north": {"uv": [30, 24.75], "uv_size": [0.375, 0.125]},
								"east": {"uv": [27.5, 39.75], "uv_size": [0.125, 0.125]},
								"south": {"uv": [30, 25.25], "uv_size": [0.375, 0.125]},
								"west": {"uv": [39.75, 27.5], "uv_size": [0.125, 0.125]},
								"up": {"uv": [30, 26.75], "uv_size": [0.375, 0.125]},
								"down": {"uv": [30, 28.625], "uv_size": [0.375, -0.125]}
							}
						}
					]
				}
			]
		}
	]
}