{
	"format_version": "1.12.0",
	"minecraft:geometry": [
		{
			"description": {
				"identifier": "geometry.unknown",
				"texture_width": 64,
				"texture_height": 64,
				"visible_bounds_width": 2,
				"visible_bounds_height": 1.5,
				"visible_bounds_offset": [0, 0.25, 0]
			},
			"bones": [
				{
					"name": "root",
					"pivot": [0, 0, 0],
					"cubes": [
						{
							"origin": [-0.2071, 0.25, -0.5],
							"size": [0.4142, 0.25, 0.5],
							"uv": {
								"north": {"uv": [7, 1], "uv_size": [0.5, 0.5]},
								"east": {"uv": [2, 7], "uv_size": [0.5, 0.5]},
								"south": {"uv": [7, 2], "uv_size": [0.5, 0.5]},
								"west": {"uv": [3, 7], "uv_size": [0.5, 0.5]},
								"up": {"uv": [7, 3], "uv_size": [0.5, 0.5]},
								"down": {"uv": [4, 7.5], "uv_size": [0.5, -0.5]}
							}
						},
						{
							"origin": [-0.2071, -0.5, -0.5],
							"size": [0.4142, 0.25, 0.5],
							"pivot": [0, 0, -1],
							"rotation": [0, 0, 45],
							"uv": {
								"north": {"uv": [7, 4], "uv_size": [0.5, 0.5]},
								"east": {"uv": [5, 7], "uv_size": [0.5, 0.5]},
								"south": {"uv": [7, 5], "uv_size": [0.5, 0.5]},
								"west": {"uv": [6, 7], "uv_size": [0.5, 0.5]},
								"up": {"uv": [7, 6], "uv_size": [0.5, 0.5]},
								"down": {"uv": [7, 7.5], "uv_size": [0.5, -0.5]}
							}
						},
						{
							"origin": [-0.2071, 0.25, -0.5],
							"size": [0.4142, 0.25, 0.5],
							"pivot": [0, 0, -1],
							"rotation": [0, 0, 90],
							"uv": {
								"north": {"uv": [0, 8], "uv_size": [0.5, 0.5]},
								"east": {"uv": [8, 0], "uv_size": [0.5, 0.5]},
								"south": {"uv": [1, 8], "uv_size": [0.5, 0.5]},
								"west": {"uv": [8, 1], "uv_size": [0.5, 0.5]},
								"up": {"uv": [2, 8], "uv_size": [0.5, 0.5]},
								"down": {"uv": [8, 2.5], "uv_size": [0.5, -0.5]}
							}
						},
						{
							"origin": [-0.2071, 0.25, -0.5],
							"size": [0.4142, 0.25, 0.5],
							"pivot": [0, 0, -1],
							"rotation": [0, 0, 135],
							"uv": {
								"north": {"uv": [3, 8], "uv_size": [0.5, 0.5]},
								"east": {"uv": [8, 3], "uv_size": [0.5, 0.5]},
								"south": {"uv": [4, 8], "uv_size": [0.5, 0.5]},
								"west": {"uv": [8, 4], "uv_size": [0.5, 0.5]},
								"up": {"uv": [5, 8], "uv_size": [0.5, 0.5]},
								"down": {"uv": [8, 5.5], "uv_size": [0.5, -0.5]}
							}
						},
						{
							"origin": [-0.2071, -0.5, -0.5],
							"size": [0.4142, 0.25, 0.5],
							"pivot": [0, 0, -1],
							"rotation": [0, 0, 135],
							"uv": {
								"north": {"uv": [1, 10], "uv_size": [0.5, 0.5]},
								"east": {"uv": [10, 1], "uv_size": [0.5, 0.5]},
								"south": {"uv": [2, 10], "uv_size": [0.5, 0.5]},
								"west": {"uv": [10, 2], "uv_size": [0.5, 0.5]},
								"up": {"uv": [3, 10], "uv_size": [0.5, 0.5]},
								"down": {"uv": [10, 3.5], "uv_size": [0.5, -0.5]}
							}
						},
						{
							"origin": [-0.2071, -0.5, -0.5],
							"size": [0.4142, 0.25, 0.5],
							"uv": {
								"north": {"uv": [9, 7], "uv_size": [0.5, 0.5]},
								"east": {"uv": [8, 9], "uv_size": [0.5, 0.5]},
								"south": {"uv": [9, 8], "uv_size": [0.5, 0.5]},
								"west": {"uv": [9, 9], "uv_size": [0.5, 0.5]},
								"up": {"uv": [0, 10], "uv_size": [0.5, 0.5]},
								"down": {"uv": [10, 0.5], "uv_size": [0.5, -0.5]}
							}
						},
						{
							"origin": [-0.2071, 0.25, -0.5],
							"size": [0.4142, 0.25, 0.5],
							"pivot": [0, 0, -1],
							"rotation": [0, 0, 45],
							"uv": {
								"north": {"uv": [9, 4], "uv_size": [0.5, 0.5]},
								"east": {"uv": [5, 9], "uv_size": [0.5, 0.5]},
								"south": {"uv": [9, 5], "uv_size": [0.5, 0.5]},
								"west": {"uv": [6, 9], "uv_size": [0.5, 0.5]},
								"up": {"uv": [9, 6], "uv_size": [0.5, 0.5]},
								"down": {"uv": [7, 9.5], "uv_size": [0.5, -0.5]}
							}
						},
						{
							"origin": [-0.2071, -0.5, -0.5],
							"size": [0.4142, 0.25, 0.5],
							"pivot": [0, 0, -1],
							"rotation": [0, 0, 90],
							"uv": {
								"north": {"uv": [9, 1], "uv_size": [0.5, 0.5]},
								"east": {"uv": [2, 9], "uv_size": [0.5, 0.5]},
								"south": {"uv": [9, 2], "uv_size": [0.5, 0.5]},
								"west": {"uv": [3, 9], "uv_size": [0.5, 0.5]},
								"up": {"uv": [9, 3], "uv_size": [0.5, 0.5]},
								"down": {"uv": [4, 9.5], "uv_size": [0.5, -0.5]}
							}
						},
						{
							"origin": [-0.2071, 0.25, -2.25],
							"size": [0.4142, 0.125, 0.25],
							"uv": {
								"north": {"uv": [15, 2], "uv_size": [0.5, 0.5]},
								"east": {"uv": [3, 15], "uv_size": [0.5, 0.5]},
								"south": {"uv": [15, 3], "uv_size": [0.5, 0.5]},
								"west": {"uv": [4, 15], "uv_size": [0.5, 0.5]},
								"up": {"uv": [15, 4], "uv_size": [0.5, 0.5]},
								"down": {"uv": [5, 15.5], "uv_size": [0.5, -0.5]}
							}
						},
						{
							"origin": [-0.2071, 0.25, -2.25],
							"size": [0.4142, 0.25, 0.25],
							"pivot": [0, 0, -2.75],
							"rotation": [0, 0, 45],
							"uv": {
								"north": {"uv": [14, 14], "uv_size": [0.5, 0.5]},
								"east": {"uv": [0, 15], "uv_size": [0.5, 0.5]},
								"south": {"uv": [15, 0], "uv_size": [0.5, 0.5]},
								"west": {"uv": [1, 15], "uv_size": [0.5, 0.5]},
								"up": {"uv": [15, 1], "uv_size": [0.5, 0.5]},
								"down": {"uv": [2, 15.5], "uv_size": [0.5, -0.5]}
							}
						},
						{
							"origin": [-0.2071, 0.25, -2.25],
							"size": [0.4142, 0.25, 0.25],
							"pivot": [0, 0, -2.75],
							"rotation": [0, 0, 90],
							"uv": {
								"north": {"uv": [11, 14], "uv_size": [0.5, 0.5]},
								"east": {"uv": [14, 11], "uv_size": [0.5, 0.5]},
								"south": {"uv": [12, 14], "uv_size": [0.5, 0.5]},
								"west": {"uv": [14, 12], "uv_size": [0.5, 0.5]},
								"up": {"uv": [13, 14], "uv_size": [0.5, 0.5]},
								"down": {"uv": [14, 13.5], "uv_size": [0.5, -0.5]}
							}
						},
						{
							"origin": [-0.2071, 0.25, -2.25],
							"size": [0.4142, 0.25, 0.25],
							"pivot": [0, 0, -2.75],
							"rotation": [0, 0, 135],
							"uv": {
								"north": {"uv": [8, 14], "uv_size": [0.5, 0.5]},
								"east": {"uv": [14, 8], "uv_size": [0.5, 0.5]},
								"south": {"uv": [9, 14], "uv_size": [0.5, 0.5]},
								"west": {"uv": [14, 9], "uv_size": [0.5, 0.5]},
								"up": {"uv": [10, 14], "uv_size": [0.5, 0.5]},
								"down": {"uv": [14, 10.5], "uv_size": [0.5, -0.5]}
							}
						},
						{
							"origin": [-0.2071, -0.5, -2.25],
							"size": [0.4142, 0.25, 0.25],
							"pivot": [0, 0, -2.75],
							"rotation": [0, 0, 45],
							"uv": {
								"north": {"uv": [5, 14], "uv_size": [0.5, 0.5]},
								"east": {"uv": [14, 5], "uv_size": [0.5, 0.5]},
								"south": {"uv": [6, 14], "uv_size": [0.5, 0.5]},
								"west": {"uv": [14, 6], "uv_size": [0.5, 0.5]},
								"up": {"uv": [7, 14], "uv_size": [0.5, 0.5]},
								"down": {"uv": [14, 7.5], "uv_size": [0.5, -0.5]}
							}
						},
						{
							"origin": [-0.2071, -0.375, -2.25],
							"size": [0.4142, 0.125, 0.25],
							"uv": {
								"north": {"uv": [2, 14], "uv_size": [0.5, 0.5]},
								"east": {"uv": [14, 2], "uv_size": [0.5, 0.5]},
								"south": {"uv": [3, 14], "uv_size": [0.5, 0.5]},
								"west": {"uv": [14, 3], "uv_size": [0.5, 0.5]},
								"up": {"uv": [4, 14], "uv_size": [0.5, 0.5]},
								"down": {"uv": [14, 4.5], "uv_size": [0.5, -0.5]}
							}
						},
						{
							"origin": [-0.2071, -0.5, -2.25],
							"size": [0.4142, 0.25, 0.25],
							"pivot": [0, 0, -2.75],
							"rotation": [0, 0, 90],
							"uv": {
								"north": {"uv": [13, 12], "uv_size": [0.5, 0.5]},
								"east": {"uv": [13, 13], "uv_size": [0.5, 0.5]},
								"south": {"uv": [0, 14], "uv_size": [0.5, 0.5]},
								"west": {"uv": [14, 0], "uv_size": [0.5, 0.5]},
								"up": {"uv": [1, 14], "uv_size": [0.5, 0.5]},
								"down": {"uv": [14, 1.5], "uv_size": [0.5, -0.5]}
							}
						},
						{
							"origin": [-0.2071, -0.5, -2.25],
							"size": [0.4142, 0.25, 0.25],
							"pivot": [0, 0, -2.75],
							"rotation": [0, 0, 135],
							"uv": {
								"north": {"uv": [13, 9], "uv_size": [0.5, 0.5]},
								"east": {"uv": [10, 13], "uv_size": [0.5, 0.5]},
								"south": {"uv": [13, 10], "uv_size": [0.5, 0.5]},
								"west": {"uv": [11, 13], "uv_size": [0.5, 0.5]},
								"up": {"uv": [13, 11], "uv_size": [0.5, 0.5]},
								"down": {"uv": [12, 13.5], "uv_size": [0.5, -0.5]}
							}
						},
						{
							"origin": [-0.1679, 0.375, -1.75],
							"size": [0.3358, 0.125, 0.25],
							"uv": {
								"north": {"uv": [6, 8], "uv_size": [0.5, 0.5]},
								"east": {"uv": [8, 6], "uv_size": [0.5, 0.5]},
								"south": {"uv": [7, 8], "uv_size": [0.5, 0.5]},
								"west": {"uv": [8, 7], "uv_size": [0.5, 0.5]},
								"up": {"uv": [8, 8], "uv_size": [0.5, 0.5]},
								"down": {"uv": [0, 9.5], "uv_size": [0.5, -0.5]}
							}
						},
						{
							"origin": [0.1679, 0.375, -2],
							"size": [0.1642, 0.125, 0.75],
							"uv": {
								"north": {"uv": [15, 9], "uv_size": [0.5, 0.5]},
								"east": {"uv": [6, 3], "uv_size": [1, 0.5]},
								"south": {"uv": [10, 15], "uv_size": [0.5, 0.5]},
								"west": {"uv": [6, 4], "uv_size": [1, 0.5]},
								"up": {"uv": [5, 6], "uv_size": [0.5, 1]},
								"down": {"uv": [6, 6], "uv_size": [0.5, -1]}
							}
						},
						{
							"origin": [-0.3321, 0.375, -2],
							"size": [0.1642, 0.125, 0.75],
							"uv": {
								"north": {"uv": [15, 10], "uv_size": [0.5, 0.5]},
								"east": {"uv": [6, 6], "uv_size": [1, 0.5]},
								"south": {"uv": [11, 15], "uv_size": [0.5, 0.5]},
								"west": {"uv": [0, 7], "uv_size": [1, 0.5]},
								"up": {"uv": [7, 0], "uv_size": [0.5, 1]},
								"down": {"uv": [1, 8], "uv_size": [0.5, -1]}
							}
						},
						{
							"origin": [-0.3321, 0.375, -1.25],
							"size": [0.6642, 0.125, 0.75],
							"uv": {
								"north": {"uv": [15, 8], "uv_size": [0.5, 0.5]},
								"east": {"uv": [0, 6], "uv_size": [1, 0.5]},
								"south": {"uv": [9, 15], "uv_size": [0.5, 0.5]},
								"west": {"uv": [6, 1], "uv_size": [1, 0.5]},
								"up": {"uv": [2, 6], "uv_size": [0.5, 1]},
								"down": {"uv": [6, 3], "uv_size": [0.5, -1]}
							}
						},
						{
							"origin": [-0.28125, 0.501, -1.125],
							"size": [0.5625, 0, 0.5625],
							"uv": {
								"up": {"uv": [64, 64], "uv_size": [-32, -32]}
							}
						},
						{
							"origin": [-0.3321, 0.375, -2.25],
							"size": [0.6642, 0.125, 0.25],
							"uv": {
								"north": {"uv": [15, 5], "uv_size": [0.5, 0.5]},
								"east": {"uv": [6, 15], "uv_size": [0.5, 0.5]},
								"south": {"uv": [15, 6], "uv_size": [0.5, 0.5]},
								"west": {"uv": [7, 15], "uv_size": [0.5, 0.5]},
								"up": {"uv": [15, 7], "uv_size": [0.5, 0.5]},
								"down": {"uv": [8, 15.5], "uv_size": [0.5, -0.5]}
							}
						},
						{
							"origin": [-0.3321, -0.5, -2.25],
							"size": [0.25, 0.125, 1.75],
							"pivot": [-0.125, 0, -2.5],
							"rotation": [0, 0, 135],
							"uv": {
								"north": {"uv": [11, 5], "uv_size": [0.5, 0.5]},
								"east": {"uv": [1, 2], "uv_size": [2, 0.5]},
								"south": {"uv": [6, 11], "uv_size": [0.5, 0.5]},
								"west": {"uv": [3, 0], "uv_size": [2, 0.5]},
								"up": {"uv": [1, 3], "uv_size": [0.5, 2]},
								"down": {"uv": [3, 3], "uv_size": [0.5, -2]}
							}
						},
						{
							"origin": [-0.0821, -0.5, -2.25],
							"size": [0.1642, 0.125, 0.25],
							"pivot": [0.125, 0, -2],
							"rotation": [0, 0, -135],
							"uv": {
								"north": {"uv": [13, 6], "uv_size": [0.5, 0.5]},
								"east": {"uv": [7, 13], "uv_size": [0.5, 0.5]},
								"south": {"uv": [13, 7], "uv_size": [0.5, 0.5]},
								"west": {"uv": [8, 13], "uv_size": [0.5, 0.5]},
								"up": {"uv": [13, 8], "uv_size": [0.5, 0.5]},
								"down": {"uv": [9, 13.5], "uv_size": [0.5, -0.5]}
							}
						},
						{
							"origin": [-0.0821, -0.5, -1.75],
							"size": [0.1642, 0.125, 0.25],
							"pivot": [0.125, 0, -1.5],
							"rotation": [0, 0, -135],
							"uv": {
								"north": {"uv": [13, 3], "uv_size": [0.5, 0.5]},
								"east": {"uv": [4, 13], "uv_size": [0.5, 0.5]},
								"south": {"uv": [13, 4], "uv_size": [0.5, 0.5]},
								"west": {"uv": [5, 13], "uv_size": [0.5, 0.5]},
								"up": {"uv": [13, 5], "uv_size": [0.5, 0.5]},
								"down": {"uv": [6, 13.5], "uv_size": [0.5, -0.5]}
							}
						},
						{
							"origin": [-0.0821, -0.5, -1.25],
							"size": [0.1642, 0.125, 0.25],
							"pivot": [0.125, 0, -1],
							"rotation": [0, 0, -135],
							"uv": {
								"north": {"uv": [13, 0], "uv_size": [0.5, 0.5]},
								"east": {"uv": [1, 13], "uv_size": [0.5, 0.5]},
								"south": {"uv": [13, 1], "uv_size": [0.5, 0.5]},
								"west": {"uv": [2, 13], "uv_size": [0.5, 0.5]},
								"up": {"uv": [13, 2], "uv_size": [0.5, 0.5]},
								"down": {"uv": [3, 13.5], "uv_size": [0.5, -0.5]}
							}
						},
						{
							"origin": [-0.0821, -0.5, -0.75],
							"size": [0.1642, 0.125, 0.25],
							"pivot": [0.125, 0, -1.5],
							"rotation": [0, 0, -135],
							"uv": {
								"north": {"uv": [10, 12], "uv_size": [0.5, 0.5]},
								"east": {"uv": [12, 10], "uv_size": [0.5, 0.5]},
								"south": {"uv": [11, 12], "uv_size": [0.5, 0.5]},
								"west": {"uv": [12, 11], "uv_size": [0.5, 0.5]},
								"up": {"uv": [12, 12], "uv_size": [0.5, 0.5]},
								"down": {"uv": [0, 13.5], "uv_size": [0.5, -0.5]}
							}
						},
						{
							"origin": [0.1679, -0.5, -0.75],
							"size": [0.1642, 0.125, 0.25],
							"pivot": [0.125, 0, -1.5],
							"rotation": [0, 0, -45],
							"uv": {
								"north": {"uv": [7, 12], "uv_size": [0.5, 0.5]},
								"east": {"uv": [12, 7], "uv_size": [0.5, 0.5]},
								"south": {"uv": [8, 12], "uv_size": [0.5, 0.5]},
								"west": {"uv": [12, 8], "uv_size": [0.5, 0.5]},
								"up": {"uv": [9, 12], "uv_size": [0.5, 0.5]},
								"down": {"uv": [12, 9.5], "uv_size": [0.5, -0.5]}
							}
						},
						{
							"origin": [0.1679, -0.5, -1.25],
							"size": [0.1642, 0.125, 0.25],
							"pivot": [0.125, 0, -1],
							"rotation": [0, 0, -45],
							"uv": {
								"north": {"uv": [4, 12], "uv_size": [0.5, 0.5]},
								"east": {"uv": [12, 4], "uv_size": [0.5, 0.5]},
								"south": {"uv": [5, 12], "uv_size": [0.5, 0.5]},
								"west": {"uv": [12, 5], "uv_size": [0.5, 0.5]},
								"up": {"uv": [6, 12], "uv_size": [0.5, 0.5]},
								"down": {"uv": [12, 6.5], "uv_size": [0.5, -0.5]}
							}
						},
						{
							"origin": [0.1679, -0.5, -1.75],
							"size": [0.1642, 0.125, 0.25],
							"pivot": [0.125, 0, -1.5],
							"rotation": [0, 0, -45],
							"uv": {
								"north": {"uv": [1, 12], "uv_size": [0.5, 0.5]},
								"east": {"uv": [12, 1], "uv_size": [0.5, 0.5]},
								"south": {"uv": [2, 12], "uv_size": [0.5, 0.5]},
								"west": {"uv": [12, 2], "uv_size": [0.5, 0.5]},
								"up": {"uv": [3, 12], "uv_size": [0.5, 0.5]},
								"down": {"uv": [12, 3.5], "uv_size": [0.5, -0.5]}
							}
						},
						{
							"origin": [0.1679, -0.5, -2.25],
							"size": [0.1642, 0.125, 0.25],
							"pivot": [0.125, 0, -2],
							"rotation": [0, 0, -45],
							"uv": {
								"north": {"uv": [11, 9], "uv_size": [0.5, 0.5]},
								"east": {"uv": [10, 11], "uv_size": [0.5, 0.5]},
								"south": {"uv": [11, 10], "uv_size": [0.5, 0.5]},
								"west": {"uv": [11, 11], "uv_size": [0.5, 0.5]},
								"up": {"uv": [0, 12], "uv_size": [0.5, 0.5]},
								"down": {"uv": [12, 0.5], "uv_size": [0.5, -0.5]}
							}
						},
						{
							"origin": [-0.1679, -0.5, -2.25],
							"size": [0.25, 0.125, 1.75],
							"pivot": [-0.125, 0, -1.5],
							"rotation": [0, 0, 45],
							"uv": {
								"north": {"uv": [11, 6], "uv_size": [0.5, 0.5]},
								"east": {"uv": [2, 3], "uv_size": [2, 0.5]},
								"south": {"uv": [7, 11], "uv_size": [0.5, 0.5]},
								"west": {"uv": [4, 1], "uv_size": [2, 0.5]},
								"up": {"uv": [0, 4], "uv_size": [0.5, 2]},
								"down": {"uv": [2, 6], "uv_size": [0.5, -2]}
							}
						},
						{
							"origin": [0.0821, -0.5, -2.25],
							"size": [0.25, 0.125, 1.75],
							"pivot": [0.125, 0, -2.5],
							"rotation": [0, 0, -135],
							"uv": {
								"north": {"uv": [11, 8], "uv_size": [0.5, 0.5]},
								"east": {"uv": [4, 3], "uv_size": [2, 0.5]},
								"south": {"uv": [9, 11], "uv_size": [0.5, 0.5]},
								"west": {"uv": [5, 0], "uv_size": [2, 0.5]},
								"up": {"uv": [4, 5], "uv_size": [0.5, 2]},
								"down": {"uv": [5, 6], "uv_size": [0.5, -2]}
							}
						},
						{
							"origin": [-0.0821, -0.5, -2.25],
							"size": [0.25, 0.125, 1.75],
							"pivot": [0.125, 0, -1.5],
							"rotation": [0, 0, -45],
							"uv": {
								"north": {"uv": [11, 7], "uv_size": [0.5, 0.5]},
								"east": {"uv": [4, 2], "uv_size": [2, 0.5]},
								"south": {"uv": [8, 11], "uv_size": [0.5, 0.5]},
								"west": {"uv": [3, 4], "uv_size": [2, 0.5]},
								"up": {"uv": [1, 5], "uv_size": [0.5, 2]},
								"down": {"uv": [3, 7], "uv_size": [0.5, -2]}
							}
						},
						{
							"origin": [-0.3321, -0.75, -2.25],
							"size": [0.4142, 0.125, 0.25],
							"pivot": [-0.125, 0, -2],
							"rotation": [0, 0, -90],
							"uv": {
								"north": {"uv": [11, 2], "uv_size": [0.5, 0.5]},
								"east": {"uv": [3, 11], "uv_size": [0.5, 0.5]},
								"south": {"uv": [11, 3], "uv_size": [0.5, 0.5]},
								"west": {"uv": [4, 11], "uv_size": [0.5, 0.5]},
								"up": {"uv": [11, 4], "uv_size": [0.5, 0.5]},
								"down": {"uv": [5, 11.5], "uv_size": [0.5, -0.5]}
							}
						},
						{
							"origin": [-0.3321, -0.75, -1.75],
							"size": [0.4142, 0.125, 0.25],
							"pivot": [-0.125, 0, -1.5],
							"rotation": [0, 0, -90],
							"uv": {
								"north": {"uv": [10, 10], "uv_size": [0.5, 0.5]},
								"east": {"uv": [0, 11], "uv_size": [0.5, 0.5]},
								"south": {"uv": [11, 0], "uv_size": [0.5, 0.5]},
								"west": {"uv": [1, 11], "uv_size": [0.5, 0.5]},
								"up": {"uv": [11, 1], "uv_size": [0.5, 0.5]},
								"down": {"uv": [2, 11.5], "uv_size": [0.5, -0.5]}
							}
						},
						{
							"origin": [-0.3321, -0.75, -1.25],
							"size": [0.4142, 0.125, 0.25],
							"pivot": [-0.125, 0, -1],
							"rotation": [0, 0, -90],
							"uv": {
								"north": {"uv": [7, 10], "uv_size": [0.5, 0.5]},
								"east": {"uv": [10, 7], "uv_size": [0.5, 0.5]},
								"south": {"uv": [8, 10], "uv_size": [0.5, 0.5]},
								"west": {"uv": [10, 8], "uv_size": [0.5, 0.5]},
								"up": {"uv": [9, 10], "uv_size": [0.5, 0.5]},
								"down": {"uv": [10, 9.5], "uv_size": [0.5, -0.5]}
							}
						},
						{
							"origin": [-0.3321, -0.75, -0.75],
							"size": [0.4142, 0.125, 0.25],
							"pivot": [-0.125, 0, -1.5],
							"rotation": [0, 0, -90],
							"uv": {
								"north": {"uv": [4, 10], "uv_size": [0.5, 0.5]},
								"east": {"uv": [10, 4], "uv_size": [0.5, 0.5]},
								"south": {"uv": [5, 10], "uv_size": [0.5, 0.5]},
								"west": {"uv": [10, 5], "uv_size": [0.5, 0.5]},
								"up": {"uv": [6, 10], "uv_size": [0.5, 0.5]},
								"down": {"uv": [10, 6.5], "uv_size": [0.5, -0.5]}
							}
						},
						{
							"origin": [-0.0821, -0.5, -2.25],
							"size": [0.1642, 0.125, 0.25],
							"pivot": [-0.125, 0, -2],
							"rotation": [0, 0, 135],
							"uv": {
								"north": {"uv": [17, 12], "uv_size": [0.5, 0.5]},
								"east": {"uv": [13, 17], "uv_size": [0.5, 0.5]},
								"south": {"uv": [17, 13], "uv_size": [0.5, 0.5]},
								"west": {"uv": [14, 17], "uv_size": [0.5, 0.5]},
								"up": {"uv": [17, 14], "uv_size": [0.5, 0.5]},
								"down": {"uv": [15, 17.5], "uv_size": [0.5, -0.5]}
							}
						},
						{
							"origin": [-0.0821, -0.5, -1.75],
							"size": [0.1642, 0.125, 0.25],
							"pivot": [-0.125, 0, -1.5],
							"rotation": [0, 0, 135],
							"uv": {
								"north": {"uv": [17, 9], "uv_size": [0.5, 0.5]},
								"east": {"uv": [10, 17], "uv_size": [0.5, 0.5]},
								"south": {"uv": [17, 10], "uv_size": [0.5, 0.5]},
								"west": {"uv": [11, 17], "uv_size": [0.5, 0.5]},
								"up": {"uv": [17, 11], "uv_size": [0.5, 0.5]},
								"down": {"uv": [12, 17.5], "uv_size": [0.5, -0.5]}
							}
						},
						{
							"origin": [-0.0821, -0.5, -1.25],
							"size": [0.1642, 0.125, 0.25],
							"pivot": [-0.125, 0, -1],
							"rotation": [0, 0, 135],
							"uv": {
								"north": {"uv": [17, 6], "uv_size": [0.5, 0.5]},
								"east": {"uv": [7, 17], "uv_size": [0.5, 0.5]},
								"south": {"uv": [17, 7], "uv_size": [0.5, 0.5]},
								"west": {"uv": [8, 17], "uv_size": [0.5, 0.5]},
								"up": {"uv": [17, 8], "uv_size": [0.5, 0.5]},
								"down": {"uv": [9, 17.5], "uv_size": [0.5, -0.5]}
							}
						},
						{
							"origin": [-0.0821, -0.5, -0.75],
							"size": [0.1642, 0.125, 0.25],
							"pivot": [-0.125, 0, -1.5],
							"rotation": [0, 0, 135],
							"uv": {
								"north": {"uv": [17, 3], "uv_size": [0.5, 0.5]},
								"east": {"uv": [4, 17], "uv_size": [0.5, 0.5]},
								"south": {"uv": [17, 4], "uv_size": [0.5, 0.5]},
								"west": {"uv": [5, 17], "uv_size": [0.5, 0.5]},
								"up": {"uv": [17, 5], "uv_size": [0.5, 0.5]},
								"down": {"uv": [6, 17.5], "uv_size": [0.5, -0.5]}
							}
						},
						{
							"origin": [-0.0821, -0.75, -0.75],
							"size": [0.4142, 0.125, 0.25],
							"pivot": [0.125, 0, -1.5],
							"rotation": [0, 0, 90],
							"uv": {
								"north": {"uv": [17, 0], "uv_size": [0.5, 0.5]},
								"east": {"uv": [1, 17], "uv_size": [0.5, 0.5]},
								"south": {"uv": [17, 1], "uv_size": [0.5, 0.5]},
								"west": {"uv": [2, 17], "uv_size": [0.5, 0.5]},
								"up": {"uv": [17, 2], "uv_size": [0.5, 0.5]},
								"down": {"uv": [3, 17.5], "uv_size": [0.5, -0.5]}
							}
						},
						{
							"origin": [-0.0821, -0.75, -1.25],
							"size": [0.4142, 0.125, 0.25],
							"pivot": [0.125, 0, -1],
							"rotation": [0, 0, 90],
							"uv": {
								"north": {"uv": [14, 16], "uv_size": [0.5, 0.5]},
								"east": {"uv": [16, 14], "uv_size": [0.5, 0.5]},
								"south": {"uv": [15, 16], "uv_size": [0.5, 0.5]},
								"west": {"uv": [16, 15], "uv_size": [0.5, 0.5]},
								"up": {"uv": [16, 16], "uv_size": [0.5, 0.5]},
								"down": {"uv": [0, 17.5], "uv_size": [0.5, -0.5]}
							}
						},
						{
							"origin": [-0.0821, -0.75, -1.75],
							"size": [0.4142, 0.125, 0.25],
							"pivot": [0.125, 0, -1.5],
							"rotation": [0, 0, 90],
							"uv": {
								"north": {"uv": [11, 16], "uv_size": [0.5, 0.5]},
								"east": {"uv": [16, 11], "uv_size": [0.5, 0.5]},
								"south": {"uv": [12, 16], "uv_size": [0.5, 0.5]},
								"west": {"uv": [16, 12], "uv_size": [0.5, 0.5]},
								"up": {"uv": [13, 16], "uv_size": [0.5, 0.5]},
								"down": {"uv": [16, 13.5], "uv_size": [0.5, -0.5]}
							}
						},
						{
							"origin": [-0.0821, -0.75, -2.25],
							"size": [0.4142, 0.125, 0.25],
							"pivot": [0.125, 0, -2],
							"rotation": [0, 0, 90],
							"uv": {
								"north": {"uv": [8, 16], "uv_size": [0.5, 0.5]},
								"east": {"uv": [16, 8], "uv_size": [0.5, 0.5]},
								"south": {"uv": [9, 16], "uv_size": [0.5, 0.5]},
								"west": {"uv": [16, 9], "uv_size": [0.5, 0.5]},
								"up": {"uv": [10, 16], "uv_size": [0.5, 0.5]},
								"down": {"uv": [16, 10.5], "uv_size": [0.5, -0.5]}
							}
						},
						{
							"origin": [-0.3321, -0.5, -2.25],
							"size": [0.1642, 0.125, 0.25],
							"pivot": [-0.125, 0, -2],
							"rotation": [0, 0, 45],
							"uv": {
								"north": {"uv": [5, 16], "uv_size": [0.5, 0.5]},
								"east": {"uv": [16, 5], "uv_size": [0.5, 0.5]},
								"south": {"uv": [6, 16], "uv_size": [0.5, 0.5]},
								"west": {"uv": [16, 6], "uv_size": [0.5, 0.5]},
								"up": {"uv": [7, 16], "uv_size": [0.5, 0.5]},
								"down": {"uv": [16, 7.5], "uv_size": [0.5, -0.5]}
							}
						},
						{
							"origin": [-0.3321, -0.5, -1.75],
							"size": [0.1642, 0.125, 0.25],
							"pivot": [-0.125, 0, -1.5],
							"rotation": [0, 0, 45],
							"uv": {
								"north": {"uv": [2, 16], "uv_size": [0.5, 0.5]},
								"east": {"uv": [16, 2], "uv_size": [0.5, 0.5]},
								"south": {"uv": [3, 16], "uv_size": [0.5, 0.5]},
								"west": {"uv": [16, 3], "uv_size": [0.5, 0.5]},
								"up": {"uv": [4, 16], "uv_size": [0.5, 0.5]},
								"down": {"uv": [16, 4.5], "uv_size": [0.5, -0.5]}
							}
						},
						{
							"origin": [-0.3321, -0.5, -1.25],
							"size": [0.1642, 0.125, 0.25],
							"pivot": [-0.125, 0, -1],
							"rotation": [0, 0, 45],
							"uv": {
								"north": {"uv": [15, 14], "uv_size": [0.5, 0.5]},
								"east": {"uv": [15, 15], "uv_size": [0.5, 0.5]},
								"south": {"uv": [0, 16], "uv_size": [0.5, 0.5]},
								"west": {"uv": [16, 0], "uv_size": [0.5, 0.5]},
								"up": {"uv": [1, 16], "uv_size": [0.5, 0.5]},
								"down": {"uv": [16, 1.5], "uv_size": [0.5, -0.5]}
							}
						},
						{
							"origin": [-0.3321, -0.5, -0.75],
							"size": [0.1642, 0.125, 0.25],
							"pivot": [-0.125, 0, -1.5],
							"rotation": [0, 0, 45],
							"uv": {
								"north": {"uv": [15, 11], "uv_size": [0.5, 0.5]},
								"east": {"uv": [12, 15], "uv_size": [0.5, 0.5]},
								"south": {"uv": [15, 12], "uv_size": [0.5, 0.5]},
								"west": {"uv": [13, 15], "uv_size": [0.5, 0.5]},
								"up": {"uv": [15, 13], "uv_size": [0.5, 0.5]},
								"down": {"uv": [14, 15.5], "uv_size": [0.5, -0.5]}
							}
						},
						{
							"origin": [-0.3321, -0.5, -2.25],
							"size": [0.6642, 0.125, 1.75],
							"uv": {
								"north": {"uv": [9, 0], "uv_size": [0.5, 0.5]},
								"east": {"uv": [0, 0], "uv_size": [2, 0.5]},
								"south": {"uv": [1, 9], "uv_size": [0.5, 0.5]},
								"west": {"uv": [0, 1], "uv_size": [2, 0.5]},
								"up": {"uv": [0, 2], "uv_size": [0.5, 2]},
								"down": {"uv": [2, 2], "uv_size": [0.5, -2]}
							}
						}
					]
				}
			]
		}
	]
}