{
  "model": "ex:gun/bfg50a_geo",
  "texture": "ex:gun/uv/bfg50a",
  "hud": "ex:gun/hud/bfg50a",
  "slot": "ex:gun/slot/bfg50a",
  "animation": "ex:bfg50a",
  "use_default_animation": "rifle",
  "transform": {
    "scale": {
      "thirdperson": [0.6, 0.6, 0.6],
      "ground": [0.6, 0.6, 0.6],
      "fixed": [1.2, 1.2, 1.2]
    }
  },
  "ammo": {
    "tracer_color": "#1b1b1b",
    "particle": {
      "name": "mycelium",
      "delta": [
        0,
        0,
        0
      ],
      "speed": 0.0,
      "life_time": 50,
      "count": 75
    }
  },
  "muzzle_flash": {
    "texture": "tacz:flash/common_muzzle_flash",
    "scale": 2
  },
  "sounds": {
    "draw": "ex:rytec/rytec_draw",
    "shoot": "ex:bfg50a/bfg50a_shoot",
    "shoot_3p": "ex:bfg50a/bfg50a_shoot_3p",
    "head_hit": "ex:hitmark",
    "flesh_hit": "ex:hitmark",
    "kill": "ex:kill",
    "melee_push": "tacz:melee_stock/melee_stock_02",
    "melee_stock": "tacz:melee_stock/melee_stock_03"
  },
  "offhand_show": {
    "pos": [0, 20, 4],
    "rotate": [0, 0, 30],
    "scale": [0.5, 0.5, 0.5]
  },
  "hotbar_show": {
    "0": {
      "pos": [-4, 24, 3],
      "rotate": [-90, -5, -90],
      "scale": [0.5, 0.5, 0.5]
    }
  },
  "controllable": {
    "semi": {
      "low_frequency": 1,
      "high_frequency": 1,
      "time": 200
    }
  }
}