{
  "model": "ex:gun/corrupted",
  "texture": "ex:gun/uv/null",
  "hud": "ex:gun/hud/corrupted",
  "slot": "ex:gun/slot/corrupted",
  "animation": "ex:corrupted",
  "use_default_animation": "rifle",
  "third_person_animation": "default",
  "transform": {
    "scale": {
      "thirdperson": [0.6, 0.6, 0.6],
      "ground": [0.6, 0.6, 0.6],
      "fixed": [1.2, 1.2, 1.2]
    }
  },
  "muzzle_flash": {
    "texture": "ex:flash/soul",
    "scale": 0.75
  },
  "shell": {
    "initial_velocity": [5, 2, 1],
    "random_velocity": [1, 1, 0.25],
    "acceleration": [0.0, -10, 0.0],
    "angular_velocity": [360, -1200, 90],
    "living_time": 1.0
  },
  "sounds": {
    "shoot": "ex:nu/corr_shoot",
    "shoot_3p": "ex:nu/corr_shoot",
    "silence": "ex:nu/corr_silenced",
    "silence_3p": "ex:nu/corr_silenced",
    "reload_empty": "tacz:m16a4/m16a4_reload_empty",
    "head_hit": "ex:mw_hit",
    "flesh_hit": "ex:mw_hit",
    "kill": "ex:mw_hit"
  },
  "offhand_show": {
    "pos": [1, 19, 4],
    "rotate": [0, 0, 50],
    "scale": [0.5, 0.5, 0.5]
  },
  "hotbar_show": {
    "0": {
      "pos": [-1, 19, 3],
      "rotate": [-180, 0, 130],
      "scale": [0.5, 0.5, 0.5]
    }
  }
}