{
  "model": "ex:gun/argus_geo",
  "texture": "ex:gun/uv/dawn",
  "hud": "ex:gun/hud/argus",
  "slot": "ex:gun/slot/dawn",
  "animation": "ex:dawn",
  "use_default_animation": "rifle",
  "third_person_animation": "default",
  "player_animator_3rd": "tacz:rifle_default.player_animation",
  "transform": {
    "scale": {
      "thirdperson": [0.5, 0.5, 0.5],
      "ground": [0.6, 0.6, 0.6],
      "fixed": [1.2, 1.2, 1.2]
    }
  },
  "muzzle_flash": {
    "texture": "tacz:flash/common_muzzle_flash",
    "scale": 1.2
  },
  "iron_zoom": 1.3,
  "shell": {
    "initial_velocity": [5, 0.5, 1],
    "random_velocity": [1, 0.5, 0.25],
    "acceleration": [0.0, -10, 0.0],
    "angular_velocity": [360, -960, 90],
    "living_time": 1.0
  },
  "sounds": {
    "shoot": "ex:argus/argus_shoot",
    "shoot_3p": "ex:argus/argus_shoot",
    "silence": "ex:argus/argus_silenced",
    "silence_3p": "ex:argus/argus_silenced",
    "head_hit": "ex:mw_hit",
    "flesh_hit": "ex:mw_hit",
    "kill": "ex:mw_hit",
    "melee_push": "tacz:melee_stock/melee_stock_02",
    "melee_stock": "tacz:melee_stock/melee_stock_03"
  },
  "offhand_show": {
    "pos": [1, 20, 3.5],
    "rotate": [0, 0, 60],
    "scale": [0.5, 0.5, 0.5]
  },
  "hotbar_show": {
    "0": {
      "pos": [-1, 20, 3],
      "rotate": [-180, 0, 120],
      "scale": [0.5, 0.5, 0.5]
    }
  },
  "controllable": {
    "semi": {
      "low_frequency": 0.25,
      "high_frequency": 0.5,
      "time": 100
    }
  }
}