{
  "model": "ex:gun/despair_geo",
  "texture": "ex:gun/uv/despair",
  "hud": "ex:gun/hud/kraber",
  "slot": "ex:gun/slot/despair",
  "animation": "ex:despair",
  "use_default_animation": "rifle",
  "third_person_animation": "default",
  "transform": {
    "scale": {
      "thirdperson": [0.6, 0.6, 0.6],
      "ground": [0.6, 0.6, 0.6],
      "fixed": [1.2, 1.2, 1.2]
    }
  },
  "muzzle_flash": {
    "texture": "ex:flash/stygian",
    "scale": 4
  },
  "shell": {
    "initial_velocity": [5, 2, 1],
    "random_velocity": [1, 1, 0.25],
    "acceleration": [0.0, -10, 0.0],
    "angular_velocity": [360, -1200, 90],
    "living_time": 1.0
  },
  "sounds": {
    "shoot": "ex:kraber/kraber_shoot",
    "shoot_3p": "ex:kraber/kraber_shoot",
    "draw": "ex:kraber/kraber_draw",
    "put_away": "ex:kraber/kraber_put_away",
    "head_hit": "ex:mw_hit",
    "flesh_hit": "ex:mw_hit",
    "kill": "ex:kraber/kraber_eliminate",
    "melee_push": "ex:inspect/ping",
    "melee_stock": "ex:inspect/ping"
  },
  "offhand_show": {
    "pos": [0, 20, 4],
    "rotate": [0, 0, 30],
    "scale": [0.5, 0.5, 0.5]
  },
  "hotbar_show": {
    "0": {
      "pos": [-4, 24, 3],
      "rotate": [-90, -5, -90],
      "scale": [0.5, 0.5, 0.5]
    }
  }
}