{
  "model": "ex:gun/doom_geo",
  "texture": "tacz:gun/uv/db_short",
  "hud": "tacz:gun/hud/db_short",
  "slot": "ex:gun/slot/doom",
  "animation": "ex:doom",
  "use_default_animation": "rifle",
  "third_person_animation": "default",
  "transform": {
    "scale": {
      "thirdperson": [0.6, 0.6, 0.6],
      "ground": [0.6, 0.6, 0.6],
      "fixed": [1.2, 1.2, 1.2]
    }
  },
  "muzzle_flash": {
    "texture": "tacz:flash/common_muzzle_flash",
    "scale": 0.75
  },
  "sounds": {
    "draw": "ex:doom/doom_draw",
    "shoot": "ex:doom/doom_shoot",
    "shoot_3p": "ex:doom/doom_shoot",
    "melee_push": "ex:inspect/ping",
    "melee_stock": "ex:inspect/ping"
  },
  "offhand_show": {
    "pos": [1, 22, 4],
    "rotate": [0, 0, 60],
    "scale": [0.5, 0.5, 0.5]
  },
  "hotbar_show": {
    "0": {
      "pos": [-1, 22, 3],
      "rotate": [-180, 0, 120],
      "scale": [0.5, 0.5, 0.5]
    }
  }
}