{
  "model": "ex:gun/dsr50_geo",
  "texture": "ex:gun/uv/dsr50",
  "hud": "ex:gun/hud/dsr50",
  "slot": "ex:gun/slot/dsr50",
  "animation": "ex:dsr50",
  "use_default_animation": "rifle",
  "transform": {
    "scale": {
      "thirdperson": [0.6, 0.6, 0.6],
      "ground": [0.6, 0.6, 0.6],
      "fixed": [1.2, 1.2, 1.2]
    }
  },
  "muzzle_flash": {
    "texture": "tacz:flash/common_muzzle_flash",
    "scale": 2
  },
  "sounds": {
    "shoot": "ex:dsr50/dsr50_shoot",
    "shoot_3p": "ex:dsr50/dsr50_shoot",
    "silence": "ex:dsr50/dsr50_silence",
    "silence_3p": "ex:dsr50/dsr50_silence",
    "kill": "ex:bo2_kill",
    "melee_push": "tacz:melee_stock/melee_stock_02",
    "melee_stock": "tacz:melee_stock/melee_stock_03"
  },
  "offhand_show": {
    "pos": [0, 20, 4],
    "rotate": [0, 0, 30],
    "scale": [0.5, 0.5, 0.5]
  },
  "hotbar_show": {
    "0": {
      "pos": [-4, 24, 3],
      "rotate": [-90, -5, -90],
      "scale": [0.5, 0.5, 0.5]
    }
  },
  "controllable": {
    "semi": {
      "low_frequency": 1,
      "high_frequency": 1,
      "time": 200
    }
  }
}