{
  "model": "ex:gun/hotek_geo",
  "texture": "ex:gun/uv/hotek",
  "hud": "ex:gun/hud/hotek",
  "slot": "ex:gun/slot/hotek",
  "animation": "ex:hotek",
  "use_default_animation": "pistol",
  "player_animator_3rd": "tacz:pistol_default.player_animation",
  "transform": {
    "scale": {
      "thirdperson": [0.6, 0.6, 0.6],
      "ground": [0.6, 0.6, 0.6],
      "fixed": [1.2, 1.2, 1.2]
    }
  },
  "muzzle_flash": {
    "texture": "ex:flash/crimson_soul",
    "scale": 0.75
  },
  "ammo": {
    "tracer_color": "#990000"
  },
  "sounds": {
    "draw": "ex:hotek/hotek_draw",
    "put_away": "ex:hotek/hotek_put_away",
    "shoot": "ex:hotek/hotek_shoot",
    "shoot_3p": "ex:hotek/hotek_shoot_3p",
    "head_hit": "ex:hitmark",
    "flesh_hit": "ex:hitmark",
    "kill": "ex:hotek/hotek_eliminate",
    "melee_push": "ex:inspect/ping",
    "melee_stock": "ex:inspect/ping"
  },
  "offhand_show": {
    "pos": [4, 13, -1],
    "rotate": [-90, -35, 90],
    "scale": [0.5, 0.5, 0.5]
  },
  "hotbar_show": {
    "0": {
      "pos": [-5, 13, -1],
      "rotate": [-90, -35, 90],
      "scale": [0.5, 0.5, 0.5]
    }
  }
}