{
  "model": "ex:gun/judgement_geo",
  "texture": "ex:gun/uv/judgement",
  "hud": "ex:gun/hud/spas12",
  "slot": "ex:gun/slot/judgement",
  "animation": "ex:spas12",
  "state_machine": "tacz:m870_state_machine",
  "state_machine_param": {
    "bolt_shell_ejecting_time": 0.17,
    "intro_shell_ejecting_time": 0.4
  },
  "use_default_animation": "rifle",
  "third_person_animation": "default",
  "player_animator_3rd": "tacz:rifle_default.player_animation",
  "transform": {
    "scale": {
      "thirdperson": [0.7, 0.7, 0.7],
      "ground": [0.6, 0.6, 0.6],
      "fixed": [1.2, 1.2, 1.2]
    }
  },
  "muzzle_flash": {
    "texture": "ex:flash/stygian",
    "scale": 2.75
  },
  "iron_zoom": 1.2,
  "shell": {
    "initial_velocity": [5, 0.5, 1],
    "random_velocity": [1, 0.5, 0.25],
    "acceleration": [0.0, -10, 0.0],
    "angular_velocity": [360, -960, 90],
    "living_time": 1.0
  },
  "sounds": {
    "draw": "ex:spas12/spas12_draw",
    "put_away": "ex:spas12/spas12_drop",
    "shoot": "ex:spas12/spas12_shoot",
    "shoot_3p": "ex:spas12/spas12_shoot",
    "silence": "ex:spas12/spas12_silence",
    "silence_3p": "ex:spas12/spas12_silence",
    "head_hit": "ex:mw_hit",
    "flesh_hit": "ex:mw_hit",
    "kill": "ex:spas12/judgement",
    "melee_push": "tacz:melee_stock/melee_stock_02",
    "melee_stock": "tacz:melee_stock/melee_stock_03"
  },
  "offhand_show": {
    "pos": [1, 20, 3.5],
    "rotate": [0, 0, 60],
    "scale": [0.5, 0.5, 0.5]
  },
  "hotbar_show": {
    "0": {
      "pos": [-1, 20, 3],
      "rotate": [-180, 0, 120],
      "scale": [0.5, 0.5, 0.5]
    }
  },
  "controllable": {
    "semi": {
      "low_frequency": 0.25,
      "high_frequency": 0.5,
      "time": 100
    }
  }
}