{
  "model": "ex:gun/m95_geo",
  "texture": "ex:gun/uv/m95",
  "hud": "ex:gun/hud/m95",
  "slot": "ex:gun/slot/m95",
  "animation": "ex:m95",
  "use_default_animation": "rifle",
  "transform": {
    "scale": {
      "thirdperson": [0.6, 0.6, 0.6],
      "ground": [0.6, 0.6, 0.6],
      "fixed": [1.2, 1.2, 1.2]
    }
  },
  "muzzle_flash": {
    "texture": "ex:flash/crimson_soul",
    "scale": 4
  },
  "sounds": {
    "draw": "ex:m95/m95_draw",
    "put_away": "ex:m95/m95_put_away",
    "shoot": "ex:m95/m95_shoot",
    "shoot_3p": "ex:m95/m95_shoot",
    "silence": "tacz:m107/m107_silence",
    "silence_3p": "tacz:m107/m107_silence_3p",
    "head_hit": "ex:mw_hit",
    "flesh_hit": "ex:mw_hit",
    "kill": "ex:crack",
    "melee_push": "tacz:melee_stock/melee_stock_02",
    "melee_stock": "tacz:melee_stock/melee_stock_03"
  },
  "offhand_show": {
    "pos": [0, 20, 4],
    "rotate": [0, 0, 30],
    "scale": [0.5, 0.5, 0.5]
  },
  "hotbar_show": {
    "0": {
      "pos": [-4, 24, 3],
      "rotate": [-90, -5, -90],
      "scale": [0.5, 0.5, 0.5]
    }
  },
  "controllable": {
    "semi": {
      "low_frequency": 1,
      "high_frequency": 1,
      "time": 200
    }
  }
}