{
  "model": "ex:gun/mp5_geo",
  "texture": "ex:gun/uv/mp5",
  "hud": "ex:gun/hud/mp5",
  "slot": "ex:gun/slot/mp5",
  "animation": "ex:mp5",
  "use_default_animation": "rifle",
  "third_person_animation": "default",
  "transform": {
    "scale": {
      "thirdperson": [0.6, 0.6, 0.6],
      "ground": [0.6, 0.6, 0.6],
      "fixed": [1.2, 1.2, 1.2]
    }
  },
  "muzzle_flash": {
    "texture": "tacz:flash/common_muzzle_flash",
    "scale": 0.1
  },
  "shell": {
    "initial_velocity": [5, 2, 1],
    "random_velocity": [1, 1, 0.25],
    "acceleration": [0.0, -10, 0.0],
    "angular_velocity": [360, -1200, 90],
    "living_time": 1.0
  },
  "sounds": {
    "draw": "ex:mp5/mp5_draw",
    "put_away": "ex:mp5/mp5_put_away",
    "shoot": "ex:mp5/mp5_silence",
    "shoot_3p": "ex:mp5/mp5_silence",
    "silence": "ex:mp5/mp5_silence",
    "silence_3p": "ex:mp5/mp5_silence",
    "head_hit": "ex:hitmark",
    "flesh_hit": "ex:hitmark",
    "kill": "ex:kill",
    "melee_push": "tacz:melee_stock/melee_stock_02",
    "melee_stock": "tacz:melee_stock/melee_stock_03"
  },
  "offhand_show": {
    "pos": [1, 20, 4],
    "rotate": [0, 0, 45],
    "scale": [0.5, 0.5, 0.5]
  },
  "hotbar_show": {
    "0": {
    "pos": [1, 16, -2],
    "rotate": [0, 0, 20],
    "scale": [0.5, 0.5, 0.5]
    }
  }
}