{
  "model": "ex:gun/noir_geo",
  "texture": "ex:gun/uv/noir",
  "hud": "ex:gun/hud/noir",
  "slot": "ex:gun/slot/noir",
  "animation": "ex:noir",
  "use_default_animation": "rifle",
  "third_person_animation": "default",
  "transform": {
    "scale": {
      "thirdperson": [0.6, 0.6, 0.6],
      "ground": [0.6, 0.6, 0.6],
      "fixed": [1.2, 1.2, 1.2]
    }
  },
  "muzzle_flash": {
    "texture": "ex:flash/crimson_soul",
    "scale": 1.125
  },
  "shell": {
    "initial_velocity": [5, 2, 1],
    "random_velocity": [1, 1, 0.25],
    "acceleration": [0.0, -10, 0.0],
    "angular_velocity": [360, -1200, 90],
    "living_time": 1.0
  },
  "ammo": {
    "tracer_color": "#990000",
    "particle": {
      "name": "mycelium",
      "delta": [
        0,
        0,
        0
      ],
      "speed": 0.0,
      "life_time": 50,
      "count": 1.125
    }
  },
  "sounds": {
    "shoot": "ex:noir/noir_shoot",
    "shoot_3p": "ex:noir/noir_shoot",
    "draw": "ex:noir/noir_draw",
    "put_away": "ex:noir/noir_put_away",
    "silence": "ex:noir/noir_silenced",
    "silence_3p": "ex:noir/noir_silenced",
    "head_hit": "ex:hitmark",
    "flesh_hit": "ex:hitmark",
    "kill": "ex:noir/noir_eliminate",
    "melee_push": "tacz:melee_stock/melee_stock_02",
    "melee_stock": "tacz:melee_stock/melee_stock_03"
  },
  "offhand_show": {
    "pos": [1, 19, 4],
    "rotate": [0, 0, 50],
    "scale": [0.5, 0.5, 0.5]
  },
  "hotbar_show": {
    "0": {
      "pos": [-1, 19, 3],
      "rotate": [-180, 0, 130],
      "scale": [0.5, 0.5, 0.5]
    }
  }
}