{
  "model": "ex:gun/revolt_geo",
  "texture": "ex:gun/uv/revolt",
  "hud": "ex:gun/hud/revolt",
  "slot": "ex:gun/slot/revolt",
  "animation": "ex:revolt",
  "use_default_animation": "rifle",
  "transform": {
    "scale": {
      "thirdperson": [0.6, 0.6, 0.6],
      "ground": [0.6, 0.6, 0.6],
      "fixed": [1.2, 1.2, 1.2]
    }
  },
  "muzzle_flash": {
    "texture": "ex:flash/electric_muzzle_flash",
    "scale": 2
  },
  "sounds": {
    "draw": "ex:revolt/revolt_draw",
    "put_away": "ex:revolt/revolt_drop",
    "shoot": "ex:revolt/revolt_skyshatter",
    "shoot_3p": "ex:revolt/revolt_skyshatter_3p",
    "kill": "ex:kill",
    "melee_push": "tacz:melee_stock/melee_stock_02",
    "melee_stock": "tacz:melee_stock/melee_stock_03"
  },
  "offhand_show": {
    "pos": [0, 20, 4],
    "rotate": [0, 0, 30],
    "scale": [0.5, 0.5, 0.5]
  },
  "hotbar_show": {
    "0": {
      "pos": [-4, 24, 3],
      "rotate": [-90, -5, -90],
      "scale": [0.5, 0.5, 0.5]
    }
  },
  "controllable": {
    "semi": {
      "low_frequency": 1,
      "high_frequency": 1,
      "time": 200
    }
  }
}