{
  "model": "ex:gun/ronin_geo",
  "texture": "ex:gun/uv/ronin",
  "hud": "ex:gun/hud/ronin",
  "slot": "ex:gun/slot/ronin",
  "animation": "ex:ronin",
  "use_default_animation": "rifle",
  "third_person_animation": "default",
  "transform": {
    "scale": {
      "thirdperson": [0.6, 0.6, 0.6],
      "ground": [0.6, 0.6, 0.6],
      "fixed": [1.2, 1.2, 1.2]
    }
  },
  "muzzle_flash": {
    "texture": "ex:flash/common_muzzle_red",
    "scale": 1.125
  },
  "iron_zoom": 1.2,
  "zoom_model_fov": 60,
  "shell": {
    "initial_velocity": [5, 2, 1],
    "random_velocity": [1, 1, 0.25],
    "acceleration": [0.0, -10, 0.0],
    "angular_velocity": [360, -1200, 90],
    "living_time": 1.0
  },
  "ammo": {
    "tracer_color": "#990000",
    "particle": {
      "name": "mycelium",
      "delta": [
        0,
        0,
        0
      ],
      "speed": 0.0,
      "life_time": 50,
      "count": 1.125
    }
  },
  "sounds": {
    "draw": "ex:ronin/ronin_draw",
    "put_away": "ex:ronin/ronin_put_away",
    "shoot": "ex:ronin/ronin_shoot",
    "shoot_3p": "ex:ronin/ronin_shoot_3p",
    "silence": "ex:ronin/ronin_silenced",
    "silence_3p": "ex:ronin/ronin_silenced_3p",
    "head_hit": "ex:hitmark",
    "flesh_hit": "ex:hitmark",
    "kill": "ex:kill",
    "melee_push": "tacz:melee_stock/melee_stock_02",
    "melee_stock": "tacz:melee_stock/melee_stock_03"
  },
  "offhand_show": {
    "pos": [0, 19, 4],
    "rotate": [0, 0, 60],
    "scale": [0.5, 0.5, 0.5]
  },
  "hotbar_show": {
    "0": {
      "pos": [0, 19, 3],
      "rotate": [-180, 0, 120],
      "scale": [0.5, 0.5, 0.5]
    }
  }
}