{
  "model": "ex:gun/rytec_geo",
  "texture": "ex:gun/uv/rytec",
  "hud": "ex:gun/hud/rytec",
  "slot": "ex:gun/slot/rytec",
  "animation": "ex:rytec",
  "use_default_animation": "rifle",
  "transform": {
    "scale": {
      "thirdperson": [0.6, 0.6, 0.6],
      "ground": [0.6, 0.6, 0.6],
      "fixed": [1.2, 1.2, 1.2]
    }
  },
  "muzzle_flash": {
    "texture": "ex:flash/electric_muzzle_flash",
    "scale": 0.0
  },
  "shell": {
    "initial_velocity": [6.5, 1, -2.5],
    "random_velocity": [1, 1, 0.25],
    "acceleration": [0.0, -10, 0.0],
    "angular_velocity": [240, -1200, 90],
    "living_time": 1.0
  },
  "sounds": {
    "shoot": "ex:rytec/rytec_shoot",
    "shoot_3p": "ex:rytec/rytec_shoot",
    "draw": "ex:rytec/rytec_draw",
    "head_hit": "ex:hitmark",
    "flesh_hit": "ex:hitmark",
    "kill": "ex:crack",
    "melee_push": "ex:inspect/ping",
    "melee_stock": "ex:inspect/ping"
  },
  "offhand_show": {
    "pos": [0, 20, 4],
    "rotate": [0, 0, 30],
    "scale": [0.5, 0.5, 0.5]
  },
  "hotbar_show": {
    "0": {
      "pos": [-4, 24, 3],
      "rotate": [-90, -5, -90],
      "scale": [0.5, 0.5, 0.5]
    }
  },
  "controllable": {
    "semi": {
      "low_frequency": 1,
      "high_frequency": 1,
      "time": 200
    }
  }
}