{
  "model": "ex:gun/stygian_geo",
  "texture": "ex:gun/uv/stygian",
  "hud": "ex:gun/hud/stygian",
  "slot": "ex:gun/slot/stygian",
  "animation": "ex:stygian",
  "use_default_animation": "pistol",
  "player_animator_3rd": "tacz:pistol_default.player_animation",
  "transform": {
    "scale": {
      "thirdperson": [0.6, 0.6, 0.6],
      "ground": [0.6, 0.6, 0.6],
      "fixed": [1.2, 1.2, 1.2]
    }
  },
  "shell": {
    "initial_velocity": [8.0, 5.0, -0.5],
    "random_velocity": [2.5, 1.5, 0.25],
    "acceleration": [0.0, -20, 0.0],
    "angular_velocity": [720, -1280, 90],
    "living_time": 1.0
  },
  "muzzle_flash": {
    "texture": "ex:flash/stygian",
    "scale": 1.5
  },
  "sounds": {
    "draw": "ex:hotek/hotek_draw",
    "shoot": "ex:stygian/stygian_shoot",
    "shoot_3p": "ex:stygian/stygian_shoot",
    "silence": "ex:stygian/stygian_silenced",
    "silence_3p": "ex:stygian/stygian_silenced",
    "head_hit": "ex:hitmark",
    "flesh_hit": "ex:hitmark",
    "kill": "ex:kill",
    "melee_push": "ex:inspect/ping",
    "melee_stock": "ex:inspect/ping"
  },
  "offhand_show": {
    "pos": [4, 13, -2],
    "rotate": [-90, -35, 90],
    "scale": [0.5, 0.5, 0.5]
  },
  "hotbar_show": {
    "0": {
      "pos": [-5, 13, -2],
      "rotate": [-90, -35, 90],
      "scale": [0.5, 0.5, 0.5]
    }
  },
  "controllable": {
    "semi": {
      "low_frequency": 1,
      "high_frequency": 1,
      "time": 200
    }
  }
}