{
  "model": "ex:gun/ultra_geo",
  "texture": "ex:gun/uv/ultra",
  "hud": "ex:gun/hud/ultra",
  "slot": "ex:gun/slot/ultra",
  "animation": "ex:ultra",
  "use_default_animation": "rifle",
  "third_person_animation": "default",
  "transform": {
    "scale": {
      "thirdperson": [0.6, 0.6, 0.6],
      "ground": [0.6, 0.6, 0.6],
      "fixed": [1.2, 1.2, 1.2]
    }
  },
  "muzzle_flash": {
    "texture": "ex:flash/stygian",
    "scale": 1.25
  },
  "shell": {
    "initial_velocity": [5, 2, 1],
    "random_velocity": [1, 1, 0.25],
    "acceleration": [0.0, -10, 0.0],
    "angular_velocity": [360, -1200, 90],
    "living_time": 1.0
  },
  "sounds": {
    "shoot": "ex:ultra/ultra_shoot",
    "shoot_3p": "ex:ultra/ultra_shoot",
    "silence": "ex:ultra/ultra_silenced",
    "silence_3p": "ex:ultra/ultra_silenced",
    "head_hit": "ex:crack",
    "flesh_hit": "ex:hitmark",
    "kill": "ex:kill",
    "melee_push": "tacz:melee_stock/melee_stock_02",
    "melee_stock": "tacz:melee_stock/melee_stock_03"
  },
  "offhand_show": {
    "pos": [0, 19, 4],
    "rotate": [0, 0, 60],
    "scale": [0.5, 0.5, 0.5]
  },
  "hotbar_show": {
    "0": {
      "pos": [0, 19, 3],
      "rotate": [-180, 0, 120],
      "scale": [0.5, 0.5, 0.5]
    }
  }
}