{
  "model": "ex:gun/wraith_geo",
  "texture": "ex:gun/uv/wraith",
  "hud": "ex:gun/hud/wraith",
  "slot": "ex:gun/slot/wraith",
  "animation": "ex:wraith",
  "use_default_animation": "rifle",
  "third_person_animation": "default",
  "transform": {
    "scale": {
      "thirdperson": [0.6, 0.6, 0.6],
      "ground": [0.6, 0.6, 0.6],
      "fixed": [1.2, 1.2, 1.2]
    }
  },
  "muzzle_flash": {
    "texture": "ex:flash/crimson",
    "scale": 0.1
  },
  "shell": {
    "initial_velocity": [5, 2, 1],
    "random_velocity": [1, 1, 0.25],
    "acceleration": [0.0, -10, 0.0],
    "angular_velocity": [360, -1200, 90],
    "living_time": 1.0
  },
  "ammo": {
    "tracer_color": "#990000",
    "particle": {
      "name": "crimson_spore",
      "delta": [
        0,
        0,
        0
      ],
      "speed": 0.0,
      "life_time": 30,
      "count": 1.125
    }
  },
  "sounds": {
    "draw": "ex:wraith/wraith_draw",
    "put_away": "ex:wraith/wraith_put_away",
    "shoot": "ex:wraith/wraith_shoot",
    "shoot_3p": "ex:wraith/wraith_shoot",
    "silence": "ex:wraith/wraith_shoot",
    "silence_3p": "ex:wraith/wraith_shoot",
    "head_hit": "ex:hitmark",
    "flesh_hit": "ex:hitmark",
    "kill": "ex:kill",
    "melee_push": "tacz:melee_stock/melee_stock_02",
    "melee_stock": "tacz:melee_stock/melee_stock_03"
  },
  "offhand_show": {
    "pos": [1, 19, 4],
    "rotate": [0, 0, 30],
    "scale": [0.5, 0.5, 0.5]
  },
  "hotbar_show": {
    "0": {
    "pos": [1, 16, -2],
    "rotate": [0, 0, 20],
    "scale": [0.5, 0.5, 0.5]
    }
  }
}