{
  "gun": {
    "shootWhileSprinting": false,
    "sprintWhileReloading": true,
    "reloadWhileShooting": false,
    "reloadDiscardsMagazine": false,
    "allowUnload": true,
    "cancelInspection": false,
    "disableBulletCulling": true
  },
  "modifiers": {
    "damage": {
      "addend": 0.0,
      "multiplier": 1.0,
      "function": ""
    },
    "playerDamage": {
      "addend": 0.0,
      "multiplier": 1.0,
      "function": ""
    },
    "headshot": {
      "addend": 0.0,
      "multiplier": 1.0,
      "function": ""
    },
    "playerHeadshot": {
      "addend": 0.0,
      "multiplier": 1.0,
      "function": ""
    },
    "armorIgnore": {
      "addend": 0.0,
      "multiplier": 1.0,
      "function": ""
    },
    "speed": {
      "addend": 0.0,
      "multiplier": 1.0,
      "function": ""
    },
    "gravity": {
      "addend": 0.0,
      "multiplier": 1.0,
      "function": ""
    },
    "friction": {
      "addend": 0.0,
      "multiplier": 1.0,
      "function": ""
    },
    "inaccuracy": {
      "addend": 0.0,
      "multiplier": 1.0,
      "function": ""
    },
    "aimInaccuracy": {
      "addend": 0.0,
      "multiplier": 1.0,
      "function": ""
    },
    "rpm": {
      "addend": 0.0,
      "multiplier": 1.0,
      "function": ""
    },
    "verticalRecoil": {
      "addend": 0.0,
      "multiplier": 1.0,
      "function": ""
    },
    "horizontalRecoil": {
      "addend": 0.0,
      "multiplier": 1.0,
      "function": ""
    }
  },
  "crawl": {
    "enabled": false,
    "pitchUpperLimit": 25.0,
    "pitchLowerLimit": -10.0,
    "dynamicPitchLimit": false,
    "visualTweak": true
  },
  "compat": {
    "firstAidCompat": false,
    "lsoCompat": false,
    "vsCollisionCompat": false,
    "vsExplosionCompat": false,
    "mtsFix": false
  },
  "tweaks": {
    "forceFirstPersonShootingSound": true,
    "betterMonoConversion": true,
    "endermenEvadeBullets": false,
    "alwaysFilterByHand": false,
    "suppressHeadHitSounds": false,
    "suppressFleshHitSounds": false,
    "suppressKillSounds": false,
    "hideHitMarkers": false
  },
  "debug": {
    "bulletInteractions": false,
    "bulletParticles": false,
    "bulletSounds": false,
    "meleeInteractions": false
  }
}