{
  "materials": [

    {
      "item": {
        "tag": "forge:ingots/iron"
      },
      "count": 30
    },
    {
      "item": {
        "item": "minecraft:redstone"
      },
      "count": 30
    },
    {
      "item": {
        "tag": "forge:gunpowder"
      },
      "count": 30
    },
    {
      "item": {
        "tag": "forge:ingots/copper"
      },
      "count": 20
    }
  ],
  "result": {
    "type": "ammo",
    "id": "ex:drgn_rnd",
    "count": 28
  },
  "type": "tacz:gun_smith_table_crafting"
}