{
  "materials": [

    {
      "item": {
        "tag": "forge:ingots/iron"
      },
      "count": 30
    },
    {
      "item": {
        "tag": "forge:gems/lapis"
      },
      "count": 30
    },
    {
      "item": {
        "tag": "forge:gunpowder"
      },
      "count": 30
    },
    {
      "item": {
        "tag": "forge:gems/diamond"
      },
      "count": 15
    },
    {
      "item": {
        "tag": "forge:rods/blaze"
      },
      "count": 16
    }
  ],
  "result": {
    "type": "ammo",
    "id": "ex:zphyr_rnd",
    "count": 18
  },
  "type": "tacz:gun_smith_table_crafting"
}