{
	"format_version": "1.12.0",
	"minecraft:geometry": [
		{
			"description": {
				"identifier": "geometry.Doom",
				"texture_width": 128,
				"texture_height": 128,
				"visible_bounds_width": 5,
				"visible_bounds_height": 4,
				"visible_bounds_offset": [0, 1, 0]
			},
			"bones": [
				{
					"name": "root",
					"pivot": [0, 7, 6.225]
				},
				{
					"name": "Db",
					"parent": "root",
					"pivot": [0, 7, 6.625]
				},
				{
					"name": "constraint",
					"parent": "Db",
					"pivot": [0, 10.025, -7.925]
				},
				{
					"name": "rightHand",
					"parent": "Db",
					"pivot": [6, 19, 8]
				},
				{
					"name": "righthand_pos",
					"parent": "rightHand",
					"pivot": [0, 8, 8],
					"cubes": [
						{
							"origin": [4, 8, 6],
							"size": [3, 12, 4],
							"uv": {
								"north": {"uv": [0, 0], "uv_size": [4, 12]},
								"east": {"uv": [4, 0], "uv_size": [4, 12]},
								"south": {"uv": [8, 0], "uv_size": [4, 12]},
								"west": {"uv": [0, 12], "uv_size": [4, 12]},
								"up": {"uv": [12, 0], "uv_size": [4, 4]},
								"down": {"uv": [4, 16], "uv_size": [4, -4]}
							}
						}
					]
				},
				{
					"name": "rear_part",
					"parent": "Db",
					"pivot": [0, 7.78125, 0.8875]
				},
				{
					"name": "rear_steel",
					"parent": "rear_part",
					"pivot": [0, 8.03125, 0.89063],
					"cubes": [
						{
							"origin": [-0.90625, 7.15625, 0.8125],
							"size": [1.8125, 1.25, 3.6875],
							"uv": {
								"east": {"uv": [53, 53], "uv_size": [3.5, 1.5]},
								"south": {"uv": [22, 64], "uv_size": [2, 1.5]},
								"west": {"uv": [54, 17], "uv_size": [3.5, 1.5]},
								"up": {"uv": [27, 6], "uv_size": [2, 3.5]},
								"down": {"uv": [9, 30.5], "uv_size": [2, -3.5]}
							}
						},
						{
							"origin": [-0.90625, 8.40625, 3.3125],
							"size": [1.8125, 0.90625, 0.9375],
							"uv": {
								"east": {"uv": [0, 80], "uv_size": [1, 1]},
								"south": {"uv": [71, 62], "uv_size": [2, 1]},
								"west": {"uv": [80, 23], "uv_size": [1, 1]}
							}
						},
						{
							"origin": [-2.15996, 8.82858, 3],
							"size": [0.58248, 0.46875, 0.3125],
							"inflate": 0.001,
							"pivot": [0, 5.84161, 0.16073],
							"rotation": [0, 0, 45],
							"uv": {
								"north": {"uv": [90, 18], "uv_size": [0.5, 0.5]},
								"south": {"uv": [90, 22], "uv_size": [0.5, 0.5]},
								"up": {"uv": [90, 24], "uv_size": [0.5, 0.5]}
							}
						},
						{
							"origin": [-1.63434, 8.30297, 3],
							"size": [0.46875, 0.58248, 0.3125],
							"inflate": 0.001,
							"pivot": [0, 5.84161, 0.16073],
							"rotation": [0, 0, 45],
							"uv": {
								"north": {"uv": [25, 90], "uv_size": [0.5, 0.5]},
								"south": {"uv": [33, 90], "uv_size": [0.5, 0.5]},
								"west": {"uv": [90, 34], "uv_size": [0.5, 0.5]}
							}
						},
						{
							"origin": [1.57748, 8.82858, 3],
							"size": [0.58248, 0.46875, 0.3125],
							"inflate": 0.001,
							"pivot": [0, 5.84161, 0.16073],
							"rotation": [0, 0, -45],
							"uv": {
								"north": {"uv": [35, 90], "uv_size": [0.5, 0.5]},
								"south": {"uv": [90, 36], "uv_size": [0.5, 0.5]},
								"up": {"uv": [37, 90], "uv_size": [0.5, 0.5]}
							}
						},
						{
							"origin": [-0.91624, 8.40625, 3],
							"size": [1.83248, 1.40625, 0.3125],
							"uv": {
								"north": {"uv": [46, 64], "uv_size": [2, 1.5]},
								"up": {"uv": [80, 27], "uv_size": [2, 0.5]},
								"down": {"uv": [31, 80.5], "uv_size": [2, -0.5]}
							}
						},
						{
							"origin": [0.29687, 9.375, 3.75],
							"size": [0.125, 0.375, 0.125],
							"uv": {
								"east": {"uv": [96, 60], "uv_size": [0.5, 0.5]},
								"south": {"uv": [61, 96], "uv_size": [0.5, 0.5]},
								"west": {"uv": [63, 96], "uv_size": [0.5, 0.5]},
								"up": {"uv": [96, 64], "uv_size": [0.5, 0.5]}
							}
						},
						{
							"origin": [-0.42188, 9.375, 3.75],
							"size": [0.125, 0.375, 0.125],
							"uv": {
								"east": {"uv": [97, 12], "uv_size": [0.5, 0.5]},
								"south": {"uv": [97, 14], "uv_size": [0.5, 0.5]},
								"west": {"uv": [97, 16], "uv_size": [0.5, 0.5]},
								"up": {"uv": [18, 97], "uv_size": [0.5, 0.5]}
							}
						},
						{
							"origin": [-2.33534, 9.375, 2.51123],
							"size": [0.5, 0.375, 0.5],
							"pivot": [0, 5.84161, 0.16073],
							"rotation": [0, 45, 0],
							"uv": {
								"north": {"uv": [73, 96], "uv_size": [0.5, 0.5]},
								"east": {"uv": [75, 96], "uv_size": [0.5, 0.5]},
								"south": {"uv": [77, 96], "uv_size": [0.5, 0.5]},
								"west": {"uv": [79, 96], "uv_size": [0.5, 0.5]},
								"up": {"uv": [81, 96], "uv_size": [0.5, 0.5]},
								"down": {"uv": [96, 82.5], "uv_size": [0.5, -0.5]}
							}
						},
						{
							"origin": [1.83534, 9.375, 2.51123],
							"size": [0.5, 0.375, 0.5],
							"pivot": [0, 5.84161, 0.16073],
							"rotation": [0, -45, 0],
							"uv": {
								"north": {"uv": [6, 97], "uv_size": [0.5, 0.5]},
								"east": {"uv": [97, 6], "uv_size": [0.5, 0.5]},
								"south": {"uv": [8, 97], "uv_size": [0.5, 0.5]},
								"west": {"uv": [97, 8], "uv_size": [0.5, 0.5]},
								"up": {"uv": [10, 97], "uv_size": [0.5, 0.5]},
								"down": {"uv": [97, 10.5], "uv_size": [0.5, -0.5]}
							}
						},
						{
							"origin": [-0.1875, 9.375, 3.375],
							"size": [0.375, 0.375, 0.25],
							"uv": {
								"south": {"uv": [69, 96], "uv_size": [0.5, 0.5]},
								"up": {"uv": [71, 96], "uv_size": [0.5, 0.5]}
							}
						},
						{
							"origin": [0.29687, 10.51883, -2.02877],
							"size": [0.125, 0.25, 0.375],
							"pivot": [0, 5.84161, 0.16073],
							"rotation": [-67.5, 0, 0],
							"uv": {
								"north": {"uv": [88, 96], "uv_size": [0.5, 0.5]},
								"east": {"uv": [93, 96], "uv_size": [0.5, 0.5]},
								"south": {"uv": [95, 96], "uv_size": [0.5, 0.5]},
								"west": {"uv": [0, 97], "uv_size": [0.5, 0.5]},
								"up": {"uv": [97, 0], "uv_size": [0.5, 0.5]},
								"down": {"uv": [4, 97.5], "uv_size": [0.5, -0.5]}
							}
						},
						{
							"origin": [-0.42188, 10.51883, -2.02877],
							"size": [0.125, 0.25, 0.375],
							"pivot": [0, 5.84161, 0.16073],
							"rotation": [-67.5, 0, 0],
							"uv": {
								"north": {"uv": [20, 97], "uv_size": [0.5, 0.5]},
								"east": {"uv": [97, 20], "uv_size": [0.5, 0.5]},
								"south": {"uv": [22, 97], "uv_size": [0.5, 0.5]},
								"west": {"uv": [26, 97], "uv_size": [0.5, 0.5]},
								"up": {"uv": [97, 26], "uv_size": [0.5, 0.5]},
								"down": {"uv": [28, 97.5], "uv_size": [0.5, -0.5]}
							}
						},
						{
							"origin": [1.16559, 8.30297, 3],
							"size": [0.46875, 0.58248, 0.3125],
							"inflate": 0.001,
							"pivot": [0, 5.84161, 0.16073],
							"rotation": [0, 0, -45],
							"uv": {
								"north": {"uv": [46, 90], "uv_size": [0.5, 0.5]},
								"east": {"uv": [48, 90], "uv_size": [0.5, 0.5]},
								"south": {"uv": [50, 90], "uv_size": [0.5, 0.5]}
							}
						},
						{
							"origin": [-1.32813, 8.81813, 3],
							"size": [2.65625, 0.58249, 0.3125],
							"uv": {
								"north": {"uv": [77, 70], "uv_size": [2.5, 0.5]},
								"east": {"uv": [90, 52], "uv_size": [0.5, 0.5]},
								"west": {"uv": [55, 90], "uv_size": [0.5, 0.5]}
							}
						},
						{
							"origin": [-2.43316, 8.81813, 2.56433],
							"size": [0.46875, 0.58249, 0.3125],
							"pivot": [0, 5.84161, 0.16073],
							"rotation": [0, 22.5, 0],
							"uv": {
								"east": {"uv": [57, 90], "uv_size": [0.5, 0.5]},
								"up": {"uv": [90, 58], "uv_size": [0.5, 0.5]},
								"down": {"uv": [59, 90.5], "uv_size": [0.5, -0.5]}
							}
						},
						{
							"origin": [-3.28736, 8.81813, 1.73895],
							"size": [0.46875, 0.58249, 0.3125],
							"pivot": [0, 5.84161, 0.16073],
							"rotation": [0, 45, 0],
							"uv": {
								"east": {"uv": [90, 60], "uv_size": [0.5, 0.5]},
								"south": {"uv": [61, 90], "uv_size": [0.5, 0.5]},
								"up": {"uv": [63, 90], "uv_size": [0.5, 0.5]},
								"down": {"uv": [90, 64.5], "uv_size": [0.5, -0.5]}
							}
						},
						{
							"origin": [-3.76067, 8.81813, 0.64951],
							"size": [0.46875, 0.58249, 0.07813],
							"pivot": [0, 5.84161, 0.16073],
							"rotation": [0, 67.5, 0],
							"uv": {
								"north": {"uv": [65, 90], "uv_size": [0.5, 0.5]},
								"east": {"uv": [71, 90], "uv_size": [0.5, 0.5]},
								"south": {"uv": [73, 90], "uv_size": [0.5, 0.5]},
								"west": {"uv": [75, 90], "uv_size": [0.5, 0.5]},
								"up": {"uv": [77, 90], "uv_size": [0.5, 0.5]},
								"down": {"uv": [79, 90.5], "uv_size": [0.5, -0.5]}
							}
						},
						{
							"origin": [-0.91624, 10.24762, 1.55299],
							"size": [1.83248, 0.46875, 0.3125],
							"pivot": [0, 5.84161, 0.16073],
							"rotation": [-22.5, 0, 0],
							"uv": {
								"east": {"uv": [81, 90], "uv_size": [0.5, 0.5]},
								"west": {"uv": [83, 90], "uv_size": [0.5, 0.5]},
								"up": {"uv": [80, 36], "uv_size": [2, 0.5]},
								"down": {"uv": [80, 38.5], "uv_size": [2, -0.5]}
							}
						},
						{
							"origin": [-0.91624, 10.52893, -0.12977],
							"size": [1.83248, 0.46875, 0.3125],
							"pivot": [0, 5.84161, 0.16073],
							"rotation": [-45, 0, 0],
							"uv": {
								"east": {"uv": [90, 83], "uv_size": [0.5, 0.5]},
								"south": {"uv": [80, 54], "uv_size": [2, 0.5]},
								"west": {"uv": [89, 90], "uv_size": [0.5, 0.5]},
								"up": {"uv": [58, 80], "uv_size": [2, 0.5]},
								"down": {"uv": [80, 60.5], "uv_size": [2, -0.5]}
							}
						},
						{
							"origin": [3.29192, 8.81813, 0.64951],
							"size": [0.46875, 0.58249, 0.07813],
							"pivot": [0, 5.84161, 0.16073],
							"rotation": [0, -67.5, 0],
							"uv": {
								"north": {"uv": [0, 91], "uv_size": [0.5, 0.5]},
								"east": {"uv": [91, 0], "uv_size": [0.5, 0.5]},
								"south": {"uv": [4, 91], "uv_size": [0.5, 0.5]},
								"west": {"uv": [6, 91], "uv_size": [0.5, 0.5]},
								"up": {"uv": [91, 6], "uv_size": [0.5, 0.5]},
								"down": {"uv": [8, 91.5], "uv_size": [0.5, -0.5]}
							}
						},
						{
							"origin": [1.96441, 8.81813, 2.56433],
							"size": [0.46875, 0.58249, 0.3125],
							"pivot": [0, 5.84161, 0.16073],
							"rotation": [0, -22.5, 0],
							"uv": {
								"west": {"uv": [91, 8], "uv_size": [0.5, 0.5]},
								"up": {"uv": [10, 91], "uv_size": [0.5, 0.5]},
								"down": {"uv": [91, 10.5], "uv_size": [0.5, -0.5]}
							}
						},
						{
							"origin": [2.81861, 8.81813, 1.73895],
							"size": [0.46875, 0.58249, 0.3125],
							"pivot": [0, 5.84161, 0.16073],
							"rotation": [0, -45, 0],
							"uv": {
								"south": {"uv": [91, 12], "uv_size": [0.5, 0.5]},
								"west": {"uv": [91, 14], "uv_size": [0.5, 0.5]},
								"up": {"uv": [91, 16], "uv_size": [0.5, 0.5]},
								"down": {"uv": [18, 91.5], "uv_size": [0.5, -0.5]}
							}
						},
						{
							"origin": [-0.91624, 7.0049, 4.05403],
							"size": [1.83248, 0.46875, 0.3125],
							"pivot": [0, 5.84161, 0.16073],
							"rotation": [22.5, 0, 0],
							"uv": {
								"east": {"uv": [91, 68], "uv_size": [0.5, 0.5]},
								"west": {"uv": [69, 91], "uv_size": [0.5, 0.5]},
								"up": {"uv": [81, 45], "uv_size": [2, 0.5]},
								"down": {"uv": [81, 47.5], "uv_size": [2, -0.5]}
							}
						},
						{
							"origin": [-0.91624, 3.57063, 4.24596],
							"size": [1.83248, 0.46875, 0.07813],
							"pivot": [0, 5.84161, 0.16073],
							"rotation": [67.5, 0, 0],
							"uv": {
								"north": {"uv": [51, 81], "uv_size": [2, 0.5]},
								"east": {"uv": [91, 70], "uv_size": [0.5, 0.5]},
								"south": {"uv": [61, 81], "uv_size": [2, 0.5]},
								"west": {"uv": [91, 72], "uv_size": [0.5, 0.5]},
								"up": {"uv": [64, 81], "uv_size": [2, 0.5]},
								"down": {"uv": [67, 81.5], "uv_size": [2, -0.5]}
							}
						},
						{
							"origin": [-0.91624, 5.30685, 4.49156],
							"size": [1.83248, 0.46875, 0.3125],
							"pivot": [0, 5.84161, 0.16073],
							"rotation": [45, 0, 0],
							"uv": {
								"east": {"uv": [91, 74], "uv_size": [0.5, 0.5]},
								"south": {"uv": [70, 81], "uv_size": [2, 0.5]},
								"west": {"uv": [91, 76], "uv_size": [0.5, 0.5]},
								"up": {"uv": [81, 70], "uv_size": [2, 0.5]},
								"down": {"uv": [73, 81.5], "uv_size": [2, -0.5]}
							}
						},
						{
							"origin": [-0.91539, 8.81899, 3.3125],
							"size": [1.83163, 0.58163, 0.53958],
							"uv": {
								"east": {"uv": [91, 78], "uv_size": [0.5, 0.5]},
								"south": {"uv": [76, 81], "uv_size": [2, 0.5]},
								"west": {"uv": [91, 80], "uv_size": [0.5, 0.5]},
								"up": {"uv": [81, 76], "uv_size": [2, 0.5]},
								"down": {"uv": [82, 2.5], "uv_size": [2, -0.5]}
							}
						},
						{
							"origin": [-0.90625, 10.37882, 1.67297],
							"size": [1.8125, 0.23437, 0.9375],
							"pivot": [0, 5.84161, 0.16073],
							"rotation": [-22.5, 0, 0],
							"uv": {
								"east": {"uv": [65, 86], "uv_size": [1, 0.5]},
								"west": {"uv": [77, 86], "uv_size": [1, 0.5]},
								"up": {"uv": [71, 64], "uv_size": [2, 1]}
							}
						},
						{
							"origin": [-0.375, 8.19402, 3.01702],
							"size": [0.75, 2.1875, 3.625],
							"pivot": [0, 5.84161, 0.16073],
							"rotation": [-17.5, 0, 0],
							"uv": {
								"north": {"uv": [72, 68], "uv_size": [1, 2]},
								"east": {"uv": [18, 28], "uv_size": [3.5, 2]},
								"south": {"uv": [0, 73], "uv_size": [1, 2]},
								"west": {"uv": [29, 13], "uv_size": [3.5, 2]},
								"up": {"uv": [18, 64], "uv_size": [1, 3.5]},
								"down": {"uv": [20, 67.5], "uv_size": [1, -3.5]}
							}
						},
						{
							"origin": [-0.125, 13.13792, 0.94824],
							"size": [0.25, 0.1875, 0.1875],
							"pivot": [0, 5.84161, 0.16073],
							"rotation": [-62.5, 0, 0],
							"uv": {
								"north": {"uv": [42, 95], "uv_size": [0.5, 0.5]},
								"east": {"uv": [95, 42], "uv_size": [0.5, 0.5]},
								"west": {"uv": [95, 44], "uv_size": [0.5, 0.5]},
								"up": {"uv": [95, 46], "uv_size": [0.5, 0.5]},
								"down": {"uv": [95, 48.5], "uv_size": [0.5, -0.5]}
							}
						},
						{
							"origin": [-0.125, 10.25652, 5.64202],
							"size": [0.25, 0.1875, 1],
							"pivot": [0, 5.84161, 0.16073],
							"rotation": [-17.5, 0, 0],
							"uv": {
								"north": {"uv": [65, 97], "uv_size": [0.5, 0.5]},
								"east": {"uv": [36, 88], "uv_size": [1, 0.5]},
								"south": {"uv": [97, 66], "uv_size": [0.5, 0.5]},
								"west": {"uv": [88, 36], "uv_size": [1, 0.5]},
								"up": {"uv": [38, 88], "uv_size": [0.5, 1]},
								"down": {"uv": [47, 89], "uv_size": [0.5, -1]}
							}
						},
						{
							"origin": [1.40099, 10.19402, 1.56171],
							"size": [1.23743, 0.1875, 1.23744],
							"inflate": -0.001,
							"pivot": [0, 5.84161, 0.16073],
							"rotation": [-24.03208, -42.406, 16.73634],
							"uv": {
								"east": {"uv": [13, 88], "uv_size": [1, 0.5]},
								"south": {"uv": [15, 88], "uv_size": [1, 0.5]},
								"west": {"uv": [17, 88], "uv_size": [1, 0.5]},
								"up": {"uv": [82, 64], "uv_size": [1, 1]},
								"down": {"uv": [82, 69], "uv_size": [1, -1]}
							}
						},
						{
							"origin": [4.3178, 8.19402, 4.47853],
							"size": [0.53033, 2.1875, 0.53033],
							"pivot": [0, 5.84161, 0.16073],
							"rotation": [-24.03208, -42.406, 16.73634],
							"uv": {
								"north": {"uv": [82, 49], "uv_size": [0.5, 2]},
								"east": {"uv": [82, 56], "uv_size": [0.5, 2]},
								"south": {"uv": [58, 82], "uv_size": [0.5, 2]},
								"west": {"uv": [82, 78], "uv_size": [0.5, 2]},
								"up": {"uv": [20, 95], "uv_size": [0.5, 0.5]},
								"down": {"uv": [95, 20.5], "uv_size": [0.5, -0.5]}
							}
						},
						{
							"origin": [-0.91624, 10.14487, -1.79209],
							"size": [1.83248, 0.46875, 0.07813],
							"pivot": [0, 5.84161, 0.16073],
							"rotation": [-67.5, 0, 0],
							"uv": {
								"north": {"uv": [8, 82], "uv_size": [2, 0.5]},
								"east": {"uv": [85, 91], "uv_size": [0.5, 0.5]},
								"south": {"uv": [11, 82], "uv_size": [2, 0.5]},
								"west": {"uv": [91, 85], "uv_size": [0.5, 0.5]},
								"up": {"uv": [14, 82], "uv_size": [2, 0.5]},
								"down": {"uv": [17, 82.5], "uv_size": [2, -0.5]}
							}
						},
						{
							"origin": [-0.90625, 7.20805, 0.69544],
							"size": [1.8125, 0.2996, 3.42442],
							"inflate": 0.001,
							"pivot": [0, 5.84161, 0.16073],
							"rotation": [-5, 0, 0],
							"uv": {
								"north": {"uv": [82, 18], "uv_size": [2, 0.5]},
								"east": {"uv": [73, 42], "uv_size": [3.5, 0.5]},
								"south": {"uv": [82, 23], "uv_size": [2, 0.5]},
								"west": {"uv": [48, 73], "uv_size": [3.5, 0.5]},
								"up": {"uv": [0, 28], "uv_size": [2, 3.5]},
								"down": {"uv": [28, 3.5], "uv_size": [2, -3.5]}
							}
						},
						{
							"origin": [-0.90625, 4.58675, 4.85503],
							"size": [1.8125, 0.375, 0.1875],
							"pivot": [0, 5.84161, 0.16073],
							"rotation": [45, 0, 0],
							"uv": {
								"east": {"uv": [93, 44], "uv_size": [0.5, 0.5]},
								"south": {"uv": [82, 25], "uv_size": [2, 0.5]},
								"west": {"uv": [93, 46], "uv_size": [0.5, 0.5]}
							}
						},
						{
							"origin": [-0.90625, 1.84368, -1.97801],
							"size": [1.8125, 0.40625, 0.1875],
							"pivot": [0, 5.84161, 0.16073],
							"rotation": [135, 0, 0],
							"uv": {
								"north": {"uv": [82, 34], "uv_size": [2, 0.5]},
								"east": {"uv": [93, 48], "uv_size": [0.5, 0.5]},
								"south": {"uv": [82, 40], "uv_size": [2, 0.5]},
								"west": {"uv": [93, 50], "uv_size": [0.5, 0.5]},
								"up": {"uv": [82, 42], "uv_size": [2, 0.5]}
							}
						},
						{
							"origin": [-0.9375, 1.88788, -1.84543],
							"size": [1.875, 0.1875, 0.1875],
							"pivot": [0, 5.84161, 0.16073],
							"rotation": [135, 0, 0],
							"uv": {
								"north": {"uv": [82, 74], "uv_size": [2, 0.5]},
								"east": {"uv": [97, 28], "uv_size": [0.5, 0.5]},
								"south": {"uv": [79, 82], "uv_size": [2, 0.5]},
								"west": {"uv": [30, 97], "uv_size": [0.5, 0.5]},
								"up": {"uv": [82, 81], "uv_size": [2, 0.5]},
								"down": {"uv": [83, 0.5], "uv_size": [2, -0.5]}
							}
						},
						{
							"origin": [-0.9375, 2.77176, -0.96155],
							"size": [1.875, 0.1875, 0.1875],
							"pivot": [0, 5.84161, 0.16073],
							"rotation": [135, 0, 0],
							"uv": {
								"north": {"uv": [2, 83], "uv_size": [2, 0.5]},
								"east": {"uv": [97, 30], "uv_size": [0.5, 0.5]},
								"south": {"uv": [83, 6], "uv_size": [2, 0.5]},
								"west": {"uv": [97, 32], "uv_size": [0.5, 0.5]},
								"up": {"uv": [83, 8], "uv_size": [2, 0.5]},
								"down": {"uv": [83, 10.5], "uv_size": [2, -0.5]}
							}
						},
						{
							"origin": [-0.90625, 7.56353, -1.19188],
							"size": [1.8125, 0.55243, 0.39063],
							"inflate": -0.001,
							"pivot": [0, 5.84161, 0.16073],
							"rotation": [-45, 0, 0],
							"uv": {
								"north": {"uv": [79, 74], "uv_size": [2, 0.5]},
								"east": {"uv": [90, 4], "uv_size": [0.5, 0.5]},
								"west": {"uv": [12, 90], "uv_size": [0.5, 0.5]}
							}
						},
						{
							"origin": [-0.90625, 7.54688, 0.42188],
							"size": [1.8125, 0.46875, 0.39062],
							"uv": {
								"north": {"uv": [51, 79], "uv_size": [2, 0.5]},
								"east": {"uv": [2, 90], "uv_size": [0.5, 0.5]},
								"west": {"uv": [90, 2], "uv_size": [0.5, 0.5]}
							}
						},
						{
							"origin": [-0.90625, 6.31033, 1.55119],
							"size": [1.8125, 0.55242, 0.39063],
							"inflate": -0.001,
							"pivot": [0, 5.84161, 0.16073],
							"rotation": [45, 0, 0],
							"uv": {
								"north": {"uv": [77, 79], "uv_size": [2, 0.5]},
								"east": {"uv": [14, 90], "uv_size": [0.5, 0.5]},
								"west": {"uv": [16, 90], "uv_size": [0.5, 0.5]}
							}
						}
					]
				},
				{
					"name": "trigger",
					"parent": "rear_steel",
					"pivot": [0, 6.88987, 3.91707],
					"cubes": [
						{
							"origin": [-0.25, 0.94073, 3.93205],
							"size": [0.5, 0.125, 0.5],
							"pivot": [0, 5.84161, 0.16073],
							"rotation": [45, 0, 0],
							"uv": {
								"east": {"uv": [51, 93], "uv_size": [0.5, 0.5]},
								"south": {"uv": [93, 54], "uv_size": [0.5, 0.5]},
								"west": {"uv": [93, 56], "uv_size": [0.5, 0.5]},
								"up": {"uv": [93, 62], "uv_size": [0.5, 0.5]},
								"down": {"uv": [66, 93.5], "uv_size": [0.5, -0.5]}
							}
						},
						{
							"origin": [-0.25, -0.64411, -0.28443],
							"size": [0.5, 0.125, 0.4375],
							"pivot": [0, 5.84161, 0.16073],
							"rotation": [90, 0, 0],
							"uv": {
								"north": {"uv": [93, 66], "uv_size": [0.5, 0.5]},
								"east": {"uv": [68, 93], "uv_size": [0.5, 0.5]},
								"south": {"uv": [93, 68], "uv_size": [0.5, 0.5]},
								"west": {"uv": [93, 70], "uv_size": [0.5, 0.5]},
								"up": {"uv": [93, 72], "uv_size": [0.5, 0.5]},
								"down": {"uv": [93, 74.5], "uv_size": [0.5, -0.5]}
							}
						},
						{
							"origin": [-0.25, 1.21348, 4.65302],
							"size": [0.5, 0.125, 0.5625],
							"pivot": [0, 5.84161, 0.16073],
							"rotation": [45, 0, 0],
							"uv": {
								"north": {"uv": [93, 76], "uv_size": [0.5, 0.5]},
								"east": {"uv": [93, 78], "uv_size": [0.5, 0.5]},
								"south": {"uv": [93, 80], "uv_size": [0.5, 0.5]},
								"west": {"uv": [93, 84], "uv_size": [0.5, 0.5]},
								"up": {"uv": [85, 93], "uv_size": [0.5, 0.5]},
								"down": {"uv": [93, 86.5], "uv_size": [0.5, -0.5]}
							}
						},
						{
							"origin": [-0.375, 7.17431, 3.91514],
							"size": [0.75, 0.125, 1.125],
							"pivot": [0, 5.84161, 0.16073],
							"rotation": [-5, 0, 0],
							"uv": {
								"north": {"uv": [2, 88], "uv_size": [1, 0.5]},
								"east": {"uv": [88, 2], "uv_size": [1, 0.5]},
								"west": {"uv": [88, 4], "uv_size": [1, 0.5]},
								"up": {"uv": [33, 82], "uv_size": [1, 1]},
								"down": {"uv": [45, 83], "uv_size": [1, -1]}
							}
						},
						{
							"origin": [-0.25, 2.75701, 5.02046],
							"size": [0.5, 0.125, 0.5],
							"pivot": [0, 5.84161, 0.16073],
							"rotation": [22.5, 0, 0],
							"uv": {
								"east": {"uv": [87, 93], "uv_size": [0.5, 0.5]},
								"west": {"uv": [93, 88], "uv_size": [0.5, 0.5]},
								"up": {"uv": [93, 90], "uv_size": [0.5, 0.5]},
								"down": {"uv": [91, 93.5], "uv_size": [0.5, -0.5]}
							}
						},
						{
							"origin": [-0.25, 4.85155, 4.83095],
							"size": [0.5, 0.125, 1],
							"uv": {
								"east": {"uv": [11, 87], "uv_size": [1, 0.5]},
								"west": {"uv": [19, 87], "uv_size": [1, 0.5]},
								"up": {"uv": [21, 87], "uv_size": [0.5, 1]},
								"down": {"uv": [23, 88], "uv_size": [0.5, -1]}
							}
						},
						{
							"origin": [-0.25, 6.71413, 4.10433],
							"size": [0.5, 0.125, 0.75],
							"pivot": [0, 5.84161, 0.16073],
							"rotation": [-22.5, 0, 0],
							"uv": {
								"east": {"uv": [87, 28], "uv_size": [1, 0.5]},
								"west": {"uv": [30, 87], "uv_size": [1, 0.5]},
								"up": {"uv": [87, 30], "uv_size": [0.5, 1]},
								"down": {"uv": [32, 88], "uv_size": [0.5, -1]}
							}
						},
						{
							"origin": [-0.25, 6.66405, 4.45595],
							"size": [0.5, 0.1875, 0.75],
							"uv": {
								"north": {"uv": [14, 94], "uv_size": [0.5, 0.5]},
								"east": {"uv": [67, 87], "uv_size": [1, 0.5]},
								"south": {"uv": [16, 94], "uv_size": [0.5, 0.5]},
								"west": {"uv": [87, 68], "uv_size": [1, 0.5]},
								"up": {"uv": [69, 87], "uv_size": [0.5, 1]},
								"down": {"uv": [87, 71], "uv_size": [0.5, -1]}
							}
						},
						{
							"origin": [-0.25, 0.85888, 0.23317],
							"size": [0.25, 0.125, 0.75],
							"pivot": [0, 5.84161, 0.16073],
							"rotation": [90, 0, 0],
							"uv": {
								"north": {"uv": [94, 18], "uv_size": [0.5, 0.5]},
								"east": {"uv": [87, 72], "uv_size": [1, 0.5]},
								"west": {"uv": [87, 74], "uv_size": [1, 0.5]},
								"up": {"uv": [87, 76], "uv_size": [0.5, 1]},
								"down": {"uv": [87, 79], "uv_size": [0.5, -1]}
							}
						},
						{
							"origin": [-0.25, 1.26589, 1.75946],
							"size": [0.25, 0.125, 0.375],
							"pivot": [0, 5.84161, 0.16073],
							"rotation": [67.5, 0, 0],
							"uv": {
								"north": {"uv": [94, 22], "uv_size": [0.5, 0.5]},
								"east": {"uv": [24, 94], "uv_size": [0.5, 0.5]},
								"south": {"uv": [94, 24], "uv_size": [0.5, 0.5]},
								"west": {"uv": [32, 94], "uv_size": [0.5, 0.5]},
								"up": {"uv": [34, 94], "uv_size": [0.5, 0.5]},
								"down": {"uv": [94, 34.5], "uv_size": [0.5, -0.5]}
							}
						},
						{
							"origin": [-0.25, 2.22601, 3.01382],
							"size": [0.25, 0.125, 0.375],
							"pivot": [0, 5.84161, 0.16073],
							"rotation": [45, 0, 0],
							"uv": {
								"north": {"uv": [36, 94], "uv_size": [0.5, 0.5]},
								"east": {"uv": [94, 36], "uv_size": [0.5, 0.5]},
								"south": {"uv": [45, 94], "uv_size": [0.5, 0.5]},
								"west": {"uv": [47, 94], "uv_size": [0.5, 0.5]},
								"up": {"uv": [49, 94], "uv_size": [0.5, 0.5]},
								"down": {"uv": [94, 52.5], "uv_size": [0.5, -0.5]}
							}
						},
						{
							"origin": [-0.25, 1.52346, -2.95103],
							"size": [0.25, 0.5, 0.5625],
							"inflate": 0.001,
							"pivot": [0, 5.84161, 0.16073],
							"rotation": [135, 0, 0],
							"uv": {
								"north": {"uv": [53, 94], "uv_size": [0.5, 0.5]},
								"east": {"uv": [55, 94], "uv_size": [0.5, 0.5]},
								"south": {"uv": [57, 94], "uv_size": [0.5, 0.5]},
								"west": {"uv": [94, 58], "uv_size": [0.5, 0.5]},
								"up": {"uv": [59, 94], "uv_size": [0.5, 0.5]},
								"down": {"uv": [94, 60.5], "uv_size": [0.5, -0.5]}
							}
						},
						{
							"origin": [0, -0.22951, -0.16506],
							"size": [0.25, 0.125, 0.25],
							"pivot": [0, 5.84161, 0.16073],
							"rotation": [90, 0, 0],
							"uv": {
								"north": {"uv": [61, 94], "uv_size": [0.5, 0.5]},
								"east": {"uv": [63, 94], "uv_size": [0.5, 0.5]},
								"south": {"uv": [94, 64], "uv_size": [0.5, 0.5]},
								"west": {"uv": [70, 94], "uv_size": [0.5, 0.5]},
								"up": {"uv": [72, 94], "uv_size": [0.5, 0.5]},
								"down": {"uv": [74, 94.5], "uv_size": [0.5, -0.5]}
							}
						},
						{
							"origin": [0, 0.26163, -2.23261],
							"size": [0.25, 0.125, 0.375],
							"pivot": [0, 5.84161, 0.16073],
							"rotation": [112.5, 0, 0],
							"uv": {
								"north": {"uv": [76, 94], "uv_size": [0.5, 0.5]},
								"east": {"uv": [78, 94], "uv_size": [0.5, 0.5]},
								"south": {"uv": [80, 94], "uv_size": [0.5, 0.5]},
								"west": {"uv": [82, 94], "uv_size": [0.5, 0.5]},
								"up": {"uv": [94, 82], "uv_size": [0.5, 0.5]},
								"down": {"uv": [89, 94.5], "uv_size": [0.5, -0.5]}
							}
						},
						{
							"origin": [0, 1.45876, -3.83934],
							"size": [0.25, 0.125, 0.375],
							"pivot": [0, 5.84161, 0.16073],
							"rotation": [135, 0, 0],
							"uv": {
								"north": {"uv": [93, 94], "uv_size": [0.5, 0.5]},
								"east": {"uv": [0, 95], "uv_size": [0.5, 0.5]},
								"south": {"uv": [95, 0], "uv_size": [0.5, 0.5]},
								"west": {"uv": [4, 95], "uv_size": [0.5, 0.5]},
								"up": {"uv": [6, 95], "uv_size": [0.5, 0.5]},
								"down": {"uv": [95, 6.5], "uv_size": [0.5, -0.5]}
							}
						},
						{
							"origin": [0, 3.17964, -4.86564],
							"size": [0.25, 0.125, 1.125],
							"pivot": [0, 5.84161, 0.16073],
							"rotation": [157.5, 0, 0],
							"uv": {
								"north": {"uv": [8, 95], "uv_size": [0.5, 0.5]},
								"east": {"uv": [87, 80], "uv_size": [1, 0.5]},
								"south": {"uv": [95, 8], "uv_size": [0.5, 0.5]},
								"west": {"uv": [87, 82], "uv_size": [1, 0.5]},
								"up": {"uv": [85, 87], "uv_size": [0.5, 1]},
								"down": {"uv": [87, 88], "uv_size": [0.5, -1]}
							}
						},
						{
							"origin": [0, 0.10795, 1.93305],
							"size": [0.25, 0.125, 0.25],
							"pivot": [0, 5.84161, 0.16073],
							"rotation": [67.5, 0, 0],
							"uv": {
								"north": {"uv": [10, 95], "uv_size": [0.5, 0.5]},
								"east": {"uv": [95, 10], "uv_size": [0.5, 0.5]},
								"south": {"uv": [95, 12], "uv_size": [0.5, 0.5]},
								"west": {"uv": [95, 14], "uv_size": [0.5, 0.5]},
								"up": {"uv": [95, 16], "uv_size": [0.5, 0.5]},
								"down": {"uv": [18, 95.5], "uv_size": [0.5, -0.5]}
							}
						},
						{
							"origin": [-0.25, 8.15687, 2.72024],
							"size": [0.5, 0.125, 0.75],
							"pivot": [0, 5.84161, 0.16073],
							"rotation": [-45, 0, 0],
							"uv": {
								"north": {"uv": [93, 92], "uv_size": [0.5, 0.5]},
								"east": {"uv": [87, 32], "uv_size": [1, 0.5]},
								"west": {"uv": [87, 38], "uv_size": [1, 0.5]},
								"up": {"uv": [87, 40], "uv_size": [0.5, 1]},
								"down": {"uv": [87, 43], "uv_size": [0.5, -1]}
							}
						},
						{
							"origin": [-0.25, 9.28859, -0.41656],
							"size": [0.5, 0.125, 0.75],
							"pivot": [0, 5.84161, 0.16073],
							"rotation": [-90, 0, 0],
							"uv": {
								"north": {"uv": [2, 94], "uv_size": [0.5, 0.5]},
								"east": {"uv": [87, 44], "uv_size": [1, 0.5]},
								"south": {"uv": [94, 2], "uv_size": [0.5, 0.5]},
								"west": {"uv": [45, 87], "uv_size": [1, 0.5]},
								"up": {"uv": [87, 46], "uv_size": [0.5, 1]},
								"down": {"uv": [87, 49], "uv_size": [0.5, -1]}
							}
						},
						{
							"origin": [-0.25, 7.87079, -3.43487],
							"size": [0.5, 0.125, 0.75],
							"pivot": [0, 5.84161, 0.16073],
							"rotation": [-135, 0, 0],
							"uv": {
								"north": {"uv": [94, 4], "uv_size": [0.5, 0.5]},
								"east": {"uv": [87, 50], "uv_size": [1, 0.5]},
								"south": {"uv": [12, 94], "uv_size": [0.5, 0.5]},
								"west": {"uv": [87, 54], "uv_size": [1, 0.5]},
								"up": {"uv": [87, 56], "uv_size": [0.5, 1]},
								"down": {"uv": [87, 64], "uv_size": [0.5, -1]}
							}
						}
					]
				},
				{
					"name": "stock_default",
					"parent": "rear_part",
					"pivot": [0, 0.94414, 11.2442],
					"cubes": [
						{
							"origin": [-0.3125, 9.88876, 4.6265],
							"size": [0.625, 0.46875, 5.9375],
							"pivot": [0, 5.84161, 0.16073],
							"rotation": [-17.5, 0, 0],
							"uv": {
								"north": {"uv": [98, 82], "uv_size": [0.5, 0.5]},
								"east": {"uv": [67, 44], "uv_size": [6, 0.5]},
								"south": {"uv": [87, 98], "uv_size": [0.5, 0.5]},
								"west": {"uv": [67, 50], "uv_size": [6, 0.5]},
								"up": {"uv": [34, 67], "uv_size": [0.5, 6]}
							}
						},
						{
							"origin": [-0.85625, 8.24057, 3.00175],
							"size": [1.7125, 2.11669, 1.6245],
							"pivot": [0, 5.84161, 0.16073],
							"rotation": [-17.5, 0, 0],
							"uv": {
								"north": {"uv": [36, 67], "uv_size": [1.5, 2]},
								"east": {"uv": [46, 67], "uv_size": [1.5, 2]},
								"south": {"uv": [59, 67], "uv_size": [1.5, 2]},
								"west": {"uv": [68, 4], "uv_size": [1.5, 2]},
								"up": {"uv": [70, 30], "uv_size": [1.5, 1.5]},
								"down": {"uv": [70, 34.5], "uv_size": [1.5, -1.5]}
							}
						},
						{
							"origin": [-0.46875, 11.61279, 5.76717],
							"size": [0.9375, 0.3125, 1.64063],
							"pivot": [0, 5.84161, 0.16073],
							"rotation": [-45, 0, 0],
							"uv": {
								"east": {"uv": [86, 10], "uv_size": [1.5, 0.5]},
								"south": {"uv": [21, 89], "uv_size": [1, 0.5]},
								"west": {"uv": [86, 12], "uv_size": [1.5, 0.5]},
								"down": {"uv": [54, 78.5], "uv_size": [1, -1.5]}
							}
						},
						{
							"origin": [-0.78125, 14.20135, 3.91186],
							"size": [1.5625, 1.5625, 2.28125],
							"inflate": -0.001,
							"pivot": [0, 5.84161, 0.16073],
							"rotation": [-67.5, 0, 0],
							"uv": {
								"north": {"uv": [36, 70], "uv_size": [1.5, 1.5]},
								"east": {"uv": [60, 44], "uv_size": [2.5, 1.5]},
								"south": {"uv": [70, 36], "uv_size": [1.5, 1.5]},
								"west": {"uv": [59, 61], "uv_size": [2.5, 1.5]},
								"up": {"uv": [62, 47], "uv_size": [1.5, 2.5]},
								"down": {"uv": [8, 65.5], "uv_size": [1.5, -2.5]}
							}
						},
						{
							"origin": [-0.78125, 4.06549, 11.19868],
							"size": [1.5625, 2.5, 0.4375],
							"pivot": [-0.78125, 4.06549, 11.63618],
							"rotation": [7.5, 0, 0],
							"uv": {
								"north": {"uv": [63, 17], "uv_size": [1.5, 2.5]},
								"east": {"uv": [25, 79], "uv_size": [0.5, 2.5]},
								"south": {"uv": [37, 63], "uv_size": [1.5, 2.5]},
								"west": {"uv": [27, 79], "uv_size": [0.5, 2.5]},
								"up": {"uv": [55, 86], "uv_size": [1.5, 0.5]},
								"down": {"uv": [60, 86.5], "uv_size": [1.5, -0.5]}
							}
						},
						{
							"origin": [-0.78125, 8.55282, 4.6265],
							"size": [1.5625, 1.33594, 5.9375],
							"pivot": [0, 5.84161, 0.16073],
							"rotation": [-17.5, 0, 0],
							"uv": {
								"north": {"uv": [70, 39], "uv_size": [1.5, 1.5]},
								"east": {"uv": [20, 6], "uv_size": [6, 1.5]},
								"south": {"uv": [46, 70], "uv_size": [1.5, 1.5]},
								"west": {"uv": [20, 9], "uv_size": [6, 1.5]},
								"up": {"uv": [18, 21], "uv_size": [1.5, 6]},
								"down": {"uv": [21, 27], "uv_size": [1.5, -6]}
							}
						},
						{
							"origin": [-0.46875, 13.88885, 3.91186],
							"size": [0.9375, 0.3125, 2.28125],
							"pivot": [0, 5.84161, 0.16073],
							"rotation": [-67.5, 0, 0],
							"uv": {
								"north": {"uv": [23, 89], "uv_size": [1, 0.5]},
								"east": {"uv": [78, 43], "uv_size": [2.5, 0.5]},
								"south": {"uv": [89, 26], "uv_size": [1, 0.5]},
								"west": {"uv": [78, 50], "uv_size": [2.5, 0.5]},
								"down": {"uv": [57, 70.5], "uv_size": [1, -2.5]}
							}
						},
						{
							"origin": [-0.78125, 11.92529, 5.76717],
							"size": [1.5625, 0.54687, 1.5625],
							"inflate": -0.001,
							"pivot": [0, 5.84161, 0.16073],
							"rotation": [-45, 0, 0],
							"uv": {
								"east": {"uv": [13, 86], "uv_size": [1.5, 0.5]},
								"south": {"uv": [86, 14], "uv_size": [1.5, 0.5]},
								"west": {"uv": [16, 86], "uv_size": [1.5, 0.5]},
								"up": {"uv": [59, 70], "uv_size": [1.5, 1.5]},
								"down": {"uv": [62, 71.5], "uv_size": [1.5, -1.5]}
							}
						},
						{
							"origin": [1.0733, 8.24157, 4.40873],
							"size": [0.54637, 2.11669, 3.1245],
							"inflate": -0.001,
							"pivot": [0, 5.84161, 0.16073],
							"rotation": [-17.75313, -9.53274, 3.03513],
							"uv": {
								"north": {"uv": [5, 84], "uv_size": [0.5, 2]},
								"east": {"uv": [30, 35], "uv_size": [3, 2]},
								"south": {"uv": [7, 84], "uv_size": [0.5, 2]},
								"west": {"uv": [34, 35], "uv_size": [3, 2]},
								"up": {"uv": [56, 77], "uv_size": [0.5, 3]},
								"down": {"uv": [61, 80], "uv_size": [0.5, -3]}
							}
						},
						{
							"origin": [-1.61967, 8.24157, 4.40873],
							"size": [0.54637, 2.11669, 3.1245],
							"inflate": -0.001,
							"pivot": [0, 5.84161, 0.16073],
							"rotation": [-17.75313, 9.53274, -3.03513],
							"uv": {
								"north": {"uv": [9, 84], "uv_size": [0.5, 2]},
								"east": {"uv": [36, 32], "uv_size": [3, 2]},
								"south": {"uv": [11, 84], "uv_size": [0.5, 2]},
								"west": {"uv": [38, 13], "uv_size": [3, 2]},
								"up": {"uv": [63, 77], "uv_size": [0.5, 3]},
								"down": {"uv": [65, 80], "uv_size": [0.5, -3]}
							}
						},
						{
							"origin": [-0.85725, 7.21738, 3.45264],
							"size": [1.71638, 0.35241, 1.58723],
							"inflate": -0.001,
							"pivot": [0, 5.84161, 0.16073],
							"rotation": [-5, 0, 0],
							"uv": {
								"north": {"uv": [86, 16], "uv_size": [1.5, 0.5]},
								"east": {"uv": [86, 20], "uv_size": [1.5, 0.5]},
								"south": {"uv": [25, 86], "uv_size": [1.5, 0.5]},
								"west": {"uv": [86, 26], "uv_size": [1.5, 0.5]},
								"up": {"uv": [65, 70], "uv_size": [1.5, 1.5]},
								"down": {"uv": [71, 5.5], "uv_size": [1.5, -1.5]}
							}
						},
						{
							"origin": [-0.46875, 8.24032, 4.6265],
							"size": [0.9375, 0.3125, 3.75],
							"pivot": [0, 5.84161, 0.16073],
							"rotation": [-17.5, 0, 0],
							"uv": {
								"north": {"uv": [27, 89], "uv_size": [1, 0.5]},
								"east": {"uv": [73, 19], "uv_size": [4, 0.5]},
								"south": {"uv": [89, 28], "uv_size": [1, 0.5]},
								"west": {"uv": [21, 73], "uv_size": [4, 0.5]},
								"down": {"uv": [20, 63], "uv_size": [1, -4]}
							}
						},
						{
							"origin": [6.02172, 11.20041, 3.91186],
							"size": [0.44194, 0.39063, 2.28125],
							"pivot": [0, 5.84161, 0.16073],
							"rotation": [-59.63881, -40.78947, -20.94102],
							"uv": {
								"north": {"uv": [92, 98], "uv_size": [0.5, 0.5]},
								"east": {"uv": [78, 56], "uv_size": [2.5, 0.5]},
								"south": {"uv": [94, 98], "uv_size": [0.5, 0.5]},
								"west": {"uv": [78, 58], "uv_size": [2.5, 0.5]},
								"up": {"uv": [45, 78], "uv_size": [0.5, 2.5]},
								"down": {"uv": [78, 62.5], "uv_size": [0.5, -2.5]}
							}
						},
						{
							"origin": [2.0276, 7.2063, 4.6265],
							"size": [0.44194, 0.3125, 3.75],
							"pivot": [0, 5.84161, 0.16073],
							"rotation": [-12.56853, -12.27659, -43.64293],
							"uv": {
								"north": {"uv": [96, 98], "uv_size": [0.5, 0.5]},
								"east": {"uv": [73, 25], "uv_size": [4, 0.5]},
								"west": {"uv": [26, 73], "uv_size": [4, 0.5]},
								"up": {"uv": [73, 30], "uv_size": [0.5, 4]},
								"down": {"uv": [31, 77], "uv_size": [0.5, -4]}
							}
						},
						{
							"origin": [4.4123, 9.59099, 5.76717],
							"size": [0.44194, 0.3125, 1.64063],
							"pivot": [0, 5.84161, 0.16073],
							"rotation": [-35.26439, -30, -35.26439],
							"uv": {
								"north": {"uv": [98, 98], "uv_size": [0.5, 0.5]},
								"east": {"uv": [35, 86], "uv_size": [1.5, 0.5]},
								"west": {"uv": [38, 86], "uv_size": [1.5, 0.5]},
								"up": {"uv": [28, 86], "uv_size": [0.5, 1.5]},
								"down": {"uv": [41, 87.5], "uv_size": [0.5, -1.5]}
							}
						},
						{
							"origin": [-2.46954, 7.2063, 4.6265],
							"size": [0.44194, 0.3125, 3.75],
							"pivot": [0, 5.84161, 0.16073],
							"rotation": [-12.56853, 12.27659, 43.64293],
							"uv": {
								"north": {"uv": [0, 99], "uv_size": [0.5, 0.5]},
								"east": {"uv": [73, 35], "uv_size": [4, 0.5]},
								"west": {"uv": [36, 73], "uv_size": [4, 0.5]},
								"up": {"uv": [73, 37], "uv_size": [0.5, 4]},
								"down": {"uv": [46, 77], "uv_size": [0.5, -4]}
							}
						},
						{
							"origin": [-6.46366, 11.20041, 3.91186],
							"size": [0.44194, 0.39063, 2.28125],
							"pivot": [0, 5.84161, 0.16073],
							"rotation": [-59.63881, 40.78947, 20.94102],
							"uv": {
								"north": {"uv": [99, 0], "uv_size": [0.5, 0.5]},
								"east": {"uv": [78, 64], "uv_size": [2.5, 0.5]},
								"south": {"uv": [4, 99], "uv_size": [0.5, 0.5]},
								"west": {"uv": [78, 68], "uv_size": [2.5, 0.5]},
								"up": {"uv": [21, 79], "uv_size": [0.5, 2.5]},
								"down": {"uv": [23, 81.5], "uv_size": [0.5, -2.5]}
							}
						},
						{
							"origin": [-4.85424, 9.59099, 5.76717],
							"size": [0.44194, 0.3125, 1.64063],
							"pivot": [0, 5.84161, 0.16073],
							"rotation": [-35.26439, 30, 35.26439],
							"uv": {
								"north": {"uv": [6, 99], "uv_size": [0.5, 0.5]},
								"east": {"uv": [47, 86], "uv_size": [1.5, 0.5]},
								"west": {"uv": [50, 86], "uv_size": [1.5, 0.5]},
								"up": {"uv": [43, 86], "uv_size": [0.5, 1.5]},
								"down": {"uv": [53, 87.5], "uv_size": [0.5, -1.5]}
							}
						},
						{
							"origin": [3.10169, 8.15095, 4.6265],
							"size": [0.3125, 0.66291, 5.9375],
							"pivot": [0, 5.84161, 0.16073],
							"rotation": [-12.56853, -12.27659, -43.64293],
							"uv": {
								"north": {"uv": [99, 6], "uv_size": [0.5, 0.5]},
								"east": {"uv": [68, 7], "uv_size": [6, 0.5]},
								"south": {"uv": [8, 99], "uv_size": [0.5, 0.5]},
								"west": {"uv": [68, 21], "uv_size": [6, 0.5]},
								"up": {"uv": [68, 30], "uv_size": [0.5, 6]},
								"down": {"uv": [68, 43], "uv_size": [0.5, -6]}
							}
						},
						{
							"origin": [-3.41419, 8.15095, 4.6265],
							"size": [0.3125, 0.66291, 5.9375],
							"pivot": [0, 5.84161, 0.16073],
							"rotation": [-12.56853, 12.27659, 43.64293],
							"uv": {
								"north": {"uv": [99, 8], "uv_size": [0.5, 0.5]},
								"east": {"uv": [68, 46], "uv_size": [6, 0.5]},
								"south": {"uv": [10, 99], "uv_size": [0.5, 0.5]},
								"west": {"uv": [68, 48], "uv_size": [6, 0.5]},
								"up": {"uv": [42, 68], "uv_size": [0.5, 6]},
								"down": {"uv": [44, 74], "uv_size": [0.5, -6]}
							}
						}
					]
				},
				{
					"name": "lever",
					"parent": "rear_part",
					"pivot": [0, 9.76409, 3.89015],
					"cubes": [
						{
							"origin": [-0.25, 9.29487, 3.77102],
							"size": [0.5, 0.375, 0.25],
							"uv": {
								"north": {"uv": [95, 50], "uv_size": [0.5, 0.5]},
								"east": {"uv": [51, 95], "uv_size": [0.5, 0.5]},
								"south": {"uv": [95, 54], "uv_size": [0.5, 0.5]},
								"west": {"uv": [95, 56], "uv_size": [0.5, 0.5]},
								"up": {"uv": [95, 62], "uv_size": [0.5, 0.5]},
								"down": {"uv": [65, 95.5], "uv_size": [0.5, -0.5]}
							}
						},
						{
							"origin": [3.48529, 9.29487, 0.03573],
							"size": [0.5, 0.375, 0.25],
							"pivot": [0, 5.84161, 0.16073],
							"rotation": [0, -90, 0],
							"uv": {
								"north": {"uv": [95, 66], "uv_size": [0.5, 0.5]},
								"east": {"uv": [67, 95], "uv_size": [0.5, 0.5]},
								"south": {"uv": [95, 68], "uv_size": [0.5, 0.5]},
								"west": {"uv": [95, 70], "uv_size": [0.5, 0.5]},
								"up": {"uv": [95, 72], "uv_size": [0.5, 0.5]},
								"down": {"uv": [95, 74.5], "uv_size": [0.5, -0.5]}
							}
						},
						{
							"origin": [2.37608, 9.29487, -2.56891],
							"size": [0.53033, 0.375, 0.17677],
							"pivot": [0, 5.84161, 0.16073],
							"rotation": [0, -135, 0],
							"uv": {
								"north": {"uv": [95, 76], "uv_size": [0.5, 0.5]},
								"east": {"uv": [95, 78], "uv_size": [0.5, 0.5]},
								"south": {"uv": [95, 80], "uv_size": [0.5, 0.5]},
								"west": {"uv": [84, 95], "uv_size": [0.5, 0.5]},
								"up": {"uv": [95, 84], "uv_size": [0.5, 0.5]},
								"down": {"uv": [86, 95.5], "uv_size": [0.5, -0.5]}
							}
						},
						{
							"origin": [2.37608, 9.29487, 2.71359],
							"size": [0.53033, 0.375, 0.17677],
							"pivot": [0, 5.84161, 0.16073],
							"rotation": [0, -45, 0],
							"uv": {
								"north": {"uv": [95, 86], "uv_size": [0.5, 0.5]},
								"east": {"uv": [95, 88], "uv_size": [0.5, 0.5]},
								"south": {"uv": [95, 90], "uv_size": [0.5, 0.5]},
								"west": {"uv": [91, 95], "uv_size": [0.5, 0.5]},
								"up": {"uv": [95, 92], "uv_size": [0.5, 0.5]},
								"down": {"uv": [95, 94.5], "uv_size": [0.5, -0.5]}
							}
						},
						{
							"origin": [2.54188, 10.42313, 0.06698],
							"size": [2.5, 0.125, 0.1875],
							"pivot": [0, 5.84161, 0.16073],
							"rotation": [-90, -72.5, 90],
							"uv": {
								"north": {"uv": [78, 25], "uv_size": [2.5, 0.5]},
								"east": {"uv": [2, 96], "uv_size": [0.5, 0.5]},
								"south": {"uv": [31, 78], "uv_size": [2.5, 0.5]},
								"west": {"uv": [96, 2], "uv_size": [0.5, 0.5]},
								"up": {"uv": [78, 34], "uv_size": [2.5, 0.5]},
								"down": {"uv": [78, 41.5], "uv_size": [2.5, -0.5]}
							}
						},
						{
							"origin": [2.40206, 10.65714, 0.06698],
							"size": [1.6875, 0.125, 0.1875],
							"inflate": 0.001,
							"pivot": [0, 5.84161, 0.16073],
							"rotation": [-90, -70, 90],
							"uv": {
								"north": {"uv": [85, 52], "uv_size": [1.5, 0.5]},
								"east": {"uv": [96, 58], "uv_size": [0.5, 0.5]},
								"south": {"uv": [85, 59], "uv_size": [1.5, 0.5]},
								"west": {"uv": [59, 96], "uv_size": [0.5, 0.5]},
								"up": {"uv": [85, 66], "uv_size": [1.5, 0.5]},
								"down": {"uv": [68, 85.5], "uv_size": [1.5, -0.5]}
							}
						},
						{
							"origin": [-5.04188, 0.94758, 0.06698],
							"size": [0.8125, 0.1875, 0.1875],
							"pivot": [0, 5.84161, 0.16073],
							"rotation": [89.99999, 72.5, -90.00001],
							"uv": {
								"north": {"uv": [88, 18], "uv_size": [1, 0.5]},
								"east": {"uv": [55, 96], "uv_size": [0.5, 0.5]},
								"south": {"uv": [88, 22], "uv_size": [1, 0.5]},
								"west": {"uv": [57, 96], "uv_size": [0.5, 0.5]},
								"up": {"uv": [88, 24], "uv_size": [1, 0.5]},
								"down": {"uv": [25, 88.5], "uv_size": [1, -0.5]}
							}
						},
						{
							"origin": [-6.80478, 5.37163, 0.06698],
							"size": [0.35356, 0.1875, 0.1875],
							"pivot": [0, 5.84161, 0.16073],
							"rotation": [-90.00001, 62.5, 89.99999],
							"uv": {
								"north": {"uv": [96, 4], "uv_size": [0.5, 0.5]},
								"east": {"uv": [12, 96], "uv_size": [0.5, 0.5]},
								"south": {"uv": [14, 96], "uv_size": [0.5, 0.5]},
								"west": {"uv": [16, 96], "uv_size": [0.5, 0.5]},
								"up": {"uv": [96, 18], "uv_size": [0.5, 0.5]},
								"down": {"uv": [96, 22.5], "uv_size": [0.5, -0.5]}
							}
						},
						{
							"origin": [-4.79188, 0.69758, 0.06698],
							"size": [0.3125, 0.25, 0.1875],
							"pivot": [0, 5.84161, 0.16073],
							"rotation": [89.99999, 72.5, -90.00001],
							"uv": {
								"north": {"uv": [24, 96], "uv_size": [0.5, 0.5]},
								"east": {"uv": [96, 24], "uv_size": [0.5, 0.5]},
								"south": {"uv": [32, 96], "uv_size": [0.5, 0.5]},
								"west": {"uv": [34, 96], "uv_size": [0.5, 0.5]},
								"up": {"uv": [96, 34], "uv_size": [0.5, 0.5]},
								"down": {"uv": [36, 96.5], "uv_size": [0.5, -0.5]}
							}
						},
						{
							"origin": [-0.10455, -1.18414, 0.06698],
							"size": [0.35356, 0.1875, 0.1875],
							"pivot": [0, 5.84161, 0.16073],
							"rotation": [90, 27.5, -90],
							"uv": {
								"north": {"uv": [96, 36], "uv_size": [0.5, 0.5]},
								"east": {"uv": [44, 96], "uv_size": [0.5, 0.5]},
								"south": {"uv": [46, 96], "uv_size": [0.5, 0.5]},
								"west": {"uv": [48, 96], "uv_size": [0.5, 0.5]},
								"up": {"uv": [96, 52], "uv_size": [0.5, 0.5]},
								"down": {"uv": [53, 96.5], "uv_size": [0.5, -0.5]}
							}
						}
					]
				},
				{
					"name": "front_part",
					"parent": "Db",
					"pivot": [0, 7.78125, 0.89063]
				},
				{
					"name": "ejector",
					"parent": "front_part",
					"pivot": [0.11271, 9.24778, 2.7375],
					"cubes": [
						{
							"origin": [-0.1875, 8.6875, 2.9],
							"size": [0.375, 0.375, 0.225],
							"uv": {
								"north": {"uv": [99, 40], "uv_size": [0.5, 0.5]},
								"east": {"uv": [42, 99], "uv_size": [0.5, 0.5]},
								"south": {"uv": [99, 42], "uv_size": [0.5, 0.5]},
								"west": {"uv": [99, 44], "uv_size": [0.5, 0.5]},
								"up": {"uv": [99, 46], "uv_size": [0.5, 0.5]},
								"down": {"uv": [99, 48.5], "uv_size": [0.5, -0.5]}
							}
						},
						{
							"origin": [-2.29961, 7.55597, 2.9],
							"size": [0.21024, 0.36428, 0.225],
							"pivot": [0, 5.84161, 0.16073],
							"rotation": [0, 0, 45],
							"uv": {
								"north": {"uv": [50, 99], "uv_size": [0.5, 0.5]},
								"east": {"uv": [99, 50], "uv_size": [0.5, 0.5]},
								"south": {"uv": [99, 54], "uv_size": [0.5, 0.5]},
								"west": {"uv": [99, 56], "uv_size": [0.5, 0.5]},
								"up": {"uv": [99, 62], "uv_size": [0.5, 0.5]},
								"down": {"uv": [64, 99.5], "uv_size": [0.5, -0.5]}
							}
						},
						{
							"origin": [2.08937, 7.55597, 2.9],
							"size": [0.21024, 0.36428, 0.225],
							"pivot": [0, 5.84161, 0.16073],
							"rotation": [0, 0, -45],
							"uv": {
								"north": {"uv": [66, 99], "uv_size": [0.5, 0.5]},
								"east": {"uv": [99, 66], "uv_size": [0.5, 0.5]},
								"south": {"uv": [99, 68], "uv_size": [0.5, 0.5]},
								"west": {"uv": [99, 70], "uv_size": [0.5, 0.5]},
								"up": {"uv": [99, 72], "uv_size": [0.5, 0.5]},
								"down": {"uv": [99, 74.5], "uv_size": [0.5, -0.5]}
							}
						},
						{
							"origin": [-0.59375, 8.5, 2.9],
							"size": [1.1875, 0.1875, 0.225],
							"uv": {
								"north": {"uv": [85, 89], "uv_size": [1, 0.5]},
								"east": {"uv": [99, 76], "uv_size": [0.5, 0.5]},
								"south": {"uv": [89, 86], "uv_size": [1, 0.5]},
								"west": {"uv": [99, 78], "uv_size": [0.5, 0.5]},
								"up": {"uv": [87, 89], "uv_size": [1, 0.5]},
								"down": {"uv": [89, 88.5], "uv_size": [1, -0.5]}
							}
						}
					]
				},
				{
					"name": "wood_hg",
					"parent": "front_part",
					"pivot": [0.625, 7.62722, -1.23437],
					"cubes": [
						{
							"origin": [-0.9375, 7.46875, -2.21875],
							"size": [1.875, 1.09375, 2],
							"uv": {
								"north": {"uv": [17, 13], "uv_size": [2, 1]},
								"east": {"uv": [69, 0], "uv_size": [2, 1]},
								"south": {"uv": [70, 15], "uv_size": [2, 1]},
								"west": {"uv": [70, 42], "uv_size": [2, 1]},
								"up": {"uv": [20, 12], "uv_size": [2, 2]},
								"down": {"uv": [59, 19], "uv_size": [2, -2]}
							}
						},
						{
							"origin": [-0.625, 7.15625, -2.21875],
							"size": [1.25, 0.3125, 2],
							"uv": {
								"north": {"uv": [13, 84], "uv_size": [1.5, 0.5]},
								"east": {"uv": [80, 0], "uv_size": [2, 0.5]},
								"south": {"uv": [16, 84], "uv_size": [1.5, 0.5]},
								"west": {"uv": [80, 8], "uv_size": [2, 0.5]},
								"up": {"uv": [64, 25], "uv_size": [1.5, 2]},
								"down": {"uv": [64, 46], "uv_size": [1.5, -2]}
							}
						},
						{
							"origin": [-0.9375, 7.25517, -9.53901],
							"size": [1.875, 0.39063, 7.1875],
							"inflate": 0.001,
							"pivot": [0, 5.84161, 0.16073],
							"rotation": [-5, 0, 0],
							"uv": {
								"north": {"uv": [10, 80], "uv_size": [2, 0.5]},
								"east": {"uv": [59, 2], "uv_size": [7, 0.5]},
								"south": {"uv": [80, 10], "uv_size": [2, 0.5]},
								"west": {"uv": [60, 30], "uv_size": [7, 0.5]},
								"up": {"uv": [3, 12], "uv_size": [2, 7]},
								"down": {"uv": [6, 19], "uv_size": [2, -7]}
							}
						},
						{
							"origin": [-0.9375, 8.09375, -9.40625],
							"size": [1.875, 0.46875, 3.90625],
							"uv": {
								"north": {"uv": [80, 12], "uv_size": [2, 0.5]},
								"east": {"uv": [71, 28], "uv_size": [4, 0.5]},
								"south": {"uv": [13, 80], "uv_size": [2, 0.5]},
								"west": {"uv": [71, 54], "uv_size": [4, 0.5]},
								"up": {"uv": [0, 23], "uv_size": [2, 4]},
								"down": {"uv": [23, 16], "uv_size": [2, -4]}
							}
						},
						{
							"origin": [-0.9375, 7.78125, -5.5],
							"size": [1.875, 0.78125, 3.28125],
							"uv": {
								"north": {"uv": [39, 71], "uv_size": [2, 1]},
								"east": {"uv": [62, 51], "uv_size": [3.5, 1]},
								"south": {"uv": [71, 56], "uv_size": [2, 1]},
								"west": {"uv": [63, 21], "uv_size": [3.5, 1]},
								"up": {"uv": [24, 27], "uv_size": [2, 3.5]},
								"down": {"uv": [27, 30.5], "uv_size": [2, -3.5]}
							}
						},
						{
							"origin": [-2.58687, 7.10266, -9.40625],
							"size": [0.125, 0.125, 9.1875],
							"pivot": [0, 5.84161, 0.16073],
							"rotation": [0, 0, 45],
							"uv": {
								"north": {"uv": [97, 50], "uv_size": [0.5, 0.5]},
								"east": {"uv": [53, 56], "uv_size": [9, 0.5]},
								"south": {"uv": [97, 54], "uv_size": [0.5, 0.5]},
								"west": {"uv": [57, 10], "uv_size": [9, 0.5]},
								"up": {"uv": [4, 56], "uv_size": [0.5, 9]},
								"down": {"uv": [6, 65], "uv_size": [0.5, -9]}
							}
						},
						{
							"origin": [2.46187, 7.10266, -9.40625],
							"size": [0.125, 0.125, 9.1875],
							"pivot": [0, 5.84161, 0.16073],
							"rotation": [0, 0, -45],
							"uv": {
								"north": {"uv": [97, 56], "uv_size": [0.5, 0.5]},
								"east": {"uv": [57, 15], "uv_size": [9, 0.5]},
								"south": {"uv": [97, 62], "uv_size": [0.5, 0.5]},
								"west": {"uv": [58, 4], "uv_size": [9, 0.5]},
								"up": {"uv": [42, 58], "uv_size": [0.5, 9]},
								"down": {"uv": [44, 67], "uv_size": [0.5, -9]}
							}
						},
						{
							"origin": [-0.9375, 6.69529, 1.23008],
							"size": [1.875, 0.9375, 0.3125],
							"pivot": [0, 5.84161, 0.16073],
							"rotation": [67.5, 0, 0],
							"uv": {
								"north": {"uv": [71, 58], "uv_size": [2, 1]},
								"east": {"uv": [86, 61], "uv_size": [0.5, 1]},
								"south": {"uv": [71, 60], "uv_size": [2, 1]},
								"west": {"uv": [63, 86], "uv_size": [0.5, 1]},
								"up": {"uv": [80, 14], "uv_size": [2, 0.5]},
								"down": {"uv": [16, 80.5], "uv_size": [2, -0.5]}
							}
						},
						{
							"origin": [-0.625, 8.09375, -9.71875],
							"size": [1.25, 0.46875, 0.3125],
							"uv": {
								"north": {"uv": [84, 29], "uv_size": [1.5, 0.5]},
								"east": {"uv": [20, 91], "uv_size": [0.5, 0.5]},
								"south": {"uv": [39, 84], "uv_size": [1.5, 0.5]},
								"west": {"uv": [91, 20], "uv_size": [0.5, 0.5]},
								"up": {"uv": [84, 44], "uv_size": [1.5, 0.5]},
								"down": {"uv": [84, 46.5], "uv_size": [1.5, -0.5]}
							}
						},
						{
							"origin": [6.10196, 8.09375, -7.26706],
							"size": [0.44194, 0.46875, 0.46875],
							"pivot": [0, 5.84161, 0.16073],
							"rotation": [0, 45, 0],
							"uv": {
								"north": {"uv": [22, 91], "uv_size": [0.5, 0.5]},
								"east": {"uv": [91, 26], "uv_size": [0.5, 0.5]},
								"south": {"uv": [27, 91], "uv_size": [0.5, 0.5]},
								"west": {"uv": [91, 28], "uv_size": [0.5, 0.5]},
								"up": {"uv": [29, 91], "uv_size": [0.5, 0.5]},
								"down": {"uv": [91, 30.5], "uv_size": [0.5, -0.5]}
							}
						},
						{
							"origin": [-6.5439, 8.09375, -7.26706],
							"size": [0.44194, 0.46875, 0.46875],
							"pivot": [0, 5.84161, 0.16073],
							"rotation": [0, -45, 0],
							"uv": {
								"north": {"uv": [31, 91], "uv_size": [0.5, 0.5]},
								"east": {"uv": [91, 32], "uv_size": [0.5, 0.5]},
								"south": {"uv": [91, 38], "uv_size": [0.5, 0.5]},
								"west": {"uv": [39, 91], "uv_size": [0.5, 0.5]},
								"up": {"uv": [91, 40], "uv_size": [0.5, 0.5]},
								"down": {"uv": [41, 91.5], "uv_size": [0.5, -0.5]}
							}
						},
						{
							"origin": [-0.625, 7.78125, -9.40625],
							"size": [1.25, 0.3125, 0.3125],
							"uv": {
								"north": {"uv": [84, 48], "uv_size": [1.5, 0.5]},
								"east": {"uv": [91, 42], "uv_size": [0.5, 0.5]},
								"south": {"uv": [84, 50], "uv_size": [1.5, 0.5]},
								"west": {"uv": [43, 91], "uv_size": [0.5, 0.5]},
								"up": {"uv": [55, 84], "uv_size": [1.5, 0.5]},
								"down": {"uv": [84, 55.5], "uv_size": [1.5, -0.5]}
							}
						},
						{
							"origin": [-0.625, 0.44827, -8.41762],
							"size": [1.25, 0.3125, 0.44194],
							"pivot": [0, 5.84161, 0.16073],
							"rotation": [-45, 0, 0],
							"uv": {
								"north": {"uv": [84, 57], "uv_size": [1.5, 0.5]},
								"east": {"uv": [91, 44], "uv_size": [0.5, 0.5]},
								"south": {"uv": [84, 64], "uv_size": [1.5, 0.5]},
								"west": {"uv": [91, 46], "uv_size": [0.5, 0.5]},
								"up": {"uv": [84, 68], "uv_size": [1.5, 0.5]},
								"down": {"uv": [84, 70.5], "uv_size": [1.5, -0.5]}
							}
						},
						{
							"origin": [-0.625, 6.94267, -9.53901],
							"size": [1.25, 0.39063, 7.1875],
							"pivot": [0, 5.84161, 0.16073],
							"rotation": [-5, 0, 0],
							"uv": {
								"north": {"uv": [84, 76], "uv_size": [1.5, 0.5]},
								"east": {"uv": [63, 55], "uv_size": [7, 0.5]},
								"south": {"uv": [78, 84], "uv_size": [1.5, 0.5]},
								"west": {"uv": [63, 57], "uv_size": [7, 0.5]},
								"up": {"uv": [12, 18], "uv_size": [1.5, 7]},
								"down": {"uv": [15, 25], "uv_size": [1.5, -7]}
							}
						},
						{
							"origin": [-1.66246, 6.17824, -9.53901],
							"size": [0.44195, 0.23437, 7.1875],
							"pivot": [0, 5.84161, 0.16073],
							"rotation": [-3.54002, 3.53329, 44.89078],
							"uv": {
								"north": {"uv": [91, 48], "uv_size": [0.5, 0.5]},
								"east": {"uv": [63, 59], "uv_size": [7, 0.5]},
								"south": {"uv": [91, 50], "uv_size": [0.5, 0.5]},
								"west": {"uv": [63, 61], "uv_size": [7, 0.5]},
								"up": {"uv": [2, 62], "uv_size": [0.5, 7]},
								"down": {"uv": [40, 70], "uv_size": [0.5, -7]}
							}
						},
						{
							"origin": [1.22051, 6.17824, -9.53901],
							"size": [0.44195, 0.23437, 7.1875],
							"pivot": [0, 5.84161, 0.16073],
							"rotation": [-3.54002, -3.53329, -44.89078],
							"uv": {
								"north": {"uv": [52, 91], "uv_size": [0.5, 0.5]},
								"east": {"uv": [63, 63], "uv_size": [7, 0.5]},
								"south": {"uv": [91, 54], "uv_size": [0.5, 0.5]},
								"west": {"uv": [64, 23], "uv_size": [7, 0.5]},
								"up": {"uv": [11, 64], "uv_size": [0.5, 7]},
								"down": {"uv": [13, 71], "uv_size": [0.5, -7]}
							}
						},
						{
							"origin": [-1.81348, 6.32926, -2.21875],
							"size": [0.44194, 0.23437, 2],
							"pivot": [0, 5.84161, 0.16073],
							"rotation": [0, 0, 45],
							"uv": {
								"north": {"uv": [91, 56], "uv_size": [0.5, 0.5]},
								"east": {"uv": [80, 62], "uv_size": [2, 0.5]},
								"south": {"uv": [91, 62], "uv_size": [0.5, 0.5]},
								"west": {"uv": [80, 66], "uv_size": [2, 0.5]},
								"up": {"uv": [54, 80], "uv_size": [0.5, 2]},
								"down": {"uv": [80, 81], "uv_size": [0.5, -2]}
							}
						},
						{
							"origin": [1.37154, 6.32926, -2.21875],
							"size": [0.44194, 0.23437, 2],
							"pivot": [0, 5.84161, 0.16073],
							"rotation": [0, 0, -45],
							"uv": {
								"north": {"uv": [91, 66], "uv_size": [0.5, 0.5]},
								"east": {"uv": [2, 81], "uv_size": [2, 0.5]},
								"south": {"uv": [67, 91], "uv_size": [0.5, 0.5]},
								"west": {"uv": [81, 29], "uv_size": [2, 0.5]},
								"up": {"uv": [81, 31], "uv_size": [0.5, 2]},
								"down": {"uv": [39, 83], "uv_size": [0.5, -2]}
							}
						}
					]
				},
				{
					"name": "barrel",
					"parent": "front_part",
					"pivot": [0.625, 9.375, -0.5]
				},
				{
					"name": "barrels",
					"parent": "barrel",
					"pivot": [0, 5.84161, 0.16073],
					"cubes": [
						{
							"origin": [-0.1875, 8.8125, -11],
							"size": [0.375, 0.5625, 14],
							"inflate": 0.001,
							"uv": {
								"north": {"uv": [91, 89], "uv_size": [0.5, 0.5]},
								"east": {"uv": [26, 18], "uv_size": [14, 0.5]},
								"south": {"uv": [91, 91], "uv_size": [0.5, 0.5]},
								"west": {"uv": [29, 11], "uv_size": [14, 0.5]},
								"up": {"uv": [3, 28], "uv_size": [0.5, 14]},
								"down": {"uv": [5, 42], "uv_size": [0.5, -14]}
							}
						},
						{
							"origin": [-0.25, 9.375, -11],
							"size": [0.5, 0.125, 14],
							"uv": {
								"north": {"uv": [38, 97], "uv_size": [0.5, 0.5]},
								"east": {"uv": [29, 16], "uv_size": [14, 0.5]},
								"south": {"uv": [97, 38], "uv_size": [0.5, 0.5]},
								"west": {"uv": [30, 5], "uv_size": [14, 0.5]},
								"up": {"uv": [7, 28], "uv_size": [0.5, 14]},
								"down": {"uv": [30, 34], "uv_size": [0.5, -14]}
							}
						},
						{
							"origin": [-0.375, 9.5, -11],
							"size": [0.75, 0.125, 14],
							"uv": {
								"north": {"uv": [34, 88], "uv_size": [1, 0.5]},
								"east": {"uv": [30, 7], "uv_size": [14, 0.5]},
								"south": {"uv": [88, 34], "uv_size": [1, 0.5]},
								"west": {"uv": [30, 9], "uv_size": [14, 0.5]},
								"up": {"uv": [13, 0], "uv_size": [1, 14]},
								"down": {"uv": [15, 14], "uv_size": [1, -14]}
							}
						},
						{
							"origin": [2.08937, 7.55597, 2.8875],
							"size": [0.21024, 0.36428, 0.125],
							"pivot": [0, 5.84161, 0.04823],
							"rotation": [0, 0, -45],
							"uv": {
								"north": {"uv": [97, 70], "uv_size": [0.5, 0.5]},
								"east": {"uv": [97, 72], "uv_size": [0.5, 0.5]},
								"south": {"uv": [97, 74], "uv_size": [0.5, 0.5]},
								"west": {"uv": [97, 76], "uv_size": [0.5, 0.5]},
								"up": {"uv": [97, 78], "uv_size": [0.5, 0.5]},
								"down": {"uv": [97, 80.5], "uv_size": [0.5, -0.5]}
							}
						},
						{
							"origin": [-2.29961, 7.55597, 2.8875],
							"size": [0.21024, 0.36428, 0.125],
							"pivot": [0, 5.84161, 0.04823],
							"rotation": [0, 0, 45],
							"uv": {
								"north": {"uv": [83, 97], "uv_size": [0.5, 0.5]},
								"east": {"uv": [97, 84], "uv_size": [0.5, 0.5]},
								"south": {"uv": [85, 97], "uv_size": [0.5, 0.5]},
								"west": {"uv": [97, 86], "uv_size": [0.5, 0.5]},
								"up": {"uv": [97, 88], "uv_size": [0.5, 0.5]},
								"down": {"uv": [90, 97.5], "uv_size": [0.5, -0.5]}
							}
						},
						{
							"origin": [-0.28125, 8.6875, -11],
							"size": [0.5625, 0.125, 14],
							"uv": {
								"north": {"uv": [67, 97], "uv_size": [0.5, 0.5]},
								"east": {"uv": [32, 20], "uv_size": [14, 0.5]},
								"south": {"uv": [97, 68], "uv_size": [0.5, 0.5]},
								"west": {"uv": [32, 22], "uv_size": [14, 0.5]},
								"up": {"uv": [22, 31], "uv_size": [0.5, 14]},
								"down": {"uv": [9, 46], "uv_size": [0.5, -14]}
							}
						},
						{
							"origin": [-0.59375, 8.5, 2.8875],
							"size": [1.1875, 0.18125, 0.125],
							"uv": {
								"north": {"uv": [89, 75], "uv_size": [1, 0.5]},
								"east": {"uv": [99, 38], "uv_size": [0.5, 0.5]},
								"south": {"uv": [89, 77], "uv_size": [1, 0.5]},
								"west": {"uv": [40, 99], "uv_size": [0.5, 0.5]},
								"up": {"uv": [89, 79], "uv_size": [1, 0.5]},
								"down": {"uv": [89, 81.5], "uv_size": [1, -0.5]}
							}
						},
						{
							"origin": [-0.1875, 9.625, -11],
							"size": [0.375, 0.125, 14],
							"uv": {
								"north": {"uv": [40, 97], "uv_size": [0.5, 0.5]},
								"east": {"uv": [31, 0], "uv_size": [14, 0.5]},
								"south": {"uv": [97, 40], "uv_size": [0.5, 0.5]},
								"west": {"uv": [31, 2], "uv_size": [14, 0.5]},
								"up": {"uv": [18, 31], "uv_size": [0.5, 14]},
								"down": {"uv": [20, 45], "uv_size": [0.5, -14]}
							}
						},
						{
							"origin": [-1.6689, 9.19324, -11],
							"size": [0.0625, 0.1875, 14],
							"pivot": [0, 5.84161, 0.16073],
							"rotation": [0, 0, 22.5],
							"uv": {
								"north": {"uv": [97, 90], "uv_size": [0.5, 0.5]},
								"east": {"uv": [32, 24], "uv_size": [14, 0.5]},
								"south": {"uv": [97, 92], "uv_size": [0.5, 0.5]},
								"west": {"uv": [32, 26], "uv_size": [14, 0.5]},
								"up": {"uv": [11, 32], "uv_size": [0.5, 14]},
								"down": {"uv": [13, 46], "uv_size": [0.5, -14]}
							}
						},
						{
							"origin": [1.6064, 9.19324, -11],
							"size": [0.0625, 0.1875, 14],
							"pivot": [0, 5.84161, 0.16073],
							"rotation": [0, 0, -22.5],
							"uv": {
								"north": {"uv": [97, 94], "uv_size": [0.5, 0.5]},
								"east": {"uv": [32, 28], "uv_size": [14, 0.5]},
								"south": {"uv": [97, 96], "uv_size": [0.5, 0.5]},
								"west": {"uv": [32, 30], "uv_size": [14, 0.5]},
								"up": {"uv": [15, 32], "uv_size": [0.5, 14]},
								"down": {"uv": [24, 46], "uv_size": [0.5, -14]}
							}
						},
						{
							"origin": [-15.24636, 9.65625, -9.33564],
							"size": [0.125, 0.375, 0.125],
							"pivot": [0, 5.84161, 5.91073],
							"rotation": [0, -45, 0],
							"uv": {
								"north": {"uv": [22, 95], "uv_size": [0.5, 0.5]},
								"east": {"uv": [26, 95], "uv_size": [0.5, 0.5]},
								"south": {"uv": [95, 26], "uv_size": [0.5, 0.5]},
								"west": {"uv": [28, 95], "uv_size": [0.5, 0.5]},
								"up": {"uv": [95, 28], "uv_size": [0.5, 0.5]},
								"down": {"uv": [30, 95.5], "uv_size": [0.5, -0.5]}
							}
						},
						{
							"origin": [-0.09375, 9.90625, -15.65625],
							"size": [0.1875, 0.1875, 0.1875],
							"pivot": [0, 10, -15.5625],
							"rotation": [0, -45, 0],
							"uv": {
								"north": {"uv": [95, 30], "uv_size": [0.5, 0.5]},
								"east": {"uv": [95, 32], "uv_size": [0.5, 0.5]},
								"south": {"uv": [38, 95], "uv_size": [0.5, 0.5]},
								"west": {"uv": [95, 38], "uv_size": [0.5, 0.5]},
								"up": {"uv": [40, 95], "uv_size": [0.5, 0.5]},
								"down": {"uv": [95, 40.5], "uv_size": [0.5, -0.5]}
							}
						},
						{
							"origin": [-3.02254, 7.09637, 0.25],
							"size": [0.51777, 0.1875, 2.75],
							"pivot": [0, 5.84161, 0.16073],
							"rotation": [0, 0, 45],
							"uv": {
								"north": {"uv": [2, 92], "uv_size": [0.5, 0.5]},
								"east": {"uv": [69, 73], "uv_size": [3, 0.5]},
								"south": {"uv": [92, 2], "uv_size": [0.5, 0.5]},
								"west": {"uv": [73, 71], "uv_size": [3, 0.5]},
								"up": {"uv": [73, 73], "uv_size": [0.5, 3]},
								"down": {"uv": [74, 5], "uv_size": [0.5, -3]}
							}
						},
						{
							"origin": [-0.88388, 8.5, 0.25],
							"size": [0.51776, 0.1875, 2.75],
							"uv": {
								"north": {"uv": [92, 4], "uv_size": [0.5, 0.5]},
								"east": {"uv": [7, 74], "uv_size": [3, 0.5]},
								"south": {"uv": [12, 92], "uv_size": [0.5, 0.5]},
								"west": {"uv": [11, 74], "uv_size": [3, 0.5]},
								"up": {"uv": [15, 74], "uv_size": [0.5, 3]},
								"down": {"uv": [17, 77], "uv_size": [0.5, -3]}
							}
						},
						{
							"origin": [-3.02254, 8.15887, 0.25],
							"size": [0.51777, 0.1875, 2.75],
							"pivot": [0, 5.84161, 0.16073],
							"rotation": [0, 0, 45],
							"uv": {
								"north": {"uv": [14, 92], "uv_size": [0.5, 0.5]},
								"east": {"uv": [74, 44], "uv_size": [3, 0.5]},
								"south": {"uv": [16, 92], "uv_size": [0.5, 0.5]},
								"west": {"uv": [74, 50], "uv_size": [3, 0.5]},
								"up": {"uv": [19, 74], "uv_size": [0.5, 3]},
								"down": {"uv": [33, 77], "uv_size": [0.5, -3]}
							}
						},
						{
							"origin": [-0.88388, 9.5625, 0.25],
							"size": [0.51776, 0.1875, 2.75],
							"uv": {
								"north": {"uv": [92, 18], "uv_size": [0.5, 0.5]},
								"east": {"uv": [74, 56], "uv_size": [3, 0.5]},
								"south": {"uv": [92, 22], "uv_size": [0.5, 0.5]},
								"west": {"uv": [74, 58], "uv_size": [3, 0.5]},
								"up": {"uv": [74, 60], "uv_size": [0.5, 3]},
								"down": {"uv": [75, 16], "uv_size": [0.5, -3]}
							}
						},
						{
							"origin": [-2.32615, 7.46249, 0.25],
							"size": [0.1875, 0.51777, 2.75],
							"pivot": [0, 5.84161, 0.16073],
							"rotation": [0, 0, 45],
							"uv": {
								"north": {"uv": [24, 92], "uv_size": [0.5, 0.5]},
								"east": {"uv": [74, 64], "uv_size": [3, 0.5]},
								"south": {"uv": [92, 24], "uv_size": [0.5, 0.5]},
								"west": {"uv": [74, 68], "uv_size": [3, 0.5]},
								"up": {"uv": [21, 75], "uv_size": [0.5, 3]},
								"down": {"uv": [23, 78], "uv_size": [0.5, -3]}
							}
						},
						{
							"origin": [-3.38865, 7.46249, 0.25],
							"size": [0.1875, 0.51777, 2.75],
							"pivot": [0, 5.84161, 0.16073],
							"rotation": [0, 0, 45],
							"uv": {
								"north": {"uv": [33, 92], "uv_size": [0.5, 0.5]},
								"east": {"uv": [75, 6], "uv_size": [3, 0.5]},
								"south": {"uv": [92, 34], "uv_size": [0.5, 0.5]},
								"west": {"uv": [75, 17], "uv_size": [3, 0.5]},
								"up": {"uv": [25, 75], "uv_size": [0.5, 3]},
								"down": {"uv": [27, 78], "uv_size": [0.5, -3]}
							}
						},
						{
							"origin": [-1.25, 8.86612, 0.25],
							"size": [0.1875, 0.51776, 2.75],
							"inflate": 0.001,
							"uv": {
								"north": {"uv": [35, 92], "uv_size": [0.5, 0.5]},
								"east": {"uv": [75, 21], "uv_size": [3, 0.5]},
								"south": {"uv": [92, 36], "uv_size": [0.5, 0.5]},
								"west": {"uv": [75, 30], "uv_size": [3, 0.5]},
								"up": {"uv": [29, 75], "uv_size": [0.5, 3]},
								"down": {"uv": [35, 78], "uv_size": [0.5, -3]}
							}
						},
						{
							"origin": [-2.99665, 7.15887, -11],
							"size": [0.46599, 0.125, 11.25],
							"pivot": [0, 5.84161, 0.16073],
							"rotation": [0, 0, 45],
							"uv": {
								"north": {"uv": [37, 92], "uv_size": [0.5, 0.5]},
								"east": {"uv": [26, 38], "uv_size": [11.5, 0.5]},
								"south": {"uv": [45, 92], "uv_size": [0.5, 0.5]},
								"west": {"uv": [38, 35], "uv_size": [11.5, 0.5]},
								"up": {"uv": [0, 33], "uv_size": [0.5, 11.5]},
								"down": {"uv": [39, 48.5], "uv_size": [0.5, -11.5]}
							}
						},
						{
							"origin": [-0.858, 8.5625, -11],
							"size": [0.466, 0.125, 11.25],
							"uv": {
								"north": {"uv": [47, 92], "uv_size": [0.5, 0.5]},
								"east": {"uv": [26, 40], "uv_size": [11.5, 0.5]},
								"south": {"uv": [49, 92], "uv_size": [0.5, 0.5]},
								"west": {"uv": [40, 32], "uv_size": [11.5, 0.5]},
								"up": {"uv": [41, 37], "uv_size": [0.5, 11.5]},
								"down": {"uv": [26, 53.5], "uv_size": [0.5, -11.5]}
							}
						},
						{
							"origin": [-2.99665, 8.15887, -11],
							"size": [0.46599, 0.125, 11.25],
							"pivot": [0, 5.84161, 0.16073],
							"rotation": [0, 0, 45],
							"uv": {
								"north": {"uv": [92, 52], "uv_size": [0.5, 0.5]},
								"east": {"uv": [41, 18], "uv_size": [11.5, 0.5]},
								"south": {"uv": [54, 92], "uv_size": [0.5, 0.5]},
								"west": {"uv": [42, 13], "uv_size": [11.5, 0.5]},
								"up": {"uv": [28, 42], "uv_size": [0.5, 11.5]},
								"down": {"uv": [30, 53.5], "uv_size": [0.5, -11.5]}
							}
						},
						{
							"origin": [-0.858, 9.5625, -11],
							"size": [0.466, 0.125, 11.25],
							"uv": {
								"north": {"uv": [56, 92], "uv_size": [0.5, 0.5]},
								"east": {"uv": [43, 37], "uv_size": [11.5, 0.5]},
								"south": {"uv": [58, 92], "uv_size": [0.5, 0.5]},
								"west": {"uv": [43, 39], "uv_size": [11.5, 0.5]},
								"up": {"uv": [32, 42], "uv_size": [0.5, 11.5]},
								"down": {"uv": [34, 53.5], "uv_size": [0.5, -11.5]}
							}
						},
						{
							"origin": [-2.32615, 7.48838, -11],
							"size": [0.125, 0.46599, 11.25],
							"pivot": [0, 5.84161, 0.16073],
							"rotation": [0, 0, 45],
							"uv": {
								"north": {"uv": [92, 58], "uv_size": [0.5, 0.5]},
								"east": {"uv": [43, 41], "uv_size": [11.5, 0.5]},
								"south": {"uv": [60, 92], "uv_size": [0.5, 0.5]},
								"west": {"uv": [43, 43], "uv_size": [11.5, 0.5]},
								"up": {"uv": [36, 42], "uv_size": [0.5, 11.5]},
								"down": {"uv": [2, 54.5], "uv_size": [0.5, -11.5]}
							}
						},
						{
							"origin": [-3.32615, 7.48838, -11],
							"size": [0.125, 0.46599, 11.25],
							"pivot": [0, 5.84161, 0.16073],
							"rotation": [0, 0, 45],
							"uv": {
								"north": {"uv": [92, 60], "uv_size": [0.5, 0.5]},
								"east": {"uv": [44, 11], "uv_size": [11.5, 0.5]},
								"south": {"uv": [62, 92], "uv_size": [0.5, 0.5]},
								"west": {"uv": [44, 15], "uv_size": [11.5, 0.5]},
								"up": {"uv": [4, 43], "uv_size": [0.5, 11.5]},
								"down": {"uv": [6, 54.5], "uv_size": [0.5, -11.5]}
							}
						},
						{
							"origin": [-1.1875, 8.892, -11],
							"size": [0.125, 0.466, 11.25],
							"uv": {
								"north": {"uv": [64, 92], "uv_size": [0.5, 0.5]},
								"east": {"uv": [45, 4], "uv_size": [11.5, 0.5]},
								"south": {"uv": [92, 64], "uv_size": [0.5, 0.5]},
								"west": {"uv": [45, 6], "uv_size": [11.5, 0.5]},
								"up": {"uv": [43, 45], "uv_size": [0.5, 11.5]},
								"down": {"uv": [45, 56.5], "uv_size": [0.5, -11.5]}
							}
						},
						{
							"origin": [2.50477, 7.09637, 0.25],
							"size": [0.51777, 0.1875, 2.75],
							"pivot": [0, 5.84161, 0.16073],
							"rotation": [0, 0, -45],
							"uv": {
								"north": {"uv": [71, 92], "uv_size": [0.5, 0.5]},
								"east": {"uv": [75, 32], "uv_size": [3, 0.5]},
								"south": {"uv": [73, 92], "uv_size": [0.5, 0.5]},
								"west": {"uv": [37, 75], "uv_size": [3, 0.5]},
								"up": {"uv": [75, 37], "uv_size": [0.5, 3]},
								"down": {"uv": [41, 78], "uv_size": [0.5, -3]}
							}
						},
						{
							"origin": [0.36612, 8.5, 0.25],
							"size": [0.51776, 0.1875, 2.75],
							"uv": {
								"north": {"uv": [75, 92], "uv_size": [0.5, 0.5]},
								"east": {"uv": [75, 46], "uv_size": [3, 0.5]},
								"south": {"uv": [77, 92], "uv_size": [0.5, 0.5]},
								"west": {"uv": [48, 75], "uv_size": [3, 0.5]},
								"up": {"uv": [43, 75], "uv_size": [0.5, 3]},
								"down": {"uv": [52, 78], "uv_size": [0.5, -3]}
							}
						},
						{
							"origin": [2.50477, 8.15887, 0.25],
							"size": [0.51777, 0.1875, 2.75],
							"pivot": [0, 5.84161, 0.16073],
							"rotation": [0, 0, -45],
							"uv": {
								"north": {"uv": [79, 92], "uv_size": [0.5, 0.5]},
								"east": {"uv": [75, 48], "uv_size": [3, 0.5]},
								"south": {"uv": [81, 92], "uv_size": [0.5, 0.5]},
								"west": {"uv": [75, 52], "uv_size": [3, 0.5]},
								"up": {"uv": [69, 75], "uv_size": [0.5, 3]},
								"down": {"uv": [71, 78], "uv_size": [0.5, -3]}
							}
						},
						{
							"origin": [0.36612, 9.5625, 0.25],
							"size": [0.51776, 0.1875, 2.75],
							"uv": {
								"north": {"uv": [92, 82], "uv_size": [0.5, 0.5]},
								"east": {"uv": [75, 73], "uv_size": [3, 0.5]},
								"south": {"uv": [83, 92], "uv_size": [0.5, 0.5]},
								"west": {"uv": [75, 75], "uv_size": [3, 0.5]},
								"up": {"uv": [0, 76], "uv_size": [0.5, 3]},
								"down": {"uv": [76, 5], "uv_size": [0.5, -3]}
							}
						},
						{
							"origin": [2.13865, 7.46249, 0.25],
							"size": [0.1875, 0.51777, 2.75],
							"pivot": [0, 5.84161, 0.16073],
							"rotation": [0, 0, -45],
							"uv": {
								"north": {"uv": [89, 92], "uv_size": [0.5, 0.5]},
								"east": {"uv": [7, 76], "uv_size": [3, 0.5]},
								"south": {"uv": [0, 93], "uv_size": [0.5, 0.5]},
								"west": {"uv": [76, 8], "uv_size": [3, 0.5]},
								"up": {"uv": [11, 76], "uv_size": [0.5, 3]},
								"down": {"uv": [13, 79], "uv_size": [0.5, -3]}
							}
						},
						{
							"origin": [3.20115, 7.46249, 0.25],
							"size": [0.1875, 0.51777, 2.75],
							"pivot": [0, 5.84161, 0.16073],
							"rotation": [0, 0, -45],
							"uv": {
								"north": {"uv": [93, 0], "uv_size": [0.5, 0.5]},
								"east": {"uv": [76, 10], "uv_size": [3, 0.5]},
								"south": {"uv": [4, 93], "uv_size": [0.5, 0.5]},
								"west": {"uv": [76, 27], "uv_size": [3, 0.5]},
								"up": {"uv": [59, 76], "uv_size": [0.5, 3]},
								"down": {"uv": [76, 63], "uv_size": [0.5, -3]}
							}
						},
						{
							"origin": [1.0625, 8.86612, 0.25],
							"size": [0.1875, 0.51776, 2.75],
							"inflate": 0.001,
							"uv": {
								"north": {"uv": [6, 93], "uv_size": [0.5, 0.5]},
								"east": {"uv": [76, 54], "uv_size": [3, 0.5]},
								"south": {"uv": [93, 6], "uv_size": [0.5, 0.5]},
								"west": {"uv": [76, 66], "uv_size": [3, 0.5]},
								"up": {"uv": [2, 77], "uv_size": [0.5, 3]},
								"down": {"uv": [4, 80], "uv_size": [0.5, -3]}
							}
						},
						{
							"origin": [2.53066, 7.15887, -11],
							"size": [0.46599, 0.125, 11.25],
							"pivot": [0, 5.84161, 0.16073],
							"rotation": [0, 0, -45],
							"uv": {
								"north": {"uv": [8, 93], "uv_size": [0.5, 0.5]},
								"east": {"uv": [45, 8], "uv_size": [11.5, 0.5]},
								"south": {"uv": [93, 8], "uv_size": [0.5, 0.5]},
								"west": {"uv": [46, 0], "uv_size": [11.5, 0.5]},
								"up": {"uv": [0, 46], "uv_size": [0.5, 11.5]},
								"down": {"uv": [17, 57.5], "uv_size": [0.5, -11.5]}
							}
						},
						{
							"origin": [0.392, 8.5625, -11],
							"size": [0.466, 0.125, 11.25],
							"uv": {
								"north": {"uv": [10, 93], "uv_size": [0.5, 0.5]},
								"east": {"uv": [46, 2], "uv_size": [11.5, 0.5]},
								"south": {"uv": [93, 10], "uv_size": [0.5, 0.5]},
								"west": {"uv": [47, 20], "uv_size": [11.5, 0.5]},
								"up": {"uv": [19, 46], "uv_size": [0.5, 11.5]},
								"down": {"uv": [21, 57.5], "uv_size": [0.5, -11.5]}
							}
						},
						{
							"origin": [2.53066, 8.15887, -11],
							"size": [0.46599, 0.125, 11.25],
							"pivot": [0, 5.84161, 0.16073],
							"rotation": [0, 0, -45],
							"uv": {
								"north": {"uv": [93, 12], "uv_size": [0.5, 0.5]},
								"east": {"uv": [47, 22], "uv_size": [11.5, 0.5]},
								"south": {"uv": [93, 14], "uv_size": [0.5, 0.5]},
								"west": {"uv": [47, 24], "uv_size": [11.5, 0.5]},
								"up": {"uv": [8, 47], "uv_size": [0.5, 11.5]},
								"down": {"uv": [10, 58.5], "uv_size": [0.5, -11.5]}
							}
						},
						{
							"origin": [0.392, 9.5625, -11],
							"size": [0.466, 0.125, 11.25],
							"uv": {
								"north": {"uv": [93, 16], "uv_size": [0.5, 0.5]},
								"east": {"uv": [47, 26], "uv_size": [11.5, 0.5]},
								"south": {"uv": [18, 93], "uv_size": [0.5, 0.5]},
								"west": {"uv": [47, 28], "uv_size": [11.5, 0.5]},
								"up": {"uv": [12, 47], "uv_size": [0.5, 11.5]},
								"down": {"uv": [14, 58.5], "uv_size": [0.5, -11.5]}
							}
						},
						{
							"origin": [2.20115, 7.48838, -11],
							"size": [0.125, 0.46599, 11.25],
							"pivot": [0, 5.84161, 0.16073],
							"rotation": [0, 0, -45],
							"uv": {
								"north": {"uv": [20, 93], "uv_size": [0.5, 0.5]},
								"east": {"uv": [47, 30], "uv_size": [11.5, 0.5]},
								"south": {"uv": [93, 20], "uv_size": [0.5, 0.5]},
								"west": {"uv": [47, 45], "uv_size": [11.5, 0.5]},
								"up": {"uv": [23, 47], "uv_size": [0.5, 11.5]},
								"down": {"uv": [47, 58.5], "uv_size": [0.5, -11.5]}
							}
						},
						{
							"origin": [3.20115, 7.48838, -11],
							"size": [0.125, 0.46599, 11.25],
							"pivot": [0, 5.84161, 0.16073],
							"rotation": [0, 0, -45],
							"uv": {
								"north": {"uv": [22, 93], "uv_size": [0.5, 0.5]},
								"east": {"uv": [49, 47], "uv_size": [11.5, 0.5]},
								"south": {"uv": [26, 93], "uv_size": [0.5, 0.5]},
								"west": {"uv": [49, 49], "uv_size": [11.5, 0.5]},
								"up": {"uv": [38, 50], "uv_size": [0.5, 11.5]},
								"down": {"uv": [40, 61.5], "uv_size": [0.5, -11.5]}
							}
						},
						{
							"origin": [1.0625, 8.892, -11],
							"size": [0.125, 0.466, 11.25],
							"uv": {
								"north": {"uv": [93, 26], "uv_size": [0.5, 0.5]},
								"east": {"uv": [51, 34], "uv_size": [11.5, 0.5]},
								"south": {"uv": [28, 93], "uv_size": [0.5, 0.5]},
								"west": {"uv": [49, 51], "uv_size": [11.5, 0.5]},
								"up": {"uv": [49, 53], "uv_size": [0.5, 11.5]},
								"down": {"uv": [51, 64.5], "uv_size": [0.5, -11.5]}
							}
						},
						{
							"origin": [-1.1875, 8.892, -15.9],
							"size": [0.125, 0.466, 7.85],
							"uv": {
								"north": {"uv": [64, 92], "uv_size": [0.5, 0.5]},
								"east": {"uv": [45, 4], "uv_size": [11.5, 0.5]},
								"south": {"uv": [92, 64], "uv_size": [0.5, 0.5]},
								"west": {"uv": [45, 6], "uv_size": [11.5, 0.5]},
								"up": {"uv": [43, 45], "uv_size": [0.5, 11.5]},
								"down": {"uv": [45, 56.5], "uv_size": [0.5, -11.5]}
							}
						},
						{
							"origin": [-3.32615, 7.48838, -15.9],
							"size": [0.125, 0.46599, 7.85],
							"pivot": [0, 5.84161, -8.13927],
							"rotation": [0, 0, 45],
							"uv": {
								"north": {"uv": [92, 60], "uv_size": [0.5, 0.5]},
								"east": {"uv": [44, 11], "uv_size": [11.5, 0.5]},
								"south": {"uv": [62, 92], "uv_size": [0.5, 0.5]},
								"west": {"uv": [44, 15], "uv_size": [11.5, 0.5]},
								"up": {"uv": [4, 43], "uv_size": [0.5, 11.5]},
								"down": {"uv": [6, 54.5], "uv_size": [0.5, -11.5]}
							}
						},
						{
							"origin": [-0.858, 9.5625, -15.9],
							"size": [0.466, 0.125, 7.85],
							"uv": {
								"north": {"uv": [56, 92], "uv_size": [0.5, 0.5]},
								"east": {"uv": [43, 37], "uv_size": [11.5, 0.5]},
								"south": {"uv": [58, 92], "uv_size": [0.5, 0.5]},
								"west": {"uv": [43, 39], "uv_size": [11.5, 0.5]},
								"up": {"uv": [32, 42], "uv_size": [0.5, 11.5]},
								"down": {"uv": [34, 53.5], "uv_size": [0.5, -11.5]}
							}
						},
						{
							"origin": [-0.858, 8.5625, -15.9],
							"size": [0.466, 0.125, 7.85],
							"uv": {
								"north": {"uv": [47, 92], "uv_size": [0.5, 0.5]},
								"east": {"uv": [26, 40], "uv_size": [11.5, 0.5]},
								"south": {"uv": [49, 92], "uv_size": [0.5, 0.5]},
								"west": {"uv": [40, 32], "uv_size": [11.5, 0.5]},
								"up": {"uv": [41, 37], "uv_size": [0.5, 11.5]},
								"down": {"uv": [26, 53.5], "uv_size": [0.5, -11.5]}
							}
						},
						{
							"origin": [-2.32615, 7.48838, -15.9],
							"size": [0.125, 0.46599, 7.85],
							"pivot": [0, 5.84161, -8.13927],
							"rotation": [0, 0, 45],
							"uv": {
								"north": {"uv": [92, 58], "uv_size": [0.5, 0.5]},
								"east": {"uv": [43, 41], "uv_size": [11.5, 0.5]},
								"south": {"uv": [60, 92], "uv_size": [0.5, 0.5]},
								"west": {"uv": [43, 43], "uv_size": [11.5, 0.5]},
								"up": {"uv": [36, 42], "uv_size": [0.5, 11.5]},
								"down": {"uv": [2, 54.5], "uv_size": [0.5, -11.5]}
							}
						},
						{
							"origin": [-2.99665, 7.15887, -15.9],
							"size": [0.46599, 0.125, 7.85],
							"pivot": [0, 5.84161, -8.13927],
							"rotation": [0, 0, 45],
							"uv": {
								"north": {"uv": [37, 92], "uv_size": [0.5, 0.5]},
								"east": {"uv": [26, 38], "uv_size": [11.5, 0.5]},
								"south": {"uv": [45, 92], "uv_size": [0.5, 0.5]},
								"west": {"uv": [38, 35], "uv_size": [11.5, 0.5]},
								"up": {"uv": [0, 33], "uv_size": [0.5, 11.5]},
								"down": {"uv": [39, 48.5], "uv_size": [0.5, -11.5]}
							}
						},
						{
							"origin": [-0.1875, 8.8125, -15.9],
							"size": [0.375, 0.5625, 10.6],
							"inflate": 0.001,
							"uv": {
								"north": {"uv": [91, 89], "uv_size": [0.5, 0.5]},
								"east": {"uv": [26, 18], "uv_size": [14, 0.5]},
								"south": {"uv": [91, 91], "uv_size": [0.5, 0.5]},
								"west": {"uv": [29, 11], "uv_size": [14, 0.5]},
								"up": {"uv": [3, 28], "uv_size": [0.5, 14]},
								"down": {"uv": [5, 42], "uv_size": [0.5, -14]}
							}
						},
						{
							"origin": [-0.28125, 8.6875, -15.9],
							"size": [0.5625, 0.125, 10.6],
							"uv": {
								"north": {"uv": [67, 97], "uv_size": [0.5, 0.5]},
								"east": {"uv": [32, 20], "uv_size": [14, 0.5]},
								"south": {"uv": [97, 68], "uv_size": [0.5, 0.5]},
								"west": {"uv": [32, 22], "uv_size": [14, 0.5]},
								"up": {"uv": [22, 31], "uv_size": [0.5, 14]},
								"down": {"uv": [9, 46], "uv_size": [0.5, -14]}
							}
						},
						{
							"origin": [2.20115, 7.48838, -15.9],
							"size": [0.125, 0.46599, 7.85],
							"pivot": [0, 5.84161, -8.13927],
							"rotation": [0, 0, -45],
							"uv": {
								"north": {"uv": [20, 93], "uv_size": [0.5, 0.5]},
								"east": {"uv": [47, 30], "uv_size": [11.5, 0.5]},
								"south": {"uv": [93, 20], "uv_size": [0.5, 0.5]},
								"west": {"uv": [47, 45], "uv_size": [11.5, 0.5]},
								"up": {"uv": [23, 47], "uv_size": [0.5, 11.5]},
								"down": {"uv": [47, 58.5], "uv_size": [0.5, -11.5]}
							}
						},
						{
							"origin": [0.392, 8.5625, -15.9],
							"size": [0.466, 0.125, 7.85],
							"uv": {
								"north": {"uv": [10, 93], "uv_size": [0.5, 0.5]},
								"east": {"uv": [46, 2], "uv_size": [11.5, 0.5]},
								"south": {"uv": [93, 10], "uv_size": [0.5, 0.5]},
								"west": {"uv": [47, 20], "uv_size": [11.5, 0.5]},
								"up": {"uv": [19, 46], "uv_size": [0.5, 11.5]},
								"down": {"uv": [21, 57.5], "uv_size": [0.5, -11.5]}
							}
						},
						{
							"origin": [2.53066, 7.15887, -15.9],
							"size": [0.46599, 0.125, 7.85],
							"pivot": [0, 5.84161, -8.13927],
							"rotation": [0, 0, -45],
							"uv": {
								"north": {"uv": [8, 93], "uv_size": [0.5, 0.5]},
								"east": {"uv": [45, 8], "uv_size": [11.5, 0.5]},
								"south": {"uv": [93, 8], "uv_size": [0.5, 0.5]},
								"west": {"uv": [46, 0], "uv_size": [11.5, 0.5]},
								"up": {"uv": [0, 46], "uv_size": [0.5, 11.5]},
								"down": {"uv": [17, 57.5], "uv_size": [0.5, -11.5]}
							}
						},
						{
							"origin": [1.0625, 8.892, -15.9],
							"size": [0.125, 0.466, 7.85],
							"uv": {
								"north": {"uv": [93, 26], "uv_size": [0.5, 0.5]},
								"east": {"uv": [51, 34], "uv_size": [11.5, 0.5]},
								"south": {"uv": [28, 93], "uv_size": [0.5, 0.5]},
								"west": {"uv": [49, 51], "uv_size": [11.5, 0.5]},
								"up": {"uv": [49, 53], "uv_size": [0.5, 11.5]},
								"down": {"uv": [51, 64.5], "uv_size": [0.5, -11.5]}
							}
						},
						{
							"origin": [3.20115, 7.48838, -15.9],
							"size": [0.125, 0.46599, 7.85],
							"pivot": [0, 5.84161, -8.13927],
							"rotation": [0, 0, -45],
							"uv": {
								"north": {"uv": [22, 93], "uv_size": [0.5, 0.5]},
								"east": {"uv": [49, 47], "uv_size": [11.5, 0.5]},
								"south": {"uv": [26, 93], "uv_size": [0.5, 0.5]},
								"west": {"uv": [49, 49], "uv_size": [11.5, 0.5]},
								"up": {"uv": [38, 50], "uv_size": [0.5, 11.5]},
								"down": {"uv": [40, 61.5], "uv_size": [0.5, -11.5]}
							}
						},
						{
							"origin": [2.53066, 8.15887, -15.9],
							"size": [0.46599, 0.125, 7.85],
							"pivot": [0, 5.84161, -8.13927],
							"rotation": [0, 0, -45],
							"uv": {
								"north": {"uv": [93, 12], "uv_size": [0.5, 0.5]},
								"east": {"uv": [47, 22], "uv_size": [11.5, 0.5]},
								"south": {"uv": [93, 14], "uv_size": [0.5, 0.5]},
								"west": {"uv": [47, 24], "uv_size": [11.5, 0.5]},
								"up": {"uv": [8, 47], "uv_size": [0.5, 11.5]},
								"down": {"uv": [10, 58.5], "uv_size": [0.5, -11.5]}
							}
						},
						{
							"origin": [0.392, 9.5625, -15.9],
							"size": [0.466, 0.125, 7.85],
							"uv": {
								"north": {"uv": [93, 16], "uv_size": [0.5, 0.5]},
								"east": {"uv": [47, 26], "uv_size": [11.5, 0.5]},
								"south": {"uv": [18, 93], "uv_size": [0.5, 0.5]},
								"west": {"uv": [47, 28], "uv_size": [11.5, 0.5]},
								"up": {"uv": [12, 47], "uv_size": [0.5, 11.5]},
								"down": {"uv": [14, 58.5], "uv_size": [0.5, -11.5]}
							}
						},
						{
							"origin": [-0.25, 9.375, -15.9],
							"size": [0.5, 0.125, 10.6],
							"uv": {
								"north": {"uv": [38, 97], "uv_size": [0.5, 0.5]},
								"east": {"uv": [29, 16], "uv_size": [14, 0.5]},
								"south": {"uv": [97, 38], "uv_size": [0.5, 0.5]},
								"west": {"uv": [30, 5], "uv_size": [14, 0.5]},
								"up": {"uv": [7, 28], "uv_size": [0.5, 14]},
								"down": {"uv": [30, 34], "uv_size": [0.5, -14]}
							}
						},
						{
							"origin": [-2.99665, 8.15887, -15.9],
							"size": [0.46599, 0.125, 7.85],
							"pivot": [0, 5.84161, -8.13927],
							"rotation": [0, 0, 45],
							"uv": {
								"north": {"uv": [92, 52], "uv_size": [0.5, 0.5]},
								"east": {"uv": [41, 18], "uv_size": [11.5, 0.5]},
								"south": {"uv": [54, 92], "uv_size": [0.5, 0.5]},
								"west": {"uv": [42, 13], "uv_size": [11.5, 0.5]},
								"up": {"uv": [28, 42], "uv_size": [0.5, 11.5]},
								"down": {"uv": [30, 53.5], "uv_size": [0.5, -11.5]}
							}
						},
						{
							"origin": [-1.6689, 9.19324, -15.9],
							"size": [0.0625, 0.1875, 10.6],
							"pivot": [0, 5.84161, -8.13927],
							"rotation": [0, 0, 22.5],
							"uv": {
								"north": {"uv": [97, 90], "uv_size": [0.5, 0.5]},
								"east": {"uv": [32, 24], "uv_size": [14, 0.5]},
								"south": {"uv": [97, 92], "uv_size": [0.5, 0.5]},
								"west": {"uv": [32, 26], "uv_size": [14, 0.5]},
								"up": {"uv": [11, 32], "uv_size": [0.5, 14]},
								"down": {"uv": [13, 46], "uv_size": [0.5, -14]}
							}
						},
						{
							"origin": [-0.375, 9.5, -15.9],
							"size": [0.75, 0.125, 10.6],
							"uv": {
								"north": {"uv": [34, 88], "uv_size": [1, 0.5]},
								"east": {"uv": [30, 7], "uv_size": [14, 0.5]},
								"south": {"uv": [88, 34], "uv_size": [1, 0.5]},
								"west": {"uv": [30, 9], "uv_size": [14, 0.5]},
								"up": {"uv": [13, 0], "uv_size": [1, 14]},
								"down": {"uv": [15, 14], "uv_size": [1, -14]}
							}
						},
						{
							"origin": [-0.1875, 9.625, -15.9],
							"size": [0.375, 0.125, 10.6],
							"uv": {
								"north": {"uv": [40, 97], "uv_size": [0.5, 0.5]},
								"east": {"uv": [31, 0], "uv_size": [14, 0.5]},
								"south": {"uv": [97, 40], "uv_size": [0.5, 0.5]},
								"west": {"uv": [31, 2], "uv_size": [14, 0.5]},
								"up": {"uv": [18, 31], "uv_size": [0.5, 14]},
								"down": {"uv": [20, 45], "uv_size": [0.5, -14]}
							}
						},
						{
							"origin": [1.6064, 9.19324, -15.9],
							"size": [0.0625, 0.1875, 10.6],
							"pivot": [0, 5.84161, -8.13927],
							"rotation": [0, 0, -22.5],
							"uv": {
								"north": {"uv": [97, 94], "uv_size": [0.5, 0.5]},
								"east": {"uv": [32, 28], "uv_size": [14, 0.5]},
								"south": {"uv": [97, 96], "uv_size": [0.5, 0.5]},
								"west": {"uv": [32, 30], "uv_size": [14, 0.5]},
								"up": {"uv": [15, 32], "uv_size": [0.5, 14]},
								"down": {"uv": [24, 46], "uv_size": [0.5, -14]}
							}
						}
					]
				},
				{
					"name": "steel",
					"parent": "barrel",
					"pivot": [-0.27784, 8.10938, 0.20424],
					"cubes": [
						{
							"origin": [-0.8125, 7.15625, 0.28125],
							"size": [1.625, 1.40625, 2.71875],
							"uv": {
								"north": {"uv": [68, 65], "uv_size": [1.5, 1.5]},
								"east": {"uv": [59, 58], "uv_size": [2.5, 1.5]},
								"south": {"uv": [4, 69], "uv_size": [1.5, 1.5]},
								"west": {"uv": [8, 60], "uv_size": [2.5, 1.5]},
								"up": {"uv": [12, 60], "uv_size": [1.5, 2.5]},
								"down": {"uv": [60, 22.5], "uv_size": [1.5, -2.5]}
							}
						},
						{
							"origin": [-0.9375, 7.15625, -0.21875],
							"size": [1.875, 1.40625, 0.5],
							"inflate": 0.001,
							"uv": {
								"north": {"uv": [59, 64], "uv_size": [2, 1.5]},
								"east": {"uv": [33, 84], "uv_size": [0.5, 1.5]},
								"south": {"uv": [65, 32], "uv_size": [2, 1.5]},
								"west": {"uv": [45, 84], "uv_size": [0.5, 1.5]},
								"up": {"uv": [82, 4], "uv_size": [2, 0.5]},
								"down": {"uv": [5, 82.5], "uv_size": [2, -0.5]}
							}
						},
						{
							"origin": [-0.57769, 7.15625, 0.75261],
							"size": [0.23438, 1.40625, 0.15625],
							"pivot": [0, 5.84161, 0.16073],
							"rotation": [0, -45, 0],
							"uv": {
								"north": {"uv": [75, 85], "uv_size": [0.5, 1.5]},
								"east": {"uv": [85, 80], "uv_size": [0.5, 1.5]},
								"south": {"uv": [81, 85], "uv_size": [0.5, 1.5]},
								"west": {"uv": [83, 85], "uv_size": [0.5, 1.5]},
								"up": {"uv": [97, 48], "uv_size": [0.5, 0.5]},
								"down": {"uv": [50, 97.5], "uv_size": [0.5, -0.5]}
							}
						},
						{
							"origin": [0.34331, 7.15625, 0.75261],
							"size": [0.23438, 1.40625, 0.15625],
							"pivot": [0, 5.84161, 0.16073],
							"rotation": [0, 45, 0],
							"uv": {
								"north": {"uv": [58, 85], "uv_size": [0.5, 1.5]},
								"east": {"uv": [71, 85], "uv_size": [0.5, 1.5]},
								"south": {"uv": [85, 72], "uv_size": [0.5, 1.5]},
								"west": {"uv": [73, 85], "uv_size": [0.5, 1.5]},
								"up": {"uv": [97, 44], "uv_size": [0.5, 0.5]},
								"down": {"uv": [97, 46.5], "uv_size": [0.5, -0.5]}
							}
						},
						{
							"origin": [-1, 6.46265, 1.814],
							"size": [2, 0.46875, 0.46875],
							"pivot": [0, 5.84161, 0.16073],
							"rotation": [45, 0, 0],
							"uv": {
								"north": {"uv": [83, 12], "uv_size": [2, 0.5]},
								"east": {"uv": [42, 97], "uv_size": [0.5, 0.5]},
								"south": {"uv": [83, 14], "uv_size": [2, 0.5]},
								"west": {"uv": [97, 42], "uv_size": [0.5, 0.5]},
								"up": {"uv": [83, 16], "uv_size": [2, 0.5]},
								"down": {"uv": [20, 83.5], "uv_size": [2, -0.5]}
							}
						}
					]
				},
				{
					"name": "bullet_1",
					"parent": "front_part",
					"pivot": [0.625, 9.125, 2.40625],
					"cubes": [
						{
							"origin": [0.46967, 8.75, 0.5],
							"size": [0.31066, 0.75, 2.5],
							"pivot": [0.625, 9.125, 2.5],
							"rotation": [0, 0, -45],
							"uv": {
								"north": {"uv": [29, 89], "uv_size": [0.5, 1]},
								"up": {"uv": [29, 79], "uv_size": [0.5, 2.5]},
								"down": {"uv": [79, 31.5], "uv_size": [0.5, -2.5]}
							}
						},
						{
							"origin": [0.46967, 8.75, 0.5],
							"size": [0.31066, 0.75, 2.5],
							"uv": {
								"north": {"uv": [89, 30], "uv_size": [0.5, 1]},
								"up": {"uv": [35, 79], "uv_size": [0.5, 2.5]},
								"down": {"uv": [37, 81.5], "uv_size": [0.5, -2.5]}
							}
						},
						{
							"origin": [0.25, 8.96967, 0.5],
							"size": [0.75, 0.31066, 2.5],
							"pivot": [0.625, 9.125, 2.5],
							"rotation": [0, 0, -45],
							"uv": {
								"north": {"uv": [31, 89], "uv_size": [1, 0.5]},
								"east": {"uv": [79, 6], "uv_size": [2.5, 0.5]},
								"west": {"uv": [79, 16], "uv_size": [2.5, 0.5]}
							}
						},
						{
							"origin": [0.25, 8.96967, 0.5],
							"size": [0.75, 0.31066, 2.5],
							"uv": {
								"north": {"uv": [89, 32], "uv_size": [1, 0.5]},
								"east": {"uv": [79, 21], "uv_size": [2.5, 0.5]},
								"west": {"uv": [39, 79], "uv_size": [2.5, 0.5]}
							}
						},
						{
							"origin": [0.44378, 8.6875, 3],
							"size": [0.36244, 0.875, 0.125],
							"pivot": [0.625, 9.125, 3.5],
							"rotation": [0, 0, -45],
							"uv": {
								"north": {"uv": [89, 38], "uv_size": [0.5, 1]},
								"south": {"uv": [40, 89], "uv_size": [0.5, 1]},
								"up": {"uv": [99, 10], "uv_size": [0.5, 0.5]},
								"down": {"uv": [99, 12.5], "uv_size": [0.5, -0.5]}
							}
						},
						{
							"origin": [0.44378, 8.6875, 3],
							"size": [0.36244, 0.875, 0.125],
							"uv": {
								"north": {"uv": [89, 40], "uv_size": [0.5, 1]},
								"south": {"uv": [42, 89], "uv_size": [0.5, 1]},
								"up": {"uv": [99, 14], "uv_size": [0.5, 0.5]},
								"down": {"uv": [99, 16.5], "uv_size": [0.5, -0.5]}
							}
						},
						{
							"origin": [0.1875, 8.94378, 3],
							"size": [0.875, 0.36244, 0.125],
							"pivot": [0.625, 9.125, 3.5],
							"rotation": [0, 0, -45],
							"uv": {
								"north": {"uv": [89, 42], "uv_size": [1, 0.5]},
								"east": {"uv": [18, 99], "uv_size": [0.5, 0.5]},
								"south": {"uv": [44, 89], "uv_size": [1, 0.5]},
								"west": {"uv": [20, 99], "uv_size": [0.5, 0.5]}
							}
						},
						{
							"origin": [0.1875, 8.94378, 3],
							"size": [0.875, 0.36244, 0.125],
							"uv": {
								"north": {"uv": [89, 44], "uv_size": [1, 0.5]},
								"east": {"uv": [99, 20], "uv_size": [0.5, 0.5]},
								"south": {"uv": [89, 46], "uv_size": [1, 0.5]},
								"west": {"uv": [22, 99], "uv_size": [0.5, 0.5]}
							}
						}
					]
				},
				{
					"name": "bullet_2",
					"parent": "front_part",
					"pivot": [-0.625, 9.125, 2.40625],
					"cubes": [
						{
							"origin": [-0.78033, 8.75, 0.5],
							"size": [0.31066, 0.75, 2.5],
							"pivot": [-0.625, 9.125, 2.5],
							"rotation": [0, 0, 45],
							"uv": {
								"north": {"uv": [89, 48], "uv_size": [0.5, 1]},
								"up": {"uv": [43, 79], "uv_size": [0.5, 2.5]},
								"down": {"uv": [79, 47.5], "uv_size": [0.5, -2.5]}
							}
						},
						{
							"origin": [-0.78033, 8.75, 0.5],
							"size": [0.31066, 0.75, 2.5],
							"uv": {
								"north": {"uv": [89, 50], "uv_size": [0.5, 1]},
								"up": {"uv": [47, 79], "uv_size": [0.5, 2.5]},
								"down": {"uv": [49, 81.5], "uv_size": [0.5, -2.5]}
							}
						},
						{
							"origin": [-1, 8.96967, 0.5],
							"size": [0.75, 0.31066, 2.5],
							"pivot": [-0.625, 9.125, 2.5],
							"rotation": [0, 0, 45],
							"uv": {
								"north": {"uv": [53, 89], "uv_size": [1, 0.5]},
								"east": {"uv": [79, 52], "uv_size": [2.5, 0.5]},
								"west": {"uv": [69, 79], "uv_size": [2.5, 0.5]}
							}
						},
						{
							"origin": [-1, 8.96967, 0.5],
							"size": [0.75, 0.31066, 2.5],
							"uv": {
								"north": {"uv": [89, 54], "uv_size": [1, 0.5]},
								"east": {"uv": [79, 72], "uv_size": [2.5, 0.5]},
								"west": {"uv": [73, 79], "uv_size": [2.5, 0.5]}
							}
						},
						{
							"origin": [-0.80622, 8.6875, 3],
							"size": [0.36244, 0.875, 0.125],
							"pivot": [-0.625, 9.125, 3.5],
							"rotation": [0, 0, 45],
							"uv": {
								"north": {"uv": [89, 56], "uv_size": [0.5, 1]},
								"south": {"uv": [89, 62], "uv_size": [0.5, 1]},
								"up": {"uv": [26, 99], "uv_size": [0.5, 0.5]},
								"down": {"uv": [99, 26.5], "uv_size": [0.5, -0.5]}
							}
						},
						{
							"origin": [-0.80622, 8.6875, 3],
							"size": [0.36244, 0.875, 0.125],
							"uv": {
								"north": {"uv": [67, 89], "uv_size": [0.5, 1]},
								"south": {"uv": [89, 67], "uv_size": [0.5, 1]},
								"up": {"uv": [28, 99], "uv_size": [0.5, 0.5]},
								"down": {"uv": [99, 28.5], "uv_size": [0.5, -0.5]}
							}
						},
						{
							"origin": [-1.0625, 8.94378, 3],
							"size": [0.875, 0.36244, 0.125],
							"pivot": [-0.625, 9.125, 3.5],
							"rotation": [0, 0, 45],
							"uv": {
								"north": {"uv": [69, 89], "uv_size": [1, 0.5]},
								"east": {"uv": [30, 99], "uv_size": [0.5, 0.5]},
								"south": {"uv": [89, 69], "uv_size": [1, 0.5]},
								"west": {"uv": [99, 30], "uv_size": [0.5, 0.5]}
							}
						},
						{
							"origin": [-1.0625, 8.94378, 3],
							"size": [0.875, 0.36244, 0.125],
							"uv": {
								"north": {"uv": [89, 71], "uv_size": [1, 0.5]},
								"east": {"uv": [99, 32], "uv_size": [0.5, 0.5]},
								"south": {"uv": [89, 73], "uv_size": [1, 0.5]},
								"west": {"uv": [38, 99], "uv_size": [0.5, 0.5]}
							}
						}
					]
				},
				{
					"name": "positioning2",
					"parent": "Db",
					"pivot": [0, 7, 6.625]
				},
				{
					"name": "muzzle_flash",
					"parent": "positioning2",
					"pivot": [0, 9.125, -15]
				},
				{
					"name": "leftHand",
					"parent": "root",
					"pivot": [-6, 19, 8]
				},
				{
					"name": "lefthand_pos",
					"parent": "leftHand",
					"pivot": [0, 8, 8],
					"cubes": [
						{
							"origin": [-7, 8, 6],
							"size": [3, 12, 4],
							"uv": {
								"north": {"uv": [0, 0], "uv_size": [4, 12]},
								"east": {"uv": [4, 0], "uv_size": [4, 12]},
								"south": {"uv": [8, 0], "uv_size": [4, 12]},
								"west": {"uv": [0, 12], "uv_size": [4, 12]},
								"up": {"uv": [12, 0], "uv_size": [4, 4]},
								"down": {"uv": [4, 16], "uv_size": [4, -4]}
							}
						}
					]
				},
				{
					"name": "camera",
					"pivot": [-0.04375, 12.20625, 11.525]
				},
				{
					"name": "positioning",
					"pivot": [0, 0, -8]
				},
				{
					"name": "thirdperson_hand",
					"parent": "positioning",
					"pivot": [0, 6.525, 7.65]
				},
				{
					"name": "ground",
					"parent": "positioning",
					"pivot": [0, -0.9, 0.65]
				},
				{
					"name": "fixed",
					"parent": "positioning",
					"pivot": [0, 9.1, 1.6],
					"rotation": [0, 90, 0]
				},
				{
					"name": "views",
					"pivot": [0, 0, 0]
				},
				{
					"name": "idle_view",
					"parent": "views",
					"pivot": [-0.04375, 12.20625, 11.525]
				},
				{
					"name": "iron_view",
					"parent": "views",
					"pivot": [0, 10, 8]
				},
				{
					"name": "refit_view",
					"parent": "views",
					"pivot": [15, 9, 0],
					"rotation": [0, 90, 0]
				}
			]
		}
	]
}