{
  "materials": [
    {
      "item": {
        "tag": "forge:ingots/iron"
      },
      "count": 320
    },
    {
      "item": {
        "tag": "forge:gems/lapis"
      },
      "count": 128
    },
    {
      "item": {
        "tag": "forge:gems/diamond"
      },
      "count": 64
    },
    {
      "item":{
    "item": "minecraft:gunpowder"
      },
      "count": 64
    },
    {
      "item": {
        "tag": "forge:ingots/netherite"
      },
      "count": 8
    }
  ],
  "result": {
    "type": "gun",
    "id": "ex:demise"
  },
  "type": "tacz:gun_smith_table_crafting"
}