{
  "materials": [
    {
      "item": {
        "type": "forge:partial_nbt",
        "item": "tacz:modern_kinetic_gun",
        "nbt": {
          "GunId": "ex:kraber"
        }
      },
      "count": 1
    },
    {
      "item": {
        "tag": "forge:dusts/redstone"
      },
      "count": 300
    },
    {
      "item":{
    "item": "minecraft:gunpowder"
      },
      "count": 64
    },
    {
      "item": {
        "item": "minecraft:netherite_ingot"
      },
      "count": 32
    },
    {
      "item": {
        "tag": "forge:nether_stars"
      },
      "count": 6
    }
  ],
  "result": {
    "type": "gun",
    "id": "ex:despair"
  },
  "type": "tacz:gun_smith_table_crafting"
}