{
  "materials": [
    {
      "item": {
        "type": "forge:partial_nbt",
        "item": "tacz:modern_kinetic_gun",
        "nbt": {
          "GunId": "ex:bfg50a"
        }
      },
      "count": 1
    },
    {
      "item": {
        "tag": "forge:ingots/netherite"
      },
      "count": 24
    },
    {
      "item": {
        "tag": "forge:gems/diamond"
      },
      "count": 36
    },
    {
      "item": {
        "tag": "forge:dusts/redstone"
      },
      "count": 128
    },
    {
      "item": {
        "tag": "forge:nether_stars"
      },
      "count": 6
    }
  ],
  "result": {
    "type": "gun",
    "id": "ex:dysphoria"
  },
  "type": "tacz:gun_smith_table_crafting"
}