{
  "materials": [
    {
      "item": {
        "type": "forge:partial_nbt",
        "item": "tacz:modern_kinetic_gun",
        "nbt": {
          "GunId": "ex:50cal"
        }
      },
      "count": 1
    },
    {
      "item":{
    "item": "minecraft:black_dye"
      },
      "count": 96
    },
    {
      "item":{
    "item": "minecraft:gunpowder"
      },
      "count": 64
    },
    {
      "item": {
        "tag": "forge:dusts/redstone"
      },
      "count": 32
    },
    {
      "item": {
        "tag": "forge:obsidian"
      },
      "count": 14
    },
    {
      "item": {
        "tag": "forge:ingots/netherite"
      },
      "count": 8
    }
  ],
  "result": {
    "type": "gun",
    "id": "ex:gehenna"
  },
  "type": "tacz:gun_smith_table_crafting"
}