{
  "materials": [
    {
      "item": {
        "type": "forge:partial_nbt",
        "item": "tacz:modern_kinetic_gun",
        "nbt": {
          "GunId": "ex:spas12"
        }
      },
      "count": 1
    },
    {
      "item": {
        "tag": "forge:ingots/netherite"
      },
      "count": 15
    },
    {
      "item": {
        "item": "minecraft:dragon_head"
      },
      "count": 1
    },
    {
      "item": {
        "tag": "forge:nether_stars"
      },
      "count": 1
    }
  ],
  "result": {
    "type": "gun",
    "id": "ex:judgement"
  },
  "type": "tacz:gun_smith_table_crafting"
}