{
  "materials": [
    {
      "item": {
        "tag": "forge:ingots/iron"
      },
      "count": 300
    },
    {
      "item": {
        "item": "minecraft:netherite_ingot"
      },
      "count": 1
    },
    {
      "item": {
        "tag": "forge:rods/blaze"
      },
      "count": 5
    },
    {
      "item":{
    "item": "minecraft:gunpowder"
      },
      "count": 64
    }
  ],
  "result": {
    "type": "gun",
    "id": "ex:kraber"
  },
  "type": "tacz:gun_smith_table_crafting"
}