{
  "materials": [
    {
      "item": {
        "tag": "forge:ingots/gold"
      },
      "count": 16
    },
    {
      "item": {
        "tag": "forge:ingots/iron"
      },
      "count": 64
    },
    {
      "item": {
        "tag": "forge:rods/blaze"
      },
      "count": 13
    },
    {
      "item": {
        "tag": "forge:dusts/redstone"
      },
      "count": 32
    },
    {
      "item": {
        "tag": "forge:dyes/red"
       },
      "count": 5
    }
  ],
  "result": {
    "type": "gun",
    "id": "ex:kurohana"
  },
  "type": "tacz:gun_smith_table_crafting"
}