{
  "materials": [
    {
      "item": {
        "type": "forge:partial_nbt",
        "item": "tacz:modern_kinetic_gun",
        "nbt": {
          "GunId": "tacz:m95"
        }
      },
      "count": 1
    },
    {
      "item":{
    "item": "minecraft:gunpowder"
      },
      "count": 64
    },
    {
      "item": {
        "tag": "forge:dusts/redstone"
      },
      "count": 128
    },
    {
      "item": {
        "tag": "forge:ingots/netherite"
      },
      "count": 13
    }
  ],
  "result": {
    "type": "gun",
    "id": "ex:m95"
  },
  "type": "tacz:gun_smith_table_crafting"
}