{
  "materials": [

    {
      "item": {
        "tag": "forge:ingots/iron"
      },
      "count": 300
    },
    {
      "item": {
        "tag": "forge:ingots/netherite"
      },
      "count": 24
    },
    {
      "item": {
        "tag": "forge:rods/blaze"
      },
      "count": 16
    },
    {
      "item": {
        "tag": "forge:gems/diamond"
      },
      "count": 36
    },
    {
      "item": {
        "tag": "forge:dusts/redstone"
      },
      "count": 128
    },
    {
      "item": {
        "tag": "forge:gems/lapis"
      },
      "count": 64
    }
  ],
  "result": {
    "type": "gun",
    "id": "ex:revolt"
  },
  "type": "tacz:gun_smith_table_crafting"
}