{
  "materials": [
    {
      "item": {
        "tag": "forge:ingots/iron"
      },
      "count": 64
    },
    {
      "item":{
    "item": "minecraft:gunpowder"
      },
      "count": 15
    },
    {
      "item": {
        "tag": "forge:dusts/redstone"
      },
      "count": 32
    },
    {
      "item": {
        "tag": "forge:dyes/red"
       },
      "count": 15
    }
  ],
  "result": {
    "type": "gun",
    "id": "ex:ronin"
  },
  "type": "tacz:gun_smith_table_crafting"
}