{
  "materials": [
    {
      "item": {
        "tag": "forge:ingots/iron"
      },
      "count": 320
    },
    {
      "item": {
        "tag": "forge:ingots/gold"
      },
      "count": 124
    },
    {
      "item": {
        "tag": "forge:gems/diamond"
      },
      "count": 64
    },
    {
      "item": {
        "tag": "forge:rods/blaze"
      },
      "count": 32
    },
    {
      "item": {
        "tag": "forge:ingots/netherite"
      },
      "count": 32
    },
    {
      "item": {
        "tag": "forge:nether_stars"
      },
      "count": 6
    }
  ],
  "result": {
    "type": "gun",
    "id": "ex:rytec"
  },
  "type": "tacz:gun_smith_table_crafting"
}