{
  "materials": [
    {
      "item": {
        "tag": "forge:ingots/iron"
      },
      "count": 128
    },
    {
      "item":{
    "item": "minecraft:gunpowder"
      },
      "count": 64
    },
    {
      "item": {
        "tag": "forge:dusts/redstone"
      },
      "count": 32
    },
    {
      "item": {
        "tag": "forge:ingots/netherite"
      },
      "count": 1
    }
  ],
  "result": {
    "type": "gun",
    "id": "ex:spr"
  },
  "type": "tacz:gun_smith_table_crafting"
}