{
  "generic.hit.metal": {
    "sounds": [
      {
        "type": "file",
        "name": "tacztweaks:hit/metal1"
      },
      {
        "type": "file",
        "name": "tacztweaks:hit/metal2"
      },
      {
        "type": "file",
        "name": "tacztweaks:hit/metal3"
      },
      {
        "type": "file",
        "name": "tacztweaks:hit/metal4"
      }
    ]
  },
  "generic.hit.wood": {
    "sounds": [
      {
        "type": "file",
        "name": "tacztweaks:hit/wood1"
      },
      {
        "type": "file",
        "name": "tacztweaks:hit/wood2"
      },
      {
        "type": "file",
        "name": "tacztweaks:hit/wood3"
      },
      {
        "type": "file",
        "name": "tacztweaks:hit/wood4"
      }
    ]
  },
  "generic.hit.stone": {
    "sounds": [
      {
        "type": "file",
        "name": "tacztweaks:hit/stone1"
      },
      {
        "type": "file",
        "name": "tacztweaks:hit/stone2"
      },
      {
        "type": "file",
        "name": "tacztweaks:hit/stone3"
      },
      {
        "type": "file",
        "name": "tacztweaks:hit/stone4"
      }
    ]
  },
  "generic.hit.sand": {
    "sounds": [
      {
        "type": "file",
        "name": "tacztweaks:hit/sand1"
      },
      {
        "type": "file",
        "name": "tacztweaks:hit/sand2"
      },
      {
        "type": "file",
        "name": "tacztweaks:hit/sand3"
      },
      {
        "type": "file",
        "name": "tacztweaks:hit/sand4"
      }
    ]
  },
  "generic.whizz.near": {
    "sounds": [
      {
        "type": "file",
        "name": "tacztweaks:whizz/near1"
      },
      {
        "type": "file",
        "name": "tacztweaks:whizz/near2"
      },
      {
        "type": "file",
        "name": "tacztweaks:whizz/near3"
      },
      {
        "type": "file",
        "name": "tacztweaks:whizz/near4"
      },
      {
        "type": "file",
        "name": "tacztweaks:whizz/near5"
      },
      {
        "type": "file",
        "name": "tacztweaks:whizz/near6"
      }
    ]
  },
  "generic.whizz.mid": {
    "sounds": [
      {
        "type": "file",
        "name": "tacztweaks:whizz/mid1"
      },
      {
        "type": "file",
        "name": "tacztweaks:whizz/mid2"
      },
      {
        "type": "file",
        "name": "tacztweaks:whizz/mid3"
      },
      {
        "type": "file",
        "name": "tacztweaks:whizz/mid4"
      },
      {
        "type": "file",
        "name": "tacztweaks:whizz/mid5"
      }
    ]
  },
  "generic.whizz.far": {
    "sounds": [
      {
        "type": "file",
        "name": "tacztweaks:whizz/far1"
      },
      {
        "type": "file",
        "name": "tacztweaks:whizz/far2"
      },
      {
        "type": "file",
        "name": "tacztweaks:whizz/far3"
      },
      {
        "type": "file",
        "name": "tacztweaks:whizz/far4"
      },
      {
        "type": "file",
        "name": "tacztweaks:whizz/far5"
      }
    ]
  }
}