{
	"format_version": "1.8.0",
	"animations": {
		"static_idle": {
			"loop": true,
			"bones": {
				"righthand": {
					"rotation": [94.51712, 4.98455, -179.60671],
					"position": [-6.70625, -12.4, 7.4],
					"scale": [1, 1.5, 1]
				},
				"lefthand": {
					"rotation": [90.8048, -31.27324, -131.00752],
					"position": [8.025, -9.5, -6.2],
					"scale": [1, 1.5, 1]
				},
				"constraint": {
					"rotation": [0.1, 0.1, 0.1],
					"position": [0.1, 0.1, 0.4]
				}
			}
		},
		"static_bolt_caught": {
			"animation_length": 0.45,
			"bones": {
				"bullet": {
					"scale": 0
				}
			}
		},
		"draw": {
			"animation_length": 0.95,
			"bones": {
				"righthand": {
					"rotation": [94.51712, 4.98455, -179.60671],
					"position": [-6.70625, -12.4, 7.4],
					"scale": [1, 1.5, 1]
				},
				"lefthand": {
					"rotation": [90.8048, -31.27324, -131.00752],
					"position": [8.025, -9.5, -6.2],
					"scale": [1, 1.5, 1]
				},
				"root": {
					"rotation": {
						"0.0": {
							"post": [42.57929, -37.55577, -0.08401],
							"lerp_mode": "catmullrom"
						},
						"0.2": {
							"post": [24.01193, -29.89831, -5.38555],
							"lerp_mode": "catmullrom"
						},
						"0.3": {
							"post": [-3.04998, -9.12352, 1.70645],
							"lerp_mode": "catmullrom"
						},
						"0.5": {
							"post": [-1.46, 0.47, -1.3],
							"lerp_mode": "catmullrom"
						},
						"0.6": {
							"post": [-0.55, -0.01, 0.82],
							"lerp_mode": "catmullrom"
						},
						"0.75": {
							"post": [0, 0, -0.3],
							"lerp_mode": "catmullrom"
						},
						"0.9": {
							"post": [0, 0, 0],
							"lerp_mode": "catmullrom"
						}
					},
					"position": {
						"0.0": {
							"post": [3.3, -17, 5.7],
							"lerp_mode": "catmullrom"
						},
						"0.2": {
							"post": [1.18, -6.07, -2.76],
							"lerp_mode": "catmullrom"
						},
						"0.45": {
							"post": [0.41, -0.67, -0.3],
							"lerp_mode": "catmullrom"
						},
						"0.55": {
							"post": [0.17, 0, 0.29938],
							"lerp_mode": "catmullrom"
						},
						"0.6": {
							"post": [0.1, 0, 0.6],
							"lerp_mode": "catmullrom"
						},
						"0.7": {
							"post": [0.03, 0.04, -0.06188],
							"lerp_mode": "catmullrom"
						},
						"0.8": {
							"post": [0, 0, 0],
							"lerp_mode": "catmullrom"
						},
						"0.9": {
							"post": [0, 0, 0],
							"lerp_mode": "catmullrom"
						}
					}
				},
				"camera": {
					"rotation": {
						"0.0": {
							"post": [0, 0, 0],
							"lerp_mode": "catmullrom"
						},
						"0.2": {
							"post": [0.89297, -0.12891, 0.44141],
							"lerp_mode": "catmullrom"
						},
						"0.35": {
							"post": [0.94297, -0.19141, 0.44531],
							"lerp_mode": "catmullrom"
						},
						"0.55": {
							"post": [-0.1, 0.01953, -0.25391],
							"lerp_mode": "catmullrom"
						},
						"0.65": {
							"post": [0.1, 0.01953, 0.27344],
							"lerp_mode": "catmullrom"
						},
						"0.8": {
							"post": [-0.0375, 0.01953, -0.01953],
							"lerp_mode": "catmullrom"
						},
						"0.95": {
							"post": [0, 0, 0],
							"lerp_mode": "catmullrom"
						}
					}
				}
			}
		},
		"put_away": {
			"animation_length": 0.7,
			"bones": {
				"root": {
					"rotation": {
						"0.0": [0, 0, 0],
						"0.125": [-4.53, -1.25, -1.42],
						"0.25": [-27.15, -7.52, -8.53],
						"0.3333": [-42.13045, -11.28181, -12.80042],
						"0.375": [-51.25268, -3.98916, -11.68839],
						"0.5": [-103.4046, 20.10068, 0.608],
						"0.5417": [-125.6123, 26.89034, 4.689],
						"0.5833": [-136.12, 33.68, 8.77],
						"0.6667": [-139.38, 35.33, 10.02]
					},
					"position": {
						"0.0": [0, 0, 0],
						"0.125": [-0.38, 0.11, 0.115],
						"0.25": [-0.85, 0.225, 0.38],
						"0.3333": [-1.325, 1.35, 0.98],
						"0.375": [-1.325, 3.85, 2.08],
						"0.5417": [-2.7, 5.495, 6.54],
						"0.6667": [-4.59, 4.555, 7.07]
					}
				},
				"righthand": {
					"rotation": [94.51712, 4.98455, -179.60671],
					"position": [-6.70625, -12.4, 7.4],
					"scale": [1, 1.5, 1]
				},
				"lefthand": {
					"rotation": [90.8048, -31.27324, -131.00752],
					"position": [8.025, -9.5, -6.2],
					"scale": [1, 1.5, 1]
				},
				"lefthand_pos": {
					"position": {
						"0.1667": [0, 0, 0],
						"0.25": [1, -1, 0],
						"0.3333": [-7.17, -3.67, 0],
						"0.4167": [-11.83, -12.08, 2],
						"0.5": [-14, -25, 15.5]
					},
					"scale": {
						"0.2917": [1, 1, 1],
						"0.375": [0, 0, 0]
					}
				},
				"camera": {
					"rotation": {
						"0.0": {
							"post": [0, 0, 0],
							"lerp_mode": "catmullrom"
						},
						"0.0833": {
							"post": [-0.225, 0, -0.125],
							"lerp_mode": "catmullrom"
						},
						"0.25": {
							"post": [0.725, 0, 0.175],
							"lerp_mode": "catmullrom"
						},
						"0.3333": {
							"post": [1.125, 0, 1.575],
							"lerp_mode": "catmullrom"
						},
						"0.4583": {
							"post": [0.275, 0, 1.5],
							"lerp_mode": "catmullrom"
						},
						"0.5417": {
							"post": [0, 0, 0],
							"lerp_mode": "catmullrom"
						}
					}
				}
			},
			"sound_effects": {
				"0.0": {
					"effect": "ex:aa12/aa12_put_away"
				}
			}
		},
		"shoot": {
			"loop": true,
			"animation_length": 0.75,
			"bones": {
				"root": {
					"rotation": {
						"0.0": {
							"post": [0, 0, 0],
							"lerp_mode": "catmullrom"
						},
						"0.0167": {
							"post": [1.43203, 0, -1.63828],
							"lerp_mode": "catmullrom"
						},
						"0.0333": {
							"post": [-1.99297, 0, 1.55703],
							"lerp_mode": "catmullrom"
						},
						"0.1": {
							"post": [-2.28203, 0, -0.76719],
							"lerp_mode": "catmullrom"
						},
						"0.1667": {
							"post": [-2.17265, 0, 0.825],
							"lerp_mode": "catmullrom"
						},
						"0.3": {
							"post": [-0.09766, 0, 0.50938],
							"lerp_mode": "catmullrom"
						},
						"0.3667": {
							"post": [0.2275, 0.05859, 0.10891],
							"lerp_mode": "catmullrom"
						},
						"0.4333": {
							"post": [-0.11328, 0.11328, 0],
							"lerp_mode": "catmullrom"
						},
						"0.55": {
							"post": [-0.0625, -0.05859, 0],
							"lerp_mode": "catmullrom"
						},
						"0.6833": {
							"post": [0, 0, 0],
							"lerp_mode": "catmullrom"
						}
					},
					"position": {
						"0.0": {
							"post": [0, 0, 0],
							"lerp_mode": "catmullrom"
						},
						"0.0167": {
							"post": [0, -0.22656, 1.95156],
							"lerp_mode": "catmullrom"
						},
						"0.0833": {
							"post": [0, -0.28516, 1.58844],
							"lerp_mode": "catmullrom"
						},
						"0.15": {
							"post": [0, -0.28516, 0.08828],
							"lerp_mode": "catmullrom"
						},
						"0.2": {
							"post": [0, 0, -0.40391],
							"lerp_mode": "catmullrom"
						},
						"0.25": {
							"post": [0, 0, -0.36719],
							"lerp_mode": "catmullrom"
						},
						"0.3167": {
							"post": [0, 0, 0.05469],
							"lerp_mode": "catmullrom"
						},
						"0.3667": {
							"post": [0, 0, 0.19922],
							"lerp_mode": "catmullrom"
						},
						"0.4333": {
							"post": [0, -0.10547, 0],
							"lerp_mode": "catmullrom"
						},
						"0.5": {
							"post": [0, -0.10547, -0.08031],
							"lerp_mode": "catmullrom"
						},
						"0.6": {
							"post": [0, -0.03516, -0.07031],
							"lerp_mode": "catmullrom"
						},
						"0.7333": {
							"post": [0, 0, 0],
							"lerp_mode": "catmullrom"
						}
					}
				},
				"bolt": {
					"position": {
						"0.0": [0, 0, 0],
						"0.0333": [0, 0, -3.425],
						"0.1": [0, 0, 0]
					}
				},
				"charge_handle": {
					"position": {
						"0.0": [0, 0, 0],
						"0.0333": [0, 0, 0.5],
						"0.0833": [0, 0, 0]
					}
				},
				"charge_l": {
					"rotation": {
						"0.0167": [0, 0, 0],
						"0.0667": [0, -17, 0],
						"0.1167": [0, 0, 0],
						"0.1833": [0, 0, 0],
						"0.25": [0, -8, 0],
						"0.3167": [0, 0, 0]
					}
				},
				"charge_r": {
					"rotation": {
						"0.0": [0, 0, 0],
						"0.05": [0, 10.65, 0],
						"0.1": [0, 0, 0],
						"0.1667": [0, 0, 0],
						"0.2333": [0, 7.05, 0],
						"0.3": [0, 0, 0]
					}
				},
				"camera": {
					"rotation": {
						"0.0": [0, 0, 0],
						"0.0167": [0, 0, 1.55],
						"0.05": [0, 0, -1.275],
						"0.0833": [0, 0, 0.995],
						"0.1167": [0, 0, -0.58],
						"0.15": [0, 0, 0.47],
						"0.1833": [0, 0, 0]
					}
				}
			}
		},
		"over_heat": {
			"animation_length": 2.6,
			"bones": {
				"barrel_rotate": {
					"rotation": {
						"0.0": [0, 0, 0],
						"0.25": [0, 0, 120],
						"0.5": {
							"pre": [0, 0, 240],
							"post": [0, 0, 240],
							"lerp_mode": "catmullrom"
						},
						"0.75": {
							"post": [0, 0, 335.92],
							"lerp_mode": "catmullrom"
						},
						"1.0": [0, 0, 360],
						"1.15": [0, 0, 360],
						"1.4": [0, 0, 360],
						"1.75": {
							"pre": [0, 0, 384.08],
							"post": [0, 0, 384.08],
							"lerp_mode": "catmullrom"
						},
						"2.1": {
							"post": [0, 0, 480],
							"lerp_mode": "catmullrom"
						},
						"2.3": [0, 0, 600],
						"2.6": [0, 0, 720]
					}
				},
				"root": {
					"rotation": {
						"0.0": {
							"post": [0, 0, 0],
							"lerp_mode": "catmullrom"
						},
						"0.05": {
							"post": [-1.22274, -1.27668, 1.22274],
							"lerp_mode": "catmullrom"
						},
						"0.15": {
							"post": [0.39505, 0.5563, 0.40792],
							"lerp_mode": "catmullrom"
						},
						"0.35": {
							"post": [-4.06738, -0.11066, -0.42414],
							"lerp_mode": "catmullrom"
						},
						"0.7": {
							"post": [-6.02085, -3.5426, 7.57594],
							"lerp_mode": "catmullrom"
						},
						"0.95": {
							"post": [-7.03384, -3.71711, 6.47411],
							"lerp_mode": "catmullrom"
						},
						"1.15": {
							"post": [-6.93, -3.58, 6.04],
							"lerp_mode": "catmullrom"
						},
						"1.4": {
							"post": [-6.56369, -3.17025, 5.43034],
							"lerp_mode": "catmullrom"
						},
						"1.65": {
							"post": [-6.08887, -1.56127, 3.69567],
							"lerp_mode": "catmullrom"
						},
						"1.95": {
							"post": [7.25611, -1.98501, 4.70728],
							"lerp_mode": "catmullrom"
						},
						"2.15": {
							"post": [-0.86, -0.13, 2.725],
							"lerp_mode": "catmullrom"
						},
						"2.25": {
							"post": [-1.76804, 0.40298, -0.29141],
							"lerp_mode": "catmullrom"
						},
						"2.35": {
							"post": [0.15, 0.36, 1.105],
							"lerp_mode": "catmullrom"
						},
						"2.4": {
							"post": [0.63, 0.23, -0.38],
							"lerp_mode": "catmullrom"
						},
						"2.5": {
							"post": [0.375, 0, 0],
							"lerp_mode": "catmullrom"
						},
						"2.6": {
							"post": [0, 0, 0],
							"lerp_mode": "catmullrom"
						}
					},
					"position": {
						"0.0": {
							"post": [0, 0, 0],
							"lerp_mode": "catmullrom"
						},
						"0.1": {
							"post": [0, -0.3, 0.745],
							"lerp_mode": "catmullrom"
						},
						"0.25": {
							"post": [-0.225, -0.375, 0.475],
							"lerp_mode": "catmullrom"
						},
						"0.4": {
							"post": [-0.22, -0.35, 0.35],
							"lerp_mode": "catmullrom"
						},
						"0.85": {
							"post": [-0.13, -0.56, 0.22],
							"lerp_mode": "catmullrom"
						},
						"1.55": {
							"post": [-0.015, -0.59, 0.05],
							"lerp_mode": "catmullrom"
						},
						"1.8": {
							"post": [-0.04, -2.105, 0.01],
							"lerp_mode": "catmullrom"
						},
						"1.9": {
							"post": [-0.05, -2.07, -0.01],
							"lerp_mode": "catmullrom"
						},
						"1.95": {
							"post": [-0.06, -1.405, 0],
							"lerp_mode": "catmullrom"
						},
						"2.05": {
							"post": [-0.07, 0.16, 0.16],
							"lerp_mode": "catmullrom"
						},
						"2.15": {
							"post": [-0.09, 0.8, 0.28],
							"lerp_mode": "catmullrom"
						},
						"2.25": {
							"post": [-0.11, 0.54, 0.015],
							"lerp_mode": "catmullrom"
						},
						"2.3": {
							"post": [-0.11, 0.36, -0.03],
							"lerp_mode": "catmullrom"
						},
						"2.35": {
							"post": [-0.11, -0.34, -0.035],
							"lerp_mode": "catmullrom"
						},
						"2.5": {
							"post": [-0.05, -0.005, -0.02],
							"lerp_mode": "catmullrom"
						},
						"2.6": {
							"post": [0, 0, 0],
							"lerp_mode": "catmullrom"
						}
					}
				},
				"camera": {
					"rotation": {
						"0.0": {
							"post": [0, 0, 0],
							"lerp_mode": "catmullrom"
						},
						"0.1": {
							"post": [-0.205, 0, 0.725],
							"lerp_mode": "catmullrom"
						},
						"0.2": {
							"post": [-0.11, -0.03, 0.095],
							"lerp_mode": "catmullrom"
						},
						"0.35": {
							"post": [0.355, -0.1, 0.475],
							"lerp_mode": "catmullrom"
						},
						"0.55": {
							"post": [3, -0.325, 0.675],
							"lerp_mode": "catmullrom"
						},
						"0.75": {
							"post": [3.61, -0.325, 0.725],
							"lerp_mode": "catmullrom"
						},
						"0.95": {
							"post": [2.95, -0.525, 1.05],
							"lerp_mode": "catmullrom"
						},
						"1.15": {
							"post": [2.195, -0.59, 1.06],
							"lerp_mode": "catmullrom"
						},
						"1.4": {
							"post": [2.58, -0.625, 1.025],
							"lerp_mode": "catmullrom"
						},
						"1.65": {
							"post": [2.59, -0.425, 1.025],
							"lerp_mode": "catmullrom"
						},
						"1.85": {
							"post": [3.51, -0.425, 0.875],
							"lerp_mode": "catmullrom"
						},
						"2.0": {
							"post": [2.68, -0.425, 0.625],
							"lerp_mode": "catmullrom"
						},
						"2.25": {
							"post": [-0.255, 0, 0],
							"lerp_mode": "catmullrom"
						},
						"2.35": {
							"post": [0.255, 0.02, 0.53],
							"lerp_mode": "catmullrom"
						},
						"2.45": {
							"post": [0, 0, -0.3],
							"lerp_mode": "catmullrom"
						},
						"2.6": {
							"post": [0, 0, 0],
							"lerp_mode": "catmullrom"
						}
					}
				}
			},
			"sound_effects": {
				"0.0": {
					"effect": "tacz:minigun/minigun_winddown"
				},
				"0.05": {
					"effect": "tacz:minigun/minigun_overheat_buzz"
				},
				"0.35": {
					"effect": "tacz:minigun/minigun_overheat_mvmt1"
				},
				"1.25": {
					"effect": "tacz:minigun/minigun_windup"
				},
				"1.8": {
					"effect": "tacz:minigun/minigun_overheat_mvmt2"
				},
				"2.1": {
					"effect": "tacz:minigun/minigun_overheat_mvmt3"
				}
			}
		},
		"inspect": {
			"animation_length": 5.55,
			"bones": {
				"righthand": {
					"rotation": [94.51712, 4.98455, -179.60671],
					"position": [-6.70625, -12.4, 7.4],
					"scale": [1, 1.5, 1]
				},
				"lefthand": {
					"rotation": {
						"0.0": [90.8048, -31.27324, -131.00752],
						"0.35": {
							"pre": [103.56087, -0.17697, -197.45951],
							"post": [103.56087, -0.17697, -197.45951],
							"lerp_mode": "catmullrom"
						},
						"0.5": {
							"post": [103.57028, -2.12119, -197.9287],
							"lerp_mode": "catmullrom"
						},
						"0.65": {
							"post": [102.49, -2.99, -198.19],
							"lerp_mode": "catmullrom"
						},
						"0.75": {
							"post": [100.88901, -5.69006, -187.53021],
							"lerp_mode": "catmullrom"
						},
						"0.95": {
							"post": [95.76158, 0.71665, -165.63248],
							"lerp_mode": "catmullrom"
						},
						"1.05": {
							"post": [95.36522, 2.47431, -163.44807],
							"lerp_mode": "catmullrom"
						},
						"1.25": {
							"post": [95.70663, 3.40038, -164.01367],
							"lerp_mode": "catmullrom"
						},
						"1.6": {
							"post": [95.76543, 2.20907, -165.4818],
							"lerp_mode": "catmullrom"
						},
						"1.85": {
							"post": [90.72123, -12.34396, -200.76519],
							"lerp_mode": "catmullrom"
						},
						"2.0": {
							"post": [117.50401, -5.64948, -194.89904],
							"lerp_mode": "catmullrom"
						},
						"2.1": {
							"post": [120.94, -2.39, -201.1],
							"lerp_mode": "catmullrom"
						},
						"2.25": {
							"post": [120.94, -2.39, -201.1],
							"lerp_mode": "catmullrom"
						},
						"2.35": {
							"post": [103.92931, -2.38152, -201.07384],
							"lerp_mode": "catmullrom"
						},
						"2.55": {
							"post": [111.82559, -23.5517, -161.37814],
							"lerp_mode": "catmullrom"
						},
						"2.8": {
							"post": [66.72292, -34.10853, -141.85682],
							"lerp_mode": "catmullrom"
						},
						"4.45": {
							"post": [65.58, -34.51, -141.6],
							"lerp_mode": "catmullrom"
						},
						"4.6": {
							"post": [70.41882, -38.16472, -153.24657],
							"lerp_mode": "catmullrom"
						},
						"4.8": {
							"post": [69.85875, -38.57267, -154.52391],
							"lerp_mode": "catmullrom"
						},
						"4.9": {
							"post": [75.2475, -29.9974, -141.61939],
							"lerp_mode": "catmullrom"
						},
						"5.0": [90.8048, -31.27324, -131.00752],
						"5.3": [90.8048, -31.27324, -131.00752]
					},
					"position": {
						"0.0": [8.025, -9.5, -6.2],
						"0.2": {
							"pre": [9.29, -16.95, -3.41],
							"post": [9.29, -16.95, -3.41],
							"lerp_mode": "catmullrom"
						},
						"0.35": [8.55859, -16.1875, -0.83203],
						"0.45": [8.55859, -16.1875, -0.83203],
						"0.6": {
							"pre": [8.55859, -19.6875, -1.16406],
							"post": [8.55859, -19.6875, -1.16406],
							"lerp_mode": "catmullrom"
						},
						"0.7": {
							"post": [8.82422, -24.3125, -1.70547],
							"lerp_mode": "catmullrom"
						},
						"0.8": {
							"post": [10.28953, -24.9675, -0.59203],
							"lerp_mode": "catmullrom"
						},
						"0.95": {
							"post": [10.97656, -21.62172, 0.52366],
							"lerp_mode": "catmullrom"
						},
						"1.05": {
							"post": [10.85677, -21.32759, 0.61537],
							"lerp_mode": "catmullrom"
						},
						"1.25": {
							"post": [10.81355, -21.37514, 0.56207],
							"lerp_mode": "catmullrom"
						},
						"1.6": {
							"post": [10.35586, -22.16848, 0.34949],
							"lerp_mode": "catmullrom"
						},
						"1.75": {
							"post": [9.78953, -25.15891, -0.59203],
							"lerp_mode": "catmullrom"
						},
						"1.85": [8.55859, -25.09375, -1.70547],
						"1.95": [8.55859, -24.98766, -1.95984],
						"2.0": [8.55859, -24.3125, -1.70547],
						"2.1": [8.55859, -16.1875, -0.83203],
						"2.25": {
							"pre": [8.37857, -16.23243, -0.59931],
							"post": [8.37857, -16.23243, -0.59931],
							"lerp_mode": "catmullrom"
						},
						"2.35": {
							"post": [8.37857, -16.23243, -0.99931],
							"lerp_mode": "catmullrom"
						},
						"2.45": {
							"post": [8.2133, -13.60993, -2.80635],
							"lerp_mode": "catmullrom"
						},
						"2.55": {
							"post": [7.71922, -10.03246, -5.00545],
							"lerp_mode": "catmullrom"
						},
						"2.8": {
							"post": [8.79976, -7.78496, -4.94733],
							"lerp_mode": "catmullrom"
						},
						"4.45": {
							"post": [8.75, -7.56, -4.94],
							"lerp_mode": "catmullrom"
						},
						"4.6": {
							"post": [9.65725, -8.04552, -4.5483],
							"lerp_mode": "catmullrom"
						},
						"4.8": {
							"post": [8.52214, -8.03051, -4.53978],
							"lerp_mode": "catmullrom"
						},
						"4.9": {
							"post": [9.78415, -10.88528, -5.11946],
							"lerp_mode": "catmullrom"
						},
						"5.0": [8.025, -9.5, -6.2],
						"5.3": [8.025, -9.5, -6.2]
					},
					"scale": [1, 1.5, 1]
				},
				"root": {
					"rotation": {
						"0.0": {
							"post": [0, 0, 0],
							"lerp_mode": "catmullrom"
						},
						"0.1": {
							"post": [-5.46934, -6.59483, -3.87442],
							"lerp_mode": "catmullrom"
						},
						"0.3": {
							"post": [-24.36045, -18.3372, -24.5736],
							"lerp_mode": "catmullrom"
						},
						"0.45": {
							"post": [-26.6372, -23.44434, -30.03394],
							"lerp_mode": "catmullrom"
						},
						"0.6": {
							"post": [-27.1372, -23.44434, -30.53394],
							"lerp_mode": "catmullrom"
						},
						"0.9": {
							"post": [-27.57, -24.03, -31.84547],
							"lerp_mode": "catmullrom"
						},
						"1.1": {
							"post": [-26.6372, -24.44434, -33.28003],
							"lerp_mode": "catmullrom"
						},
						"1.45": {
							"post": [-25.24484, -24.87172, -34.76282],
							"lerp_mode": "catmullrom"
						},
						"1.65": {
							"post": [-25.02484, -25.14172, -35.06281],
							"lerp_mode": "catmullrom"
						},
						"1.8": {
							"post": [-25.68531, -24.51055, -34.39042],
							"lerp_mode": "catmullrom"
						},
						"2.05": {
							"post": [-25.89, -25.17, -35.55],
							"lerp_mode": "catmullrom"
						},
						"2.1": {
							"post": [-26.36769, -24.44268, -34.05701],
							"lerp_mode": "catmullrom"
						},
						"2.2": {
							"post": [-24.26656, -25.85154, -37.78486],
							"lerp_mode": "catmullrom"
						},
						"2.3": {
							"post": [-25.85782, -24.16621, -33.81841],
							"lerp_mode": "catmullrom"
						},
						"2.45": {
							"post": [-23.12164, -22.41959, -23.06423],
							"lerp_mode": "catmullrom"
						},
						"2.75": {
							"post": [-33.43597, 2.67804, 38.4926],
							"lerp_mode": "catmullrom"
						},
						"2.9": {
							"post": [-34.83597, 5.27804, 55.3926],
							"lerp_mode": "catmullrom"
						},
						"3.25": {
							"post": [-34.91, 4.72656, 56.81],
							"lerp_mode": "catmullrom"
						},
						"3.4": {
							"post": [-34.14, 5.47656, 58.61],
							"lerp_mode": "catmullrom"
						},
						"3.6": {
							"post": [-34.1349, 5.84963, 58.7146],
							"lerp_mode": "catmullrom"
						},
						"3.8": {
							"post": [-34.74262, 8.83811, 65.4196],
							"lerp_mode": "catmullrom"
						},
						"4.0": {
							"post": [-35.47, 8.61656, 66.12],
							"lerp_mode": "catmullrom"
						},
						"4.2": {
							"post": [-36.25, 9.09656, 66.41],
							"lerp_mode": "catmullrom"
						},
						"4.5": {
							"post": [-35.44, 9.53656, 64.48],
							"lerp_mode": "catmullrom"
						},
						"4.6": {
							"post": [-35.57282, 9.29734, 66.33695],
							"lerp_mode": "catmullrom"
						},
						"4.75": {
							"post": [-31.59262, 7.93811, 58.1196],
							"lerp_mode": "catmullrom"
						},
						"4.95": {
							"post": [-2.49762, -11.47315, 23.75119],
							"lerp_mode": "catmullrom"
						},
						"5.1": {
							"post": [4.76155, -3.98624, 3.16823],
							"lerp_mode": "catmullrom"
						},
						"5.2": {
							"post": [-0.75, 0, -2.25],
							"lerp_mode": "catmullrom"
						},
						"5.35": {
							"post": [0.25, 0, 1.25],
							"lerp_mode": "catmullrom"
						},
						"5.55": {
							"post": [0, 0, 0],
							"lerp_mode": "catmullrom"
						}
					},
					"position": {
						"0.0": {
							"post": [0, 0, 0],
							"lerp_mode": "catmullrom"
						},
						"0.15": {
							"post": [0.30875, -0.91641, -0.54],
							"lerp_mode": "catmullrom"
						},
						"0.35": {
							"post": [1.36297, 1.47656, -1.70312],
							"lerp_mode": "catmullrom"
						},
						"0.45": {
							"post": [1.64593, 2.33502, -1.8],
							"lerp_mode": "catmullrom"
						},
						"0.6": {
							"post": [1.6539, 2.52735, -1.7],
							"lerp_mode": "catmullrom"
						},
						"0.7": {
							"post": [1.44969, 2.93984, -1.69],
							"lerp_mode": "catmullrom"
						},
						"0.85": {
							"post": [1.31498, 2.58845, -1.69],
							"lerp_mode": "catmullrom"
						},
						"1.1": {
							"post": [1.29844, 2.09375, -1.7],
							"lerp_mode": "catmullrom"
						},
						"1.3": {
							"post": [1.30703, 2.09375, -1.7],
							"lerp_mode": "catmullrom"
						},
						"1.65": {
							"post": [1.15691, 2.40446, -1.66],
							"lerp_mode": "catmullrom"
						},
						"2.0": {
							"post": [1.75985, 2.72422, -1.63],
							"lerp_mode": "catmullrom"
						},
						"2.05": {
							"post": [2.23828, 2.61828, -1.62],
							"lerp_mode": "catmullrom"
						},
						"2.1": {
							"post": [2.68141, 2.02219, -1.61],
							"lerp_mode": "catmullrom"
						},
						"2.2": {
							"post": [2.54688, 1.76375, -1.61],
							"lerp_mode": "catmullrom"
						},
						"2.35": {
							"post": [2.34641, 1.8417, -1.7],
							"lerp_mode": "catmullrom"
						},
						"2.6": {
							"post": [1.19487, 0.80056, -2.65],
							"lerp_mode": "catmullrom"
						},
						"2.8": {
							"post": [-0.28906, -0.91797, -3.5],
							"lerp_mode": "catmullrom"
						},
						"2.95": {
							"post": [-0.35291, 0.55958, -3.67],
							"lerp_mode": "catmullrom"
						},
						"3.15": {
							"post": [-0.46358, 1.41911, -3.65],
							"lerp_mode": "catmullrom"
						},
						"3.35": {
							"post": [-0.43906, 1.45, -3.62],
							"lerp_mode": "catmullrom"
						},
						"3.55": {
							"post": [-0.37996, 1.39166, -3.6],
							"lerp_mode": "catmullrom"
						},
						"3.8": {
							"post": [-0.18816, 1.72318, -3.25234],
							"lerp_mode": "catmullrom"
						},
						"4.05": {
							"post": [-0.15599, 2.61198, -2.96328],
							"lerp_mode": "catmullrom"
						},
						"4.35": {
							"post": [-0.15342, 2.80122, -2.96328],
							"lerp_mode": "catmullrom"
						},
						"4.5": {
							"post": [-0.14906, 2.89141, -2.96328],
							"lerp_mode": "catmullrom"
						},
						"4.65": {
							"post": [-0.27982, 2.42806, -2.96328],
							"lerp_mode": "catmullrom"
						},
						"4.8": {
							"post": [-0.15111, 2.27636, -2.96328],
							"lerp_mode": "catmullrom"
						},
						"4.95": {
							"post": [0.44921, -0.66467, -2.95328],
							"lerp_mode": "catmullrom"
						},
						"5.1": {
							"post": [0.28719, -0.43, -2.83594],
							"lerp_mode": "catmullrom"
						},
						"5.2": {
							"post": [0.47, -0.14, 0.39],
							"lerp_mode": "catmullrom"
						},
						"5.3": {
							"post": [0.19924, 0.01743, -0.13359],
							"lerp_mode": "catmullrom"
						},
						"5.4": {
							"post": [0, 0, 0],
							"lerp_mode": "catmullrom"
						}
					}
				},
				"magazine_and_bullet": {
					"rotation": {
						"0.0": [0, 0, 0],
						"0.65": {
							"pre": [0, 0, 0],
							"post": [0, 0, 0],
							"lerp_mode": "catmullrom"
						},
						"0.75": {
							"post": [-4, 0, 0],
							"lerp_mode": "catmullrom"
						},
						"0.95": {
							"post": [-4.87, -7.98, 17.04],
							"lerp_mode": "catmullrom"
						},
						"1.05": {
							"post": [-4.97, -10.29, 22.16],
							"lerp_mode": "catmullrom"
						},
						"1.25": {
							"post": [-4.7339, -10.80007, 22.74683],
							"lerp_mode": "catmullrom"
						},
						"1.6": {
							"post": [-4.97, -10.2, 22.40953],
							"lerp_mode": "catmullrom"
						},
						"1.7": {
							"post": [-4.75, -7.5, 16.25953],
							"lerp_mode": "catmullrom"
						},
						"1.85": [-4, 0, 0],
						"1.9": [-6, 0, 0],
						"2.0": [0, 0, 0]
					},
					"position": {
						"0.45": [0, 0, 0],
						"0.6": {
							"pre": [0, -3.5, -0.33203],
							"post": [0, -3.5, -0.33203],
							"lerp_mode": "catmullrom"
						},
						"0.7": {
							"post": [0, -8.125, -0.87344],
							"lerp_mode": "catmullrom"
						},
						"0.8": {
							"post": [2.02, -8.78, 0.24],
							"lerp_mode": "catmullrom"
						},
						"0.95": {
							"post": [4.03906, -5.43422, 1.35569],
							"lerp_mode": "catmullrom"
						},
						"1.25": {
							"post": [4.13777, -5.18764, 1.3941],
							"lerp_mode": "catmullrom"
						},
						"1.6": {
							"post": [3.62177, -5.96011, 1.18378],
							"lerp_mode": "catmullrom"
						},
						"1.75": {
							"post": [2.02, -8.97141, 0.24],
							"lerp_mode": "catmullrom"
						},
						"1.85": [0, -8.90625, -0.87344],
						"1.95": [0, -8.80016, -1.12781],
						"2.0": [0, -8.125, -0.87344],
						"2.1": [0, 0, 0]
					}
				},
				"camera": {
					"rotation": {
						"0.0": {
							"post": [0, 0, 0],
							"lerp_mode": "catmullrom"
						},
						"0.2": {
							"post": [0.5, 0, -0.56641],
							"lerp_mode": "catmullrom"
						},
						"0.45": {
							"post": [-0.00016, 0.33594, -1.07031],
							"lerp_mode": "catmullrom"
						},
						"0.7": {
							"post": [0.48781, -0.29687, -1.44922],
							"lerp_mode": "catmullrom"
						},
						"0.85": {
							"post": [2.11484, -2.32031, -0.44531],
							"lerp_mode": "catmullrom"
						},
						"1.05": {
							"post": [3.09594, -3.33594, -0.82031],
							"lerp_mode": "catmullrom"
						},
						"1.3": {
							"post": [3.46, -3.53, 0.07641],
							"lerp_mode": "catmullrom"
						},
						"1.5": {
							"post": [3.61922, -3.33594, 0.125],
							"lerp_mode": "catmullrom"
						},
						"1.75": {
							"post": [3.48625, -2.73437, -0.82031],
							"lerp_mode": "catmullrom"
						},
						"1.85": {
							"post": [2.89, -1.69, -0.75469],
							"lerp_mode": "catmullrom"
						},
						"2.0": {
							"post": [1.93672, 0, -1.64062],
							"lerp_mode": "catmullrom"
						},
						"2.1": {
							"post": [1.82, 0.28, -1.31469],
							"lerp_mode": "catmullrom"
						},
						"2.2": {
							"post": [1.77, 0.45, -2.16141],
							"lerp_mode": "catmullrom"
						},
						"2.3": {
							"post": [1.72, 0.63, -1.85],
							"lerp_mode": "catmullrom"
						},
						"2.4": {
							"post": [1.96438, 0.5625, -1.64062],
							"lerp_mode": "catmullrom"
						},
						"2.75": {
							"post": [4.33984, -1.23437, 0.62891],
							"lerp_mode": "catmullrom"
						},
						"2.85": {
							"post": [4.62, -1.45, 1.65391],
							"lerp_mode": "catmullrom"
						},
						"3.0": {
							"post": [5.68453, -1.57, 0.98609],
							"lerp_mode": "catmullrom"
						},
						"3.15": {
							"post": [5.98109, -1.62891, 1.19531],
							"lerp_mode": "catmullrom"
						},
						"3.6": {
							"post": [6.53234, -1.40234, 1.19531],
							"lerp_mode": "catmullrom"
						},
						"4.1": {
							"post": [3.99328, -0.89844, 0.81641],
							"lerp_mode": "catmullrom"
						},
						"4.5": {
							"post": [3.25109, -0.95312, 1.07031],
							"lerp_mode": "catmullrom"
						},
						"4.8": {
							"post": [3.77187, -0.50391, 0.62891],
							"lerp_mode": "catmullrom"
						},
						"5.05": {
							"post": [0, 0, -0.25],
							"lerp_mode": "catmullrom"
						},
						"5.15": {
							"post": [-0.55859, 0, 0.31641],
							"lerp_mode": "catmullrom"
						},
						"5.3": {
							"post": [0.29688, 0, -0.125],
							"lerp_mode": "catmullrom"
						},
						"5.5": {
							"post": [0, 0, 0],
							"lerp_mode": "catmullrom"
						}
					}
				},
				"bone5": {
					"rotation": {
						"0.6": [0, 0, 0],
						"0.7": [0, 0, -1.46094],
						"0.8": [0, 0, 1.15391],
						"0.95": [0, 0, -0.20375],
						"1.15": [0, 0, 0],
						"1.5": [0, 0, 0],
						"1.85": [0, 0, 0],
						"1.95": [0, 0, -0.22656],
						"2.1": [0, 0, 0]
					},
					"position": {
						"0.6": {
							"pre": [0, 0, 0],
							"post": [0, 0, 0],
							"lerp_mode": "catmullrom"
						},
						"0.9": {
							"post": [-1.29, 0.69, 0.03],
							"lerp_mode": "catmullrom"
						},
						"1.1": {
							"post": [-2.27785, 0.80759, 0.31248],
							"lerp_mode": "catmullrom"
						},
						"1.65": {
							"post": [-2.37775, 0.6785, 0.42804],
							"lerp_mode": "catmullrom"
						},
						"1.95": {
							"post": [0, 0, 0],
							"lerp_mode": "catmullrom"
						}
					}
				}
			},
			"sound_effects": {
				"0.0": {
					"effect": "wfoly_sh_jak12_raise"
				},
				"0.55": {
					"effect": "aa12_inspect_magout"
				},
				"1.15": {
					"effect": "aa12_inspect_mvmnt"
				},
				"1.85": {
					"effect": "aa12_inspect_magin"
				},
				"2.45": {
					"effect": "aa12_reload_mvmnt"
				},
				"4.1": {
					"effect": "aa12_inspect_end"
				}
			}
		},
		"inspect_empty": {
			"animation_length": 6.2,
			"bones": {
				"righthand": {
					"rotation": {
						"0.0": [94.51712, 4.98455, -179.60671],
						"4.6": [94.52, 4.98, -179.61],
						"4.65": [94.92, 6.76, -176.93],
						"4.7": [95.29182, 5.54927, -174.53067],
						"4.8": [94.99635, 4.86719, -178.12092],
						"4.9": [94.52, 4.98, -179.61]
					},
					"position": {
						"0.0": [-6.70625, -12.4, 7.4],
						"4.6": [-6.71, -12.4, 7.4],
						"4.65": [-6.76, -12.39, 7.38],
						"4.7": [-6.80083, -12.37629, 7.36552],
						"4.8": [-6.80083, -12.37629, 7.36552],
						"4.9": [-6.71, -12.4, 7.4]
					},
					"scale": [1, 1.5, 1]
				},
				"lefthand": {
					"rotation": {
						"0.0": [90.8048, -31.27324, -131.00752],
						"0.35": {
							"pre": [103.56087, -0.17697, -197.45951],
							"post": [103.56087, -0.17697, -197.45951],
							"lerp_mode": "catmullrom"
						},
						"0.5": {
							"post": [103.57028, -2.12119, -197.9287],
							"lerp_mode": "catmullrom"
						},
						"0.65": {
							"post": [102.49, -2.99, -198.19],
							"lerp_mode": "catmullrom"
						},
						"0.75": {
							"post": [100.88901, -5.69006, -187.53021],
							"lerp_mode": "catmullrom"
						},
						"0.95": {
							"post": [95.76158, 0.71665, -165.63248],
							"lerp_mode": "catmullrom"
						},
						"1.05": {
							"post": [95.36522, 2.47431, -163.44807],
							"lerp_mode": "catmullrom"
						},
						"1.25": {
							"post": [95.70663, 3.40038, -164.01367],
							"lerp_mode": "catmullrom"
						},
						"1.6": {
							"post": [95.76543, 2.20907, -165.4818],
							"lerp_mode": "catmullrom"
						},
						"1.85": {
							"post": [90.72123, -12.34396, -200.76519],
							"lerp_mode": "catmullrom"
						},
						"2.0": {
							"post": [117.50401, -5.64948, -194.89904],
							"lerp_mode": "catmullrom"
						},
						"2.1": {
							"post": [120.94, -2.39, -201.1],
							"lerp_mode": "catmullrom"
						},
						"2.25": {
							"post": [120.94, -2.39, -201.1],
							"lerp_mode": "catmullrom"
						},
						"2.35": {
							"post": [103.92931, -2.38152, -201.07384],
							"lerp_mode": "catmullrom"
						},
						"2.55": {
							"post": [111.82559, -23.5517, -161.37814],
							"lerp_mode": "catmullrom"
						},
						"2.8": [66.72292, -34.10853, -141.85682],
						"2.95": [66.72292, -34.10853, -141.85682],
						"3.15": [106.05513, -33.12176, -208.75713],
						"3.3": [123.75327, 15.97891, -276.13728],
						"3.4": [123.75327, 15.97891, -276.13728],
						"3.5": [130.54053, -4.75358, -280.25339],
						"3.6": [101.06508, 3.56402, -277.98351],
						"3.75": [101.0748, -4.2876, -279.5184],
						"3.85": [122.06649, 13.09219, -285.55833],
						"3.9": [113.95701, 4.36426, -278.78526],
						"4.05": [113.95701, 4.36426, -278.78526],
						"4.15": [100.11234, -26.70115, -212.48563],
						"4.3": [66.72292, -34.10853, -141.85682],
						"5.1": [66.72292, -34.10853, -141.85682],
						"5.25": {
							"pre": [70.41882, -38.16472, -153.24657],
							"post": [70.41882, -38.16472, -153.24657],
							"lerp_mode": "catmullrom"
						},
						"5.45": {
							"post": [69.85875, -38.57267, -154.52391],
							"lerp_mode": "catmullrom"
						},
						"5.55": {
							"post": [75.2475, -29.9974, -141.61939],
							"lerp_mode": "catmullrom"
						},
						"5.65": [90.8048, -31.27324, -131.00752],
						"5.95": [90.8048, -31.27324, -131.00752]
					},
					"position": {
						"0.0": [8.025, -9.5, -6.2],
						"0.2": {
							"pre": [9.29, -16.95, -3.41],
							"post": [9.29, -16.95, -3.41],
							"lerp_mode": "catmullrom"
						},
						"0.35": [8.55859, -16.1875, -0.83203],
						"0.45": [8.55859, -16.1875, -0.83203],
						"0.6": {
							"pre": [8.55859, -19.6875, -1.16406],
							"post": [8.55859, -19.6875, -1.16406],
							"lerp_mode": "catmullrom"
						},
						"0.7": {
							"post": [8.82422, -24.3125, -1.70547],
							"lerp_mode": "catmullrom"
						},
						"0.8": {
							"post": [10.28953, -24.9675, -0.59203],
							"lerp_mode": "catmullrom"
						},
						"0.95": {
							"post": [10.97656, -21.62172, 0.52366],
							"lerp_mode": "catmullrom"
						},
						"1.05": {
							"post": [10.85677, -21.32759, 0.61537],
							"lerp_mode": "catmullrom"
						},
						"1.25": {
							"post": [10.81355, -21.37514, 0.56207],
							"lerp_mode": "catmullrom"
						},
						"1.6": {
							"post": [10.35586, -22.16848, 0.34949],
							"lerp_mode": "catmullrom"
						},
						"1.75": {
							"post": [9.78953, -25.15891, -0.59203],
							"lerp_mode": "catmullrom"
						},
						"1.85": [8.55859, -25.09375, -1.70547],
						"1.95": [8.55859, -24.98766, -1.95984],
						"2.0": [8.55859, -24.3125, -1.70547],
						"2.1": [8.55859, -16.1875, -0.83203],
						"2.25": {
							"pre": [8.37857, -16.23243, -0.59931],
							"post": [8.37857, -16.23243, -0.59931],
							"lerp_mode": "catmullrom"
						},
						"2.35": {
							"post": [8.37857, -16.23243, -0.99931],
							"lerp_mode": "catmullrom"
						},
						"2.45": {
							"post": [8.2133, -13.60993, -2.80635],
							"lerp_mode": "catmullrom"
						},
						"2.55": {
							"post": [7.71922, -10.03246, -5.00545],
							"lerp_mode": "catmullrom"
						},
						"2.8": [8.79976, -7.78496, -4.94733],
						"2.95": [8.79976, -7.78496, -4.94733],
						"3.05": [10.0815, -7.16106, -5.17552],
						"3.15": [10.365, -6.065, -5.85],
						"3.3": [9.17094, -5.4, -2.95313],
						"3.4": [9.17094, -5.4, -2.95313],
						"3.5": [9.57969, -5.4, -1.53282],
						"3.6": [9.41719, -5.4, 4.35625],
						"3.75": [9.41719, -5.4, 4.35625],
						"3.85": [9.23125, -5.4, -1.9],
						"3.9": [9.23125, -5.4, -1.9],
						"4.0": [9.23125, -5.4, -1.9],
						"4.1": [10.55794, -6.16532, -3.05739],
						"4.2": [10.17453, -7.25459, -4.29045],
						"4.3": [8.79976, -7.78496, -4.94733],
						"5.1": [8.79976, -7.78496, -4.94733],
						"5.25": {
							"pre": [9.65725, -8.04552, -4.5483],
							"post": [9.65725, -8.04552, -4.5483],
							"lerp_mode": "catmullrom"
						},
						"5.45": {
							"post": [8.52214, -8.03051, -4.53978],
							"lerp_mode": "catmullrom"
						},
						"5.55": {
							"post": [9.78415, -10.88528, -5.11946],
							"lerp_mode": "catmullrom"
						},
						"5.65": [8.025, -9.5, -6.2],
						"5.95": [8.025, -9.5, -6.2]
					},
					"scale": [1, 1.5, 1]
				},
				"root": {
					"rotation": {
						"0.0": {
							"post": [0, 0, 0],
							"lerp_mode": "catmullrom"
						},
						"0.1": {
							"post": [-5.46934, -6.59483, -3.87442],
							"lerp_mode": "catmullrom"
						},
						"0.3": {
							"post": [-24.36045, -18.3372, -24.5736],
							"lerp_mode": "catmullrom"
						},
						"0.45": {
							"post": [-26.6372, -23.44434, -30.03394],
							"lerp_mode": "catmullrom"
						},
						"0.6": {
							"post": [-27.1372, -23.44434, -30.53394],
							"lerp_mode": "catmullrom"
						},
						"0.9": {
							"post": [-27.57, -24.03, -31.84547],
							"lerp_mode": "catmullrom"
						},
						"1.1": {
							"post": [-26.6372, -24.44434, -33.28003],
							"lerp_mode": "catmullrom"
						},
						"1.45": {
							"post": [-25.24484, -24.87172, -34.76282],
							"lerp_mode": "catmullrom"
						},
						"1.65": {
							"post": [-25.02484, -25.14172, -35.06281],
							"lerp_mode": "catmullrom"
						},
						"1.8": {
							"post": [-25.68531, -24.51055, -34.39042],
							"lerp_mode": "catmullrom"
						},
						"2.05": {
							"post": [-25.89, -25.17, -35.55],
							"lerp_mode": "catmullrom"
						},
						"2.1": {
							"post": [-26.36769, -24.44268, -34.05701],
							"lerp_mode": "catmullrom"
						},
						"2.2": {
							"post": [-24.26656, -25.85154, -37.78486],
							"lerp_mode": "catmullrom"
						},
						"2.3": {
							"post": [-25.85782, -24.16621, -33.81841],
							"lerp_mode": "catmullrom"
						},
						"2.45": {
							"post": [-23.12164, -22.41959, -23.06423],
							"lerp_mode": "catmullrom"
						},
						"2.75": {
							"post": [-33.43597, 2.67804, 38.4926],
							"lerp_mode": "catmullrom"
						},
						"2.9": {
							"post": [-34.83597, 5.27804, 55.3926],
							"lerp_mode": "catmullrom"
						},
						"3.05": {
							"post": [-35, 5.19, 57.06],
							"lerp_mode": "catmullrom"
						},
						"3.25": {
							"post": [-32.93095, 4.24284, 60.50558],
							"lerp_mode": "catmullrom"
						},
						"3.4": {
							"post": [-32.4525, 3.45312, 60.68422],
							"lerp_mode": "catmullrom"
						},
						"3.55": {
							"post": [-32.38, 3.4, 60.33],
							"lerp_mode": "catmullrom"
						},
						"3.6": {
							"post": [-33.0575, 5.13484, 61.83484],
							"lerp_mode": "catmullrom"
						},
						"3.7": {
							"post": [-34.84974, 7.25979, 63.53491],
							"lerp_mode": "catmullrom"
						},
						"3.8": {
							"post": [-35.45746, 10.24827, 67.49382],
							"lerp_mode": "catmullrom"
						},
						"4.0": {
							"post": [-35.1575, 8.30797, 66.81922],
							"lerp_mode": "catmullrom"
						},
						"4.35": {
							"post": [-34.94, 7.57, 67.3475],
							"lerp_mode": "catmullrom"
						},
						"4.7": {
							"post": [-35.99, 8.74, 66.77],
							"lerp_mode": "catmullrom"
						},
						"4.75": {
							"post": [-35.92016, 10.00953, 68.3175],
							"lerp_mode": "catmullrom"
						},
						"4.85": {
							"post": [-36.25, 9.09656, 68.44906],
							"lerp_mode": "catmullrom"
						},
						"5.15": {
							"post": [-35.44, 9.53656, 67.53859],
							"lerp_mode": "catmullrom"
						},
						"5.25": {
							"post": [-35.57282, 9.29734, 69.39554],
							"lerp_mode": "catmullrom"
						},
						"5.4": {
							"post": [-31.59262, 7.93811, 58.1196],
							"lerp_mode": "catmullrom"
						},
						"5.6": {
							"post": [-2.49762, -11.47315, 23.75119],
							"lerp_mode": "catmullrom"
						},
						"5.75": {
							"post": [4.76155, -3.98624, 3.16823],
							"lerp_mode": "catmullrom"
						},
						"5.85": {
							"post": [-0.75, 0, -2.25],
							"lerp_mode": "catmullrom"
						},
						"6.0": {
							"post": [0.25, 0, 1.25],
							"lerp_mode": "catmullrom"
						},
						"6.2": {
							"post": [0, 0, 0],
							"lerp_mode": "catmullrom"
						}
					},
					"position": {
						"0.0": {
							"post": [0, 0, 0],
							"lerp_mode": "catmullrom"
						},
						"0.15": {
							"post": [0.30875, -0.91641, -0.54],
							"lerp_mode": "catmullrom"
						},
						"0.35": {
							"post": [1.36297, 1.47656, -1.70312],
							"lerp_mode": "catmullrom"
						},
						"0.45": {
							"post": [1.64593, 2.33502, -1.8],
							"lerp_mode": "catmullrom"
						},
						"0.6": {
							"post": [1.6539, 2.52735, -1.7],
							"lerp_mode": "catmullrom"
						},
						"0.7": {
							"post": [1.44969, 2.93984, -1.69],
							"lerp_mode": "catmullrom"
						},
						"0.85": {
							"post": [1.31498, 2.58845, -1.69],
							"lerp_mode": "catmullrom"
						},
						"1.1": {
							"post": [1.29844, 2.09375, -1.7],
							"lerp_mode": "catmullrom"
						},
						"1.3": {
							"post": [1.30703, 2.09375, -1.7],
							"lerp_mode": "catmullrom"
						},
						"1.65": {
							"post": [1.15691, 2.40446, -1.66],
							"lerp_mode": "catmullrom"
						},
						"2.0": {
							"post": [1.75985, 2.72422, -1.63],
							"lerp_mode": "catmullrom"
						},
						"2.05": {
							"post": [2.23828, 2.61828, -1.62],
							"lerp_mode": "catmullrom"
						},
						"2.1": {
							"post": [2.68141, 2.02219, -1.61],
							"lerp_mode": "catmullrom"
						},
						"2.2": {
							"post": [2.54688, 1.76375, -1.61],
							"lerp_mode": "catmullrom"
						},
						"2.35": {
							"post": [2.34641, 1.8417, -1.7],
							"lerp_mode": "catmullrom"
						},
						"2.6": {
							"post": [1.19487, 0.80056, -2.65],
							"lerp_mode": "catmullrom"
						},
						"2.8": {
							"post": [-0.28906, -0.91797, -3.5],
							"lerp_mode": "catmullrom"
						},
						"2.95": {
							"post": [-0.35291, 0.55958, -3.67],
							"lerp_mode": "catmullrom"
						},
						"3.15": {
							"post": [-0.46358, 0.7277, -3.65],
							"lerp_mode": "catmullrom"
						},
						"3.35": {
							"post": [-0.43906, 0.55156, -3.62],
							"lerp_mode": "catmullrom"
						},
						"3.5": {
							"post": [-0.37996, 0.68072, -3.6],
							"lerp_mode": "catmullrom"
						},
						"3.6": {
							"post": [-0.31, 0.48656, -3.77297],
							"lerp_mode": "catmullrom"
						},
						"3.65": {
							"post": [-0.28, 0.71813, -3.64891],
							"lerp_mode": "catmullrom"
						},
						"3.8": {
							"post": [-0.18816, 1.37162, -3.6039],
							"lerp_mode": "catmullrom"
						},
						"4.05": {
							"post": [-0.15599, 1.98698, -2.96328],
							"lerp_mode": "catmullrom"
						},
						"4.3": {
							"post": [-0.15, 2.02625, -2.94],
							"lerp_mode": "catmullrom"
						},
						"4.7": {
							"post": [-0.15, 2.14516, -2.95],
							"lerp_mode": "catmullrom"
						},
						"4.75": {
							"post": [-0.04453, 2.22688, -3.10625],
							"lerp_mode": "catmullrom"
						},
						"4.85": {
							"post": [-0.15, 2.13594, -2.95],
							"lerp_mode": "catmullrom"
						},
						"5.0": {
							"post": [-0.15342, 2.19966, -2.96328],
							"lerp_mode": "catmullrom"
						},
						"5.15": {
							"post": [-0.14906, 2.37188, -2.96328],
							"lerp_mode": "catmullrom"
						},
						"5.3": {
							"post": [-0.27982, 2.139, -2.96328],
							"lerp_mode": "catmullrom"
						},
						"5.45": {
							"post": [-0.15111, 1.9873, -2.96328],
							"lerp_mode": "catmullrom"
						},
						"5.6": {
							"post": [0.44921, -0.66467, -2.95328],
							"lerp_mode": "catmullrom"
						},
						"5.75": {
							"post": [0.28719, -0.43, -2.83594],
							"lerp_mode": "catmullrom"
						},
						"5.85": {
							"post": [0.47, -0.14, 0.39],
							"lerp_mode": "catmullrom"
						},
						"5.95": {
							"post": [0.19924, 0.01743, -0.13359],
							"lerp_mode": "catmullrom"
						},
						"6.05": {
							"post": [0, 0, 0],
							"lerp_mode": "catmullrom"
						}
					}
				},
				"magazine_and_bullet": {
					"rotation": {
						"0.0": [0, 0, 0],
						"0.65": {
							"pre": [0, 0, 0],
							"post": [0, 0, 0],
							"lerp_mode": "catmullrom"
						},
						"0.75": {
							"post": [-4, 0, 0],
							"lerp_mode": "catmullrom"
						},
						"0.95": {
							"post": [-4.87, -7.98, 17.04],
							"lerp_mode": "catmullrom"
						},
						"1.05": {
							"post": [-4.97, -10.29, 22.16],
							"lerp_mode": "catmullrom"
						},
						"1.25": {
							"post": [-4.7339, -10.80007, 22.74683],
							"lerp_mode": "catmullrom"
						},
						"1.6": {
							"post": [-4.97, -10.2, 22.40953],
							"lerp_mode": "catmullrom"
						},
						"1.7": {
							"post": [-4.75, -7.5, 16.25953],
							"lerp_mode": "catmullrom"
						},
						"1.85": [-4, 0, 0],
						"1.9": [-6, 0, 0],
						"2.0": [0, 0, 0]
					},
					"position": {
						"0.45": [0, 0, 0],
						"0.6": {
							"pre": [0, -3.5, -0.33203],
							"post": [0, -3.5, -0.33203],
							"lerp_mode": "catmullrom"
						},
						"0.7": {
							"post": [0, -8.125, -0.87344],
							"lerp_mode": "catmullrom"
						},
						"0.8": {
							"post": [2.02, -8.78, 0.24],
							"lerp_mode": "catmullrom"
						},
						"0.95": {
							"post": [4.03906, -5.43422, 1.35569],
							"lerp_mode": "catmullrom"
						},
						"1.25": {
							"post": [4.13777, -5.18764, 1.3941],
							"lerp_mode": "catmullrom"
						},
						"1.6": {
							"post": [3.62177, -5.96011, 1.18378],
							"lerp_mode": "catmullrom"
						},
						"1.75": {
							"post": [2.02, -8.97141, 0.24],
							"lerp_mode": "catmullrom"
						},
						"1.85": [0, -8.90625, -0.87344],
						"1.95": [0, -8.80016, -1.12781],
						"2.0": [0, -8.125, -0.87344],
						"2.1": [0, 0, 0]
					}
				},
				"camera": {
					"rotation": {
						"0.0": {
							"post": [0, 0, 0],
							"lerp_mode": "catmullrom"
						},
						"0.2": {
							"post": [0.5, 0, -0.56641],
							"lerp_mode": "catmullrom"
						},
						"0.45": {
							"post": [-0.00016, 0.33594, -1.07031],
							"lerp_mode": "catmullrom"
						},
						"0.7": {
							"post": [0.48781, -0.29687, -1.44922],
							"lerp_mode": "catmullrom"
						},
						"0.85": {
							"post": [2.11484, -2.32031, -0.44531],
							"lerp_mode": "catmullrom"
						},
						"1.05": {
							"post": [3.09594, -3.33594, -0.82031],
							"lerp_mode": "catmullrom"
						},
						"1.3": {
							"post": [3.46, -3.53, 0.07641],
							"lerp_mode": "catmullrom"
						},
						"1.5": {
							"post": [3.61922, -3.33594, 0.125],
							"lerp_mode": "catmullrom"
						},
						"1.75": {
							"post": [3.48625, -2.73437, -0.82031],
							"lerp_mode": "catmullrom"
						},
						"1.85": {
							"post": [2.89, -1.69, -0.75469],
							"lerp_mode": "catmullrom"
						},
						"2.0": {
							"post": [1.93672, 0, -1.64062],
							"lerp_mode": "catmullrom"
						},
						"2.1": {
							"post": [1.82, 0.28, -1.31469],
							"lerp_mode": "catmullrom"
						},
						"2.2": {
							"post": [1.77, 0.45, -2.16141],
							"lerp_mode": "catmullrom"
						},
						"2.3": {
							"post": [1.72, 0.63, -1.85],
							"lerp_mode": "catmullrom"
						},
						"2.4": {
							"post": [1.96438, 0.5625, -1.64062],
							"lerp_mode": "catmullrom"
						},
						"2.75": {
							"post": [4.33984, -1.23437, 0.62891],
							"lerp_mode": "catmullrom"
						},
						"2.85": {
							"post": [4.62, -1.45, 1.65391],
							"lerp_mode": "catmullrom"
						},
						"3.0": {
							"post": [4.79, -1.57, 0.98609],
							"lerp_mode": "catmullrom"
						},
						"3.15": {
							"post": [4.91859, -1.62891, 1.19531],
							"lerp_mode": "catmullrom"
						},
						"3.5": {
							"post": [4.99672, -1.51, 1.23],
							"lerp_mode": "catmullrom"
						},
						"3.55": {
							"post": [5.25984, -1.47, 1.50344],
							"lerp_mode": "catmullrom"
						},
						"3.6": {
							"post": [4.64562, -1.40234, 0.92187],
							"lerp_mode": "catmullrom"
						},
						"3.7": {
							"post": [4.40625, -1.32, 1.21984],
							"lerp_mode": "catmullrom"
						},
						"3.8": {
							"post": [3.93656, -1.23, 1.06],
							"lerp_mode": "catmullrom"
						},
						"3.85": {
							"post": [3.72391, -1.18, 1.31688],
							"lerp_mode": "catmullrom"
						},
						"3.95": {
							"post": [3.53563, -1.07, 0.74641],
							"lerp_mode": "catmullrom"
						},
						"4.1": {
							"post": [2.39953, -0.89844, 0.81641],
							"lerp_mode": "catmullrom"
						},
						"4.25": {
							"post": [1.56, -0.9, 0.84],
							"lerp_mode": "catmullrom"
						},
						"4.5": {
							"post": [1.68625, -0.92, 0.91],
							"lerp_mode": "catmullrom"
						},
						"4.7": {
							"post": [1.62, -0.95, 0.97],
							"lerp_mode": "catmullrom"
						},
						"4.75": {
							"post": [1.78016, -0.95, 1.25734],
							"lerp_mode": "catmullrom"
						},
						"4.85": {
							"post": [1.42969, -0.96, 0.82641],
							"lerp_mode": "catmullrom"
						},
						"5.0": {
							"post": [1.61672, -0.99, 1.07],
							"lerp_mode": "catmullrom"
						},
						"5.15": {
							"post": [1.63781, -0.95312, 1.07031],
							"lerp_mode": "catmullrom"
						},
						"5.45": {
							"post": [2.15859, -0.50391, 0.62891],
							"lerp_mode": "catmullrom"
						},
						"5.7": {
							"post": [0, 0, -0.25],
							"lerp_mode": "catmullrom"
						},
						"5.8": {
							"post": [-0.55859, 0, 0.31641],
							"lerp_mode": "catmullrom"
						},
						"5.95": {
							"post": [0.29688, 0, -0.125],
							"lerp_mode": "catmullrom"
						},
						"6.15": {
							"post": [0, 0, 0],
							"lerp_mode": "catmullrom"
						}
					}
				},
				"bone5": {
					"rotation": {
						"0.6": [0, 0, 0],
						"0.7": [0, 0, -1.46094],
						"0.8": [0, 0, 1.15391],
						"0.95": [0, 0, -0.20375],
						"1.15": [0, 0, 0],
						"1.5": [0, 0, 0],
						"1.85": [0, 0, 0],
						"1.95": [0, 0, -0.22656],
						"2.1": [0, 0, 0]
					},
					"position": {
						"0.6": {
							"pre": [0, 0, 0],
							"post": [0, 0, 0],
							"lerp_mode": "catmullrom"
						},
						"0.9": {
							"post": [-1.29, 0.69, 0.03],
							"lerp_mode": "catmullrom"
						},
						"1.1": {
							"post": [-2.27785, 0.80759, 0.31248],
							"lerp_mode": "catmullrom"
						},
						"1.65": {
							"post": [-2.37775, 0.6785, 0.42804],
							"lerp_mode": "catmullrom"
						},
						"1.95": {
							"post": [0, 0, 0],
							"lerp_mode": "catmullrom"
						}
					}
				},
				"bullet_in_mag": {
					"position": [0, -1, 0]
				},
				"bolt": {
					"position": {
						"0.0": [0, 0, -3.995],
						"3.5": [0, 0, -3.995],
						"3.6": [0, 0, 0],
						"4.7": [0, 0, 0],
						"4.75": [0, 0, -3.995],
						"4.8": [0, 0, -3.67359],
						"4.85": [0, 0, -3.995]
					}
				},
				"charge_handle": {
					"position": {
						"3.5": [0, 0, 0],
						"3.6": [0, 0, 7],
						"3.75": [0, 0, 7],
						"3.85": [0, 0, 0]
					}
				},
				"charge_l": {
					"rotation": {
						"3.35": [0, 0, 0],
						"3.5": [0, -90, 0],
						"3.9": [0, -90, 0],
						"3.95": [0, 0, 0]
					}
				},
				"bullet": {
					"scale": 0
				}
			},
			"sound_effects": {
				"0.0": {
					"effect": "wfoly_sh_jak12_raise"
				},
				"0.55": {
					"effect": "aa12_inspect_magout"
				},
				"1.15": {
					"effect": "aa12_inspect_mvmnt"
				},
				"1.85": {
					"effect": "aa12_inspect_magin"
				},
				"2.45": {
					"effect": "aa12_reload_mvmnt"
				},
				"3.25": {
					"effect": "aa12_reload_empty_boltpull"
				},
				"3.75": {
					"effect": "aa12_reload_empty_fast_drum_boltforward"
				},
				"4.7": {
					"effect": "weap_mike4_deadtrigger_plr_ads_05"
				},
				"4.75": {
					"effect": "aa12_inspect_end"
				},
				"4.8": {
					"effect": "weap_mike4_fire_dryfire_plr_ads_01"
				}
			}
		},
		"run": {
			"loop": true,
			"animation_length": 0.8,
			"bones": {
				"root": {
					"rotation": {
						"0.0": [-68.73, -5.5, -3.14],
						"0.05": [-68.99, -7.39, -3.57],
						"0.1": [-69.36, -9.11, -3.81],
						"0.15": [-69.45, -10.1, -3.75],
						"0.2": [-68.82, -9.82, -3.09],
						"0.25": [-67.92, -8.81, -2.13],
						"0.3": [-67.68, -8.15, -1.7],
						"0.35": [-68.9, -8.72, -2.46],
						"0.4": [-70.77, -9.63, -3.74],
						"0.45": [-71.87, -9.32, -4.34],
						"0.5": [-71.58, -7.25, -3.75],
						"0.55": [-70.7, -4.07, -2.59],
						"0.6": [-69.68, -1.04, -1.42],
						"0.65": [-68.98, 0.57, -0.8],
						"0.7": [-68.67, -0.33, -1.21],
						"0.75": [-68.65, -3, -2.27],
						"0.8": [-68.73, -5.5, -3.14]
					},
					"position": {
						"0.0": [-3.64, -0.38, -0.64],
						"0.05": [-3.63, -0.52, -0.64],
						"0.1": [-3.66, -0.87, -0.64],
						"0.15": [-3.67, -1.23, -0.64],
						"0.2": [-3.64, -1.38, -0.64],
						"0.25": [-3.52, -1.18, -0.64],
						"0.3": [-3.34, -0.78, -0.64],
						"0.35": [-3.19, -0.39, -0.64],
						"0.4": [-3.14, -0.23, -0.64],
						"0.45": [-3.26, -0.47, -0.64],
						"0.5": [-3.5, -0.94, -0.64],
						"0.55": [-3.74, -1.42, -0.64],
						"0.6": [-3.89, -1.64, -0.64],
						"0.65": [-3.89, -1.46, -0.64],
						"0.7": [-3.81, -1.04, -0.64],
						"0.75": [-3.71, -0.6, -0.64],
						"0.8": [-3.64, -0.38, -0.64]
					}
				},
				"lefthand_pos": {
					"position": [-14, -25, 15.5],
					"scale": 0
				},
				"camera": {
					"rotation": {
						"0.0": [0, 0, 0],
						"0.05": [0.09, 0, 0.15],
						"0.1": [0.13, 0, 0.25],
						"0.15": [-0.07, 0, 0.07],
						"0.2": [-0.25, 0, -0.12],
						"0.25": [-0.15, 0, -0.09],
						"0.3": [0, 0, 0],
						"0.35": [0.02, 0, 0.02],
						"0.4": [0, 0, 0],
						"0.45": [-0.01, 0, -0.08],
						"0.5": [0, 0, -0.12],
						"0.55": [0.08, 0, 0],
						"0.6": [0.13, 0, 0.13],
						"0.65": [0, 0, 0.08],
						"0.7": [-0.12, 0, 0],
						"0.75": [-0.09, 0, -0.02],
						"0.8": [0, 0, 0]
					}
				}
			}
		},
		"run_start": {
			"animation_length": 0.55,
			"bones": {
				"root": {
					"rotation": {
						"0.0": [0, 0, 0],
						"0.05": [2.8, -0.48, 3.97],
						"0.1": [5.79, -1.19, 9.23],
						"0.15": [1.73, -2.05, 11.57],
						"0.2": [-10.48, -2.9, 9.39],
						"0.25": [-28.47, -3.91, 4.94],
						"0.3": [-46.79, -4.85, 0.12],
						"0.35": [-59.98, -5.5, -3.14],
						"0.4": [-66.1, -5.75, -4.18],
						"0.45": [-68.22, -5.72, -4.06],
						"0.5": [-68.4, -5.59, -3.49],
						"0.55": [-68.73, -5.5, -3.14]
					},
					"position": {
						"0.0": [0, 0, 0],
						"0.05": [0.06, -0.64, -0.32],
						"0.1": [0.17, -1.58, -0.79],
						"0.15": [0.17, -2.44, -1.22],
						"0.2": [-0.09, -2.83, -1.45],
						"0.25": [-1.13, -2.25, -1.28],
						"0.3": [-2.54, -1.06, -0.83],
						"0.35": [-3.57, -0.19, -0.51],
						"0.4": [-3.83, -0.04, -0.47],
						"0.45": [-3.82, -0.12, -0.51],
						"0.5": [-3.71, -0.28, -0.59],
						"0.55": [-3.64, -0.38, -0.64]
					}
				},
				"lefthand_pos": {
					"position": {
						"0.0": [0, 0, 0],
						"0.1": [-7.17, -3.67, 0],
						"0.2": [-11.83, -12.08, 2],
						"0.3": [-14, -25, 15.5]
					},
					"scale": {
						"0.2": [1, 1, 1],
						"0.3": [0, 0, 0]
					}
				},
				"camera": {
					"rotation": {
						"0.0": {
							"post": [0, 0, 0],
							"lerp_mode": "catmullrom"
						},
						"0.1": {
							"post": [0.75, 0, -0.5],
							"lerp_mode": "catmullrom"
						},
						"0.2": {
							"post": [-0.25, 0, 0.1875],
							"lerp_mode": "catmullrom"
						},
						"0.3": {
							"post": [0, 0, 0],
							"lerp_mode": "catmullrom"
						},
						"0.4": {
							"post": [0, 0, 0],
							"lerp_mode": "catmullrom"
						}
					}
				}
			}
		},
		"run_hold": {
			"animation_length": 0.2917,
			"bones": {
				"root": {
					"rotation": [-68.73314, -5.50468, -3.14473],
					"position": [-3.64, -0.38, -0.64]
				},
				"lefthand_pos": {
					"position": [-14, -25, 15.5],
					"scale": 0
				}
			}
		},
		"run_end": {
			"animation_length": 0.65,
			"bones": {
				"root": {
					"rotation": {
						"0.0": [-68.73, -5.5, -3.14],
						"0.05": [-55.61, -4.21, 0.37],
						"0.1": [-36.44, -2.32, 5.59],
						"0.15": [-17.16, -0.44, 10.34],
						"0.2": [-3.66, 0.81, 12.47],
						"0.25": [1.72, 1.17, 10.52],
						"0.3": [2.4, 1, 5.92],
						"0.35": [1.03, 0.62, 0.91],
						"0.4": [0.28, 0.35, -2.3],
						"0.45": [0.49, 0.21, -2.71],
						"0.5": [0.23, 0.09, -1.23],
						"0.55": [0, 0, 0],
						"0.6": [-0.02, -0.02, 0.14],
						"0.65": [0, 0, 0]
					},
					"position": {
						"0.0": [-3.64, -0.38, -0.64],
						"0.05": [-2.73, -1.11, -1.21],
						"0.1": [-1.47, -2.08, -1.96],
						"0.15": [-0.5, -2.5, -2.25],
						"0.2": [-0.17, -2.06, -1.84],
						"0.25": [-0.04, -1.17, -1.06],
						"0.3": [-0.01, -0.24, -0.23],
						"0.35": [0.02, 0.37, 0.3],
						"0.4": [0.06, 0.47, 0.4],
						"0.45": [0.05, 0.22, 0.18],
						"0.5": [0.03, 0.01, -0.01],
						"0.55": [0.02, -0.02, -0.03],
						"0.6": [0.01, -0.01, -0.01],
						"0.65": [0, 0, 0]
					}
				},
				"camera": {
					"rotation": {
						"0.25": {
							"pre": [0, 0, 0],
							"post": [0, 0, 0],
							"lerp_mode": "catmullrom"
						},
						"0.3": {
							"post": [0, 0, 0.3],
							"lerp_mode": "catmullrom"
						},
						"0.35": {
							"post": [0, 0, -0.125],
							"lerp_mode": "catmullrom"
						},
						"0.45": {
							"post": [0, 0, 0],
							"lerp_mode": "catmullrom"
						}
					}
				},
				"lefthand_pos": {
					"position": {
						"0.0": [-14, -25, 15.5],
						"0.1": [-11.83, -12.08, 2],
						"0.2": [-7.17, -3.67, 0],
						"0.3": [0, 0, 0]
					},
					"scale": {
						"0.15": [0, 0, 0],
						"0.2": [1, 1, 1]
					}
				}
			}
		}
	}
}