{
	"format_version": "1.8.0",
	"animations": {
		"static_idle": {
			"loop": true,
			"bones": {
				"lefthand": {
					"rotation": [-273.87487, -27.33823, 235.83124],
					"position": [7.325, -11, -6.35],
					"scale": [1, 1.5, 1]
				},
				"constraint": {
					"rotation": [0.05, 0.05, 0.05],
					"position": [0.2, 0.2, 0.2]
				},
				"righthand": {
					"rotation": [92.95715, -348.33003, -179.8124],
					"position": [-7.125, -13.15, 6.95],
					"scale": [1, 1.5, 1]
				},
				"root": {
					"rotation": [0, 0, 0],
					"position": [0, 0, 0]
				}
			}
		},
		"draw": {
			"loop": "hold_on_last_frame",
			"animation_length": 1,
			"bones": {
				"root": {
					"rotation": {
						"0.0": {
							"post": [-78.31051, -36.76392, -14.04902],
							"lerp_mode": "catmullrom"
						},
						"0.1": {
							"post": [-68.67601, -18.09846, -17.02779],
							"lerp_mode": "catmullrom"
						},
						"0.2": {
							"post": [-53.75236, 2.83355, -1.12837],
							"lerp_mode": "catmullrom"
						},
						"0.45": {
							"post": [0, 0, 1.75],
							"lerp_mode": "catmullrom"
						},
						"0.6": {
							"post": [0, 0, -0.11],
							"lerp_mode": "catmullrom"
						},
						"0.7": {
							"post": [0, 0, 0],
							"lerp_mode": "catmullrom"
						},
						"0.8": {
							"post": [0, 0, 0],
							"lerp_mode": "catmullrom"
						},
						"0.95": {
							"post": [0, 0, 0],
							"lerp_mode": "catmullrom"
						}
					},
					"position": {
						"0.0": {
							"post": [-6.5, -0.1, 15.4],
							"lerp_mode": "catmullrom"
						},
						"0.1": {
							"post": [-3.94, 0, 3.93],
							"lerp_mode": "catmullrom"
						},
						"0.25": {
							"post": [-0.9, 0.3, -0.8],
							"lerp_mode": "catmullrom"
						},
						"0.45": {
							"post": [0, -2.7, -1.9],
							"lerp_mode": "catmullrom"
						},
						"0.6": {
							"post": [0, -2.5, -0.9],
							"lerp_mode": "catmullrom"
						},
						"0.75": {
							"post": [0, -0.1, 0],
							"lerp_mode": "catmullrom"
						},
						"0.85": {
							"post": [0, -0.025, 0],
							"lerp_mode": "catmullrom"
						},
						"1.0": {
							"post": [0, 0, 0],
							"lerp_mode": "catmullrom"
						}
					}
				},
				"righthand": {
					"rotation": [92.95715, -348.33003, -179.8124],
					"position": [-7.125, -13.15, 6.95],
					"scale": [1, 1.5, 1]
				},
				"lefthand": {
					"rotation": [-273.87487, -27.33823, 235.83124],
					"position": [7.325, -11, -6.35],
					"scale": [1, 1.5, 1]
				},
				"camera": {
					"rotation": {
						"0.0": {
							"post": [0, 0, 0],
							"lerp_mode": "catmullrom"
						},
						"0.15": {
							"post": [-1.175, 0.325, -0.7],
							"lerp_mode": "catmullrom"
						},
						"0.3": {
							"post": [0.88, -0.025, -0.925],
							"lerp_mode": "catmullrom"
						},
						"0.6": {
							"post": [-0.245, 0.025, 0.175],
							"lerp_mode": "catmullrom"
						},
						"0.7": {
							"post": [0.15, 0, -0.2],
							"lerp_mode": "catmullrom"
						},
						"0.75": {
							"post": [0.02, 0, -0.08],
							"lerp_mode": "catmullrom"
						},
						"0.8": {
							"post": [-0.15, 0, 0],
							"lerp_mode": "catmullrom"
						},
						"0.9": {
							"post": [-0.06, 0, 0],
							"lerp_mode": "catmullrom"
						},
						"1.0": {
							"post": [0, 0, 0],
							"lerp_mode": "catmullrom"
						}
					}
				}
			}
		},
		"put_away": {
			"loop": "hold_on_last_frame",
			"animation_length": 0.25,
			"bones": {
				"constraint": {
					"rotation": [0, 0, 0],
					"position": [0.1, 0, 0.25]
				},
				"root": {
					"rotation": {
						"0.0": [0, 0, 0],
						"0.0833": [9.67, -18.4, 0],
						"0.25": [29, -64.7, 0]
					},
					"position": {
						"0.0": [0, 0, 0],
						"0.0833": [2.27, -4.83, 0],
						"0.1667": [6.23, -11.66, 0],
						"0.25": [11.7, -23.3, 0]
					}
				},
				"righthand": {
					"rotation": [92.95715, -348.33003, -179.8124],
					"position": [-7.125, -13.15, 6.95],
					"scale": [1, 1.5, 1]
				},
				"lefthand": {
					"rotation": [-273.87487, -27.33823, 235.83124],
					"position": [7.325, -11, -6.35],
					"scale": [1, 1.5, 1]
				}
			}
		},
		"shoot": {
			"animation_length": 0.7,
			"bones": {
				"root": {
					"position": {
						"0.0": {
							"post": [0, 0, 0],
							"lerp_mode": "catmullrom"
						},
						"0.0333": {
							"post": [0, -0.09, 3],
							"lerp_mode": "catmullrom"
						},
						"0.0667": {
							"post": [0, 0.32, 3.5],
							"lerp_mode": "catmullrom"
						},
						"0.1": {
							"post": [0, 0.56, 3.43],
							"lerp_mode": "catmullrom"
						},
						"0.1333": {
							"post": [0, 0.74, 3.14],
							"lerp_mode": "catmullrom"
						},
						"0.1667": {
							"post": [0, 0.73, 1.84],
							"lerp_mode": "catmullrom"
						},
						"0.2": {
							"post": [0, 0.61, 1],
							"lerp_mode": "catmullrom"
						},
						"0.2333": {
							"post": [0, 0.51, 0.59],
							"lerp_mode": "catmullrom"
						},
						"0.2667": {
							"post": [0, 0.42, 0.27],
							"lerp_mode": "catmullrom"
						},
						"0.3": {
							"post": [0, 0.32, 0.11],
							"lerp_mode": "catmullrom"
						},
						"0.3333": {
							"post": [0, 0.19, 0.01],
							"lerp_mode": "catmullrom"
						},
						"0.3667": {
							"post": [0, 0.06, -0.06],
							"lerp_mode": "catmullrom"
						},
						"0.4": {
							"post": [0, 0, -0.08],
							"lerp_mode": "catmullrom"
						},
						"0.4333": {
							"post": [0, -0.05, -0.09],
							"lerp_mode": "catmullrom"
						},
						"0.4667": {
							"post": [0, -0.12, -0.12],
							"lerp_mode": "catmullrom"
						},
						"0.5": {
							"post": [0, -0.13, -0.13],
							"lerp_mode": "catmullrom"
						},
						"0.5333": {
							"post": [0, -0.12, -0.11],
							"lerp_mode": "catmullrom"
						},
						"0.5667": {
							"post": [0, -0.09, -0.08],
							"lerp_mode": "catmullrom"
						},
						"0.6": {
							"post": [0, -0.07, -0.06],
							"lerp_mode": "catmullrom"
						},
						"0.6333": {
							"post": [0, -0.05, -0.05],
							"lerp_mode": "catmullrom"
						},
						"0.6667": {
							"post": [0, -0.02, -0.02],
							"lerp_mode": "catmullrom"
						},
						"0.7": {
							"post": [0, 0, 0],
							"lerp_mode": "catmullrom"
						}
					}
				},
				"m95_barrel": {
					"position": {
						"0.0": [0, 0, 0],
						"0.0667": [0, 0, 6],
						"0.1333": [0, 0, 0],
						"0.2": [0, 0, 0.55],
						"0.2667": [0, 0, 0]
					}
				},
				"camera": {
					"rotation": {
						"0.0": {
							"post": [0, 0, 0],
							"lerp_mode": "catmullrom"
						},
						"0.1667": {
							"post": [0, 0, -2.055],
							"lerp_mode": "catmullrom"
						},
						"0.2333": {
							"post": [0, 0, 1.37],
							"lerp_mode": "catmullrom"
						},
						"0.3": {
							"post": [0, 0, -0.85],
							"lerp_mode": "catmullrom"
						},
						"0.3667": {
							"post": [0, 0, 0.525],
							"lerp_mode": "catmullrom"
						},
						"0.4333": {
							"post": [0, 0, -0.125],
							"lerp_mode": "catmullrom"
						},
						"0.5333": {
							"post": [0, 0, 0],
							"lerp_mode": "catmullrom"
						}
					}
				},
				"constraint": {
					"rotation": {
						"0.0": [0.4, 0.1, 0.1],
						"0.5667": [0, 0, 0],
						"0.6": [0, 0, 0]
					},
					"position": {
						"0.0": [0.2, 0.3, 0.2],
						"0.5667": [0, 0, 0],
						"0.6": [0, 0, 0]
					}
				},
				"trigger": {
					"rotation": {
						"0.0": [0, 0, 0],
						"0.0333": [25, 0, 0],
						"0.1333": [0, 0, 0]
					},
					"position": {
						"0.0": [0, 0, 0],
						"0.0333": [0, 0.1, 0],
						"0.1333": [0, 0, 0]
					}
				},
				"bone8": {
					"rotation": [0, 0, 0],
					"position": [0, 0, 0]
				},
				".50bmg_barrel": {
					"position": {
						"0.0": [0, 0, 0],
						"0.1": [0, 0, 11],
						"0.2": [0, 0, 0],
						"0.2667": [0, 0, 0.55],
						"0.3333": [0, 0, 0]
					}
				},
				"bolt_carrier": {
					"position": {
						"0.0": [0, 0, 0],
						"0.1": [0, 0, 10],
						"0.1667": [0, 0, 11],
						"0.3": [0, 0, 0]
					}
				},
				"shell_ejection": {
					"rotation": {
						"0.1": [0, 0, 0],
						"0.2": [0, 0, 0],
						"0.2667": [0, -270.83, 0],
						"0.3667": [0, -406.25, 0],
						"0.4": [0, -541.67, 0],
						"0.4667": [0, -677.08, 0],
						"0.5": [0, -812.5, 0],
						"0.5333": [0, 0, 0]
					},
					"position": {
						"0.0667": [0, 0, 0],
						"0.1333": [0, 0.07, 3.76],
						"0.2": [-2.75, 0.07, 9.26],
						"0.2667": {
							"pre": [-14.8, 1.0875, 25.76875],
							"post": [-14.8, 1.0875, 25.76875],
							"lerp_mode": "catmullrom"
						},
						"0.3667": {
							"post": [-18.9, -2.9125, 35.76875],
							"lerp_mode": "catmullrom"
						},
						"0.4": {
							"post": [-21.05, -8.4125, 45.76875],
							"lerp_mode": "catmullrom"
						},
						"0.4667": {
							"post": [-34.3, -11.4125, 32.96875],
							"lerp_mode": "catmullrom"
						},
						"0.5": {
							"post": [-34.3, -11.9125, 32.96875],
							"lerp_mode": "catmullrom"
						},
						"0.5333": [-46.1, -35.0125, -33.48125],
						"0.6333": [0, 0, 0]
					},
					"scale": {
						"0.0": [1, 1, 1],
						"0.5": [1, 1, 1],
						"0.7": [0, 0, 0]
					}
				}
			}
		},
		"shootnah": {
			"animation_length": 0.7,
			"bones": {
				"root": {
					"position": {
						"0.0": {
							"post": [0, 0, 0],
							"lerp_mode": "catmullrom"
						},
						"0.0333": {
							"post": [0, -0.09, 3],
							"lerp_mode": "catmullrom"
						},
						"0.0667": {
							"post": [0, 0.32, 3.5],
							"lerp_mode": "catmullrom"
						},
						"0.1": {
							"post": [0, 0.56, 3.43],
							"lerp_mode": "catmullrom"
						},
						"0.1333": {
							"post": [0, 0.74, 3.14],
							"lerp_mode": "catmullrom"
						},
						"0.1667": {
							"post": [0, 0.73, 1.84],
							"lerp_mode": "catmullrom"
						},
						"0.2": {
							"post": [0, 0.61, 1],
							"lerp_mode": "catmullrom"
						},
						"0.2333": {
							"post": [0, 0.51, 0.59],
							"lerp_mode": "catmullrom"
						},
						"0.2667": {
							"post": [0, 0.42, 0.27],
							"lerp_mode": "catmullrom"
						},
						"0.3": {
							"post": [0, 0.32, 0.11],
							"lerp_mode": "catmullrom"
						},
						"0.3333": {
							"post": [0, 0.19, 0.01],
							"lerp_mode": "catmullrom"
						},
						"0.3667": {
							"post": [0, 0.06, -0.06],
							"lerp_mode": "catmullrom"
						},
						"0.4": {
							"post": [0, 0, -0.08],
							"lerp_mode": "catmullrom"
						},
						"0.4333": {
							"post": [0, -0.05, -0.09],
							"lerp_mode": "catmullrom"
						},
						"0.4667": {
							"post": [0, -0.12, -0.12],
							"lerp_mode": "catmullrom"
						},
						"0.5": {
							"post": [0, -0.13, -0.13],
							"lerp_mode": "catmullrom"
						},
						"0.5333": {
							"post": [0, -0.12, -0.11],
							"lerp_mode": "catmullrom"
						},
						"0.5667": {
							"post": [0, -0.09, -0.08],
							"lerp_mode": "catmullrom"
						},
						"0.6": {
							"post": [0, -0.07, -0.06],
							"lerp_mode": "catmullrom"
						},
						"0.6333": {
							"post": [0, -0.05, -0.05],
							"lerp_mode": "catmullrom"
						},
						"0.6667": {
							"post": [0, -0.02, -0.02],
							"lerp_mode": "catmullrom"
						},
						"0.7": {
							"post": [0, 0, 0],
							"lerp_mode": "catmullrom"
						}
					}
				},
				"m95_barrel": {
					"position": {
						"0.0": [0, 0, 0],
						"0.0667": [0, 0, 6],
						"0.1333": [0, 0, 0],
						"0.2": [0, 0, 0.55],
						"0.2667": [0, 0, 0]
					}
				},
				"camera": {
					"rotation": {
						"0.0": {
							"post": [0, 0, 0],
							"lerp_mode": "catmullrom"
						},
						"0.1667": {
							"post": [0, 0, -2.055],
							"lerp_mode": "catmullrom"
						},
						"0.2333": {
							"post": [0, 0, 1.37],
							"lerp_mode": "catmullrom"
						},
						"0.3": {
							"post": [0, 0, -0.85],
							"lerp_mode": "catmullrom"
						},
						"0.3667": {
							"post": [0, 0, 0.525],
							"lerp_mode": "catmullrom"
						},
						"0.4333": {
							"post": [0, 0, -0.125],
							"lerp_mode": "catmullrom"
						},
						"0.5333": {
							"post": [0, 0, 0],
							"lerp_mode": "catmullrom"
						}
					}
				},
				"constraint": {
					"rotation": {
						"0.0": [0.4, 0.1, 0.1],
						"0.5667": [0, 0, 0],
						"0.6": [0, 0, 0]
					},
					"position": {
						"0.0": [0.2, 0.3, 0.2],
						"0.5667": [0, 0, 0],
						"0.6": [0, 0, 0]
					}
				},
				"trigger": {
					"rotation": {
						"0.0": [0, 0, 0],
						"0.0333": [25, 0, 0],
						"0.1333": [0, 0, 0]
					},
					"position": {
						"0.0": [0, 0, 0],
						"0.0333": [0, 0.1, 0],
						"0.1333": [0, 0, 0]
					}
				},
				"bone8": {
					"rotation": [0, 0, 0],
					"position": [0, 0, 0]
				},
				".50bmg_barrel": {
					"position": {
						"0.0": [0, 0, 0],
						"0.1": [0, 0, 11],
						"0.2": [0, 0, 0],
						"0.2667": [0, 0, 0.55],
						"0.3333": [0, 0, 0]
					}
				},
				"bolt_carrier": {
					"position": {
						"0.0": [0, 0, 0],
						"0.1": [0, 0, 10],
						"0.1667": [0, 0, 11],
						"0.3": [0, 0, 0]
					}
				},
				"shell_ejection": {
					"rotation": {
						"0.1": [0, 0, 0],
						"0.2": [0, 0, 0],
						"0.2667": [0, -270.83, 0],
						"0.3667": [0, -406.25, 0],
						"0.4": [0, -541.67, 0],
						"0.4667": [0, -677.08, 0],
						"0.5": [0, -812.5, 0],
						"0.5333": [0, 0, 0]
					},
					"position": {
						"0.0667": [0, 0, 0],
						"0.1333": [0, 0.07, 3.76],
						"0.2": [-2.75, 0.07, 9.26],
						"0.2667": {
							"pre": [-14.8, 1.0875, 25.76875],
							"post": [-14.8, 1.0875, 25.76875],
							"lerp_mode": "catmullrom"
						},
						"0.3667": {
							"post": [-18.9, -2.9125, 35.76875],
							"lerp_mode": "catmullrom"
						},
						"0.4": {
							"post": [-21.05, -8.4125, 45.76875],
							"lerp_mode": "catmullrom"
						},
						"0.4667": {
							"post": [-34.3, -11.4125, 32.96875],
							"lerp_mode": "catmullrom"
						},
						"0.5": {
							"post": [-34.3, -11.9125, 32.96875],
							"lerp_mode": "catmullrom"
						},
						"0.5333": [-46.1, -35.0125, -33.48125],
						"0.6333": [0, 0, 0]
					},
					"scale": {
						"0.0": [1, 1, 1],
						"0.5": [1, 1, 1],
						"0.7": [0, 0, 0]
					}
				}
			}
		},
		"reload_tactical": {
			"loop": "hold_on_last_frame",
			"animation_length": 2,
			"bones": {
				"lefthand": {
					"rotation": {
						"0.0": [-273.87487, -27.33823, 235.83124],
						"0.0833": [-273.87, -27.34, 235.83],
						"0.1667": [-245.43353, -18.57982, 189.99336],
						"0.2083": [-243.60803, -25.37613, 185.31294],
						"0.25": [-239.02229, -24.07337, 173.54703],
						"0.2917": [-244.02229, -24.07337, 173.54703],
						"0.375": [-273.87487, -27.33823, 235.83124],
						"0.4583": [-278.4119, -26.37451, 245.86278],
						"0.5": [-281.19946, -20.61536, 232.07025],
						"0.5417": [-291.70971, -4.73243, 231.80084],
						"0.5833": [-292.51422, 9.0877, 223.52457],
						"0.625": [-292.87, 1.96, 222.31],
						"0.6667": [-297.39922, -23.56731, 233.95427],
						"0.7083": [-291.02339, -46.86369, 242.06552],
						"0.75": [-292.57, -65.22, 243.78],
						"0.7917": [-294.86847, -67.50934, 246.28836],
						"0.8333": [-283.5427, -53.20723, 233.0327],
						"0.875": [-284, -35.22, 233.35],
						"0.9167": [-284.44778, -23.82526, 233.66486],
						"0.9583": [-284.05311, -16.65061, 232.60144],
						"1.0": [-284.45, -13.93, 233.66],
						"1.0417": [-284.79544, -2.0196, 235.10437],
						"1.0833": [-286.71, -7.26, 240.38],
						"1.125": [-287.71992, -8.32189, 240.85361],
						"1.3333": [-287.72, -8.32, 240.85],
						"1.375": [-284.60996, -5.4614, 239.93312],
						"1.5": [-273.87487, -27.33823, 235.83124]
					},
					"position": {
						"0.0": [7.325, -11, -6.35],
						"0.0833": [7.73, -12.5, -6.35],
						"0.1667": [10.33, -13, 4.95],
						"0.2083": [9.63, -13.9, 5.75],
						"0.25": [8.33, -14.1, 5.75],
						"0.2917": [7.63, -14.7, 5.75],
						"0.3333": [7.63, -14.7, 4.35],
						"0.375": [7.13, -14.7, 2.85],
						"0.4583": [6.63, -15.5, 1.65],
						"0.5": [6.63, -15.5, 1.65],
						"0.5417": [7.13, -15.5, 1.25],
						"0.5833": [7.23, -16.8, 1.25],
						"0.625": [6.43, -16.6, 1.75],
						"0.6667": [2.03, -12.8, 3.95],
						"0.7083": [2.03, -10.3, 6.45],
						"0.75": [2.03, -9.6, 7.45],
						"0.7917": [1.93, -9.4, 7.45],
						"0.8333": [2.03, -9.5, 5.55],
						"0.875": [2.23, -10.2, 0.75],
						"0.9167": [3.63, -11.6, -2.05],
						"0.9583": [5.03, -13.1, -0.95],
						"1.0": [7.03, -14.8, 0.15],
						"1.0417": [7.26, -15.7, 0.15],
						"1.0833": [7.49, -16, 0.15],
						"1.125": [7.73, -16, 0.15],
						"1.3333": [7.73, -16, 0.15],
						"1.375": [8.23, -16.5, -1.55],
						"1.5": [7.325, -11, -6.35]
					},
					"scale": [1, 1.5, 1]
				},
				"constraint": {
					"rotation": [0.05, 0.05, 0.05],
					"position": [0.2, 0.2, 0.2]
				},
				"righthand": {
					"rotation": [92.95715, -348.33003, -179.8124],
					"position": [-7.125, -13.15, 6.95],
					"scale": [1, 1.5, 1]
				},
				"root": {
					"rotation": {
						"0.0": [0, 0, 0],
						"0.0833": [-12.98279, -1.27456, -2.32325],
						"0.1667": [-32.91468, -2.30187, -5.43827],
						"0.25": [-53.62145, -6.44321, -9.69563],
						"0.2917": [-60.12, -9.34, -12.6],
						"0.4167": [-63.74989, -28.82565, -20.4583],
						"0.5": [-65.38586, -35.60637, -23.96784],
						"0.6667": [-65.24882, -42.83676, -26.78237],
						"0.75": [-63.71184, -42.41026, -26.41338],
						"0.7917": [-63.46, -41.06, -26.28],
						"1.0": [-63.46, -41.06, -26.28],
						"1.125": [-62.26, -41.86, -25.88],
						"1.1667": [-65.77325, -42.77787, -23.84413],
						"1.2083": [-70.27, -43.58, -21.74],
						"1.25": [-65.43892, -44.00257, -20.48444],
						"1.2917": [-65.76663, -40.85497, -17.53484],
						"1.375": [-56.72, -32.55, -23.13],
						"1.4583": [-44.17, -13.25, -6.63],
						"1.5": [-31.27, -6.95, -8.03],
						"1.5417": [-9.77, -2.05, -0.68],
						"1.5833": [3.73, 2.85, 7.17],
						"1.625": [8.03, 3.35, 12.67],
						"1.6667": [9.88, 2.71, 14.08],
						"1.7083": [8.53, 1.75, 11.97],
						"1.75": [5.32, 0.68, 6.84],
						"1.7917": [0, 0, 0],
						"1.8333": [-2.1, 0, 0],
						"1.875": [-2.6, 0, 0],
						"1.9167": [-2.6, 0, 0],
						"1.9583": [-1.3, 0, 0],
						"2.0": [0, 0, 0]
					},
					"position": {
						"0.0": [0, 0, 0],
						"0.0833": [-0.4, 3.2, -0.8],
						"0.1667": [-0.8, 6.5, 0.2],
						"0.2083": [-1.3, 7.7, 0.95],
						"0.25": [-1.8, 7.8, 1.6],
						"0.2917": [-2.8, 6.7, 1.05],
						"0.3333": [-3.3, 3.4, 0.6],
						"0.375": [-3.6, 4.35, 0.6],
						"0.4167": [-3.9, 4.5, 0.6],
						"0.5": [-3.8, 4.6, 0.6],
						"0.5833": [-3.9, 4.5, 0.6],
						"0.6667": [-3.9, 4.4, 0.6],
						"0.75": [-3.9, 4.3, 0.6],
						"0.8333": [-3.8, 4.5, 1],
						"0.9583": [-3.5, 4.4, 1.9],
						"1.0": [-3.3, 4.4, 2.3],
						"1.125": [-3.5, 4.5, 2.6],
						"1.1667": [-4.1, 4.5, 2.6],
						"1.2083": [-4.1, 4.5, 2.6],
						"1.25": [-4.1, 4.5, 2.6],
						"1.2917": [-3.9, 4.5, 2.6],
						"1.3333": [-3.5, 4.3, 2.5],
						"1.4583": [-1.3, 3.2, 0.6],
						"1.5": [-0.9, 2.4, 1.1],
						"1.5833": [-0.9, 0.3, -1.8],
						"1.625": [-0.9, -0.7, -1.9],
						"1.6667": [-0.9, -1.1, -1],
						"1.7083": [-0.7, -1.1, 0.1],
						"1.75": [0, -0.8, 0.7],
						"1.7917": [0, -0.2, 1.1],
						"1.8333": [0, 0.3, 1.1],
						"1.875": [0, 0, 0.7],
						"1.9167": [0, 0.1, 0.15],
						"1.9583": [0, 0.1, 0],
						"2.0": [0, 0, 0]
					}
				},
				"mag_and_lefthand": {
					"rotation": {
						"0.375": [0, 0, 0],
						"0.4167": [0, 0, -6],
						"0.4583": [0, 0, -6],
						"0.5": [0, 0, -6],
						"0.5417": [0, 0, -6],
						"0.5833": [0, 0, -6],
						"0.625": [0, 0, -6],
						"0.6667": [0, 0, 0],
						"0.7083": [0, 0, 0],
						"0.75": [0, 0, 0],
						"0.7917": [0, 0, 0],
						"0.875": [0, 0, 0],
						"0.9167": [-5.07, 0, 0],
						"0.9583": [-10.02, 0, 0],
						"1.0": [-15.2, 0, 0],
						"1.0417": [-20.6, 0, 0],
						"1.0833": [-22.2, 0, 0],
						"1.125": [-22, 0, 0],
						"1.1667": [-20.8, 0, 0],
						"1.2083": [0, 0, 0]
					},
					"position": {
						"0.375": [0, 0, 0],
						"0.4167": [-0.15, -4.2, 0],
						"0.4583": [3.7, -5.2, -0.3],
						"0.5": [9.1, -9.2, 0.7],
						"0.5417": [12.7, -9.2, 0.7],
						"0.5833": [12.7, -9.2, 0.7],
						"0.625": [12.7, -9.2, 0.7],
						"0.6667": [12.6, -6.6, 0.6],
						"0.7083": [12.6, -6.6, 0.6],
						"0.75": [12.6, -6.6, 1.9],
						"0.7917": [12.6, -5.5, 2.8],
						"0.8333": [15.1, -6.7, -3.8],
						"0.875": [13.2, -7.5, 0],
						"0.9167": [10.6, -6.84, 0],
						"0.9583": [7.1, -5.87, -0.2],
						"1.0": [0, -3.9, -0.3],
						"1.0417": [0, -2.9, -1],
						"1.0833": [0, -2.9, -1.1],
						"1.125": [0, -2.9, -1.1],
						"1.1667": [0, -2.9, -1.1],
						"1.2083": [0, 0, 0]
					}
				},
				"mag_and_bullet": {
					"rotation": {
						"0.4167": [0, 0, 0],
						"0.4583": [-3.93694, -42.47414, -59.43376],
						"0.5": [-29.25902, -66.37273, -55.43827],
						"0.5417": [69.08591, -83.47247, -193.45298],
						"0.5833": [86.59791, -46.84627, -211.75271],
						"0.625": [12.59791, -46.84627, -211.75271],
						"0.6667": [0, 0, 0],
						"0.75": [0, 0, 0],
						"0.7917": [-64.46, 11.88, -49.3],
						"0.8333": [-64.46, 11.88, -49.3],
						"0.875": [-48.16, 11.88, -49.3],
						"1.0": [0, 0, 0]
					},
					"position": {
						"0.4167": [0, 0, 0],
						"0.4583": [3.5, 3.4, -1.4],
						"0.5": [3.7, 5, 0.1],
						"0.5417": [3.4, 6.1, 1.1],
						"0.5833": [-0.1, -3.3, 1.5],
						"0.625": [9.9, -26.5, 6.2],
						"0.6667": [-9.1, -3, 28.3],
						"0.75": [-9.1, -3, 28.3],
						"0.7917": [-4, 8.7, 5],
						"0.8333": [-3.2, 6.96, 1.77],
						"0.9167": [-0.9, 3.48, -4.7],
						"0.9583": [-3.1, 1.74, -2.35],
						"1.0": [0, 0, 0]
					}
				},
				"camera": {
					"rotation": {
						"0.0": {
							"post": [0, 0, 0],
							"lerp_mode": "catmullrom"
						},
						"0.125": {
							"post": [-2.1, 0, 0],
							"lerp_mode": "catmullrom"
						},
						"0.2917": {
							"post": [-0.8, 0, 0],
							"lerp_mode": "catmullrom"
						},
						"0.4167": {
							"post": [0.7, -1.1, 0],
							"lerp_mode": "catmullrom"
						},
						"0.5417": {
							"post": [-0.30375, -1.19973, 0.06139],
							"lerp_mode": "catmullrom"
						},
						"0.8333": {
							"post": [2.8055, 0.91951, 0.81402],
							"lerp_mode": "catmullrom"
						},
						"1.0833": {
							"post": [1.78552, 2.21847, 1.81764],
							"lerp_mode": "catmullrom"
						},
						"1.2083": {
							"post": [1.77, 2.57, 3.14],
							"lerp_mode": "catmullrom"
						},
						"1.25": {
							"post": [1.79, 2.62, 0.92],
							"lerp_mode": "catmullrom"
						},
						"1.3333": {
							"post": [1.79, 2.62, 2.72],
							"lerp_mode": "catmullrom"
						},
						"1.4583": {
							"post": [1.79, 2.62, 0.92],
							"lerp_mode": "catmullrom"
						},
						"1.625": {
							"post": [-0.21, 1.12, 0.02],
							"lerp_mode": "catmullrom"
						},
						"2.0": {
							"post": [0, 0, 0],
							"lerp_mode": "catmullrom"
						}
					}
				}
			},
			"sound_effects": {
				"0.0": {
					"effect": "ex:barrett/barrett_fast_reload_tactical"
				}
			}
		},
		"reload_empty": {
			"loop": "hold_on_last_frame",
			"animation_length": 2,
			"bones": {
				"lefthand": {
					"rotation": {
						"0.0": [-273.87487, -27.33823, 235.83124],
						"0.0833": [-273.87, -27.34, 235.83],
						"0.1667": [-245.43353, -18.57982, 189.99336],
						"0.2083": [-243.60803, -25.37613, 185.31294],
						"0.25": [-239.02229, -24.07337, 173.54703],
						"0.2917": [-244.02229, -24.07337, 173.54703],
						"0.375": [-273.87487, -27.33823, 235.83124],
						"0.4583": [-278.4119, -26.37451, 245.86278],
						"0.5": [-281.19946, -20.61536, 232.07025],
						"0.5417": [-291.70971, -4.73243, 231.80084],
						"0.5833": [-292.51422, 9.0877, 223.52457],
						"0.625": [-292.87, 1.96, 222.31],
						"0.6667": [-297.39922, -23.56731, 233.95427],
						"0.7083": [-291.02339, -46.86369, 242.06552],
						"0.75": [-292.57, -65.22, 243.78],
						"0.7917": [-294.86847, -67.50934, 246.28836],
						"0.8333": [-283.5427, -53.20723, 233.0327],
						"0.875": [-284, -35.22, 233.35],
						"0.9167": [-284.44778, -23.82526, 233.66486],
						"0.9583": [-284.05311, -16.65061, 232.60144],
						"1.0": [-284.45, -13.93, 233.66],
						"1.0417": [-284.79544, -2.0196, 235.10437],
						"1.0833": [-286.71, -7.26, 240.38],
						"1.125": [-287.71992, -8.32189, 240.85361],
						"1.3333": [-287.72, -8.32, 240.85],
						"1.375": [-284.60996, -5.4614, 239.93312],
						"1.4167": [-280.34912, -13.31031, 235.53995],
						"1.5": [-273.87487, -27.33823, 235.83124]
					},
					"position": {
						"0.0": [7.325, -11, -6.35],
						"0.0833": [7.73, -12.5, -6.35],
						"0.1667": [10.33, -13, 4.95],
						"0.2083": [9.63, -13.9, 5.75],
						"0.25": [8.33, -14.1, 5.75],
						"0.2917": [7.63, -14.7, 5.75],
						"0.3333": [7.63, -14.7, 4.35],
						"0.375": [7.13, -14.7, 2.85],
						"0.4583": [6.63, -15.5, 1.65],
						"0.5": [6.63, -15.5, 1.65],
						"0.5417": [7.13, -15.5, 1.25],
						"0.5833": [7.23, -16.8, 1.25],
						"0.625": [6.43, -16.6, 1.75],
						"0.6667": [2.03, -12.8, 3.95],
						"0.7083": [2.03, -10.3, 6.45],
						"0.75": [2.03, -9.6, 7.45],
						"0.7917": [1.93, -9.4, 7.45],
						"0.8333": [2.03, -9.5, 5.55],
						"0.875": [2.23, -10.2, 0.75],
						"0.9167": [3.63, -11.6, -2.05],
						"0.9583": [5.03, -13.1, -0.95],
						"1.0": [7.03, -14.8, 0.15],
						"1.0417": [7.26, -15.7, 0.15],
						"1.0833": [7.49, -16, 0.15],
						"1.125": [7.73, -16, 0.15],
						"1.3333": [7.73, -16, 0.15],
						"1.375": [8.23, -16.5, -1.55],
						"1.4167": [9.03, -14.67, -4.25],
						"1.5": [7.325, -11, -6.35]
					},
					"scale": [1, 1.5, 1]
				},
				"constraint": {
					"rotation": [0.05, 0.05, 0.05],
					"position": [0.2, 0.2, 0.2]
				},
				"righthand": {
					"rotation": {
						"0.0": [92.95715, -348.33003, -179.8124],
						"1.5833": [92.96, -348.33, -179.81],
						"1.625": [92.96, -348.33, -179.81],
						"1.6667": [100.96, -348.33, -179.81],
						"1.7917": [102.00473, -347.35179, -179.59763],
						"1.8333": [102.00473, -347.35179, -179.59763],
						"1.875": [102.00473, -347.35179, -179.59763],
						"1.9167": [102.00473, -347.35179, -179.59763],
						"2.0": [92.96, -348.33, -179.81]
					},
					"position": {
						"0.0": [-7.125, -13.15, 6.95],
						"1.5833": [-7.12, -13.15, 6.95],
						"1.625": [-7.12, -13.15, 6.95],
						"1.6667": [-9.82, -9.15, 9.75],
						"1.7917": [-10.32, -8.05, -4.05],
						"1.8333": [-10.32, -8.05, 5.95],
						"1.875": [-10.32, -8.05, 5.95],
						"1.9167": [-10.32, -8.05, 9.95],
						"2.0": [-7.12, -13.15, 6.95]
					},
					"scale": [1, 1.5, 1]
				},
				"root": {
					"rotation": {
						"0.0": [0, 0, 0],
						"0.0833": [-12.98279, -1.27456, -2.32325],
						"0.1667": [-32.91468, -2.30187, -5.43827],
						"0.25": [-53.62145, -6.44321, -9.69563],
						"0.2917": [-60.12, -9.34, -12.6],
						"0.4167": [-63.74989, -28.82565, -20.4583],
						"0.5": [-65.38586, -35.60637, -23.96784],
						"0.6667": [-65.24882, -42.83676, -26.78237],
						"0.75": [-63.71184, -42.41026, -26.41338],
						"0.7917": [-63.46, -41.06, -26.28],
						"1.0": [-63.46, -41.06, -26.28],
						"1.125": [-62.26, -41.86, -25.88],
						"1.1667": [-65.77325, -42.77787, -23.84413],
						"1.2083": [-70.27, -43.58, -21.74],
						"1.25": [-65.43892, -44.00257, -20.48444],
						"1.2917": [-65.76663, -40.85497, -17.53484],
						"1.375": [-56.72, -32.55, -23.13],
						"1.4583": [-44.17, -13.25, -6.63],
						"1.5": [-31.27, -6.95, -8.03],
						"1.5417": [-9.77, -2.05, -0.68],
						"1.5833": [3.73, 2.85, 7.17],
						"1.625": [8.03, 3.35, 12.67],
						"1.6667": [9.88, 2.71, 14.08],
						"1.7083": [10.23, 1.75, 14.57],
						"1.75": [10.12, 0.68, 13.44],
						"1.7917": [9.5, 0, 11.3],
						"1.8333": [7.1, 0, 8.1],
						"1.875": [3, 0, 4.275],
						"1.9167": [-0.6, 0, 0],
						"1.9583": [-1.3, 0, -1],
						"2.0": [0, 0, 0]
					},
					"position": {
						"0.0": [0, 0, 0],
						"0.0833": [-0.4, 3.2, -0.8],
						"0.1667": [-0.8, 6.5, 0.2],
						"0.2083": [-1.3, 7.7, 0.95],
						"0.25": [-1.8, 7.8, 1.6],
						"0.2917": [-2.8, 6.7, 1.05],
						"0.3333": [-3.3, 3.4, 0.6],
						"0.375": [-3.6, 4.35, 0.6],
						"0.4167": [-3.9, 4.5, 0.6],
						"0.5": [-3.8, 4.6, 0.6],
						"0.5833": [-3.9, 4.5, 0.6],
						"0.6667": [-3.9, 4.4, 0.6],
						"0.75": [-3.9, 4.3, 0.6],
						"0.8333": [-3.8, 4.5, 1],
						"0.9583": [-3.5, 4.4, 1.9],
						"1.0": [-3.3, 4.4, 2.3],
						"1.125": [-3.5, 4.5, 2.6],
						"1.1667": [-4.1, 4.5, 2.6],
						"1.2083": [-4.1, 4.5, 2.6],
						"1.25": [-4.1, 4.5, 2.6],
						"1.2917": [-3.9, 4.5, 2.6],
						"1.3333": [-3.5, 4.3, 2.5],
						"1.4583": [-1.3, 3.2, 0.6],
						"1.5": [-0.9, 2.4, 1.1],
						"1.5833": [-0.9, 0, -1.7],
						"1.625": [-0.9, -1, -1.9],
						"1.6667": [-0.8, -1.6, -1.4],
						"1.7083": [-0.6, -1.9, -0.4],
						"1.75": [-0.3, -1.9, 0.5],
						"1.7917": [-0.2, -1.8, 1.7],
						"1.8333": [0, -1.5, 1.7],
						"1.875": [0, -1, 1.7],
						"1.9167": [0, 0.1, 1.15],
						"1.9583": [0, 0.1, 0],
						"2.0": [0, 0, 0]
					}
				},
				"bolt_carrier": {
					"position": {
						"1.7917": [0, 0, 0],
						"1.8333": [0, 0, 10],
						"1.875": [0, 0, 10],
						"1.9167": [0, 0, 0],
						"1.9583": [0, 0, 0.2],
						"2.0": [0, 0, 0]
					}
				},
				"mag_and_lefthand": {
					"rotation": {
						"0.375": [0, 0, 0],
						"0.4167": [0, 0, -6],
						"0.4583": [0, 0, -6],
						"0.5": [0, 0, -6],
						"0.5417": [0, 0, -6],
						"0.5833": [0, 0, -6],
						"0.625": [0, 0, -6],
						"0.6667": [0, 0, 0],
						"0.7083": [0, 0, 0],
						"0.75": [0, 0, 0],
						"0.7917": [0, 0, 0],
						"0.875": [0, 0, 0],
						"0.9167": [-5.07, 0, 0],
						"0.9583": [-10.02, 0, 0],
						"1.0": [-15.2, 0, 0],
						"1.0417": [-20.6, 0, 0],
						"1.0833": [-22.2, 0, 0],
						"1.125": [-22, 0, 0],
						"1.1667": [-20.8, 0, 0],
						"1.2083": [0, 0, 0]
					},
					"position": {
						"0.375": [0, 0, 0],
						"0.4167": [-0.15, -4.2, 0],
						"0.4583": [3.7, -5.2, -0.3],
						"0.5": [9.1, -9.2, 0.7],
						"0.5417": [12.7, -9.2, 0.7],
						"0.5833": [12.7, -9.2, 0.7],
						"0.625": [12.7, -9.2, 0.7],
						"0.6667": [12.6, -6.6, 0.6],
						"0.7083": [12.6, -6.6, 0.6],
						"0.75": [12.6, -6.6, 1.9],
						"0.7917": [12.6, -5.5, 2.8],
						"0.8333": [15.1, -6.7, -3.8],
						"0.875": [13.2, -7.5, 0],
						"0.9167": [10.6, -6.84, 0],
						"0.9583": [7.1, -5.87, -0.2],
						"1.0": [0, -3.9, -0.3],
						"1.0417": [0, -2.9, -1],
						"1.0833": [0, -2.9, -1.1],
						"1.125": [0, -2.9, -1.1],
						"1.1667": [0, -2.9, -1.1],
						"1.2083": [0, 0, 0]
					}
				},
				"mag_and_bullet": {
					"rotation": {
						"0.4167": [0, 0, 0],
						"0.4583": [-3.93694, -42.47414, -59.43376],
						"0.5": [-29.25902, -66.37273, -55.43827],
						"0.5417": [69.08591, -83.47247, -193.45298],
						"0.5833": [86.59791, -46.84627, -211.75271],
						"0.625": [12.59791, -46.84627, -211.75271],
						"0.6667": [0, 0, 0],
						"0.75": [0, 0, 0],
						"0.7917": [-64.46, 11.88, -49.3],
						"0.8333": [-64.46, 11.88, -49.3],
						"0.875": [-48.16, 11.88, -49.3],
						"1.0": [0, 0, 0]
					},
					"position": {
						"0.4167": [0, 0, 0],
						"0.4583": [3.5, 3.4, -1.4],
						"0.5": [3.7, 5, 0.1],
						"0.5417": [3.4, 6.1, 1.1],
						"0.5833": [-0.1, -3.3, 1.5],
						"0.625": [9.9, -26.5, 6.2],
						"0.6667": [-9.1, -3, 28.3],
						"0.75": [-9.1, -3, 28.3],
						"0.7917": [-4, 8.7, 5],
						"0.8333": [-3.2, 6.96, 1.77],
						"0.9167": [-0.9, 3.48, -4.7],
						"0.9583": [-3.1, 1.74, -2.35],
						"1.0": [0, 0, 0]
					}
				},
				"bullet": {
					"scale": {
						"0.0": [0, 0, 0],
						"0.7083": [0, 0, 0],
						"0.75": [1, 1, 1]
					}
				},
				"bullet_in_magazine": {
					"scale": {
						"0.0": [0, 0, 0],
						"0.7083": [0, 0, 0],
						"0.75": [1, 1, 1]
					}
				},
				"camera": {
					"rotation": {
						"0.0": {
							"post": [0, 0, 0],
							"lerp_mode": "catmullrom"
						},
						"0.125": {
							"post": [-2.1, 0, 0],
							"lerp_mode": "catmullrom"
						},
						"0.2917": {
							"post": [-0.8, 0, 0],
							"lerp_mode": "catmullrom"
						},
						"0.4167": {
							"post": [0.7, -1.1, 0],
							"lerp_mode": "catmullrom"
						},
						"0.5417": {
							"post": [-0.30375, -1.19973, 0.06139],
							"lerp_mode": "catmullrom"
						},
						"0.8333": {
							"post": [2.8055, 0.91951, 0.81402],
							"lerp_mode": "catmullrom"
						},
						"1.0833": {
							"post": [1.78552, 2.21847, 1.81764],
							"lerp_mode": "catmullrom"
						},
						"1.2083": {
							"post": [1.77, 2.57, 3.14],
							"lerp_mode": "catmullrom"
						},
						"1.25": {
							"post": [1.79, 2.62, 0.92],
							"lerp_mode": "catmullrom"
						},
						"1.3333": {
							"post": [1.79, 2.62, 2.72],
							"lerp_mode": "catmullrom"
						},
						"1.4583": {
							"post": [1.79, 2.62, 0.92],
							"lerp_mode": "catmullrom"
						},
						"1.625": {
							"post": [-0.21, 1.12, 0.02],
							"lerp_mode": "catmullrom"
						},
						"2.0": {
							"post": [0, 0, 0],
							"lerp_mode": "catmullrom"
						}
					}
				}
			},
			"sound_effects": {
				"0.0": {
					"effect": "ex:barrett/barrett_fast_reload_empty"
				}
			}
		},
		"inspect": {
			"loop": "hold_on_last_frame",
			"animation_length": 10.35,
			"bones": {
				"lefthand": {
					"rotation": {
						"0.0": [-273.87487, -27.33823, 235.83124],
						"0.1667": [-268.52726, -27.55651, 224.27546],
						"0.5833": [-268.19842, -43.55012, 223.71542],
						"0.7083": [-268.35304, -37.55283, 223.95292],
						"1.0": [-270.85015, -37.5727, 228.05013],
						"1.125": [-272.38656, -37.51351, 230.57143],
						"1.2083": [-272.39, -37.51, 230.57],
						"1.4167": [-272.39, -37.51, 230.57],
						"1.4583": [-272.34372, -36.01128, 230.49268],
						"1.5833": [-275.59016, -35.69968, 236.03226],
						"1.6667": [-275.73711, -37.69024, 236.27614],
						"1.75": [-278.25762, -29.60603, 241.42993],
						"1.875": [-277.97829, -29.68062, 240.86046],
						"1.9583": [-282.74038, -28.10211, 250.69341],
						"5.0833": [-282.74038, -28.10211, 250.69341],
						"5.2083": [-281.85976, -18.81683, 248.48628],
						"5.4167": [-273.87487, -27.33823, 235.83124],
						"5.75": [-273.87487, -27.33823, 235.83124]
					},
					"position": {
						"0.0": [7.325, -11, -6.35],
						"0.125": [7.43, -11.57, -4.2],
						"0.5833": [7.43, -11.57, -4.325],
						"0.7083": [7.905, -11.57, -4.32],
						"1.0": [7.385, -13.495, -3.645],
						"1.0417": [7.28, -13.65, -4.035],
						"1.0833": [7.17, -13.81, -4.135],
						"1.125": [7.065, -13.965, -3.09],
						"1.2083": [7.445, -13.71, -3.04],
						"1.4167": [7.45, -13.71, -3.04],
						"1.4583": [7.45, -13.71, -3.04],
						"1.5833": [7.45, -14.785, -0.49],
						"1.75": [7.45, -14.78, -0.49],
						"1.9583": [6.725, -14.78, -0.49],
						"5.0417": [6.725, -14.78, -0.49],
						"5.125": [6.73, -14.78, -0.49],
						"5.25": [6.73, -14.78, 1.01],
						"5.4583": [7.18, -14.78, -3.065],
						"5.75": [7.325, -11, -6.35]
					},
					"scale": [1, 1.5, 1]
				},
				"constraint": {
					"rotation": [0.05, 0.05, 0.05],
					"position": [0.2, 0.2, 0.2]
				},
				"righthand": {
					"rotation": {
						"0.0": [92.95715, -348.33003, -179.8124],
						"1.2917": [92.96, -348.33, -179.81],
						"1.375": [93.01439, -344.08577, -179.582],
						"1.6667": [93.01439, -344.08577, -179.582],
						"1.75": [92.96, -348.33, -179.81],
						"6.5": [92.96, -348.33, -179.81],
						"6.625": [92.96, -348.33, -179.81],
						"6.6667": [106.79542, -349.57472, -163.81053],
						"6.7083": [119.12495, -371.38831, -157.76861],
						"6.875": [120.40756, -366.79025, -165.89985],
						"6.9583": [120.38, -366.36, -165.65],
						"7.375": [134.38, -366.36, -165.65],
						"8.125": [134.38, -366.36, -165.65],
						"8.25": [117.86217, -351.62291, -180.65444],
						"8.3333": [89.44302, -339.20269, -249.41937],
						"8.5": [92.95715, -348.33003, -179.8124]
					},
					"position": {
						"0.0": [-7.125, -13.15, 6.95],
						"1.2917": [-7.12, -13.15, 6.95],
						"1.375": [-7.12, -14.5, 5.4],
						"1.6667": [-7.12, -14.5, 5.4],
						"1.75": [-7.12, -13.15, 6.95],
						"6.5": [-7.12, -13.15, 6.95],
						"6.625": [-9.07, -15.8, 2],
						"6.6667": [-12.07, -14.875, 0.325],
						"6.7083": [-13.245, -12.72, -2.02],
						"6.75": [-13.34, -9.395, -3.195],
						"6.7917": [-10.99, -8.96, -4.76],
						"6.9583": [-8.685, -8.785, -3.41],
						"7.25": [-8.46, -8.785, -3.41],
						"7.375": [-7.51, -8.26, 0.275],
						"7.5": [-7.51, -8.26, 0.275],
						"7.8333": [-7.51, -8.26, 0.28],
						"7.9167": [-7.51, -8.26, 0.43],
						"8.0": [-7.51, -8.26, 0.53],
						"8.0833": [-7.51, -8.26, 0.655],
						"8.1667": [-11.855, -14.485, 2.81],
						"8.3333": [-13.425, -17.855, 5.46],
						"8.4583": [-7.125, -13.15, 6.95]
					},
					"scale": [1, 1.5, 1]
				},
				"root": {
					"rotation": {
						"0.0": [0, 0, 0],
						"0.0417": [0, 0, 2],
						"0.1667": [0, 0, 9],
						"0.25": [1.9, 0, 9.775],
						"0.2917": [1.935, 0, 9.52],
						"0.3333": [1.595, 0, 9.26],
						"0.375": [-0.325, 0, 9],
						"0.4583": [-10, -2.7, -1],
						"0.625": [-40.47826, -23.62608, -18.20054],
						"0.6667": [-45.205, -25.45, -20.49],
						"0.7083": [-48.38414, -27.26695, -22.7707],
						"0.75": [-49.005, -29.04, -24.67],
						"0.7917": [-48.055, -30.81, -26.57],
						"0.8333": [-46.70745, -32.5706, -28.47844],
						"0.875": [-44.78, -33.32, -28.855],
						"1.0": [-43.09, -33.32, -28.855],
						"1.2083": [-43.21836, -35.89352, -32.58634],
						"1.2917": [-43.22, -35.89, -32.59],
						"1.3333": [-44.11589, -34.68158, -31.03924],
						"1.4167": [-44.12, -34.68, -31.04],
						"1.4583": [-44.72, -34.68, -31.04],
						"1.5833": [-44.72, -34.68, -31.04],
						"1.625": [-44.72, -34.68, -31.04],
						"1.6667": [-44.72, -34.68, -31.04],
						"1.7917": [-44.72, -34.68, -31.04],
						"1.8333": [-46.27, -34.68, -31.04],
						"1.875": [-45.01971, -36.4678, -31.96375],
						"1.9583": [-43.65544, -38.21748, -35.4391],
						"2.0": [-44.26, -38.22, -36.44],
						"2.0833": [-46.78, -39.895, -37.465],
						"2.25": [-50.53, -43.195, -40.79],
						"2.375": [-50.53, -45.54, -43.11],
						"2.5": [-50.53, -43.19, -41.46],
						"2.75": [-50.53, -41.54, -40.06],
						"2.9583": [-50.53, -43.19, -41.46],
						"3.0": [-50.53, -43.19, -41.46],
						"3.1667": [-50.53, -43.19, -41.46],
						"3.2083": [-50.53, -43.19, -41.46],
						"3.2917": [-50.53, -44.54, -42.785],
						"3.375": [-50.53, -45.54, -43.81],
						"3.5": [-50.53, -44.865, -43.46],
						"3.6667": [-50.53, -43.19, -41.46],
						"3.7083": [-50.53, -43.19, -41.46],
						"3.75": [-50.53, -43.19, -41.46],
						"3.8333": [-46.855, -43.19, -41.46],
						"3.875": [-43.5, -43.19, -41.46],
						"3.9167": [-40.5, -43.19, -41.46],
						"4.0": [-39.5, -44.19, -42.46],
						"4.25": [-41.3, -43.19, -41.46],
						"4.2917": [-41.3, -44.515, -40.785],
						"4.3333": [-41.3, -45.865, -40.11],
						"4.4583": [-41.3, -43.86, -41.12],
						"4.5": [-41.3, -43.19, -41.46],
						"4.5417": [-43.03838, -41.57039, -39.88148],
						"4.5833": [-43.04, -41.57, -39.88],
						"4.625": [-43.04, -41.22, -38.53],
						"4.6667": [-43.04, -41.22, -38.53],
						"4.7083": [-41.6779, -42.52063, -40.57051],
						"4.7917": [-41.68, -42.52, -40.57],
						"4.8333": [-41.68, -42.52, -39.22],
						"4.875": [-43.95234, -39.81051, -36.82252],
						"4.9167": [-46.26, -37.965, -34.54],
						"4.9583": [-46.22252, -36.65575, -33.02028],
						"5.0833": [-43.56, -40.44, -37.54],
						"5.125": [-41.66, -40.44, -37.54],
						"5.1667": [-46.36215, -34.2132, -28.77579],
						"5.2083": [-31.93364, -47.77201, -49.57352],
						"5.25": [-44.64773, -34.37484, -29.24847],
						"5.2917": [-40.23385, -38.44372, -35.72936],
						"5.375": [-42.64, -39.275, -35.365],
						"5.4167": [-42.64, -34.9, -31.74],
						"5.5": [-42.64, -34.9, -31.74],
						"5.5833": [-47.75437, -28.88308, -25.12359],
						"5.7083": [-51.78399, -20.07113, -12.43465],
						"5.7917": [-50.41154, -17.78998, -4.62266],
						"5.875": [-42.16338, -16.24538, 3.50898],
						"5.9583": [-44.33052, -10.41575, 14.31898],
						"6.0": [-44.60617, -10.9181, 15.74683],
						"6.0417": [-45.26119, -8.13373, 19.51999],
						"6.0833": [-42.6952, -0.97601, 24.38229],
						"6.125": [-37.8664, 3.99644, 32.63211],
						"6.1667": [-34.87, 4.425, 37.35],
						"6.2083": [-31.88, 7.125, 39.26],
						"6.25": [-28.88912, 4.04995, 38.22386],
						"6.3333": [-26.9359, 11.57921, 55.18547],
						"6.375": [-27.515, 14.55, 57.29],
						"6.4167": [-33.14, 17.105, 59.09],
						"6.5": [-41.233, 24.41146, 60.00298],
						"6.5833": [-45.16517, 29.33148, 55.98509],
						"6.625": [-44.71, 30.5, 54.89],
						"6.6667": [-42.175, 31.67, 53.79],
						"6.7083": [-40.01307, 32.84381, 52.69902],
						"6.7917": [-38.46, 32.84, 51.375],
						"6.875": [-38.46, 30.115, 51.325],
						"7.0": [-38.46, 27.515, 54.655],
						"7.0833": [-38.46, 28.915, 55.675],
						"7.1667": [-38.46, 32.095, 51.335],
						"7.25": [-38.46, 34.72, 51.985],
						"7.2917": [-38.46, 35.5, 54.065],
						"7.375": [-38.46, 36.8, 54.07],
						"7.4583": [-38.46, 38.13, 54.07],
						"7.5": [-37.81, 39.43, 54.07],
						"7.5417": [-37.81, 40.08, 54.07],
						"7.875": [-37.81, 34.88, 54.07],
						"7.9167": [-37.81, 34.88, 54.07],
						"8.0": [-37.81, 38.78, 54.07],
						"8.0833": [-37.81, 38.13, 54.07],
						"8.125": [-37.81, 38.755, 54.07],
						"8.1667": [-37.81, 38.76, 54.07],
						"8.2083": [-29.93706, 45.57236, 65.75527],
						"8.25": [-39.62999, 37.96935, 50.84757],
						"8.2917": [-32.74227, 43.5369, 61.78335],
						"8.3333": [-37.81, 38.76, 54.1],
						"8.375": [-37.81, 34.235, 54.1],
						"8.5": [-34.585, 29.765, 48.325],
						"8.5417": [-34.58, 32.34, 50.25],
						"8.625": [-37.155, 32.345, 50.255],
						"8.7083": [-39.075, 32.35, 50.26],
						"8.8333": [-39.07, 29.75, 47.01],
						"8.9167": [-39.07, 27.85, 43.21],
						"9.0": [-39.07, 29.125, 46.36],
						"9.125": [-40.97, 13.23, 33.635],
						"9.2083": [-40.97, 7.43, 23.36],
						"9.2917": [-25.495, 2.28, 12.385],
						"9.4583": [-2.62, 0, -4.14],
						"9.5": [1.2, 0, -8.265],
						"9.625": [4.175, 0, -8.745],
						"9.7083": [2.11, 0, -3.09],
						"9.75": [1.075, 0, 2.6],
						"9.7917": [0, 0, 3.605],
						"9.8333": [0, 0, 3.735],
						"9.875": [0, 0, 2.85],
						"9.9167": [0, 0, 1.25],
						"9.9583": [0, 0, -0.67],
						"10.0": [0, 0, -2.175],
						"10.0417": [0, 0, -2.995],
						"10.0833": [0, 0, -2.99],
						"10.125": [0, 0, -2.49],
						"10.1667": [0, 0, 0.44],
						"10.25": [0, 0, 1.09],
						"10.3333": [0, 0, 0]
					},
					"position": {
						"0.0": [0, 0, 0],
						"0.0417": [0, -0.3, 0],
						"0.1667": [1, -1.225, 1],
						"0.25": [1, -0.8, 0],
						"0.375": [1, 0.8, -1.125],
						"0.4583": [1, 3, -1.25],
						"0.5417": [-0.53, 4.09, 0.04],
						"0.625": [-2.05, 4.7, 1.325],
						"0.7083": [-2.05, 4.13, 2.655],
						"0.8333": [-2.05, 0.435, 2.66],
						"0.875": [-2.05, 0.21, 2.66],
						"0.9167": [-2.05, 0.44, 2.66],
						"0.9583": [-2.05, 2.36, 2.66],
						"1.0": [-2.05, 2.835, 2.66],
						"1.2083": [-2.05, 2.385, 2.66],
						"1.2917": [-2.05, 2.56, 2.66],
						"1.3333": [-2.05, 2.51, 2.66],
						"1.4167": [-2.05, 2.51, 2.66],
						"1.5833": [-2.05, 2.51, 2.16],
						"1.625": [-1.875, 2.51, 2.11],
						"1.6667": [-1.75, 2.66, 2.26],
						"1.7083": [-1.75, 2.66, 2.71],
						"1.7917": [-2.15, 2.66, 4.06],
						"1.8333": [-2.325, 2.835, 4.31],
						"1.875": [-2.4, 2.885, 4.46],
						"1.9167": [-2.4, 2.77, 4.385],
						"1.9583": [-2.4, 2.41, 4.185],
						"2.0": [-2.65, 1.965, 3.96],
						"2.0833": [-3.325, 1.62, 3.96],
						"2.125": [-3.645, 1.62, 3.96],
						"2.3333": [-3.64, 1.37, 3.96],
						"2.5": [-3.64, 1.62, 3.96],
						"2.5417": [-3.69, 1.67, 3.96],
						"2.6667": [-3.74, 1.82, 3.96],
						"2.7083": [-3.74, 1.62, 3.96],
						"2.75": [-3.74, 1.62, 3.96],
						"2.7917": [-3.74, 1.62, 3.96],
						"2.9583": [-3.74, 1.77, 3.96],
						"3.0": [-3.74, 1.6, 3.96],
						"3.0417": [-3.74, 1.52, 3.96],
						"3.1667": [-3.74, 1.47, 3.96],
						"3.2083": [-3.74, 1.32, 3.96],
						"3.375": [-3.74, 1.62, 3.96],
						"3.5": [-3.74, 1.62, 3.96],
						"3.6667": [-3.74, 1.47, 3.96],
						"3.7083": [-3.64, 1.47, 3.96],
						"3.75": [-3.49, 1.47, 3.96],
						"3.8333": [-3.04, 1.67, 3.96],
						"3.875": [-2.74, 1.87, 3.96],
						"3.9167": [-2.44, 2.17, 3.96],
						"4.0": [-1.74, 2.47, 3.96],
						"4.0417": [-1.29, 2.47, 3.96],
						"4.125": [-0.65, 2.47, 3.96],
						"4.1667": [-0.5, 2.47, 3.96],
						"4.2083": [-0.5, 2.47, 3.96],
						"4.25": [-0.5, 2.47, 3.835],
						"4.2917": [-0.5, 2.47, 3.61],
						"4.3333": [-0.5, 2.47, 3.66],
						"4.5": [-0.15, 2.47, 3.66],
						"4.5417": [-0.15, 2.47, 3.66],
						"4.625": [-0.15, 2.47, 3.66],
						"4.7083": [-0.15, 2.47, 3.66],
						"4.8333": [-0.15, 2.47, 3.66],
						"4.875": [-0.15, 2.4, 3.66],
						"5.0833": [-0.15, 2.4, 3.66],
						"5.125": [-0.15, 2.4, 3.66],
						"5.2083": [-0.15, 2.195, 3.66],
						"5.2917": [-0.15, 2.15, 3.66],
						"5.3333": [-0.15, 2.15, 3.66],
						"5.375": [-0.15, 2.15, 3.51],
						"5.4167": [-0.25, 2.15, 3.66],
						"5.5": [-0.325, 1.775, 3.66],
						"5.5833": [-0.15, 1.28, 3.66],
						"5.7083": [1.575, -0.12, 3.185],
						"5.7917": [3.205, -2.32, 2.735],
						"5.875": [4.885, -2.82, 1.94],
						"5.9583": [5.565, -2.815, 0.645],
						"6.0": [5.34, -2.715, -0.255],
						"6.0417": [5.09, -2.405, -0.64],
						"6.0833": [5.34, -1.94, -0.925],
						"6.125": [5.59, -0.165, -1.025],
						"6.1667": [6.25, 1.995, -0.915],
						"6.2083": [6.735, 3.03, -0.855],
						"6.25": [7.24, 3.11, -0.525],
						"6.3333": [7.24, 2.96, 0.38],
						"6.4167": [7.24, 2.41, 1.56],
						"6.5": [7.24, 1.715, 2.56],
						"6.5833": [7.24, 1.44, 2.56],
						"6.625": [7.24, 1.08, 2.42],
						"6.6667": [7.24, 1.02, 2.28],
						"6.7083": [7.24, 0.985, 2.135],
						"6.75": [7.24, 1.285, 2.2],
						"6.7917": [7.24, 1.56, 2.265],
						"6.875": [7.24, 2.315, 2.315],
						"7.0": [7.24, 2.34, 2.74],
						"7.1667": [7.24, 1.99, 2.74],
						"7.3333": [7.24, 1.99, 2.74],
						"7.375": [7.24, 1.99, 2.74],
						"7.5417": [7.24, 1.765, 2.74],
						"7.7083": [7.24, 1.99, 2.74],
						"7.9167": [7.24, 1.99, 2.74],
						"8.1667": [7.24, 2.095, 2.74],
						"8.2083": [7.24, 2.095, 2.74],
						"8.25": [7.24, 2.095, 2.74],
						"8.3333": [7.465, 2.1, 2.74],
						"8.4167": [7.74, 2.1, 2.74],
						"8.4583": [7.74, 1.925, 2.74],
						"8.5": [7.34, 1.25, 2.74],
						"8.5833": [7.34, 0.155, 2.915],
						"8.7083": [7.34, -0.99, 3.415],
						"8.8333": [7.615, -1.64, 3.515],
						"8.9167": [7.62, -1.465, 3.19],
						"9.0": [7.62, -0.315, 2.74],
						"9.125": [5.92, 2.58, 1.94],
						"9.1667": [5.47, 3.005, 1.59],
						"9.2083": [5.02, 2.58, 1.24],
						"9.2917": [4.12, 0.755, 0.34],
						"9.4583": [2.825, -1.5, 0.615],
						"9.5": [2.83, -1.75, 0.62],
						"9.5417": [2.55, -1.995, 0.44],
						"9.5833": [2.27, -1.92, 0.26],
						"9.625": [1.99, -1.62, 0.09],
						"9.75": [1.155, 0.25, -0.43],
						"9.875": [0.58, 1.09, 0.69],
						"9.9167": [0.39, 0.635, 0.43],
						"9.9583": [0.19, -0.045, 0.21],
						"10.0": [0, -0.8, 0],
						"10.0417": [0, -1.1, 0.3],
						"10.0833": [0, -0.85, 0.275],
						"10.125": [0, -0.55, 0.125],
						"10.1667": [0, -0.125, -0.175],
						"10.2083": [0, 0.115, -0.275],
						"10.25": [0, 0, 0],
						"10.2917": [0, 0, 0],
						"10.3333": [0, 0, 0]
					}
				},
				"bolt_carrier": {
					"position": {
						"7.25": [0, 0, 0],
						"7.375": [0, 0, 3.975],
						"7.8333": [0, 0, 3.975],
						"7.9167": [0, 0, 4.205],
						"8.0": [0, 0, 4.185],
						"8.0833": [0, 0, 3.975],
						"8.1667": [0, 0, 2.615],
						"8.2083": [0, 0, 0],
						"8.25": [0, 0, 0.425],
						"8.2917": [0, 0, 0]
					}
				},
				"shell_ejection": {
					"position": {
						"7.25": [0, 0, 0],
						"7.375": [0, 0, 4.275],
						"8.0833": [0, 0, 4.28],
						"8.2083": [0, 0, 0]
					}
				},
				"mag_and_lefthand": {
					"rotation": {
						"1.375": [0, 0, 0],
						"1.4167": [-4, 0, 0],
						"1.5": [-4, 0, 0],
						"1.625": [-4, 0, 0],
						"1.7083": [-15, 0, 0],
						"1.75": [-22.75, 0, 0],
						"1.7917": [-22.61853, -2.50903, -5.99815],
						"1.8333": [-13.37, -2.51, -6],
						"1.875": [-9.87, -2.51, -6],
						"1.9167": [3.87853, -3.2319, 3.98654],
						"1.9583": [13.63, -3.23, 3.99],
						"2.0": [23.13, -3.23, 3.99],
						"2.0417": [24.88, -3.23, 5.89],
						"2.0833": [34.455, -3.23, 9.34],
						"2.125": [48.22284, -4.55664, 14.09865],
						"2.1667": [50.10556, -4.31376, 19.10629],
						"2.25": [44.98056, -4.31376, 19.10629],
						"2.5417": [44.98, -4.31, 19.11],
						"2.5833": [44.87316, -5.5459, 20.35359],
						"2.625": [44.87, -6.25, 21.775],
						"2.75": [44.87, -4.65, 23.005],
						"2.8333": [44.93915, -4.67203, 20.74417],
						"2.875": [45.17, -6.28, 21.38],
						"2.9167": [44.33, -4.785, 19.125],
						"3.0": [41.98728, -6.73216, 23.61424],
						"3.0417": [41.33, -7.62, 32.93],
						"3.0833": [40.68, -8.5, 45.85],
						"3.125": [36.61, -8.39, 55.775],
						"3.1667": [32.53644, -8.28211, 62.94653],
						"3.25": [27.39193, -11.7324, 71.31841],
						"3.3333": [26.40117, -11.42275, 73.56554],
						"3.5": [27.63031, -12.38483, 72.09358],
						"3.6667": [28.46532, -10.14547, 63.91577],
						"3.75": [24.91945, -8.75437, 39.98674],
						"3.875": [10.945, -2.05, 0.34],
						"4.0": [-11.75, 0, 0],
						"4.125": [-14.745, 0, 0],
						"4.1667": [-18.47, 0, 0],
						"4.2083": [-15.965, 0, 0],
						"4.25": [-15.965, 0, 0],
						"4.2917": [-11.765, 0, 0],
						"4.6667": [-9.46, 0, 0],
						"4.8333": [-19.235, 0, 0],
						"4.9167": [-24.73, 0, 0],
						"5.1667": [-22.255, 0, 0],
						"5.2083": [0, 0, 0]
					},
					"position": {
						"1.375": [0, 0, 0],
						"1.4167": [0, 0, 0],
						"1.5": [0, 0, 0],
						"1.625": [0, 0, 0],
						"1.7083": [0, -2.4, -0.925],
						"1.75": [0, -4, -0.97],
						"1.7917": [1.1, -5.825, -1.22],
						"1.8333": [1.8, -7.645, -1.22],
						"1.875": [1.8, -9.965, -1.245],
						"1.9167": [1.8, -13.435, -1.15],
						"1.9583": [1.8, -14.23, -1.15],
						"2.0": [1.8, -14.93, -0.725],
						"2.0417": [1.8, -15.275, -0.195],
						"2.0833": [1.8, -15.35, 1.075],
						"2.125": [2.325, -15.35, 2.375],
						"2.25": [5.525, -12.675, 2.775],
						"2.2917": [6.93, -11.075, 3.255],
						"2.3333": [7.655, -10.195, 3.135],
						"2.375": [8.085, -9.37, 3.165],
						"2.8333": [8.09, -9.57, 3.245],
						"3.0": [7.765, -9.87, 3.9],
						"3.0833": [7.32, -9.87, 3.35],
						"3.125": [7.32, -9.87, 2.2],
						"3.25": [7.32, -10.595, 1.58],
						"3.3333": [7.57, -10.595, 1.205],
						"3.4167": [7.72, -10.59, 1.055],
						"3.6667": [7.295, -10.59, 0.81],
						"3.75": [5.5, -10.24, 2.335],
						"3.875": [1.625, -8.665, 2.21],
						"4.0": [0, -5.86, -0.115],
						"4.125": [0, -3.085, -0.215],
						"4.2917": [0, -2.095, -0.12],
						"4.5": [0, -1.655, 0],
						"4.75": [0, -2.025, 0],
						"4.8333": [0, -2.02, -0.475],
						"4.9167": [0, -2.02, -0.695],
						"5.0": [0, -1.895, -0.465],
						"5.125": [0, -1.19, 0],
						"5.1667": [0, 0, 0]
					}
				},
				"camera": {
					"rotation": {
						"0.0": {
							"post": [0, 0, 0],
							"lerp_mode": "catmullrom"
						},
						"0.25": {
							"post": [1, 0, 0],
							"lerp_mode": "catmullrom"
						},
						"0.5833": {
							"post": [-1.3, 0, 0],
							"lerp_mode": "catmullrom"
						},
						"0.8333": {
							"post": [-1.34, 0, 0.04],
							"lerp_mode": "catmullrom"
						},
						"0.9583": {
							"post": [0, 0, 0.8],
							"lerp_mode": "catmullrom"
						},
						"1.0417": {
							"post": [0, 0, -0.4],
							"lerp_mode": "catmullrom"
						},
						"1.1667": {
							"post": [0, 0, 0.4],
							"lerp_mode": "catmullrom"
						},
						"1.25": {
							"post": [0, 0, -0.2],
							"lerp_mode": "catmullrom"
						},
						"1.375": {
							"post": [0, 0, 0],
							"lerp_mode": "catmullrom"
						},
						"1.5417": {
							"post": [-0.7, 0, 0.5],
							"lerp_mode": "catmullrom"
						},
						"1.7083": {
							"post": [-0.9, 0, -0.4],
							"lerp_mode": "catmullrom"
						},
						"1.9167": {
							"post": [0.8, 0.4, 0],
							"lerp_mode": "catmullrom"
						},
						"2.2083": {
							"post": [1.4, 0, 0],
							"lerp_mode": "catmullrom"
						},
						"2.375": {
							"post": [1.6, -1.3, 0],
							"lerp_mode": "catmullrom"
						},
						"2.625": {
							"post": [1.7, -0.8, 0],
							"lerp_mode": "catmullrom"
						},
						"3.2917": {
							"post": [2.2, -4.7, 0],
							"lerp_mode": "catmullrom"
						},
						"3.9583": {
							"post": [2.5, 0.9, 0],
							"lerp_mode": "catmullrom"
						},
						"4.4583": {
							"post": [2.5, 1.7, 0.6],
							"lerp_mode": "catmullrom"
						},
						"4.875": {
							"post": [1.9, 1, -0.7],
							"lerp_mode": "catmullrom"
						},
						"5.125": {
							"post": [1.9, -0.8, 2.1],
							"lerp_mode": "catmullrom"
						},
						"5.25": {
							"post": [3.7, 1, -2.8],
							"lerp_mode": "catmullrom"
						},
						"5.375": {
							"post": [1.9, -1.425, 1],
							"lerp_mode": "catmullrom"
						},
						"5.625": {
							"post": [-0.925, 0.2, -0.7],
							"lerp_mode": "catmullrom"
						},
						"6.0": {
							"post": [-3.58, -0.1, 0.2],
							"lerp_mode": "catmullrom"
						},
						"6.4167": {
							"post": [3.08, 0.2, -0.3],
							"lerp_mode": "catmullrom"
						},
						"6.7083": {
							"post": [5.59, -0.5, 2.1],
							"lerp_mode": "catmullrom"
						},
						"7.0417": {
							"post": [0, 0.2, -0.4],
							"lerp_mode": "catmullrom"
						},
						"7.5833": {
							"post": [5.7, -0.8, -0.4],
							"lerp_mode": "catmullrom"
						},
						"8.0": {
							"post": [6.03, -0.8, -0.4],
							"lerp_mode": "catmullrom"
						},
						"8.125": {
							"post": [5.9, -0.34, -0.3],
							"lerp_mode": "catmullrom"
						},
						"8.2083": {
							"post": [5.79, -0.04, 2],
							"lerp_mode": "catmullrom"
						},
						"8.2917": {
							"post": [5.7, 0.2, -2],
							"lerp_mode": "catmullrom"
						},
						"8.4167": {
							"post": [5.7, 0.2, 1],
							"lerp_mode": "catmullrom"
						},
						"8.4583": {
							"post": [5.7, 0.2, -1],
							"lerp_mode": "catmullrom"
						},
						"8.7083": {
							"post": [2.5, 0, 0],
							"lerp_mode": "catmullrom"
						},
						"9.0833": {
							"post": [6.5, 0, 0],
							"lerp_mode": "catmullrom"
						},
						"9.5417": {
							"post": [1.8, 0, -1.9],
							"lerp_mode": "catmullrom"
						},
						"9.875": {
							"post": [-3.3, 0.2, 2.2],
							"lerp_mode": "catmullrom"
						},
						"10.0417": {
							"post": [0.8, 0.2, -0.8],
							"lerp_mode": "catmullrom"
						},
						"10.25": {
							"post": [0, 0, 0],
							"lerp_mode": "catmullrom"
						},
						"10.3333": {
							"post": [0, 0, 0],
							"lerp_mode": "catmullrom"
						}
					}
				},
				"mag_release": {
					"rotation": {
						"1.3333": [0, 0, 0],
						"1.375": [-18, 0, 0],
						"1.75": [-18, 0, 0],
						"1.7917": [0, 0, 0],
						"5.1667": [0, 0, 0],
						"5.2083": [-18, 0, 0],
						"5.25": [-18, 0, 0],
						"5.2917": [0, 0, 0]
					},
					"position": {
						"1.3333": [0, 0, 0],
						"1.375": [0, 0, 0],
						"1.75": [0, 0, 0],
						"1.7917": [0, 0, 0],
						"5.1667": [0, 0, 0],
						"5.2083": [0, 0, 0],
						"5.25": [0, 0, 0],
						"5.2917": [0, 0, 0]
					}
				}
			},
			"sound_effects": {
				"0.0": {
					"effect": "ex:barrett/barrett_inspect"
				}
			}
		},
		"inspect_empty": {
			"loop": "hold_on_last_frame",
			"animation_length": 10.35,
			"bones": {
				"lefthand": {
					"rotation": {
						"0.0": [-273.87487, -27.33823, 235.83124],
						"0.1667": [-268.52726, -27.55651, 224.27546],
						"0.5833": [-268.19842, -43.55012, 223.71542],
						"0.7083": [-268.35304, -37.55283, 223.95292],
						"1.0": [-270.85015, -37.5727, 228.05013],
						"1.125": [-272.38656, -37.51351, 230.57143],
						"1.2083": [-272.39, -37.51, 230.57],
						"1.4167": [-272.39, -37.51, 230.57],
						"1.4583": [-272.34372, -36.01128, 230.49268],
						"1.5833": [-275.59016, -35.69968, 236.03226],
						"1.6667": [-275.73711, -37.69024, 236.27614],
						"1.75": [-278.25762, -29.60603, 241.42993],
						"1.875": [-277.97829, -29.68062, 240.86046],
						"1.9583": [-282.74038, -28.10211, 250.69341],
						"5.0833": [-282.74038, -28.10211, 250.69341],
						"5.2083": [-281.85976, -18.81683, 248.48628],
						"5.4167": [-273.87487, -27.33823, 235.83124],
						"5.75": [-273.87487, -27.33823, 235.83124]
					},
					"position": {
						"0.0": [7.325, -11, -6.35],
						"0.125": [7.43, -11.57, -4.2],
						"0.5833": [7.43, -11.57, -4.325],
						"0.7083": [7.905, -11.57, -4.32],
						"1.0": [7.385, -13.495, -3.645],
						"1.0417": [7.28, -13.65, -4.035],
						"1.0833": [7.17, -13.81, -4.135],
						"1.125": [7.065, -13.965, -3.09],
						"1.2083": [7.445, -13.71, -3.04],
						"1.4167": [7.45, -13.71, -3.04],
						"1.4583": [7.45, -13.71, -3.04],
						"1.5833": [7.45, -14.785, -0.49],
						"1.75": [7.45, -14.78, -0.49],
						"1.9583": [6.725, -14.78, -0.49],
						"5.0417": [6.725, -14.78, -0.49],
						"5.125": [6.73, -14.78, -0.49],
						"5.25": [6.73, -14.78, 1.01],
						"5.4583": [7.18, -14.78, -3.065],
						"5.75": [7.325, -11, -6.35]
					},
					"scale": [1, 1.5, 1]
				},
				"constraint": {
					"rotation": [0.05, 0.05, 0.05],
					"position": [0.2, 0.2, 0.2]
				},
				"righthand": {
					"rotation": {
						"0.0": [92.95715, -348.33003, -179.8124],
						"1.2917": [92.96, -348.33, -179.81],
						"1.375": [93.01439, -344.08577, -179.582],
						"1.6667": [93.01439, -344.08577, -179.582],
						"1.75": [92.96, -348.33, -179.81],
						"6.5": [92.96, -348.33, -179.81],
						"6.625": [92.96, -348.33, -179.81],
						"6.6667": [106.79542, -349.57472, -163.81053],
						"6.7083": [119.12495, -371.38831, -157.76861],
						"6.875": [120.40756, -366.79025, -165.89985],
						"6.9583": [120.38, -366.36, -165.65],
						"7.375": [134.38, -366.36, -165.65],
						"8.125": [134.38, -366.36, -165.65],
						"8.25": [117.86217, -351.62291, -180.65444],
						"8.3333": [89.44302, -339.20269, -249.41937],
						"8.5": [92.95715, -348.33003, -179.8124]
					},
					"position": {
						"0.0": [-7.125, -13.15, 6.95],
						"1.2917": [-7.12, -13.15, 6.95],
						"1.375": [-7.12, -14.5, 5.4],
						"1.6667": [-7.12, -14.5, 5.4],
						"1.75": [-7.12, -13.15, 6.95],
						"6.5": [-7.12, -13.15, 6.95],
						"6.625": [-9.07, -15.8, 2],
						"6.6667": [-12.07, -14.875, 0.325],
						"6.7083": [-13.245, -12.72, -2.02],
						"6.75": [-13.34, -9.395, -3.195],
						"6.7917": [-10.99, -8.96, -4.76],
						"6.9583": [-8.685, -8.785, -3.41],
						"7.25": [-8.46, -8.785, -3.41],
						"7.375": [-7.51, -8.26, 2.575],
						"7.5": [-7.51, -8.26, 2.575],
						"7.8333": [-7.51, -8.26, 2.58],
						"7.9167": [-7.51, -8.26, 2.73],
						"8.0": [-7.51, -8.26, 2.83],
						"8.0833": [-7.51, -8.26, 2.955],
						"8.1667": [-11.855, -14.485, 2.81],
						"8.3333": [-13.425, -17.855, 5.46],
						"8.4583": [-7.125, -13.15, 6.95]
					},
					"scale": [1, 1.5, 1]
				},
				"root": {
					"rotation": {
						"0.0": [0, 0, 0],
						"0.0417": [0, 0, 2],
						"0.1667": [0, 0, 9],
						"0.25": [1.9, 0, 9.775],
						"0.2917": [1.935, 0, 9.52],
						"0.3333": [1.595, 0, 9.26],
						"0.375": [-0.325, 0, 9],
						"0.4583": [-10, -2.7, -1],
						"0.625": [-40.47826, -23.62608, -18.20054],
						"0.6667": [-45.205, -25.45, -20.49],
						"0.7083": [-48.38414, -27.26695, -22.7707],
						"0.75": [-49.005, -29.04, -24.67],
						"0.7917": [-48.055, -30.81, -26.57],
						"0.8333": [-46.70745, -32.5706, -28.47844],
						"0.875": [-44.78, -33.32, -28.855],
						"1.0": [-43.09, -33.32, -28.855],
						"1.2083": [-43.21836, -35.89352, -32.58634],
						"1.2917": [-43.22, -35.89, -32.59],
						"1.3333": [-44.11589, -34.68158, -31.03924],
						"1.4167": [-44.12, -34.68, -31.04],
						"1.4583": [-44.72, -34.68, -31.04],
						"1.5833": [-44.72, -34.68, -31.04],
						"1.625": [-44.72, -34.68, -31.04],
						"1.6667": [-44.72, -34.68, -31.04],
						"1.7917": [-44.72, -34.68, -31.04],
						"1.8333": [-46.27, -34.68, -31.04],
						"1.875": [-45.01971, -36.4678, -31.96375],
						"1.9583": [-43.65544, -38.21748, -35.4391],
						"2.0": [-44.26, -38.22, -36.44],
						"2.0833": [-46.78, -39.895, -37.465],
						"2.25": [-50.53, -43.195, -40.79],
						"2.375": [-50.53, -45.54, -43.11],
						"2.5": [-50.53, -43.19, -41.46],
						"2.75": [-50.53, -41.54, -40.06],
						"2.9583": [-50.53, -43.19, -41.46],
						"3.0": [-50.53, -43.19, -41.46],
						"3.1667": [-50.53, -43.19, -41.46],
						"3.2083": [-50.53, -43.19, -41.46],
						"3.2917": [-50.53, -44.54, -42.785],
						"3.375": [-50.53, -45.54, -43.81],
						"3.5": [-50.53, -44.865, -43.46],
						"3.6667": [-50.53, -43.19, -41.46],
						"3.7083": [-50.53, -43.19, -41.46],
						"3.75": [-50.53, -43.19, -41.46],
						"3.8333": [-46.855, -43.19, -41.46],
						"3.875": [-43.5, -43.19, -41.46],
						"3.9167": [-40.5, -43.19, -41.46],
						"4.0": [-39.5, -44.19, -42.46],
						"4.25": [-41.3, -43.19, -41.46],
						"4.2917": [-41.3, -44.515, -40.785],
						"4.3333": [-41.3, -45.865, -40.11],
						"4.4583": [-41.3, -43.86, -41.12],
						"4.5": [-41.3, -43.19, -41.46],
						"4.5417": [-43.03838, -41.57039, -39.88148],
						"4.5833": [-43.04, -41.57, -39.88],
						"4.625": [-43.04, -41.22, -38.53],
						"4.6667": [-43.04, -41.22, -38.53],
						"4.7083": [-41.6779, -42.52063, -40.57051],
						"4.7917": [-41.68, -42.52, -40.57],
						"4.8333": [-41.68, -42.52, -39.22],
						"4.875": [-43.95234, -39.81051, -36.82252],
						"4.9167": [-46.26, -37.965, -34.54],
						"4.9583": [-46.22252, -36.65575, -33.02028],
						"5.0833": [-43.56, -40.44, -37.54],
						"5.125": [-41.66, -40.44, -37.54],
						"5.1667": [-46.36215, -34.2132, -28.77579],
						"5.2083": [-31.93364, -47.77201, -49.57352],
						"5.25": [-44.64773, -34.37484, -29.24847],
						"5.2917": [-40.23385, -38.44372, -35.72936],
						"5.375": [-42.64, -39.275, -35.365],
						"5.4167": [-42.64, -34.9, -31.74],
						"5.5": [-42.64, -34.9, -31.74],
						"5.5833": [-47.75437, -28.88308, -25.12359],
						"5.7083": [-51.78399, -20.07113, -12.43465],
						"5.7917": [-50.41154, -17.78998, -4.62266],
						"5.875": [-42.16338, -16.24538, 3.50898],
						"5.9583": [-44.33052, -10.41575, 14.31898],
						"6.0": [-44.60617, -10.9181, 15.74683],
						"6.0417": [-45.26119, -8.13373, 19.51999],
						"6.0833": [-42.6952, -0.97601, 24.38229],
						"6.125": [-37.8664, 3.99644, 32.63211],
						"6.1667": [-34.87, 4.425, 37.35],
						"6.2083": [-31.88, 7.125, 39.26],
						"6.25": [-28.88912, 4.04995, 38.22386],
						"6.3333": [-26.9359, 11.57921, 55.18547],
						"6.375": [-27.515, 14.55, 57.29],
						"6.4167": [-33.14, 17.105, 59.09],
						"6.5": [-41.233, 24.41146, 60.00298],
						"6.5833": [-45.16517, 29.33148, 55.98509],
						"6.625": [-44.71, 30.5, 54.89],
						"6.6667": [-42.175, 31.67, 53.79],
						"6.7083": [-40.01307, 32.84381, 52.69902],
						"6.7917": [-38.46, 32.84, 51.375],
						"6.875": [-38.46, 30.115, 51.325],
						"7.0": [-38.46, 27.515, 54.655],
						"7.0833": [-38.46, 28.915, 55.675],
						"7.1667": [-38.46, 32.095, 51.335],
						"7.25": [-38.46, 34.72, 51.985],
						"7.2917": [-38.46, 35.5, 54.065],
						"7.375": [-38.46, 36.8, 54.07],
						"7.4583": [-38.46, 38.13, 54.07],
						"7.5": [-37.81, 39.43, 54.07],
						"7.5417": [-37.81, 40.08, 54.07],
						"7.875": [-37.81, 34.88, 54.07],
						"7.9167": [-37.81, 34.88, 54.07],
						"8.0": [-37.81, 38.78, 54.07],
						"8.0833": [-37.81, 38.13, 54.07],
						"8.125": [-37.81, 38.755, 54.07],
						"8.1667": [-37.81, 38.76, 54.07],
						"8.2083": [-29.93706, 45.57236, 65.75527],
						"8.25": [-39.62999, 37.96935, 50.84757],
						"8.2917": [-32.74227, 43.5369, 61.78335],
						"8.3333": [-37.81, 38.76, 54.1],
						"8.375": [-37.81, 34.235, 54.1],
						"8.5": [-34.585, 29.765, 48.325],
						"8.5417": [-34.58, 32.34, 50.25],
						"8.625": [-37.155, 32.345, 50.255],
						"8.7083": [-39.075, 32.35, 50.26],
						"8.8333": [-39.07, 29.75, 47.01],
						"8.9167": [-39.07, 27.85, 43.21],
						"9.0": [-39.07, 29.125, 46.36],
						"9.125": [-40.97, 13.23, 33.635],
						"9.2083": [-40.97, 7.43, 23.36],
						"9.2917": [-25.495, 2.28, 12.385],
						"9.4583": [-2.62, 0, -4.14],
						"9.5": [1.2, 0, -8.265],
						"9.625": [4.175, 0, -8.745],
						"9.7083": [2.11, 0, -3.09],
						"9.75": [1.075, 0, 2.6],
						"9.7917": [0, 0, 3.605],
						"9.8333": [0, 0, 3.735],
						"9.875": [0, 0, 2.85],
						"9.9167": [0, 0, 1.25],
						"9.9583": [0, 0, -0.67],
						"10.0": [0, 0, -2.175],
						"10.0417": [0, 0, -2.995],
						"10.0833": [0, 0, -2.99],
						"10.125": [0, 0, -2.49],
						"10.1667": [0, 0, 0.44],
						"10.25": [0, 0, 1.09],
						"10.3333": [0, 0, 0]
					},
					"position": {
						"0.0": [0, 0, 0],
						"0.0417": [0, -0.3, 0],
						"0.1667": [1, -1.225, 1],
						"0.25": [1, -0.8, 0],
						"0.375": [1, 0.8, -1.125],
						"0.4583": [1, 3, -1.25],
						"0.5417": [-0.53, 4.09, 0.04],
						"0.625": [-2.05, 4.7, 1.325],
						"0.7083": [-2.05, 4.13, 2.655],
						"0.8333": [-2.05, 0.435, 2.66],
						"0.875": [-2.05, 0.21, 2.66],
						"0.9167": [-2.05, 0.44, 2.66],
						"0.9583": [-2.05, 2.36, 2.66],
						"1.0": [-2.05, 2.835, 2.66],
						"1.2083": [-2.05, 2.385, 2.66],
						"1.2917": [-2.05, 2.56, 2.66],
						"1.3333": [-2.05, 2.51, 2.66],
						"1.4167": [-2.05, 2.51, 2.66],
						"1.5833": [-2.05, 2.51, 2.16],
						"1.625": [-1.875, 2.51, 2.11],
						"1.6667": [-1.75, 2.66, 2.26],
						"1.7083": [-1.75, 2.66, 2.71],
						"1.7917": [-2.15, 2.66, 4.06],
						"1.8333": [-2.325, 2.835, 4.31],
						"1.875": [-2.4, 2.885, 4.46],
						"1.9167": [-2.4, 2.77, 4.385],
						"1.9583": [-2.4, 2.41, 4.185],
						"2.0": [-2.65, 1.965, 3.96],
						"2.0833": [-3.325, 1.62, 3.96],
						"2.125": [-3.645, 1.62, 3.96],
						"2.3333": [-3.64, 1.37, 3.96],
						"2.5": [-3.64, 1.62, 3.96],
						"2.5417": [-3.69, 1.67, 3.96],
						"2.6667": [-3.74, 1.82, 3.96],
						"2.7083": [-3.74, 1.62, 3.96],
						"2.75": [-3.74, 1.62, 3.96],
						"2.7917": [-3.74, 1.62, 3.96],
						"2.9583": [-3.74, 1.77, 3.96],
						"3.0": [-3.74, 1.6, 3.96],
						"3.0417": [-3.74, 1.52, 3.96],
						"3.1667": [-3.74, 1.47, 3.96],
						"3.2083": [-3.74, 1.32, 3.96],
						"3.375": [-3.74, 1.62, 3.96],
						"3.5": [-3.74, 1.62, 3.96],
						"3.6667": [-3.74, 1.47, 3.96],
						"3.7083": [-3.64, 1.47, 3.96],
						"3.75": [-3.49, 1.47, 3.96],
						"3.8333": [-3.04, 1.67, 3.96],
						"3.875": [-2.74, 1.87, 3.96],
						"3.9167": [-2.44, 2.17, 3.96],
						"4.0": [-1.74, 2.47, 3.96],
						"4.0417": [-1.29, 2.47, 3.96],
						"4.125": [-0.65, 2.47, 3.96],
						"4.1667": [-0.5, 2.47, 3.96],
						"4.2083": [-0.5, 2.47, 3.96],
						"4.25": [-0.5, 2.47, 3.835],
						"4.2917": [-0.5, 2.47, 3.61],
						"4.3333": [-0.5, 2.47, 3.66],
						"4.5": [-0.15, 2.47, 3.66],
						"4.5417": [-0.15, 2.47, 3.66],
						"4.625": [-0.15, 2.47, 3.66],
						"4.7083": [-0.15, 2.47, 3.66],
						"4.8333": [-0.15, 2.47, 3.66],
						"4.875": [-0.15, 2.4, 3.66],
						"5.0833": [-0.15, 2.4, 3.66],
						"5.125": [-0.15, 2.4, 3.66],
						"5.2083": [-0.15, 2.195, 3.66],
						"5.2917": [-0.15, 2.15, 3.66],
						"5.3333": [-0.15, 2.15, 3.66],
						"5.375": [-0.15, 2.15, 3.51],
						"5.4167": [-0.25, 2.15, 3.66],
						"5.5": [-0.325, 1.775, 3.66],
						"5.5833": [-0.15, 1.28, 3.66],
						"5.7083": [1.575, -0.12, 3.185],
						"5.7917": [3.205, -2.32, 2.735],
						"5.875": [4.885, -2.82, 1.94],
						"5.9583": [5.565, -2.815, 0.645],
						"6.0": [5.34, -2.715, -0.255],
						"6.0417": [5.09, -2.405, -0.64],
						"6.0833": [5.34, -1.94, -0.925],
						"6.125": [5.59, -0.165, -1.025],
						"6.1667": [6.25, 1.995, -0.915],
						"6.2083": [6.735, 3.03, -0.855],
						"6.25": [7.24, 3.11, -0.525],
						"6.3333": [7.24, 2.96, 0.38],
						"6.4167": [7.24, 2.41, 1.56],
						"6.5": [7.24, 1.715, 2.56],
						"6.5833": [7.24, 1.44, 2.56],
						"6.625": [7.24, 1.08, 2.42],
						"6.6667": [7.24, 1.02, 2.28],
						"6.7083": [7.24, 0.985, 2.135],
						"6.75": [7.24, 1.285, 2.2],
						"6.7917": [7.24, 1.56, 2.265],
						"6.875": [7.24, 2.315, 2.315],
						"7.0": [7.24, 2.34, 2.74],
						"7.1667": [7.24, 1.99, 2.74],
						"7.3333": [7.24, 1.99, 2.74],
						"7.375": [7.24, 1.99, 2.74],
						"7.5417": [7.24, 1.765, 2.74],
						"7.7083": [7.24, 1.99, 2.74],
						"7.9167": [7.24, 1.99, 2.74],
						"8.1667": [7.24, 2.095, 2.74],
						"8.2083": [7.24, 2.095, 2.74],
						"8.25": [7.24, 2.095, 2.74],
						"8.3333": [7.465, 2.1, 2.74],
						"8.4167": [7.74, 2.1, 2.74],
						"8.4583": [7.74, 1.925, 2.74],
						"8.5": [7.34, 1.25, 2.74],
						"8.5833": [7.34, 0.155, 2.915],
						"8.7083": [7.34, -0.99, 3.415],
						"8.8333": [7.615, -1.64, 3.515],
						"8.9167": [7.62, -1.465, 3.19],
						"9.0": [7.62, -0.315, 2.74],
						"9.125": [5.92, 2.58, 1.94],
						"9.1667": [5.47, 3.005, 1.59],
						"9.2083": [5.02, 2.58, 1.24],
						"9.2917": [4.12, 0.755, 0.34],
						"9.4583": [2.825, -1.5, 0.615],
						"9.5": [2.83, -1.75, 0.62],
						"9.5417": [2.55, -1.995, 0.44],
						"9.5833": [2.27, -1.92, 0.26],
						"9.625": [1.99, -1.62, 0.09],
						"9.75": [1.155, 0.25, -0.43],
						"9.875": [0.58, 1.09, 0.69],
						"9.9167": [0.39, 0.635, 0.43],
						"9.9583": [0.19, -0.045, 0.21],
						"10.0": [0, -0.8, 0],
						"10.0417": [0, -1.1, 0.3],
						"10.0833": [0, -0.85, 0.275],
						"10.125": [0, -0.55, 0.125],
						"10.1667": [0, -0.125, -0.175],
						"10.2083": [0, 0.115, -0.275],
						"10.25": [0, 0, 0],
						"10.2917": [0, 0, 0],
						"10.3333": [0, 0, 0]
					}
				},
				"bolt_carrier": {
					"position": {
						"7.25": [0, 0, 0],
						"7.375": [0, 0, 6.975],
						"7.8333": [0, 0, 6.975],
						"7.9167": [0, 0, 7.205],
						"8.0": [0, 0, 7.185],
						"8.0833": [0, 0, 6.975],
						"8.1667": [0, 0, 2.615],
						"8.2083": [0, 0, 0],
						"8.25": [0, 0, 0.425],
						"8.2917": [0, 0, 0]
					}
				},
				"shell_ejection": {
					"position": {
						"7.25": [0, 0, 0],
						"7.375": [0, 0, 4.275],
						"8.0833": [0, 0, 4.28],
						"8.2083": [0, 0, 0]
					},
					"scale": 0
				},
				"mag_and_lefthand": {
					"rotation": {
						"1.375": [0, 0, 0],
						"1.4167": [-4, 0, 0],
						"1.5": [-4, 0, 0],
						"1.625": [-4, 0, 0],
						"1.7083": [-15, 0, 0],
						"1.75": [-22.75, 0, 0],
						"1.7917": [-22.61853, -2.50903, -5.99815],
						"1.8333": [-13.37, -2.51, -6],
						"1.875": [-9.87, -2.51, -6],
						"1.9167": [3.87853, -3.2319, 3.98654],
						"1.9583": [13.63, -3.23, 3.99],
						"2.0": [23.13, -3.23, 3.99],
						"2.0417": [24.88, -3.23, 5.89],
						"2.0833": [34.455, -3.23, 9.34],
						"2.125": [48.22284, -4.55664, 14.09865],
						"2.1667": [50.10556, -4.31376, 19.10629],
						"2.25": [44.98056, -4.31376, 19.10629],
						"2.5417": [44.98, -4.31, 19.11],
						"2.5833": [44.87316, -5.5459, 20.35359],
						"2.625": [44.87, -6.25, 21.775],
						"2.75": [44.87, -4.65, 23.005],
						"2.8333": [44.93915, -4.67203, 20.74417],
						"2.875": [45.17, -6.28, 21.38],
						"2.9167": [44.33, -4.785, 19.125],
						"3.0": [41.98728, -6.73216, 23.61424],
						"3.0417": [41.33, -7.62, 32.93],
						"3.0833": [40.68, -8.5, 45.85],
						"3.125": [36.61, -8.39, 55.775],
						"3.1667": [32.53644, -8.28211, 62.94653],
						"3.25": [27.39193, -11.7324, 71.31841],
						"3.3333": [26.40117, -11.42275, 73.56554],
						"3.5": [27.63031, -12.38483, 72.09358],
						"3.6667": [28.46532, -10.14547, 63.91577],
						"3.75": [24.91945, -8.75437, 39.98674],
						"3.875": [10.945, -2.05, 0.34],
						"4.0": [-11.75, 0, 0],
						"4.125": [-14.745, 0, 0],
						"4.1667": [-18.47, 0, 0],
						"4.2083": [-15.965, 0, 0],
						"4.25": [-15.965, 0, 0],
						"4.2917": [-11.765, 0, 0],
						"4.6667": [-9.46, 0, 0],
						"4.8333": [-19.235, 0, 0],
						"4.9167": [-24.73, 0, 0],
						"5.1667": [-22.255, 0, 0],
						"5.2083": [0, 0, 0]
					},
					"position": {
						"1.375": [0, 0, 0],
						"1.4167": [0, 0, 0],
						"1.5": [0, 0, 0],
						"1.625": [0, 0, 0],
						"1.7083": [0, -2.4, -0.925],
						"1.75": [0, -4, -0.97],
						"1.7917": [1.1, -5.825, -1.22],
						"1.8333": [1.8, -7.645, -1.22],
						"1.875": [1.8, -9.965, -1.245],
						"1.9167": [1.8, -13.435, -1.15],
						"1.9583": [1.8, -14.23, -1.15],
						"2.0": [1.8, -14.93, -0.725],
						"2.0417": [1.8, -15.275, -0.195],
						"2.0833": [1.8, -15.35, 1.075],
						"2.125": [2.325, -15.35, 2.375],
						"2.25": [5.525, -12.675, 2.775],
						"2.2917": [6.93, -11.075, 3.255],
						"2.3333": [7.655, -10.195, 3.135],
						"2.375": [8.085, -9.37, 3.165],
						"2.8333": [8.09, -9.57, 3.245],
						"3.0": [7.765, -9.87, 3.9],
						"3.0833": [7.32, -9.87, 3.35],
						"3.125": [7.32, -9.87, 2.2],
						"3.25": [7.32, -10.595, 1.58],
						"3.3333": [7.57, -10.595, 1.205],
						"3.4167": [7.72, -10.59, 1.055],
						"3.6667": [7.295, -10.59, 0.81],
						"3.75": [5.5, -10.24, 2.335],
						"3.875": [1.625, -8.665, 2.21],
						"4.0": [0, -5.86, -0.115],
						"4.125": [0, -3.085, -0.215],
						"4.2917": [0, -2.095, -0.12],
						"4.5": [0, -1.655, 0],
						"4.75": [0, -2.025, 0],
						"4.8333": [0, -2.02, -0.475],
						"4.9167": [0, -2.02, -0.695],
						"5.0": [0, -1.895, -0.465],
						"5.125": [0, -1.19, 0],
						"5.1667": [0, 0, 0]
					}
				},
				"camera": {
					"rotation": {
						"0.0": {
							"post": [0, 0, 0],
							"lerp_mode": "catmullrom"
						},
						"0.25": {
							"post": [1, 0, 0],
							"lerp_mode": "catmullrom"
						},
						"0.5833": {
							"post": [-1.3, 0, 0],
							"lerp_mode": "catmullrom"
						},
						"0.8333": {
							"post": [-1.34, 0, 0.04],
							"lerp_mode": "catmullrom"
						},
						"0.9583": {
							"post": [0, 0, 0.8],
							"lerp_mode": "catmullrom"
						},
						"1.0417": {
							"post": [0, 0, -0.4],
							"lerp_mode": "catmullrom"
						},
						"1.1667": {
							"post": [0, 0, 0.4],
							"lerp_mode": "catmullrom"
						},
						"1.25": {
							"post": [0, 0, -0.2],
							"lerp_mode": "catmullrom"
						},
						"1.375": {
							"post": [0, 0, 0],
							"lerp_mode": "catmullrom"
						},
						"1.5417": {
							"post": [-0.7, 0, 0.5],
							"lerp_mode": "catmullrom"
						},
						"1.7083": {
							"post": [-0.9, 0, -0.4],
							"lerp_mode": "catmullrom"
						},
						"1.9167": {
							"post": [0.8, 0.4, 0],
							"lerp_mode": "catmullrom"
						},
						"2.2083": {
							"post": [1.4, 0, 0],
							"lerp_mode": "catmullrom"
						},
						"2.375": {
							"post": [1.6, -1.3, 0],
							"lerp_mode": "catmullrom"
						},
						"2.625": {
							"post": [1.7, -0.8, 0],
							"lerp_mode": "catmullrom"
						},
						"3.2917": {
							"post": [2.2, -4.7, 0],
							"lerp_mode": "catmullrom"
						},
						"3.9583": {
							"post": [2.5, 0.9, 0],
							"lerp_mode": "catmullrom"
						},
						"4.4583": {
							"post": [2.5, 1.7, 0.6],
							"lerp_mode": "catmullrom"
						},
						"4.875": {
							"post": [1.9, 1, -0.7],
							"lerp_mode": "catmullrom"
						},
						"5.125": {
							"post": [1.9, -0.8, 2.1],
							"lerp_mode": "catmullrom"
						},
						"5.25": {
							"post": [3.7, 1, -2.8],
							"lerp_mode": "catmullrom"
						},
						"5.375": {
							"post": [1.9, -1.425, 1],
							"lerp_mode": "catmullrom"
						},
						"5.625": {
							"post": [-0.925, 0.2, -0.7],
							"lerp_mode": "catmullrom"
						},
						"6.0": {
							"post": [-3.58, -0.1, 0.2],
							"lerp_mode": "catmullrom"
						},
						"6.4167": {
							"post": [3.08, 0.2, -0.3],
							"lerp_mode": "catmullrom"
						},
						"6.7083": {
							"post": [5.59, -0.5, 2.1],
							"lerp_mode": "catmullrom"
						},
						"7.0417": {
							"post": [0, 0.2, -0.4],
							"lerp_mode": "catmullrom"
						},
						"7.5833": {
							"post": [5.7, -0.8, -0.4],
							"lerp_mode": "catmullrom"
						},
						"8.0": {
							"post": [6.03, -0.8, -0.4],
							"lerp_mode": "catmullrom"
						},
						"8.125": {
							"post": [5.9, -0.34, -0.3],
							"lerp_mode": "catmullrom"
						},
						"8.2083": {
							"post": [5.79, -0.04, 2],
							"lerp_mode": "catmullrom"
						},
						"8.2917": {
							"post": [5.7, 0.2, -2],
							"lerp_mode": "catmullrom"
						},
						"8.4167": {
							"post": [5.7, 0.2, 1],
							"lerp_mode": "catmullrom"
						},
						"8.4583": {
							"post": [5.7, 0.2, -1],
							"lerp_mode": "catmullrom"
						},
						"8.7083": {
							"post": [2.5, 0, 0],
							"lerp_mode": "catmullrom"
						},
						"9.0833": {
							"post": [6.5, 0, 0],
							"lerp_mode": "catmullrom"
						},
						"9.5417": {
							"post": [1.8, 0, -1.9],
							"lerp_mode": "catmullrom"
						},
						"9.875": {
							"post": [-3.3, 0.2, 2.2],
							"lerp_mode": "catmullrom"
						},
						"10.0417": {
							"post": [0.8, 0.2, -0.8],
							"lerp_mode": "catmullrom"
						},
						"10.25": {
							"post": [0, 0, 0],
							"lerp_mode": "catmullrom"
						},
						"10.3333": {
							"post": [0, 0, 0],
							"lerp_mode": "catmullrom"
						}
					}
				},
				"mag_release": {
					"rotation": {
						"1.3333": [0, 0, 0],
						"1.375": [-18, 0, 0],
						"1.75": [-18, 0, 0],
						"1.7917": [0, 0, 0],
						"5.1667": [0, 0, 0],
						"5.2083": [-18, 0, 0],
						"5.25": [-18, 0, 0],
						"5.2917": [0, 0, 0]
					},
					"position": {
						"1.3333": [0, 0, 0],
						"1.375": [0, 0, 0],
						"1.75": [0, 0, 0],
						"1.7917": [0, 0, 0],
						"5.1667": [0, 0, 0],
						"5.2083": [0, 0, 0],
						"5.25": [0, 0, 0],
						"5.2917": [0, 0, 0]
					}
				},
				"bullet": {
					"scale": 0
				},
				"bullet_in_magazine": {
					"scale": 0
				}
			},
			"sound_effects": {
				"0.0": {
					"effect": "ex:barrett/barrett_inspect"
				}
			}
		},
		"run": {
			"loop": true,
			"animation_length": 0.6667,
			"bones": {
				"root": {
					"rotation": {
						"0.0": {
							"post": [-20.19774, -56.29456, 44.56047],
							"lerp_mode": "catmullrom"
						},
						"0.1667": {
							"post": [-18.39024, -49.58193, 40.99674],
							"lerp_mode": "catmullrom"
						},
						"0.3333": {
							"post": [-1.71375, -32.89066, 29.30105],
							"lerp_mode": "catmullrom"
						},
						"0.5": {
							"post": [-18.39024, -49.58193, 40.99674],
							"lerp_mode": "catmullrom"
						},
						"0.6667": {
							"post": [-20.19774, -56.29456, 44.56047],
							"lerp_mode": "catmullrom"
						}
					},
					"position": {
						"0.0": {
							"post": [9.385, -7.86, 1.3],
							"lerp_mode": "catmullrom"
						},
						"0.1667": {
							"post": [6.26, -5.56, -1],
							"lerp_mode": "catmullrom"
						},
						"0.3333": {
							"post": [3, -6.255, 3.1],
							"lerp_mode": "catmullrom"
						},
						"0.5": {
							"post": [6.26, -5.56, -1],
							"lerp_mode": "catmullrom"
						},
						"0.6667": {
							"post": [9.385, -7.86, 1.3],
							"lerp_mode": "catmullrom"
						}
					}
				}
			}
		},
		"run_hold": {
			"loop": true,
			"bones": {
				"constraint": {
					"rotation": [0, 0, 0],
					"position": [0.1, 0, 0.25]
				},
				"root": {
					"rotation": [-20.19774, -56.29456, 44.56047],
					"position": [10.785, -6.86, 1.3]
				}
			}
		},
		"run_start": {
			"loop": true,
			"animation_length": 0.3333,
			"bones": {
				"constraint": {
					"rotation": [0, 0, 0],
					"position": [0.1, 0, 0.25]
				},
				"root": {
					"rotation": {
						"0.0": [0, 0, 0],
						"0.1667": [-9.23372, -27.61941, 21.83003],
						"0.3333": [-20.19774, -56.29456, 44.56047]
					},
					"position": {
						"0.0": [0, 0, 0],
						"0.1667": [4.48, -3.885, 0.55],
						"0.3333": [9.385, -7.86, 1.3]
					}
				}
			}
		},
		"run_end": {
			"loop": true,
			"animation_length": 0.5,
			"bones": {
				"constraint": {
					"rotation": [0, 0, 0],
					"position": [0.1, 0, 0.25]
				},
				"root": {
					"rotation": {
						"0.0": [-20.19774, -56.29456, 44.56047],
						"0.0833": [-10.42702, -36.17592, 28.22809],
						"0.1667": [-3.34592, -20.46335, 16.55033],
						"0.25": [0.47, -8.64, 9.69],
						"0.3333": [0.83, -0.46, 4.18],
						"0.4167": [0, 0, 0]
					},
					"position": {
						"0.0": [9.385, -7.86, 1.3],
						"0.0833": [6.985, -5.06, 0.7],
						"0.1667": [4.24, -2.995, 0.3],
						"0.25": [2.32, -1.62, 0],
						"0.3333": [0.83, -0.23, 0],
						"0.4167": [0, 0, 0]
					}
				}
			}
		}
	}
}