{
	"format_version": "1.8.0",
	"animations": {
		"static_idle": {
			"loop": "hold_on_last_frame",
			"animation_length": 0.2083,
			"bones": {
				"righthand": {
					"rotation": [95.02516, 5.72805, -179.49718],
					"position": [-8.35, -13.825, 7.35],
					"scale": [1, 1.5, 1]
				},
				"lefthand": {
					"rotation": [-273.87487, -27.33823, 235.83124],
					"position": [6.725, -13.15, -7],
					"scale": [1, 1.5, 1]
				},
				"root": {
					"rotation": [0, 0, 0],
					"position": [0, 0, 0]
				},
				"constraint": {
					"rotation": [0.2, 0.2, 0.2],
					"position": [0.15, 0.15, 0.15]
				}
			}
		},
		"draw": {
			"loop": "hold_on_last_frame",
			"animation_length": 1,
			"bones": {
				"righthand": {
					"rotation": [95.02516, 5.72805, -179.49718],
					"position": [-8.35, -13.825, 7.35],
					"scale": [1, 1.5, 1]
				},
				"lefthand": {
					"rotation": {
						"0.0": {
							"post": [-207.60111, 3.20674, 140.57627],
							"lerp_mode": "catmullrom"
						},
						"0.1": {
							"post": [-222.73142, -0.84544, 134.26253],
							"lerp_mode": "catmullrom"
						},
						"0.2": {
							"post": [-222.73, -0.85, 134.26],
							"lerp_mode": "catmullrom"
						},
						"0.45": {
							"post": [-273.87487, -27.33823, 235.83124],
							"lerp_mode": "catmullrom"
						}
					},
					"position": {
						"0.0": {
							"post": [7.11772, -8.77865, 0.25648],
							"lerp_mode": "catmullrom"
						},
						"0.1": {
							"post": [6.45085, -10.0926, -3.15682],
							"lerp_mode": "catmullrom"
						},
						"0.2": {
							"post": [6.45085, -10.0926, -3.15682],
							"lerp_mode": "catmullrom"
						},
						"0.35": {
							"post": [8.81847, -11.08869, -6.15249],
							"lerp_mode": "catmullrom"
						},
						"0.45": {
							"post": [6.725, -13.15, -7],
							"lerp_mode": "catmullrom"
						}
					},
					"scale": [1, 1.5, 1]
				},
				"root": {
					"rotation": {
						"0.0": {
							"post": [-78.31051, -36.76392, -14.04902],
							"lerp_mode": "catmullrom"
						},
						"0.1": {
							"post": [-68.67601, -18.09846, -17.02779],
							"lerp_mode": "catmullrom"
						},
						"0.2": {
							"post": [-40.05236, 2.83355, -1.12837],
							"lerp_mode": "catmullrom"
						},
						"0.45": {
							"post": [0, 0, 1.75],
							"lerp_mode": "catmullrom"
						},
						"0.6": {
							"post": [0, 0, -0.11],
							"lerp_mode": "catmullrom"
						},
						"0.7": {
							"post": [0, 0, -1],
							"lerp_mode": "catmullrom"
						},
						"0.8": {
							"post": [0, 0, 0.75],
							"lerp_mode": "catmullrom"
						},
						"0.95": {
							"post": [0, 0, 0],
							"lerp_mode": "catmullrom"
						}
					},
					"position": {
						"0.0": {
							"post": [-6.5, -0.1, 25.6],
							"lerp_mode": "catmullrom"
						},
						"0.1": {
							"post": [-3.94, -3.4, 9.13],
							"lerp_mode": "catmullrom"
						},
						"0.25": {
							"post": [-0.9, 0.3, -0.8],
							"lerp_mode": "catmullrom"
						},
						"0.45": {
							"post": [0, -0.7, -1.9],
							"lerp_mode": "catmullrom"
						},
						"0.6": {
							"post": [0, -0.3, 0.5],
							"lerp_mode": "catmullrom"
						},
						"0.75": {
							"post": [0, -0.1, -0.05],
							"lerp_mode": "catmullrom"
						},
						"0.85": {
							"post": [0, -0.025, 0],
							"lerp_mode": "catmullrom"
						},
						"1.0": {
							"post": [0, 0, 0],
							"lerp_mode": "catmullrom"
						}
					}
				},
				"camera": {
					"rotation": {
						"0.0": {
							"post": [0, 0, 0],
							"lerp_mode": "catmullrom"
						},
						"0.15": {
							"post": [-1.175, 0.325, -0.7],
							"lerp_mode": "catmullrom"
						},
						"0.3": {
							"post": [0.88, -0.025, -0.925],
							"lerp_mode": "catmullrom"
						},
						"0.6": {
							"post": [-0.245, 0.025, 0.175],
							"lerp_mode": "catmullrom"
						},
						"0.7": {
							"post": [0.15, 0, -0.2],
							"lerp_mode": "catmullrom"
						},
						"0.75": {
							"post": [0.02, 0, -0.08],
							"lerp_mode": "catmullrom"
						},
						"0.8": {
							"post": [-0.15, 0, 0.3],
							"lerp_mode": "catmullrom"
						},
						"0.9": {
							"post": [-0.06, 0, -0.205],
							"lerp_mode": "catmullrom"
						},
						"1.0": {
							"post": [0, 0, 0],
							"lerp_mode": "catmullrom"
						}
					}
				}
			}
		},
		"put_away": {
			"animation_length": 0.85,
			"bones": {
				"root": {
					"rotation": {
						"0.0": [0, 0, 0],
						"0.0833": [4, -0.4, -1.2],
						"0.1667": [-17.95334, -1.20464, -6.84412],
						"0.25": [-61.95334, -2.50464, -9.24412],
						"0.3333": [-72.95, -2.5, -9.24],
						"0.7083": [-82.95, -2.5, -9.24]
					},
					"position": {
						"0.0": [0, 0, 0],
						"0.0833": [-0.4, -0.4, 0],
						"0.1667": [-1, 2.1, 0.4],
						"0.25": [-2, 0.9, 12.5],
						"0.3333": [-2.8, -0.4, 15.675],
						"0.4583": [-2.8, -1.5, 19.4],
						"0.5833": [-2.8, -1.2, 21.3],
						"0.7083": [-2.8, -1.2, 21.6]
					}
				},
				"righthand": {
					"rotation": {
						"0.0": [95.02516, 5.72805, -179.49718],
						"0.2917": [92.05, 7.37, -179.47],
						"0.3333": [89.78843, 8.70945, -171.76906],
						"0.375": [81.78843, 20.35945, -166.76906],
						"0.4167": [73.78843, 24.08445, -163.44406],
						"0.4583": [64.665, 33.18, -163.44],
						"0.5": [50.33326, 37.37661, -166.79253],
						"0.5417": [39.96, 37.38, -166.79],
						"0.5833": [20.135, 37.38, -166.79]
					},
					"position": {
						"0.0": [-8.35, -13.825, 7.35],
						"0.2917": [-6.7, -15.25, 13.05],
						"0.3333": [-3.2, -18.35, -0.25],
						"0.375": [-3.2, -22.95, -0.45],
						"0.4167": [-3.2, -27.525, -0.15],
						"0.4583": [-2.625, -30.65, -0.15],
						"0.5": [-2.2, -32.55, -0.15],
						"0.5417": [-2.725, -33.45, -0.4],
						"0.5833": [-3.8, -33.45, 2.75],
						"0.625": [-9.8, -33.45, 9.225]
					},
					"scale": [1, 1.5, 1]
				},
				"lefthand": {
					"rotation": {
						"0.0": [-273.87487, -27.33823, 235.83124],
						"0.2083": [-273.19811, -23.95716, 234.40378]
					},
					"position": {
						"0.0": [6.725, -13.15, -7],
						"0.2083": [6.725, -13.15, -7]
					},
					"scale": [1, 1.5, 1]
				},
				"camera": {
					"rotation": {
						"0.0": {
							"post": [0, 0, 0],
							"lerp_mode": "catmullrom"
						},
						"0.125": {
							"post": [-0.225, 0, -0.125],
							"lerp_mode": "catmullrom"
						},
						"0.375": {
							"post": [0.725, 0, 0.175],
							"lerp_mode": "catmullrom"
						},
						"0.5": {
							"post": [1.125, 0, 1.575],
							"lerp_mode": "catmullrom"
						},
						"0.75": {
							"post": [0.275, 0, 1.5],
							"lerp_mode": "catmullrom"
						},
						"0.8333": {
							"post": [0, 0, 0],
							"lerp_mode": "catmullrom"
						}
					}
				}
			}
		},
		"shoot": {
			"loop": "hold_on_last_frame",
			"animation_length": 0.75,
			"bones": {
				"root": {
					"rotation": {
						"0.0": {
							"post": [0, 0, 0],
							"lerp_mode": "catmullrom"
						},
						"0.0417": {
							"post": [-1.78, 0.11, 8.12],
							"lerp_mode": "catmullrom"
						},
						"0.0833": {
							"post": [-2.3, -0.08, -2.55],
							"lerp_mode": "catmullrom"
						},
						"0.125": {
							"post": [-2.37, -0.06, -1.37],
							"lerp_mode": "catmullrom"
						},
						"0.1667": {
							"post": [-2.4, -0.01, 0.93],
							"lerp_mode": "catmullrom"
						},
						"0.2083": {
							"post": [-2.48, 0.03, 0.29],
							"lerp_mode": "catmullrom"
						},
						"0.25": {
							"post": [-2.51, 0.06, -0.71],
							"lerp_mode": "catmullrom"
						},
						"0.2917": {
							"post": [-2.46, 0.07, -0.51],
							"lerp_mode": "catmullrom"
						},
						"0.3333": {
							"post": [-2.15, 0.06, -0.11],
							"lerp_mode": "catmullrom"
						},
						"0.375": {
							"post": [-1.74, 0.06, -0.06],
							"lerp_mode": "catmullrom"
						},
						"0.4167": {
							"post": [-1.17, 0.05, -0.07],
							"lerp_mode": "catmullrom"
						},
						"0.4583": {
							"post": [-0.61, 0.04, -0.09],
							"lerp_mode": "catmullrom"
						},
						"0.5": {
							"post": [-0.21, 0.03, -0.09],
							"lerp_mode": "catmullrom"
						},
						"0.5417": {
							"post": [-0.06, 0.02, -0.08],
							"lerp_mode": "catmullrom"
						},
						"0.5833": {
							"post": [0.01, 0.02, -0.06],
							"lerp_mode": "catmullrom"
						},
						"0.625": {
							"post": [0.01, 0.01, -0.03],
							"lerp_mode": "catmullrom"
						},
						"0.6667": {
							"post": [0, 0, -0.01],
							"lerp_mode": "catmullrom"
						},
						"0.7083": {
							"post": [0, 0, 0],
							"lerp_mode": "catmullrom"
						}
					},
					"position": {
						"0.0": {
							"post": [0, 0, 0],
							"lerp_mode": "catmullrom"
						},
						"0.0417": {
							"post": [0, -0.09, 3.75],
							"lerp_mode": "catmullrom"
						},
						"0.0833": {
							"post": [0, 0.32, 3.76],
							"lerp_mode": "catmullrom"
						},
						"0.125": {
							"post": [0, 0.74, 3.14],
							"lerp_mode": "catmullrom"
						},
						"0.1667": {
							"post": [0, 0.73, 1.84],
							"lerp_mode": "catmullrom"
						},
						"0.2083": {
							"post": [0, 0.61, 1],
							"lerp_mode": "catmullrom"
						},
						"0.25": {
							"post": [0, 0.42, 0.27],
							"lerp_mode": "catmullrom"
						},
						"0.2917": {
							"post": [0, 0.32, 0.11],
							"lerp_mode": "catmullrom"
						},
						"0.3333": {
							"post": [0, 0.19, 0.01],
							"lerp_mode": "catmullrom"
						},
						"0.375": {
							"post": [0, 0.06, -0.06],
							"lerp_mode": "catmullrom"
						},
						"0.4167": {
							"post": [0, -0.05, -0.09],
							"lerp_mode": "catmullrom"
						},
						"0.4583": {
							"post": [0, -0.12, -0.12],
							"lerp_mode": "catmullrom"
						},
						"0.5": {
							"post": [0, -0.13, -0.13],
							"lerp_mode": "catmullrom"
						},
						"0.5417": {
							"post": [0, -0.12, -0.11],
							"lerp_mode": "catmullrom"
						},
						"0.5833": {
							"post": [0, -0.09, -0.08],
							"lerp_mode": "catmullrom"
						},
						"0.625": {
							"post": [0, -0.05, -0.05],
							"lerp_mode": "catmullrom"
						},
						"0.6667": {
							"post": [0, -0.02, -0.02],
							"lerp_mode": "catmullrom"
						},
						"0.7083": {
							"post": [0, 0, 0],
							"lerp_mode": "catmullrom"
						}
					}
				},
				"camera": {
					"rotation": {
						"0.0": {
							"post": [0, 0, 0],
							"lerp_mode": "catmullrom"
						},
						"0.0417": {
							"post": [1.43203, 0, -1.63828],
							"lerp_mode": "catmullrom"
						},
						"0.0833": {
							"post": [0, 0, 2.445],
							"lerp_mode": "catmullrom"
						},
						"0.1667": {
							"post": [0, 0, -2.055],
							"lerp_mode": "catmullrom"
						},
						"0.25": {
							"post": [0, 0, 1.37],
							"lerp_mode": "catmullrom"
						},
						"0.2917": {
							"post": [0, 0, -0.85],
							"lerp_mode": "catmullrom"
						},
						"0.375": {
							"post": [0, 0, 0.525],
							"lerp_mode": "catmullrom"
						},
						"0.4167": {
							"post": [0, 0, -0.125],
							"lerp_mode": "catmullrom"
						},
						"0.5417": {
							"post": [0, 0, 0],
							"lerp_mode": "catmullrom"
						}
					}
				},
				"shell_ejection": {
					"rotation": {
						"0.0": [0, 0, 0],
						"0.0833": [0, 0, 0],
						"0.1667": [0, -270.83, 0],
						"0.25": [0, -406.25, 0],
						"0.2917": [0, -541.67, 0],
						"0.4167": [0, -812.5, 0],
						"0.4583": [0, 0, 0]
					},
					"position": {
						"0.0": [0, 0, 0],
						"0.0833": [0, 0.0875, 6.01875],
						"0.1667": [-6.8, 1.0875, 9.41875],
						"0.25": [-12.9, -0.1875, 15.86875],
						"0.2917": [-19.1, -5.7125, 21.11875],
						"0.4167": [-42, -25.3125, 51.61875],
						"0.4583": [-46.1, -35.0125, 59.71875],
						"0.5833": [0, 0, 0]
					},
					"scale": {
						"0.0": [1, 1, 1],
						"0.4167": {
							"pre": [1, 1, 1],
							"post": [0, 0, 0]
						},
						"0.625": {
							"pre": [0, 0, 0],
							"post": [1, 1, 1]
						}
					}
				},
				"constraint": {
					"rotation": {
						"0.0": [0.4, 0.1, 0.1],
						"0.5833": [0, 0, 0]
					},
					"position": {
						"0.0": [0.2, 0.3, 0.2],
						"0.5833": [0, 0, 0]
					}
				},
				"boltCarrier": {
					"position": {
						"0.0": [0, 0, 0],
						"0.0833": [0, 0, 10],
						"0.1667": [0, 0, 11],
						"0.2917": [0, 0, 0]
					}
				},
				"trigger": {
					"rotation": {
						"0.0": [0, 0, 0],
						"0.0417": [25, 0, 0],
						"0.125": [0, 0, 0]
					},
					"position": {
						"0.0": [0, 0, 0],
						"0.0417": [0, 0.1, 0],
						"0.125": [0, 0, 0]
					}
				},
				"bullet_in_mag": {
					"rotation": {
						"0.125": [0, 0, 0],
						"0.1667": [-5, 0, 0],
						"0.2083": [0, 0, 0]
					},
					"position": {
						"0.1667": [0, 0, 0.04],
						"0.2083": [0, 0.4981, 0.04358],
						"0.2917": [0, 0.5, -8]
					}
				}
			}
		},
		"reload_tactical": {
			"loop": "hold_on_last_frame",
			"animation_length": 2.8,
			"bones": {
				"righthand": {
					"rotation": [95.02516, 5.72805, -179.49718],
					"position": {
						"0.0": [-8.35, -13.825, 7.35],
						"0.375": [-8.35, -13.82, 7.35],
						"0.5": [-8.35, -15.945, 5.925],
						"0.625": [-8.35, -15.945, 5.925],
						"0.75": [-8.35, -13.82, 7.35]
					},
					"scale": [1, 1.5, 1]
				},
				"lefthand": {
					"rotation": {
						"0.0": [-273.87487, -27.33823, 235.83124],
						"0.2083": [-273.87, -27.34, 235.83],
						"0.25": [-272.51, -27.45, 232.87],
						"0.2917": [-271.14272, -27.56981, 229.91877],
						"0.3333": [-265.52471, -27.44578, 223.72032],
						"0.375": [-260.3676, -26.18247, 212.31871],
						"0.4167": [-267.4132, -22.47927, 228.48627],
						"0.4583": [-269.27837, -22.61011, 233.36053],
						"0.5": [-269.28, -22.61, 233.36],
						"0.5417": [-269.28, -22.61, 233.36],
						"0.5833": [-270.11282, -22.12059, 235.52552],
						"0.625": [-270.11, -22.12, 235.53],
						"0.6667": [-270.10635, -16.62001, 235.519],
						"0.7083": [-270.10785, -19.12001, 235.52391],
						"0.75": [-270.11, -19.12, 235.52],
						"0.7917": [-272.72262, 14.52606, 236.715],
						"0.8333": [-272.13703, 31.21829, 237.74146],
						"0.875": [-272.14, 31.22, 237.74],
						"0.9167": [-272.14, 31.22, 237.74],
						"0.9583": [-272.14, 31.22, 237.74],
						"1.0": [-272.14, 31.22, 237.74],
						"1.0417": [-272.14, 31.22, 237.74],
						"1.0833": [-272.14, 31.22, 237.74],
						"1.125": [-272.14, 31.22, 237.74],
						"1.1667": [-274.33544, -18.3832, 248.70738],
						"1.2083": [-274.57, -17.03, 247.07],
						"1.25": [-274.8, -15.68, 245.43],
						"1.2917": [-277.33971, -17.7043, 258.15036],
						"1.3333": [-277.33971, -17.7043, 258.15036],
						"1.375": [-277.34, -17.7, 258.15],
						"1.4167": [-276.91, -17.78, 256.82],
						"1.4583": [-276.48, -17.86, 255.49],
						"1.5": [-276.06, -17.94, 254.16],
						"1.5417": [-276.06, -17.94, 254.16],
						"1.5833": [-275.6, -18.03, 252.73],
						"1.625": [-275.14, -18.12, 251.3],
						"1.6667": [-274.68, -18.21, 249.87],
						"1.7083": [-274.68, -18.21, 249.87],
						"1.75": [-274.68, -18.21, 249.87],
						"1.7917": [-274.68, -18.21, 249.87],
						"1.8333": [-274.03, -18.34, 247.82],
						"1.875": [-270.10785, -19.12001, 235.52391],
						"1.9167": [-270.10785, -19.12001, 235.52391],
						"1.9583": [-270.10785, -19.12001, 235.52391],
						"2.0": [-270.10785, -19.12001, 235.52391],
						"2.0417": [-270.10785, -19.12001, 235.52391],
						"2.0833": [-270.10785, -19.12001, 235.52391],
						"2.125": [-270.11, -19.12, 235.52],
						"2.1667": [-270.11, -19.12, 235.52],
						"2.2083": [-270.86, -20.76, 235.58],
						"2.25": [-271.61, -22.4, 235.64],
						"2.2917": [-272.36, -24.05, 235.7],
						"2.3333": [-273.12, -25.69, 235.77],
						"2.375": [-273.87487, -27.33823, 235.83124]
					},
					"position": {
						"0.0": [6.73, -13.15, -7],
						"0.2083": [6.73, -13.15, -7],
						"0.25": [7.555, -14.55, -7],
						"0.2917": [8.435, -14.825, -4.9],
						"0.3333": [10.665, -16.32, -1.8],
						"0.375": [9.845, -16.32, 0.925],
						"0.4167": [6.575, -16.07, 2.08],
						"0.4583": [6.58, -16.12, 2.08],
						"0.5": [6.58, -16.12, 2.08],
						"0.5417": [6.58, -16.12, 2.08],
						"0.5833": [6.58, -16.52, 2.08],
						"0.625": [6.58, -16.52, 2.08],
						"0.6667": [6.58, -17.02, 1.905],
						"0.7083": [6.58, -17.02, 1.91],
						"0.75": [6.58, -17.02, 1.91],
						"0.7917": [8.93, -17.02, 1.735],
						"0.8333": [10.53, -20.32, 1.735],
						"0.875": [11.58, -20.32, 6.44],
						"0.9167": [11.58, -20.32, 9.24],
						"0.9583": [11.58, -20.32, 9.24],
						"1.0": [11.58, -20.32, 9.24],
						"1.0417": [11.58, -20.32, 9.24],
						"1.0833": [11.58, -20.32, 9.24],
						"1.125": [11.58, -20.32, 10.69],
						"1.1667": [15.955, -25.245, 14.855],
						"1.2083": [15.39, -23.02, 15.08],
						"1.25": [14.83, -20.79, 15.3],
						"1.2917": [6.58, -21.97, 0.81],
						"1.3333": [5.705, -17.025, 0.87],
						"1.375": [5.705, -17.025, 0.87],
						"1.4167": [5.76, -17.02, 0.93],
						"1.4583": [5.81, -17.02, 0.99],
						"1.5": [5.86, -17.02, 1.05],
						"1.5417": [5.86, -17.02, 1.05],
						"1.5833": [5.92, -17.02, 1.12],
						"1.625": [5.98, -17.02, 1.19],
						"1.6667": [6.03, -17.02, 1.26],
						"1.7083": [6.03, -17.02, 1.26],
						"1.75": [6.03, -17.02, 1.26],
						"1.7917": [6.03, -17.02, 1.26],
						"1.8333": [6.11, -17.02, 1.35],
						"1.875": [6.58, -17.02, 1.91],
						"1.9167": [6.58, -17.02, 1.91],
						"1.9583": [6.58, -17.02, 1.91],
						"2.0": [6.58, -17.02, 1.91],
						"2.0417": [6.58, -17.02, 1.91],
						"2.0833": [6.58, -17.02, 1.91],
						"2.125": [6.58, -18.27, -0.94],
						"2.1667": [6.58, -19.14, -2.985],
						"2.2083": [6.58, -19.14, -5.6],
						"2.25": [6.62, -17.64, -5.95],
						"2.2917": [6.66, -16.14, -6.3],
						"2.3333": [6.7, -14.64, -6.65],
						"2.375": [6.73, -13.15, -7]
					},
					"scale": [1, 1.5, 1]
				},
				"root": {
					"rotation": {
						"0.0": [0, 0, 0],
						"0.0417": [0, -1.1, -1.2],
						"0.0833": [0, -2, -2],
						"0.125": [-0.75, -2.8, -2.29],
						"0.1667": [-5.95, -3.6, -2.29],
						"0.2083": [-10.05627, -4.16315, -2.26971],
						"0.25": [-13.56, -4.16, -2.27],
						"0.2917": [-15.86, -4.16, -2.27],
						"0.3333": [-17.21, -4.635, -3.47],
						"0.375": [-17.97092, -5.43537, -4.65425],
						"0.4167": [-17.97, -5.94, -5.65],
						"0.4583": [-17.97, -5.94, -5.875],
						"0.5": [-17.97, -6.415, -7.25],
						"0.5417": [-17.53241, -7.16, -9.00952],
						"0.5833": [-17.53, -7.96, -9.48],
						"0.625": [-17.53, -7.86, -8.53],
						"0.6667": [-17.53, -6.86, -7.33],
						"0.7083": [-17.53, -4.96, -5.905],
						"0.75": [-17.53, -5.16, -6.4],
						"0.7917": [-17.33179, -9.10936, -8.11977],
						"0.8333": [-17.04764, -9.3011, -8.57141],
						"0.875": [-17.05, -7.075, -7.65],
						"0.9167": [-17.05, -8.3, -7.65],
						"0.9583": [-17.05, -6.85, -7.65],
						"1.0": [-17.05, -4.75, -7.65],
						"1.0417": [-17.05, -2.4, -6.95],
						"1.0833": [-17.05, -0.8, -6.05],
						"1.125": [-17.05, -0.8, -4.65],
						"1.1667": [-17.05, -0.8, -4.65],
						"1.2083": [-17.05, -0.8, -5.775],
						"1.25": [-17.05, -1.925, -7.57],
						"1.2917": [-17.05, -3.725, -9.57],
						"1.3333": [-17.05, -5.77, -11.37],
						"1.375": [-18, -7.895, -12.57],
						"1.4167": [-19.025, -7.89, -12.57],
						"1.4583": [-20.07, -7.89, -12.57],
						"1.5": [-20.07, -7.89, -12.57],
						"1.5417": [-20.07, -7.89, -12.57],
						"1.5833": [-20.595, -7.89, -12.845],
						"1.625": [-20.59, -8.69, -13.345],
						"1.6667": [-20.59, -9.765, -14.14],
						"1.7083": [-20.59, -10.835, -15.54],
						"1.75": [-20.59, -13.03, -16.615],
						"1.7917": [-21.74, -15, -18.31],
						"1.8333": [-23.265, -11.2, -14.41],
						"1.875": [-25.235, -13.5, -17.81],
						"1.9167": [-25.61, -8.475, -13.01],
						"1.9583": [-25.61, -11.275, -15.635],
						"2.0": [-23.91, -10.85, -14.21],
						"2.0417": [-20.61, -10.375, -13.11],
						"2.0833": [-18.21, -10.08, -13.11],
						"2.125": [-15.51, -7.48, -9.81],
						"2.1667": [-13.81, -5.78, -7.81],
						"2.2083": [-11.11, -4.405, -6.51],
						"2.25": [-9.11, -2.755, -5.21],
						"2.2917": [-7.435, -1.555, -4.21],
						"2.3333": [-5.43, 0, -2.21],
						"2.375": [-3.43, 0, 0.19],
						"2.4167": [-0.505, 0, 2.19],
						"2.4583": [1.27, 0, 2.99],
						"2.5": [1.395, 0, 2.99],
						"2.5417": [-0.005, 0, 2.015],
						"2.5833": [-1.28, 0, 0.845],
						"2.625": [-1.53, 0, -0.225],
						"2.6667": [-0.5, 0, -0.4],
						"2.7083": [0.12, 0, 0.65],
						"2.75": [0, 0, 0.675],
						"2.7917": [0, 0, 0]
					},
					"position": {
						"0.0": [0, 0, 0],
						"0.0417": [0, -0.9, 0],
						"0.0833": [0, -1.3, 0],
						"0.125": [0, -1.3, -0.1],
						"0.1667": [0, -0.55, -0.4],
						"0.2083": [0, 0.2, -0.7],
						"0.25": [0, 0.8, -0.8],
						"0.2917": [0, 1.2, -0.8],
						"0.3333": [0, 1.6, -0.8],
						"0.375": [0, 1.8, -0.8],
						"0.4167": [0, 1.9, -0.6],
						"0.4583": [0, 1.8, -0.3],
						"0.5": [0, 1.5, 0],
						"0.5417": [0, 1.3, 0.3],
						"0.5833": [0, 1.3, -0.2],
						"0.625": [0, 1.3, -0.525],
						"0.6667": [-0.125, 1.7, -0.52],
						"0.7083": [-0.225, 1.9, -0.32],
						"0.75": [-0.375, 1.9, -0.32],
						"0.7917": [-0.5, 1.9, -0.32],
						"0.8333": [-0.5, 1.9, -0.32],
						"0.875": [-0.5, 2, -0.32],
						"0.9167": [-0.5, 2.2, -0.32],
						"0.9583": [-0.5, 2.5, -0.32],
						"1.0": [-0.5, 2.5, -0.32],
						"1.0417": [-0.5, 2.5, -0.32],
						"1.0833": [-0.5, 2.5, -0.32],
						"1.125": [-0.5, 2.5, -0.32],
						"1.1667": [-0.5, 2.3, -0.32],
						"1.2083": [-0.5, 2.3, -0.32],
						"1.25": [-0.5, 2.3, -0.32],
						"1.2917": [-0.5, 2.3, -0.32],
						"1.3333": [-0.5, 2.3, -0.32],
						"1.375": [-0.5, 2.3, -0.22],
						"1.4167": [-0.5, 2.3, -0.12],
						"1.4583": [-0.5, 2.3, -0.12],
						"1.5": [-0.5, 2.175, -0.07],
						"1.5417": [-0.5, 2.055, -0.02],
						"1.5833": [-0.5, 2.06, -0.02],
						"1.625": [-0.5, 2.06, -0.02],
						"1.6667": [-0.5, 2.06, -0.02],
						"1.7083": [-0.5, 2.06, -0.02],
						"1.75": [-0.5, 2.06, -0.02],
						"1.7917": [-0.5, 2.06, -0.02],
						"1.8333": [-0.5, 2.06, -0.02],
						"1.875": [-0.5, 2.06, 0.305],
						"1.9167": [-0.5, 2.06, 0.705],
						"1.9583": [-0.5, 2.06, 0.71],
						"2.0": [-0.5, 2.06, 0.71],
						"2.0417": [-0.5, 2.06, 0.71],
						"2.0833": [-0.5, 2.06, 0.71],
						"2.125": [-0.5, 1.76, 0.71],
						"2.1667": [-0.4, 1.36, 0.51],
						"2.2083": [-0.4, 1.01, 0.36],
						"2.25": [-0.25, 0.71, 0.16],
						"2.2917": [-0.2, 0.46, 0.01],
						"2.3333": [-0.2, 0.185, -0.14],
						"2.375": [-0.2, -0.16, -0.29],
						"2.4167": [-0.2, -0.46, -0.3],
						"2.4583": [-0.2, -0.46, 0.235],
						"2.5": [-0.2, -0.46, 0.175],
						"2.5417": [-0.15, -0.46, 0.09],
						"2.5833": [0, -0.26, 0],
						"2.625": [0, 0, 0],
						"2.6667": [0, 0, 0],
						"2.7083": [0, 0, 0],
						"2.75": [0, 0, 0],
						"2.7917": [0, 0, 0]
					}
				},
				"constraint": {
					"rotation": [0.2, 0.2, 0.2],
					"position": [0.15, 0.15, 0.15]
				},
				"mag_and_lefthand": {
					"rotation": {
						"0.0": [0, 0, 0],
						"0.7083": [0, 0, 0],
						"0.75": [-26.75, 0, 0],
						"0.9583": [-26.75, 0, 0],
						"1.0": [-26.75, 0, 0],
						"1.0417": [-26.75, 0, 0],
						"1.0833": [-26.75, 0, 0],
						"1.125": [-26.75, 0, 0],
						"1.1667": [-15, 0, -15.1],
						"1.2083": [-18.5, 0, -28.9],
						"1.25": [-21, 0, -23.77],
						"1.2917": [-23.1, 0, -17.5],
						"1.3333": [-24.76, 0, -4.15],
						"1.375": [-24.76, 0, -3.45],
						"1.4167": [-23.36, 0, -2.65],
						"1.4583": [-15.06, 0, -2.13],
						"1.5": [-15.9, 0, -3.35],
						"1.5417": [-15.35, 0, -4.45],
						"1.5833": [-13.05, 0, -3.95],
						"1.625": [-15.35, 0, -4.45],
						"1.6667": [-10.75, 0, -3.45],
						"1.7083": [-8.01, 0, -2.36],
						"1.75": [0, 0, 0],
						"1.7917": [0, 0, 0],
						"1.8333": [0, 0, 0],
						"1.875": [0, 0, 0],
						"1.9167": [0, 0, 0],
						"1.9583": [0, 0, 0]
					},
					"position": {
						"0.0": [0, 0, 0],
						"0.7083": [0, 0, 0],
						"0.75": [0, -3.125, -1.65],
						"0.9583": [0, -3.12, -1.65],
						"1.0": [0, -3.12, -1.65],
						"1.0417": [0, -3.12, -1.65],
						"1.0833": [0, -3.12, -1.65],
						"1.125": [0, -3.12, 0.6],
						"1.1667": [2.8, -5.35, 4.8],
						"1.2083": [6, -8.15, -0.5],
						"1.25": [2.87, -6.15, -1.195],
						"1.2917": [1.375, -5.64, -2.24],
						"1.3333": [0.265, -4.375, -1.875],
						"1.375": [0.265, -4.475, -1.675],
						"1.4167": [0.265, -3.975, -1.225],
						"1.4583": [0.165, -3.67, -0.705],
						"1.5": [0.2, -3.36, -0.65],
						"1.5417": [0.28, -3.05, -0.59],
						"1.5833": [0.28, -3.05, -0.59],
						"1.625": [0.28, -2.85, -0.59],
						"1.6667": [0.28, -2.55, -0.365],
						"1.7083": [0.165, -2.09, -0.21],
						"1.75": [0, 0, 0],
						"1.7917": [0, 0, 0],
						"1.8333": [0, 0, 0],
						"1.875": [0, 0, 0],
						"1.9167": [0, 0, 0],
						"1.9583": [0, 0, 0]
					}
				},
				"mag_and_bullet": {
					"rotation": {
						"0.0": [0, 0, 0],
						"0.7083": [0, 0, 0],
						"0.75": [0, 0, 0],
						"0.7917": [-22.5, 0, 0],
						"0.8333": [-68.25, 0, 0],
						"0.875": [-94.73517, 5.31733, -32.77475],
						"0.9167": [-130.26792, -13.10954, -21.14158],
						"0.9583": [-180.29292, -13.10954, -21.14158],
						"1.0": [-206.99, -13.11, -21.14],
						"1.0417": [-206.99, -13.11, -21.14],
						"1.0833": [-206.99, -13.11, -21.14],
						"1.125": [0, 0, 0],
						"1.1667": [0, 0, 0],
						"1.2083": [0, 0, 0],
						"1.25": [0, 0, 0],
						"1.2917": [0, 0, 0],
						"1.3333": [0, 0, 0],
						"1.375": [0, 0, 0],
						"2.0833": [0, 0, 0]
					},
					"position": {
						"0.0": [0, 0, 0],
						"0.7083": [0, 0, 0],
						"0.75": [0, 0, 0],
						"0.7917": [0, -7.125, -1.7],
						"0.8333": [0, -14.67, -4.55],
						"0.875": [3.525, -20.92, -9.75],
						"0.9167": [3.53, -20.92, -2.3],
						"0.9583": [3.53, -20.92, 2.1],
						"1.0": [3.53, -20.92, 5.7],
						"1.0417": [3.53, -20.92, 9],
						"1.0833": [3.53, -20.92, 9],
						"1.125": [9.525, -17.125, 19.325],
						"1.1667": [9.525, -19.025, 21.425],
						"1.2083": [6.35, -14.76, 14.28],
						"1.25": [3.18, -10.49, 7.14],
						"1.2917": [0, -6.225, 0],
						"1.3333": [0, 0, 0],
						"1.375": [0, 0, 0],
						"2.0833": [0, 0, 0]
					}
				},
				"BFG_magazine": {
					"rotation": [0, 0, 0]
				},
				"camera": {
					"rotation": {
						"0.0": {
							"post": [0, 0, 0],
							"lerp_mode": "catmullrom"
						},
						"0.125": {
							"post": [0.4, 0, -0.03],
							"lerp_mode": "catmullrom"
						},
						"0.2917": {
							"post": [0.1, 0, 0],
							"lerp_mode": "catmullrom"
						},
						"0.4167": {
							"post": [0.3, 0, 0.5],
							"lerp_mode": "catmullrom"
						},
						"0.5": {
							"post": [-0.2, 0, -0.5],
							"lerp_mode": "catmullrom"
						},
						"0.5833": {
							"post": [0.1, 0, 0.3],
							"lerp_mode": "catmullrom"
						},
						"0.7083": {
							"post": [0, 0, 0],
							"lerp_mode": "catmullrom"
						},
						"0.7917": {
							"post": [0.4, 0, 1],
							"lerp_mode": "catmullrom"
						},
						"0.875": {
							"post": [-0.2, 0, -1],
							"lerp_mode": "catmullrom"
						},
						"1.0": {
							"post": [0.1, 0, 0.5],
							"lerp_mode": "catmullrom"
						},
						"1.125": {
							"post": [-0.2, 0, -0.5],
							"lerp_mode": "catmullrom"
						},
						"1.2917": {
							"post": [0.1, 0, 0],
							"lerp_mode": "catmullrom"
						},
						"1.4167": {
							"post": [0.4, -0.2, -0.01],
							"lerp_mode": "catmullrom"
						},
						"1.5833": {
							"post": [0.43, -0.2, -0.03],
							"lerp_mode": "catmullrom"
						},
						"1.7083": {
							"post": [0.1, 0, 0],
							"lerp_mode": "catmullrom"
						},
						"1.7917": {
							"post": [-0.7, -0.4, 0.9],
							"lerp_mode": "catmullrom"
						},
						"1.875": {
							"post": [0.8, -0.6, -1.1],
							"lerp_mode": "catmullrom"
						},
						"1.9583": {
							"post": [-0.3, -0.4, 0.4],
							"lerp_mode": "catmullrom"
						},
						"2.0417": {
							"post": [0.2, 0, -0.3],
							"lerp_mode": "catmullrom"
						},
						"2.125": {
							"post": [0, 0, 0.3],
							"lerp_mode": "catmullrom"
						},
						"2.2083": {
							"post": [0, 0, -0.2],
							"lerp_mode": "catmullrom"
						},
						"2.3333": {
							"post": [0, 0, 0],
							"lerp_mode": "catmullrom"
						},
						"2.4583": {
							"post": [0, 0, -0.2],
							"lerp_mode": "catmullrom"
						},
						"2.5417": {
							"post": [0, 0, 0.3],
							"lerp_mode": "catmullrom"
						},
						"2.625": {
							"post": [0, 0, -0.3],
							"lerp_mode": "catmullrom"
						},
						"2.7917": {
							"post": [0, 0, 0],
							"lerp_mode": "catmullrom"
						}
					}
				},
				"magazine_catch": {
					"rotation": {
						"0.5417": [0, 0, 0],
						"0.5833": [-11, 0, 0],
						"0.625": [0, 0, 0],
						"1.7917": [0, 0, 0],
						"1.8333": [10, 0, 0],
						"1.875": [0, 0, 0]
					},
					"position": {
						"0.5417": [0, 0, 0],
						"0.5833": [0, 0, 0],
						"0.625": [0, 0, 0],
						"1.7917": [0, 0, 0],
						"1.8333": [0, 0, 0],
						"1.875": [0, 0, 0]
					}
				}
			},
			"sound_effects": {
				"0.0": {
					"effect": "ex:bfg50a/bfg50a_sleight_of_hand_tactical"
				}
			}
		},
		"reload_empty": {
			"loop": "hold_on_last_frame",
			"animation_length": 3.9,
			"bones": {
				"righthand": {
					"rotation": {
						"0.0": [95.02516, 5.72805, -179.49718],
						"2.5833": [95.03, 5.73, -179.5],
						"2.625": [96.9, 7.38, -179.13],
						"2.6667": [98.77, 9.03, -178.76],
						"2.7083": [100.64, 10.68, -178.4],
						"2.75": [102.51044, 12.32302, -178.03373],
						"2.7917": [100.76, 12.32, -178.03],
						"2.8333": [97.01, 12.32, -178.03],
						"2.875": [97.01, 12.32, -178.03],
						"2.9167": [97.01, 12.32, -178.03],
						"2.9583": [97.01, 12.32, -178.03],
						"3.0": [97.01, 12.32, -178.03],
						"3.0417": [101.76, 12.32, -178.03],
						"3.0833": [104.26, 12.32, -178.03],
						"3.125": [104.26, 12.32, -178.03],
						"3.1667": [100.11121, 14.01571, -177.58577],
						"3.2083": [100.11, 14.02, -177.59],
						"3.25": [100.11, 14.02, -177.59],
						"3.2917": [100.11, 14.02, -177.59],
						"3.3333": [100.11, 14.02, -177.59],
						"3.375": [98.84, 11.95, -178.06],
						"3.4167": [97.57, 9.88, -178.54],
						"3.4583": [96.3, 7.8, -179.02],
						"3.5": [95.03, 5.73, -179.5]
					},
					"position": {
						"0.0": [-8.35, -13.825, 7.35],
						"0.375": [-8.35, -13.82, 7.35],
						"0.5": [-8.35, -15.945, 5.925],
						"0.625": [-8.35, -15.945, 5.925],
						"0.75": [-8.35, -13.82, 7.35],
						"2.5833": [-8.35, -13.82, 7.35],
						"2.625": [-10.675, -12.82, 3.075],
						"2.6667": [-11.67, -11.42, -0.97],
						"2.7083": [-11.23, -10.64, -1.61],
						"2.75": [-10.795, -9.87, -2.245],
						"2.7917": [-10.79, -9.87, -2.24],
						"2.8333": [-10.79, -9.87, -2.24],
						"2.875": [-10.79, -9.87, -2.24],
						"2.9167": [-10.79, -9.87, 0.06],
						"2.9583": [-10.79, -9.87, 6.46],
						"3.0": [-10.79, -9.87, 10.11],
						"3.0417": [-10.79, -9.87, 10.11],
						"3.0833": [-10.79, -9.87, 10.11],
						"3.125": [-10.79, -9.87, 10.11],
						"3.1667": [-10.79, -9.87, 10.11],
						"3.2083": [-10.79, -9.87, 11.41],
						"3.25": [-10.79, -9.87, 12.51],
						"3.2917": [-10.79, -9.87, 13.61],
						"3.3333": [-10.79, -9.87, 13.61],
						"3.375": [-10.18, -10.86, 12.05],
						"3.4167": [-9.57, -11.85, 10.48],
						"3.4583": [-8.96, -12.84, 8.91],
						"3.5": [-8.35, -13.82, 7.35]
					},
					"scale": [1, 1.5, 1]
				},
				"lefthand": {
					"rotation": {
						"0.0": [-273.87487, -27.33823, 235.83124],
						"0.2083": [-273.87, -27.34, 235.83],
						"0.25": [-272.51, -27.45, 232.87],
						"0.2917": [-271.14272, -27.56981, 229.91877],
						"0.3333": [-265.52471, -27.44578, 223.72032],
						"0.375": [-260.3676, -26.18247, 212.31871],
						"0.4167": [-267.4132, -22.47927, 228.48627],
						"0.4583": [-269.27837, -22.61011, 233.36053],
						"0.5": [-269.28, -22.61, 233.36],
						"0.5417": [-269.28, -22.61, 233.36],
						"0.5833": [-270.11282, -22.12059, 235.52552],
						"0.625": [-270.11, -22.12, 235.53],
						"0.6667": [-270.10635, -16.62001, 235.519],
						"0.7083": [-270.10785, -19.12001, 235.52391],
						"0.75": [-270.11, -19.12, 235.52],
						"0.7917": [-272.72262, 14.52606, 236.715],
						"0.8333": [-272.13703, 31.21829, 237.74146],
						"0.875": [-272.14, 31.22, 237.74],
						"0.9167": [-272.14, 31.22, 237.74],
						"0.9583": [-272.14, 31.22, 237.74],
						"1.0": [-272.14, 31.22, 237.74],
						"1.0417": [-272.14, 31.22, 237.74],
						"1.0833": [-272.14, 31.22, 237.74],
						"1.125": [-272.14, 31.22, 237.74],
						"1.1667": [-274.33544, -18.3832, 248.70738],
						"1.2083": [-274.57, -17.03, 247.07],
						"1.25": [-274.8, -15.68, 245.43],
						"1.2917": [-277.33971, -17.7043, 258.15036],
						"1.3333": [-277.33971, -17.7043, 258.15036],
						"1.375": [-277.34, -17.7, 258.15],
						"1.4167": [-276.91, -17.78, 256.82],
						"1.4583": [-276.48, -17.86, 255.49],
						"1.5": [-276.06, -17.94, 254.16],
						"1.5417": [-276.06, -17.94, 254.16],
						"1.5833": [-275.6, -18.03, 252.73],
						"1.625": [-275.14, -18.12, 251.3],
						"1.6667": [-274.68, -18.21, 249.87],
						"1.7083": [-274.68, -18.21, 249.87],
						"1.75": [-274.68, -18.21, 249.87],
						"1.7917": [-274.68, -18.21, 249.87],
						"1.8333": [-274.03, -18.34, 247.82],
						"1.875": [-270.10785, -19.12001, 235.52391],
						"1.9167": [-270.10785, -19.12001, 235.52391],
						"1.9583": [-270.10785, -19.12001, 235.52391],
						"2.0": [-270.10785, -19.12001, 235.52391],
						"2.0417": [-270.10785, -19.12001, 235.52391],
						"2.0833": [-270.10785, -19.12001, 235.52391],
						"2.125": [-270.11, -19.12, 235.52],
						"2.1667": [-270.11, -19.12, 235.52],
						"2.2083": [-270.86, -20.76, 235.58],
						"2.25": [-271.61, -22.4, 235.64],
						"2.2917": [-272.36, -24.05, 235.7],
						"2.3333": [-273.12, -25.69, 235.77],
						"2.375": [-273.87487, -27.33823, 235.83124]
					},
					"position": {
						"0.0": [6.73, -13.15, -7],
						"0.2083": [6.73, -13.15, -7],
						"0.25": [7.555, -14.55, -7],
						"0.2917": [8.435, -14.825, -4.9],
						"0.3333": [10.665, -16.32, -1.8],
						"0.375": [9.845, -16.32, 0.925],
						"0.4167": [6.575, -16.07, 2.08],
						"0.4583": [6.58, -16.12, 2.08],
						"0.5": [6.58, -16.12, 2.08],
						"0.5417": [6.58, -16.12, 2.08],
						"0.5833": [6.58, -16.52, 2.08],
						"0.625": [6.58, -16.52, 2.08],
						"0.6667": [6.58, -17.02, 1.905],
						"0.7083": [6.58, -17.02, 1.91],
						"0.75": [6.58, -17.02, 1.91],
						"0.7917": [8.93, -17.02, 1.735],
						"0.8333": [10.53, -20.32, 1.735],
						"0.875": [11.58, -20.32, 6.44],
						"0.9167": [11.58, -20.32, 9.24],
						"0.9583": [11.58, -20.32, 9.24],
						"1.0": [11.58, -20.32, 9.24],
						"1.0417": [11.58, -20.32, 9.24],
						"1.0833": [11.58, -20.32, 9.24],
						"1.125": [11.58, -20.32, 10.69],
						"1.1667": [15.955, -25.245, 14.855],
						"1.2083": [15.39, -23.02, 15.08],
						"1.25": [14.83, -20.79, 15.3],
						"1.2917": [6.58, -21.97, 0.81],
						"1.3333": [5.705, -17.025, 0.87],
						"1.375": [5.705, -17.025, 0.87],
						"1.4167": [5.76, -17.02, 0.93],
						"1.4583": [5.81, -17.02, 0.99],
						"1.5": [5.86, -17.02, 1.05],
						"1.5417": [5.86, -17.02, 1.05],
						"1.5833": [5.92, -17.02, 1.12],
						"1.625": [5.98, -17.02, 1.19],
						"1.6667": [6.03, -17.02, 1.26],
						"1.7083": [6.03, -17.02, 1.26],
						"1.75": [6.03, -17.02, 1.26],
						"1.7917": [6.03, -17.02, 1.26],
						"1.8333": [6.11, -17.02, 1.35],
						"1.875": [6.58, -17.02, 1.91],
						"1.9167": [6.58, -17.02, 1.91],
						"1.9583": [6.58, -17.02, 1.91],
						"2.0": [6.58, -17.02, 1.91],
						"2.0417": [6.58, -17.02, 1.91],
						"2.0833": [6.58, -17.02, 1.91],
						"2.125": [6.58, -18.27, -0.94],
						"2.1667": [6.58, -19.14, -2.985],
						"2.2083": [6.58, -19.14, -5.6],
						"2.25": [6.62, -17.64, -5.95],
						"2.2917": [6.66, -16.14, -6.3],
						"2.3333": [6.7, -14.64, -6.65],
						"2.375": [6.73, -13.15, -7]
					},
					"scale": [1, 1.5, 1]
				},
				"root": {
					"rotation": {
						"0.0": [0, 0, 0],
						"0.0417": [0, -1.1, -1.2],
						"0.0833": [0, -2, -2],
						"0.125": [-0.75, -2.8, -2.29],
						"0.1667": [-5.95, -3.6, -2.29],
						"0.2083": [-10.05627, -4.16315, -2.26971],
						"0.25": [-13.56, -4.16, -2.27],
						"0.2917": [-15.86, -4.16, -2.27],
						"0.3333": [-17.21, -4.635, -3.47],
						"0.375": [-17.97092, -5.43537, -4.65425],
						"0.4167": [-17.97, -5.94, -5.65],
						"0.4583": [-17.97, -5.94, -5.875],
						"0.5": [-17.97, -6.415, -7.25],
						"0.5417": [-17.53241, -7.16, -9.00952],
						"0.5833": [-17.53, -7.96, -9.48],
						"0.625": [-17.53, -7.86, -8.53],
						"0.6667": [-17.53, -6.86, -7.33],
						"0.7083": [-17.53, -4.96, -5.905],
						"0.75": [-17.53, -5.16, -6.4],
						"0.7917": [-17.33179, -9.10936, -8.11977],
						"0.8333": [-17.04764, -9.3011, -8.57141],
						"0.875": [-17.05, -7.075, -7.65],
						"0.9167": [-17.05, -8.3, -7.65],
						"0.9583": [-17.05, -6.85, -7.65],
						"1.0": [-17.05, -4.75, -7.65],
						"1.0417": [-17.05, -2.4, -6.95],
						"1.0833": [-17.05, -0.8, -6.05],
						"1.125": [-17.05, -0.8, -4.65],
						"1.1667": [-17.05, -0.8, -4.65],
						"1.2083": [-17.05, -0.8, -5.775],
						"1.25": [-17.05, -1.925, -7.57],
						"1.2917": [-17.05, -3.725, -9.57],
						"1.3333": [-17.05, -5.77, -11.37],
						"1.375": [-18, -7.895, -12.57],
						"1.4167": [-19.025, -7.89, -12.57],
						"1.4583": [-20.07, -7.89, -12.57],
						"1.5": [-20.07, -7.89, -12.57],
						"1.5417": [-20.07, -7.89, -12.57],
						"1.5833": [-20.595, -7.89, -12.845],
						"1.625": [-20.59, -8.69, -13.345],
						"1.6667": [-20.59, -9.765, -14.14],
						"1.7083": [-20.59, -10.835, -15.54],
						"1.75": [-20.59, -13.03, -16.615],
						"1.7917": [-21.74, -15, -18.31],
						"1.8333": [-23.265, -15.3, -18.31],
						"1.875": [-25.235, -13.5, -16.21],
						"1.9167": [-25.61, -8.475, -11.91],
						"1.9583": [-25.61, -10.075, -13.835],
						"2.0": [-23.91, -7.85, -9.21],
						"2.0417": [-20.61, -10.375, -13.11],
						"2.0833": [-18.21, -10.08, -13.11],
						"2.125": [-15.51, -7.48, -9.81],
						"2.1667": [-13.81, -5.78, -6.61],
						"2.2083": [-11.11, -4.405, -3.41],
						"2.25": [-9.11, -2.755, -0.21],
						"2.2917": [-7.435, -1.555, 3.09],
						"2.3333": [-5.43, -0.675, 6.29],
						"2.375": [-3.4245, 0, 9.13419],
						"2.4167": [-3.75288, 0, 11.6398],
						"2.4583": [-3.75, 0, 13.74],
						"2.5": [-3.75, 0, 14.265],
						"2.5417": [-3.75, 0, 14.415],
						"2.5833": [-3.75, 0, 13.74],
						"2.625": [-3.75, 0, 12.815],
						"2.6667": [-2.8, 0, 11.79],
						"2.7083": [-1.15, 0, 10.47],
						"2.75": [0.5, 0, 9.72],
						"2.7917": [0.5, 0, 9.72],
						"2.8333": [0.5, 0, 9.72],
						"2.875": [0.5, 0, 9.72],
						"2.9167": [0.5, 0, 10.87],
						"2.9583": [0.5, 0, 11.795],
						"3.0": [0.5, 0, 12.38],
						"3.0417": [0.5, 0, 10.28],
						"3.0833": [0.5, 0, 11.88],
						"3.125": [0.5, 0, 10.28],
						"3.1667": [0.5, 0, 8.48],
						"3.2083": [0.5, 0, 9.98],
						"3.25": [0.5, 0, 9.98],
						"3.2917": [1.2, 0, 9.98],
						"3.3333": [1.2, 0, 9.98],
						"3.375": [1.2, 0, 8.38],
						"3.4167": [1.2, 0, 9.98],
						"3.4583": [1.2, 0, 9.98],
						"3.5": [1.2, 0, 9.98],
						"3.5417": [0.745, 0, 9.07],
						"3.5833": [0, 0, 7.16],
						"3.625": [0, 0, 3.65],
						"3.6667": [0, 0, 1.24],
						"3.7083": [0, 0, 0.155],
						"3.75": [0, 0, -0.145],
						"3.7917": [0, 0, -0.23],
						"3.8333": [0, 0, -0.19],
						"3.875": [0, 0, 0]
					},
					"position": {
						"0.0": [0, 0, 0],
						"0.0417": [0, -0.9, 0],
						"0.0833": [0, -1.3, 0],
						"0.125": [0, -1.3, -0.1],
						"0.1667": [0, -0.55, -0.4],
						"0.2083": [0, 0.2, -0.7],
						"0.25": [0, 0.8, -0.8],
						"0.2917": [0, 1.2, -0.8],
						"0.3333": [0, 1.6, -0.8],
						"0.375": [0, 1.8, -0.8],
						"0.4167": [0, 1.9, -0.6],
						"0.4583": [0, 1.8, -0.3],
						"0.5": [0, 1.5, 0],
						"0.5417": [0, 1.3, 0.3],
						"0.5833": [0, 1.3, -0.2],
						"0.625": [0, 1.3, -0.525],
						"0.6667": [-0.125, 1.7, -0.52],
						"0.7083": [-0.225, 1.9, -0.32],
						"0.75": [-0.375, 1.9, -0.32],
						"0.7917": [-0.5, 1.9, -0.32],
						"0.8333": [-0.5, 1.9, -0.32],
						"0.875": [-0.5, 2, -0.32],
						"0.9167": [-0.5, 2.2, -0.32],
						"0.9583": [-0.5, 2.5, -0.32],
						"1.0": [-0.5, 2.5, -0.32],
						"1.0417": [-0.5, 2.5, -0.32],
						"1.0833": [-0.5, 2.5, -0.32],
						"1.125": [-0.5, 2.5, -0.32],
						"1.1667": [-0.5, 2.3, -0.32],
						"1.2083": [-0.5, 2.3, -0.32],
						"1.25": [-0.5, 2.3, -0.32],
						"1.2917": [-0.5, 2.3, -0.32],
						"1.3333": [-0.5, 2.3, -0.32],
						"1.375": [-0.5, 2.3, -0.22],
						"1.4167": [-0.5, 2.3, -0.12],
						"1.4583": [-0.5, 2.3, -0.12],
						"1.5": [-0.5, 2.175, -0.07],
						"1.5417": [-0.5, 2.055, -0.02],
						"1.5833": [-0.5, 2.06, -0.02],
						"1.625": [-0.5, 2.06, -0.02],
						"1.6667": [-0.5, 2.06, -0.02],
						"1.7083": [-0.5, 2.06, -0.02],
						"1.75": [-0.5, 2.06, -0.02],
						"1.7917": [-0.5, 2.06, -0.02],
						"1.8333": [-0.5, 2.06, -0.02],
						"1.875": [-0.5, 2.06, 0.305],
						"1.9167": [-0.5, 2.06, 0.705],
						"1.9583": [-0.5, 2.06, 0.71],
						"2.0": [-0.5, 2.06, 0.71],
						"2.0417": [-0.5, 2.06, 0.71],
						"2.0833": [-0.5, 2.06, 0.71],
						"2.125": [-0.5, 1.76, 0.71],
						"2.1667": [-0.4, 1.36, 0.51],
						"2.2083": [-0.3, 1.01, 0.36],
						"2.25": [-0.25, 0.71, 0.16],
						"2.2917": [-0.2, 0.46, 0.01],
						"2.3333": [-0.1, 0.185, -0.14],
						"2.375": [0.2, -0.16, -0.29],
						"2.4167": [0.55, -0.46, -0.45],
						"2.4583": [0.925, -0.635, -0.6],
						"2.5": [1, -0.76, -0.6],
						"2.5417": [1, -0.835, -0.6],
						"2.5833": [1, -0.83, -0.5],
						"2.625": [1, -0.83, -0.4],
						"2.6667": [1, -0.88, -0.4],
						"2.7083": [1, -0.93, -0.4],
						"2.75": [1, -0.98, -0.4],
						"2.7917": [0.95, -1.03, -0.4],
						"2.8333": [0.9, -1.03, -0.4],
						"2.875": [0.825, -1.08, -0.4],
						"2.9167": [0.8, -1.105, -0.4],
						"2.9583": [0.8, -1.125, -0.4],
						"3.0": [0.8, -1.12, -0.35],
						"3.0417": [0.8, -1.12, 0],
						"3.0833": [0.8, -1.12, 0.6],
						"3.125": [0.8, -1.12, 0.6],
						"3.1667": [0.8, -1.12, 0.6],
						"3.2083": [0.8, -1.12, 0.6],
						"3.25": [0.8, -1.12, 0.6],
						"3.2917": [0.8, -1.12, -0.2],
						"3.3333": [0.8, -1.12, -0.1],
						"3.375": [0.8, -1.12, 0],
						"3.4167": [0.8, -1.12, 0],
						"3.4583": [0.725, -1.07, 0.1],
						"3.5": [0.65, -0.97, 0.1],
						"3.5417": [0.555, -0.76, 0.07],
						"3.5833": [0.46, -0.395, 0.06],
						"3.625": [0.41, -0.205, 0.05],
						"3.6667": [0.32, -0.14, 0.05],
						"3.7083": [0.22, -0.1, 0.04],
						"3.75": [0.18, -0.1, 0.04],
						"3.7917": [0.105, -0.11, 0.03],
						"3.8333": [0.03, -0.07, 0.02],
						"3.875": [0, 0, 0]
					}
				},
				"constraint": {
					"rotation": [0.2, 0.2, 0.2],
					"position": [0.15, 0.15, 0.15]
				},
				"mag_and_lefthand": {
					"rotation": {
						"0.0": [0, 0, 0],
						"0.7083": [0, 0, 0],
						"0.75": [-26.75, 0, 0],
						"1.0833": [-26.75, 0, 0],
						"1.125": [-26.75, 0, 0],
						"1.1667": [-26.75, 0, 0],
						"1.2083": [-26.75, 0, 0],
						"1.25": [-26.75, 0, 0],
						"1.2917": [-15, 0, -15.1],
						"1.3333": [-18.5, 0, -28.9],
						"1.375": [-21, 0, -23.77],
						"1.4167": [-23.1, 0, -17.5],
						"1.4583": [-24.76, 0, -4.15],
						"1.5": [-24.76, 0, -3.45],
						"1.5417": [-23.36, 0, -2.65],
						"1.5833": [-15.06, 0, -2.13],
						"1.625": [-15.9, 0, -3.35],
						"1.6667": [-15.35, 0, -4.45],
						"1.7083": [-13.05, 0, -3.95],
						"1.75": [-15.35, 0, -4.45],
						"1.7917": [-10.75, 0, -3.45],
						"1.8333": [-8.01, 0, -2.36],
						"1.875": [0, 0, 0],
						"1.9167": [0, 0, 0],
						"1.9583": [0, 0, 0],
						"2.0": [0, 0, 0],
						"2.0417": [0, 0, 0],
						"2.0833": [0, 0, 0]
					},
					"position": {
						"0.0": [0, 0, 0],
						"0.7083": [0, 0, 0],
						"0.75": [0, -3.125, -1.65],
						"1.0833": [0, -3.12, -1.65],
						"1.125": [0, -3.12, -1.65],
						"1.1667": [0, -3.12, -1.65],
						"1.2083": [0, -3.12, -1.65],
						"1.25": [0, -3.12, 0.6],
						"1.2917": [2.8, -5.35, 4.8],
						"1.3333": [6, -8.15, -0.5],
						"1.375": [2.87, -6.15, -1.195],
						"1.4167": [1.375, -5.64, -2.24],
						"1.4583": [0.265, -4.375, -1.875],
						"1.5": [0.265, -4.475, -1.675],
						"1.5417": [0.265, -3.975, -1.225],
						"1.5833": [0.165, -3.67, -0.705],
						"1.625": [0.2, -3.36, -0.65],
						"1.6667": [0.28, -3.05, -0.59],
						"1.7083": [0.28, -3.05, -0.59],
						"1.75": [0.28, -2.85, -0.59],
						"1.7917": [0.28, -2.55, -0.365],
						"1.8333": [0.165, -2.09, -0.21],
						"1.875": [0, 0, 0],
						"1.9167": [0, 0, 0],
						"1.9583": [0, 0, 0],
						"2.0": [0, 0, 0],
						"2.0417": [0, 0, 0],
						"2.0833": [0, 0, 0]
					}
				},
				"mag_and_bullet": {
					"rotation": {
						"0.0": [0, 0, 0],
						"0.7083": [0, 0, 0],
						"0.75": [0, 0, 0],
						"0.7917": [-22.5, 0, 0],
						"0.8333": [-68.25, 0, 0],
						"0.875": [-94.73517, 5.31733, -32.77475],
						"0.9167": [-130.26792, -13.10954, -21.14158],
						"0.9583": [-180.29292, -13.10954, -21.14158],
						"1.0": [-206.99, -13.11, -21.14],
						"1.0417": [-206.99, -13.11, -21.14],
						"1.0833": [-206.99, -13.11, -21.14],
						"1.125": [0, 0, 0],
						"1.1667": [0, 0, 0],
						"1.2083": [0, 0, 0],
						"1.25": [0, 0, 0],
						"1.2917": [0, 0, 0],
						"1.3333": [0, 0, 0],
						"1.375": [0, 0, 0],
						"2.0833": [0, 0, 0]
					},
					"position": {
						"0.0": [0, 0, 0],
						"0.7083": [0, 0, 0],
						"0.75": [0, 0, 0],
						"0.7917": [0, -7.125, -1.7],
						"0.8333": [0, -14.67, -4.55],
						"0.875": [3.525, -20.92, -9.75],
						"0.9167": [3.53, -20.92, -2.3],
						"0.9583": [3.53, -20.92, 2.1],
						"1.0": [3.53, -20.92, 5.7],
						"1.0417": [3.53, -20.92, 9],
						"1.0833": [3.53, -20.92, 9],
						"1.125": [9.525, -17.125, 19.325],
						"1.1667": [9.525, -19.025, 21.425],
						"1.2083": [6.35, -14.76, 14.28],
						"1.25": [3.18, -10.49, 7.14],
						"1.2917": [0, -6.225, 0],
						"1.3333": [0, 0, 0],
						"1.375": [0, 0, 0],
						"2.0833": [0, 0, 0]
					}
				},
				"BFG_magazine": {
					"rotation": [0, 0, 0]
				},
				"camera": {
					"rotation": {
						"0.0": {
							"post": [0, 0, 0],
							"lerp_mode": "catmullrom"
						},
						"0.125": {
							"post": [0.4, 0, -0.03],
							"lerp_mode": "catmullrom"
						},
						"0.2917": {
							"post": [0.1, 0, 0],
							"lerp_mode": "catmullrom"
						},
						"0.4167": {
							"post": [0.3, 0, 0.5],
							"lerp_mode": "catmullrom"
						},
						"0.5": {
							"post": [-0.2, 0, -0.5],
							"lerp_mode": "catmullrom"
						},
						"0.5833": {
							"post": [0.1, 0, 0.3],
							"lerp_mode": "catmullrom"
						},
						"0.7083": {
							"post": [0, 0, 0],
							"lerp_mode": "catmullrom"
						},
						"0.7917": {
							"post": [0.4, 0, 1],
							"lerp_mode": "catmullrom"
						},
						"0.875": {
							"post": [-0.2, 0, -1],
							"lerp_mode": "catmullrom"
						},
						"1.0": {
							"post": [0.1, 0, 0.5],
							"lerp_mode": "catmullrom"
						},
						"1.125": {
							"post": [-0.2, 0, -0.5],
							"lerp_mode": "catmullrom"
						},
						"1.2917": {
							"post": [0.1, 0, 0],
							"lerp_mode": "catmullrom"
						},
						"1.4167": {
							"post": [0.4, -0.2, -0.01],
							"lerp_mode": "catmullrom"
						},
						"1.5833": {
							"post": [0.43, -0.3, -0.03],
							"lerp_mode": "catmullrom"
						},
						"1.7083": {
							"post": [0.1, 0, 0],
							"lerp_mode": "catmullrom"
						},
						"1.7917": {
							"post": [0.3, 0, 0.7],
							"lerp_mode": "catmullrom"
						},
						"1.875": {
							"post": [-0.2, 0, -0.7],
							"lerp_mode": "catmullrom"
						},
						"1.9583": {
							"post": [0.1, 0, 0.4],
							"lerp_mode": "catmullrom"
						},
						"2.0417": {
							"post": [0, 0, -0.3],
							"lerp_mode": "catmullrom"
						},
						"2.125": {
							"post": [0, 0, 0.3],
							"lerp_mode": "catmullrom"
						},
						"2.2083": {
							"post": [0, 0, -0.2],
							"lerp_mode": "catmullrom"
						},
						"2.3333": {
							"post": [0, 0, 0],
							"lerp_mode": "catmullrom"
						},
						"2.4583": {
							"post": [0, 0, -0.2],
							"lerp_mode": "catmullrom"
						},
						"2.5417": {
							"post": [0, 0, 0.3],
							"lerp_mode": "catmullrom"
						},
						"2.625": {
							"post": [0, 0, -0.3],
							"lerp_mode": "catmullrom"
						},
						"2.7917": {
							"post": [0, 0, 0.2],
							"lerp_mode": "catmullrom"
						},
						"3.0": {
							"post": [0, 0, 0],
							"lerp_mode": "catmullrom"
						},
						"3.2083": {
							"post": [0, 0, 0.04],
							"lerp_mode": "catmullrom"
						},
						"3.2917": {
							"post": [0, 0, 0.69],
							"lerp_mode": "catmullrom"
						},
						"3.375": {
							"post": [0, 0, -0.46],
							"lerp_mode": "catmullrom"
						},
						"3.5": {
							"post": [0, 0, 0.44],
							"lerp_mode": "catmullrom"
						},
						"3.625": {
							"post": [0, 0, -0.02],
							"lerp_mode": "catmullrom"
						},
						"3.7083": {
							"post": [0, 0.1, -0.36],
							"lerp_mode": "catmullrom"
						},
						"3.75": {
							"post": [0, -0.1, 0.3],
							"lerp_mode": "catmullrom"
						},
						"3.7917": {
							"post": [0, 0.1, -0.14],
							"lerp_mode": "catmullrom"
						},
						"3.875": {
							"post": [0, 0, 0],
							"lerp_mode": "catmullrom"
						}
					}
				},
				"boltCarrier": {
					"rotation": {
						"2.875": [0, 0, 0],
						"2.9167": [0, 0, 0],
						"2.9583": [0, 0, 0],
						"3.0": [0, 0, 0],
						"3.25": [0, 0, 0],
						"3.3333": [0, 0, 0]
					},
					"position": {
						"2.875": [0, 0, 0],
						"2.9167": [0, 0, 2.025],
						"2.9583": [0, 0, 8.655],
						"3.0": [0, 0, 11.85],
						"3.25": [0, 0, 11.85],
						"3.3333": [0, 0, 0]
					}
				},
				"bullet": {
					"rotation": {
						"2.9167": [0, 0, 0],
						"2.9583": [-5, 0, 0],
						"3.0": [0, 0, 0]
					},
					"position": {
						"2.9583": [0, 0.5, 0.04],
						"3.0": [0, 0.4981, 0.04],
						"3.25": [0, 0.4981, 0.04358],
						"3.2917": [0, 0.5, -1.18],
						"3.3333": [0, 0.5, -8]
					},
					"scale": {
						"0.0": [0, 0, 0],
						"1.2083": [0, 0, 0],
						"1.25": [1, 1, 1]
					}
				},
				"bullet_in_mag": {
					"rotation": {
						"2.9167": [0, 0, 0],
						"2.9583": [-5, 0, 0],
						"3.0": [0, 0, 0]
					},
					"position": {
						"2.9583": [0, 0.5, 0.04],
						"3.0": [0, 0.4981, 0.04],
						"3.25": [0, 0.4981, 0.04358],
						"3.2917": [0, 0.5, -1.18],
						"3.3333": [0, 0.5, -8]
					},
					"scale": {
						"0.0": [0, 0, 0],
						"1.2083": [0, 0, 0],
						"1.25": [1, 1, 1]
					}
				},
				"magazine_catch": {
					"rotation": {
						"0.5417": [0, 0, 0],
						"0.5833": [-11, 0, 0],
						"0.625": [0, 0, 0],
						"1.7917": [0, 0, 0],
						"1.8333": [10, 0, 0],
						"1.875": [0, 0, 0]
					},
					"position": {
						"0.5417": [0, 0, 0],
						"0.5833": [0, 0, 0],
						"0.625": [0, 0, 0],
						"1.7917": [0, 0, 0],
						"1.8333": [0, 0, 0],
						"1.875": [0, 0, 0]
					}
				}
			},
			"sound_effects": {
				"0.0": {
					"effect": "ex:bfg50a/bfg50a_sleight_of_hand_empty"
				}
			}
		},
		"inspect": {
			"animation_length": 7,
			"bones": {
				"lefthand": {
					"rotation": {
						"0.0": [-273.87487, -27.33823, 235.83124],
						"0.0833": [-265.95601, -28.84087, 212.91805],
						"0.2083": [-264.66226, -50.87624, 197.20916],
						"2.4167": [-264.66226, -50.87624, 197.20916],
						"2.6667": [-281.99095, -24.66676, 241.23067],
						"2.75": [-283.74598, -23.77546, 245.50675],
						"4.375": [-283.74598, -23.77546, 245.50675],
						"4.4167": [-283.75, -23.78, 245.51],
						"4.4583": [-279.27, -24.81, 236.49],
						"4.5": [-273.3, -26.34, 223.62],
						"4.5417": [-273.87487, -27.33823, 235.83124]
					},
					"position": {
						"0.0": [6.725, -13.15, -7],
						"0.0833": [8.55, -11.425, -4.475],
						"0.2083": [8.2, -13.65, -4.45],
						"2.4167": [8.2, -13.65, -4.45],
						"2.5833": [8.755, -15.77, 1.64],
						"2.6667": [5.925, -16.97, 3.95],
						"2.7083": [5.925, -16.97, 3.95],
						"2.75": [5.925, -16.97, 2.575],
						"4.375": [5.925, -16.97, 2.575],
						"4.4167": [9, -17.495, 2.1],
						"4.5": [10.875, -12.92, 0.71],
						"4.5833": [6.725, -13.15, -7]
					},
					"scale": [1, 1.5, 1]
				},
				"righthand": {
					"rotation": {
						"0.0": [95.02516, 5.72805, -179.49718],
						"0.2083": [89.5, 7, -180.06],
						"0.375": [89.5, 7, -180.06],
						"2.375": [89.5, 7, -180.06],
						"2.5417": [89.5, 7, -180.06],
						"4.5833": [89.5, 7, -180.06],
						"4.75": [93.56572, 61.19488, -256.00884],
						"5.7083": [93.56572, 61.19488, -256.00884],
						"5.7917": [93.56572, 61.19488, -256.00884],
						"6.125": [95.02516, 5.72805, -179.49718]
					},
					"position": {
						"0.0": [-8.35, -13.825, 7.35],
						"0.2083": [-6.85, -14.07, 8.78],
						"0.375": [-8.325, -14.07, 8.78],
						"2.375": [-8.325, -14.07, 8.78],
						"2.5417": [-6.85, -14.07, 8.78],
						"4.5833": [-6.85, -14.07, 8.78],
						"4.75": [-7.92, -11.4175, -2.985],
						"4.875": [-7.92, -11.4175, -1.385],
						"5.0": [-7.92, -11.4175, 0.04],
						"5.125": [-7.92, -11.4175, 1.54],
						"5.625": [-7.92, -11.4175, 1.54],
						"5.7083": [-7.92, -11.4175, 1.915],
						"5.7917": [-8.01, -11.9, 4],
						"6.125": [-8.35, -13.825, 7.35]
					},
					"scale": {
						"0.0": [1, 1.5, 1],
						"6.125": [1, 1.5, 1]
					}
				},
				"root": {
					"rotation": {
						"0.0": [0, 0, 0],
						"0.0833": [-1.57552, -4.18517, -5.87258],
						"0.25": [-4.02414, -13.28009, -10.40473],
						"0.5": [-12.85629, -43.05513, -11.98818],
						"0.625": [-14.81181, -47.20625, -10.13088],
						"0.7917": [-14.99109, -47.47374, -9.10282],
						"1.375": [-17.06722, -46.91834, -6.27058],
						"1.5417": [-11.77121, -50.35486, -8.4078],
						"1.6667": [-2.48632, -55.49611, -13.34944],
						"1.8333": [0.79794, -56.84607, -14.39354],
						"2.0417": [-1.48956, -56.78982, -13.34354],
						"2.25": [-2.98956, -53.78982, -13.33104],
						"2.4167": [-10.67, -46.585, -14.92],
						"2.5417": [-30.11122, -26.09675, -11.89334],
						"2.6667": [-34.29063, -30.84703, -23.03454],
						"2.7917": [-33.63149, -29.74839, -27.2996],
						"3.0833": [-33.63, -29.75, -24.72],
						"3.75": [-33.58, -29.81, -24.69],
						"4.0833": [-33.63, -29.75, -24.72],
						"4.1667": [-31.13018, -37.2508, -35.73132],
						"4.25": [-39.13662, -28.77784, -21.5149],
						"4.375": [-32.41298, -28.48824, -24.12616],
						"4.5": [-32.35, -13.84, -3.68],
						"4.7083": [-24.44887, 33.69261, 57.72468],
						"4.8333": [-24.44887, 37.43011, 65.20593],
						"5.0": [-21.77341, 39.9934, 71.11487],
						"5.2083": [-22.39217, 38.36309, 67.78261],
						"5.4167": [-20.91319, 37.91021, 71.44428],
						"5.6667": [-20.84, 38.06, 71.73],
						"5.75": [-21.44549, 39.34573, 65.10345],
						"5.7917": [-12.11, 33.22, 75.57],
						"5.8333": [-15.01, 37.32, 69.07],
						"5.9167": [-12.11178, 33.21632, 73.17421],
						"6.0417": [-14.16619, 29.72082, 65.11199],
						"6.125": [-9.81809, 14.52297, 60.27799],
						"6.25": [-7.6537, -0.57338, 19.91169],
						"6.4167": [-2.89977, -0.56617, 0.01026],
						"6.5": [-0.81567, -0.58037, -3.89535],
						"6.5833": [-0.97803, -1.26726, 0.24991],
						"6.6667": [0.25, -0.5, -1.25],
						"6.7917": [0, 0, 0],
						"6.875": [0, 0, 0],
						"6.9583": [0, 0, 0],
						"7.0": [0, 0, 0]
					},
					"position": {
						"0.0": [0, 0, 0],
						"0.0833": [0.2, -0.725, 0.7],
						"0.25": [0.725, -0.47, 0.55],
						"0.5": [1.55, 1.955, -0.10625],
						"0.75": [1.95, 1.83, -0.125],
						"1.0833": [2.025, 1.88, -0.16],
						"1.3333": [2.05, 1.83, -0.2],
						"1.5": [2.705, 1.625, -0.39],
						"1.6667": [3.805, 1.625, -0.58],
						"1.8333": [4.58625, 1.91125, -0.77],
						"2.0417": [4.705, 2.0125, -0.77],
						"2.2083": [4.53, 2.01125, -0.81],
						"2.2917": [3.8175, 1.68125, -0.67],
						"2.4167": [1.95, 0.98, -0.245],
						"2.5417": [0.555, 1.38, 0.075],
						"2.6667": [-0.625, 2.655, 0.78],
						"2.7917": [-0.945, 2.58, 0.78],
						"2.9167": [-0.99, 2.465, 0.78],
						"3.0": [-0.97625, 2.4175, 0.78],
						"3.0833": [-0.76, 1.985, 0.78],
						"3.75": [-1, 2.04, 0.78],
						"3.875": [-1.025, 1.76, 0.78],
						"4.0833": [-0.79375, 1.775, 0.78],
						"4.125": [-0.7425, 0.92, 0.78],
						"4.3333": [-0.52, 0.08625, 0.78],
						"4.5417": [3.28, -0.47, 3.28],
						"4.7083": [3.38, -0.17, 3.18],
						"4.8333": [3.46, 0.18, 3.18],
						"4.9167": [3.44, 0.59, 3.26],
						"5.0": [3.41, 0.455, 3.38],
						"5.1667": [3.335, 0.255, 3.38],
						"5.4167": [3.42, 0.44, 3.38],
						"5.7083": [3.41, 0.255, 3.38],
						"5.75": [3.41, -0.42, 2.65],
						"5.7917": [3.45, -0.235, 2.7],
						"5.9583": [3.45, -0.235, 2.7],
						"6.0417": [3.46, -0.55, 2.8125],
						"6.125": [3.11, -0.43125, 2.635],
						"6.2917": [2.02, -0.125, 2.04],
						"6.375": [1.16, -0.36, 1.45],
						"6.5": [-0.075, -0.15625, -0.075],
						"6.5833": [0, -0.125, 0.15],
						"6.6667": [0, 0, -0.125],
						"6.7917": [0, 0, 0],
						"6.875": [0, 0, 0],
						"6.9167": [0, 0, 0],
						"6.9583": [0, 0, 0]
					}
				},
				"camera": {
					"rotation": {
						"0.0": {
							"post": [0, 0, 0],
							"lerp_mode": "catmullrom"
						},
						"0.2083": {
							"post": [0.455, -0.05, -0.4],
							"lerp_mode": "catmullrom"
						},
						"0.5417": {
							"post": [2.75, -1.15, -1.9],
							"lerp_mode": "catmullrom"
						},
						"1.0": {
							"post": [3.4, -1.2, -2.1],
							"lerp_mode": "catmullrom"
						},
						"1.4583": {
							"post": [3.25, -0.425, -2.35],
							"lerp_mode": "catmullrom"
						},
						"1.7917": {
							"post": [5.8, 2.35, -2.075],
							"lerp_mode": "catmullrom"
						},
						"2.375": {
							"post": [6.2, 2.875, -2.15],
							"lerp_mode": "catmullrom"
						},
						"2.6667": {
							"post": [1.24, 0.84, -1.33],
							"lerp_mode": "catmullrom"
						},
						"2.7917": {
							"post": [1.025, 0.35, -1.15],
							"lerp_mode": "catmullrom"
						},
						"2.9167": {
							"post": [1.02, 0.18, -1.14],
							"lerp_mode": "catmullrom"
						},
						"3.0": {
							"post": [1.435, 0.07, -1.16],
							"lerp_mode": "catmullrom"
						},
						"3.0833": {
							"post": [2.97, 0, 0.175],
							"lerp_mode": "catmullrom"
						},
						"3.2083": {
							"post": [2.785, -0.33, -1.48],
							"lerp_mode": "catmullrom"
						},
						"3.3333": {
							"post": [4.17, -0.825, -0.125],
							"lerp_mode": "catmullrom"
						},
						"3.5833": {
							"post": [3.75, -1, -0.775],
							"lerp_mode": "catmullrom"
						},
						"3.875": {
							"post": [2.025, -0.25, -1.325],
							"lerp_mode": "catmullrom"
						},
						"4.0833": {
							"post": [1.48, 0.06, -1.71],
							"lerp_mode": "catmullrom"
						},
						"4.2083": {
							"post": [3.43, 0.425, -0.35],
							"lerp_mode": "catmullrom"
						},
						"4.2917": {
							"post": [1.825, 0.71, -2.015],
							"lerp_mode": "catmullrom"
						},
						"4.4167": {
							"post": [3, 1.14, -0.295],
							"lerp_mode": "catmullrom"
						},
						"4.5833": {
							"post": [2.84, 1.8, 0.3],
							"lerp_mode": "catmullrom"
						},
						"4.8333": {
							"post": [3.405, 2.775, 1.625],
							"lerp_mode": "catmullrom"
						},
						"4.9167": {
							"post": [3.89, 2.86, 2.4],
							"lerp_mode": "catmullrom"
						},
						"5.0833": {
							"post": [3.12, 2.92, 1.2],
							"lerp_mode": "catmullrom"
						},
						"5.25": {
							"post": [3.735, 3.01, 2],
							"lerp_mode": "catmullrom"
						},
						"5.7083": {
							"post": [3.46, 3.2, 2.36],
							"lerp_mode": "catmullrom"
						},
						"5.8333": {
							"post": [5.21, 3.175, 3.85],
							"lerp_mode": "catmullrom"
						},
						"5.9167": {
							"post": [2.62, 2.88, 0.8],
							"lerp_mode": "catmullrom"
						},
						"6.0417": {
							"post": [2.185, 2.325, 1.425],
							"lerp_mode": "catmullrom"
						},
						"6.25": {
							"post": [-0.525, 0.175, -0.35],
							"lerp_mode": "catmullrom"
						},
						"6.3333": {
							"post": [0.5, 0, 0.575],
							"lerp_mode": "catmullrom"
						},
						"6.4583": {
							"post": [-0.25, 0.025, -0.3],
							"lerp_mode": "catmullrom"
						},
						"6.625": {
							"post": [0, 0, 0],
							"lerp_mode": "catmullrom"
						}
					}
				},
				"gun_and_righthand": {
					"rotation": {
						"3.0417": [0, 0, 0],
						"3.2083": [-3.25006, -0.00982, 0.74994],
						"3.375": [-3.07127, -1.97943, -3.14676],
						"3.5833": [-0.27223, -0.23014, -3.09702],
						"3.7083": [0.02917, -0.08324, -3.23879],
						"3.75": [0, 0, 0]
					},
					"position": {
						"3.0417": [0, 0, 0],
						"3.2083": [-0.48875, 0.46625, 0.005],
						"3.375": [-0.75875, 0.235, 0.005],
						"3.5833": [-0.4575, 0.22, 0.005],
						"3.75": [0, 0, 0]
					}
				},
				"boltCarrier": {
					"position": {
						"4.75": [0, 0, 0],
						"5.125": [0, 0, 4.625],
						"5.75": [0, 0, 4.625],
						"5.7917": [0, 0, 0]
					}
				},
				"mag_and_lefthand": {
					"rotation": {
						"2.9583": {
							"pre": [0, 0, 0],
							"post": [0, 0, 0],
							"lerp_mode": "catmullrom"
						},
						"3.0833": {
							"post": [0, 0, 0],
							"lerp_mode": "catmullrom"
						},
						"3.2083": {
							"post": [-9.98938, -1.44898, 15.30138],
							"lerp_mode": "catmullrom"
						},
						"3.5833": {
							"post": [-9.98938, -1.44898, 15.30138],
							"lerp_mode": "catmullrom"
						},
						"3.75": [-4.92442, -0.86717, -9.96271],
						"3.7917": [-4.92442, -0.86717, -9.96271],
						"3.875": [-1.93953, -0.69374, -7.97017],
						"3.9167": [-1.93953, -0.69374, -7.97017],
						"4.0417": [0, 0, 0],
						"4.0833": [0, 0, 0],
						"4.125": [0, 0, 0]
					},
					"position": {
						"2.9583": {
							"pre": [0, 0, 0],
							"post": [0, 0, 0],
							"lerp_mode": "catmullrom"
						},
						"3.0833": {
							"post": [0, -2.85, 0],
							"lerp_mode": "catmullrom"
						},
						"3.2083": {
							"post": [1.15, -3.65, -0.475],
							"lerp_mode": "catmullrom"
						},
						"3.375": {
							"post": [1.375, -3.45, -0.645],
							"lerp_mode": "catmullrom"
						},
						"3.5": {
							"post": [1.25, -3.56, -0.725],
							"lerp_mode": "catmullrom"
						},
						"3.5833": {
							"post": [1.15, -3.65, -0.475],
							"lerp_mode": "catmullrom"
						},
						"3.6667": {
							"post": [0.63, -4.055, -0.56],
							"lerp_mode": "catmullrom"
						},
						"3.75": [0.6, -3.15, -0.8],
						"3.7917": [0.6, -3.325, -0.8],
						"3.875": [0.53, -3.325, -0.605],
						"3.9167": [0.53, -3.025, -0.23],
						"4.0417": [0, -2.75, 0],
						"4.0833": [0, -2.6, 0],
						"4.125": [0, 0, 0]
					}
				},
				"shell_ejection": {
					"position": {
						"4.75": [0, 0, 0],
						"4.7917": [0, 0, 0.425],
						"4.8333": [0, 0, 0.98],
						"4.875": [0, 0, 1.48],
						"4.9167": [0, 0, 1.88],
						"4.9583": [0, 0, 2.48],
						"5.0": [0, 0, 2.98],
						"5.0417": [0, 0, 3.48],
						"5.0833": [0, 0, 4.055],
						"5.125": [0, 0, 4.485],
						"5.1667": [0, 0, 4.49],
						"5.7083": [0, 0, 4.49],
						"5.75": [0, 0, 4.49],
						"5.7917": [0, 0, 0]
					}
				},
				"magazine_catch": {
					"rotation": {
						"2.875": [0, 0, 0],
						"2.9167": [-11, 0, 0],
						"2.9583": [0, 0, 0],
						"4.0417": [0, 0, 0],
						"4.0833": [10, 0, 0],
						"4.125": [0, 0, 0]
					},
					"position": {
						"2.875": [0, 0, 0],
						"2.9167": [0, 0, 0],
						"2.9583": [0, 0, 0],
						"4.0417": [0, 0, 0],
						"4.0833": [0, 0, 0],
						"4.125": [0, 0, 0]
					}
				}
			},
			"sound_effects": {
				"0.0": {
					"effect": "ex:bfg50a/bfg50a_inspect"
				}
			}
		},
		"inspect_empty": {
			"animation_length": 7,
			"bones": {
				"lefthand": {
					"rotation": {
						"0.0": [-273.87487, -27.33823, 235.83124],
						"0.0833": [-265.95601, -28.84087, 212.91805],
						"0.2083": [-264.66226, -50.87624, 197.20916],
						"2.4167": [-264.66226, -50.87624, 197.20916],
						"2.6667": [-281.99095, -24.66676, 241.23067],
						"2.75": [-283.74598, -23.77546, 245.50675],
						"4.375": [-283.75, -23.78, 245.51],
						"4.4167": [-283.75, -23.78, 245.51],
						"4.4583": [-279.27, -24.81, 236.49],
						"4.5": [-273.3, -26.34, 223.62],
						"4.5417": [-273.87487, -27.33823, 235.83124]
					},
					"position": {
						"0.0": [6.725, -13.15, -7],
						"0.0833": [8.55, -11.425, -4.475],
						"0.2083": [8.2, -13.65, -4.45],
						"2.4167": [8.2, -13.65, -4.45],
						"2.5833": [8.755, -15.77, 1.64],
						"2.6667": [5.925, -16.97, 3.95],
						"2.7083": [5.925, -16.97, 3.95],
						"2.75": [5.925, -16.97, 2.575],
						"4.375": [8.175, -16.62, 3],
						"4.4167": [9, -17.495, 2.1],
						"4.5": [10.875, -12.92, 0.71],
						"4.5833": [6.725, -13.15, -7]
					},
					"scale": [1, 1.5, 1]
				},
				"righthand": {
					"rotation": {
						"0.0": [95.02516, 5.72805, -179.49718],
						"0.2083": [89.5, 7, -180.06],
						"0.375": [89.5, 7, -180.06],
						"2.375": [89.5, 7, -180.06],
						"2.5417": [89.5, 7, -180.06],
						"4.5833": [89.5, 7, -180.06],
						"4.75": [93.56572, 61.19488, -256.00884],
						"5.7083": [93.56572, 61.19488, -256.00884],
						"5.7917": [93.56572, 61.19488, -256.00884],
						"6.125": [95.02516, 5.72805, -179.49718]
					},
					"position": {
						"0.0": [-8.35, -13.825, 7.35],
						"0.2083": [-6.85, -14.07, 8.78],
						"0.375": [-8.325, -14.07, 8.78],
						"2.375": [-8.325, -14.07, 8.78],
						"2.5417": [-6.85, -14.07, 8.78],
						"4.5833": [-6.85, -14.07, 8.78],
						"4.75": [-7.92, -11.4175, -2.985],
						"4.875": [-7.92, -11.4175, -0.81],
						"5.0": [-7.92, -11.4175, 1.415],
						"5.125": [-7.92, -11.4175, 3.54],
						"5.625": [-7.92, -11.4175, 3.54],
						"5.7083": [-7.92, -11.4175, 4.54],
						"5.7917": [-8.01, -11.9, 8],
						"6.125": [-8.35, -13.825, 7.35]
					},
					"scale": {
						"0.0": [1, 1.5, 1],
						"6.125": [1, 1.5, 1]
					}
				},
				"root": {
					"rotation": {
						"0.0": [0, 0, 0],
						"0.0833": [-1.57552, -4.18517, -5.87258],
						"0.25": [-4.02414, -13.28009, -10.40473],
						"0.5": [-12.85629, -43.05513, -11.98818],
						"0.625": [-14.81181, -47.20625, -10.13088],
						"0.7917": [-14.99109, -47.47374, -9.10282],
						"1.375": [-17.06722, -46.91834, -6.27058],
						"1.5417": [-11.77121, -50.35486, -8.4078],
						"1.6667": [-2.48632, -55.49611, -13.34944],
						"1.8333": [0.79794, -56.84607, -14.39354],
						"2.0417": [-1.48956, -56.78982, -13.34354],
						"2.25": [-2.98956, -53.78982, -13.33104],
						"2.4167": [-10.67, -46.585, -14.92],
						"2.5417": [-30.11122, -26.09675, -11.89334],
						"2.6667": [-34.29063, -30.84703, -23.03454],
						"2.7917": [-33.63149, -29.74839, -27.2996],
						"3.0833": [-33.63, -29.75, -24.72],
						"3.75": [-33.58, -29.81, -24.69],
						"4.0833": [-33.63, -29.75, -24.72],
						"4.1667": [-31.13018, -37.2508, -35.73132],
						"4.25": [-39.13662, -28.77784, -21.5149],
						"4.375": [-32.41298, -28.48824, -24.12616],
						"4.5": [-32.35, -13.84, -3.68],
						"4.7083": [-24.44887, 33.69261, 57.72468],
						"4.8333": [-24.44887, 37.43011, 65.20593],
						"5.0": [-21.77341, 39.9934, 71.11487],
						"5.2083": [-22.39217, 38.36309, 67.78261],
						"5.4167": [-20.91319, 37.91021, 71.44428],
						"5.6667": [-20.84, 38.06, 71.73],
						"5.75": [-21.44549, 39.34573, 65.10345],
						"5.7917": [-12.11, 33.22, 75.57],
						"5.8333": [-15.01, 37.32, 69.07],
						"5.9167": [-12.11178, 33.21632, 73.17421],
						"6.0417": [-14.16619, 29.72082, 65.11199],
						"6.125": [-9.81809, 14.52297, 60.27799],
						"6.25": [-7.6537, -0.57338, 19.91169],
						"6.4167": [-2.89977, -0.56617, 0.01026],
						"6.5": [-0.81567, -0.58037, -3.89535],
						"6.5833": [-0.97803, -1.26726, 0.24991],
						"6.6667": [0.25, -0.5, -1.25],
						"6.7917": [0, 0, 0],
						"6.875": [0, 0, 0],
						"6.9583": [0, 0, 0],
						"7.0": [0, 0, 0]
					},
					"position": {
						"0.0": [0, 0, 0],
						"0.0833": [0.2, -0.725, 0.7],
						"0.25": [0.725, -0.47, 0.55],
						"0.5": [1.55, 1.955, -0.10625],
						"0.75": [1.95, 1.83, -0.125],
						"1.0833": [2.025, 1.88, -0.16],
						"1.3333": [2.05, 1.83, -0.2],
						"1.5": [2.705, 1.625, -0.39],
						"1.6667": [3.805, 1.625, -0.58],
						"1.8333": [4.58625, 1.91125, -0.77],
						"2.0417": [4.705, 2.0125, -0.77],
						"2.2083": [4.53, 2.01125, -0.81],
						"2.2917": [3.8175, 1.68125, -0.67],
						"2.4167": [1.95, 0.98, -0.245],
						"2.5417": [0.555, 1.38, 0.075],
						"2.6667": [-0.625, 2.655, 0.78],
						"2.7917": [-0.945, 2.58, 0.78],
						"2.9167": [-0.99, 2.465, 0.78],
						"3.0": [-0.97625, 2.4175, 0.78],
						"3.0833": [-0.76, 1.985, 0.78],
						"3.75": [-1, 2.04, 0.78],
						"3.875": [-1.025, 1.76, 0.78],
						"4.0833": [-0.79375, 1.775, 0.78],
						"4.125": [-0.7425, 0.92, 0.78],
						"4.3333": [-0.52, 0.08625, 0.78],
						"4.5417": [3.28, -0.47, 3.28],
						"4.7083": [3.38, -0.17, 3.18],
						"4.8333": [3.46, 0.18, 3.18],
						"4.9167": [3.44, 0.59, 3.26],
						"5.0": [3.41, 0.455, 3.38],
						"5.1667": [3.335, 0.255, 3.38],
						"5.4167": [3.42, 0.44, 3.38],
						"5.7083": [3.41, 0.255, 3.38],
						"5.75": [3.41, -0.42, 2.65],
						"5.7917": [3.45, -0.235, 2.7],
						"5.9583": [3.45, -0.235, 2.7],
						"6.0417": [3.46, -0.55, 2.8125],
						"6.125": [3.11, -0.43125, 2.635],
						"6.2917": [2.02, -0.125, 2.04],
						"6.375": [1.16, -0.36, 1.45],
						"6.5": [-0.075, -0.15625, -0.075],
						"6.5833": [0, -0.125, 0.15],
						"6.6667": [0, 0, -0.125],
						"6.7917": [0, 0, 0],
						"6.875": [0, 0, 0],
						"6.9167": [0, 0, 0],
						"6.9583": [0, 0, 0]
					}
				},
				"camera": {
					"rotation": {
						"0.0": {
							"post": [0, 0, 0],
							"lerp_mode": "catmullrom"
						},
						"0.2083": {
							"post": [0.455, -0.05, -0.4],
							"lerp_mode": "catmullrom"
						},
						"0.5417": {
							"post": [2.75, -1.15, -1.9],
							"lerp_mode": "catmullrom"
						},
						"1.0": {
							"post": [3.4, -1.2, -2.1],
							"lerp_mode": "catmullrom"
						},
						"1.4583": {
							"post": [3.25, -0.425, -2.35],
							"lerp_mode": "catmullrom"
						},
						"1.7917": {
							"post": [5.8, 2.35, -2.075],
							"lerp_mode": "catmullrom"
						},
						"2.375": {
							"post": [6.2, 2.875, -2.15],
							"lerp_mode": "catmullrom"
						},
						"2.6667": {
							"post": [1.24, 0.84, -1.33],
							"lerp_mode": "catmullrom"
						},
						"2.7917": {
							"post": [1.025, 0.35, -1.15],
							"lerp_mode": "catmullrom"
						},
						"2.9167": {
							"post": [1.02, 0.18, -1.14],
							"lerp_mode": "catmullrom"
						},
						"3.0": {
							"post": [1.435, 0.07, -1.16],
							"lerp_mode": "catmullrom"
						},
						"3.0833": {
							"post": [2.97, 0, 0.175],
							"lerp_mode": "catmullrom"
						},
						"3.2083": {
							"post": [2.785, -0.33, -1.48],
							"lerp_mode": "catmullrom"
						},
						"3.3333": {
							"post": [4.17, -0.825, -0.125],
							"lerp_mode": "catmullrom"
						},
						"3.5833": {
							"post": [3.75, -1, -0.775],
							"lerp_mode": "catmullrom"
						},
						"3.875": {
							"post": [2.025, -0.25, -1.325],
							"lerp_mode": "catmullrom"
						},
						"4.0833": {
							"post": [1.48, 0.06, -1.71],
							"lerp_mode": "catmullrom"
						},
						"4.2083": {
							"post": [3.43, 0.425, -0.35],
							"lerp_mode": "catmullrom"
						},
						"4.2917": {
							"post": [1.825, 0.71, -2.015],
							"lerp_mode": "catmullrom"
						},
						"4.4167": {
							"post": [3, 1.14, -0.295],
							"lerp_mode": "catmullrom"
						},
						"4.5833": {
							"post": [2.84, 1.8, 0.3],
							"lerp_mode": "catmullrom"
						},
						"4.8333": {
							"post": [3.405, 2.775, 1.625],
							"lerp_mode": "catmullrom"
						},
						"4.9167": {
							"post": [3.89, 2.86, 2.4],
							"lerp_mode": "catmullrom"
						},
						"5.0833": {
							"post": [3.12, 2.92, 1.2],
							"lerp_mode": "catmullrom"
						},
						"5.25": {
							"post": [3.735, 3.01, 2],
							"lerp_mode": "catmullrom"
						},
						"5.7083": {
							"post": [3.46, 3.2, 2.36],
							"lerp_mode": "catmullrom"
						},
						"5.8333": {
							"post": [5.21, 3.175, 3.85],
							"lerp_mode": "catmullrom"
						},
						"5.9167": {
							"post": [2.62, 2.88, 0.8],
							"lerp_mode": "catmullrom"
						},
						"6.0417": {
							"post": [2.185, 2.325, 1.425],
							"lerp_mode": "catmullrom"
						},
						"6.25": {
							"post": [-0.525, 0.175, -0.35],
							"lerp_mode": "catmullrom"
						},
						"6.3333": {
							"post": [0.5, 0, 0.575],
							"lerp_mode": "catmullrom"
						},
						"6.4583": {
							"post": [-0.25, 0.025, -0.3],
							"lerp_mode": "catmullrom"
						},
						"6.625": {
							"post": [0, 0, 0],
							"lerp_mode": "catmullrom"
						}
					}
				},
				"gun_and_righthand": {
					"rotation": {
						"3.0417": [0, 0, 0],
						"3.2083": [-3.25006, -0.00982, 0.74994],
						"3.375": [-3.07127, -1.97943, -3.14676],
						"3.5833": [-0.27223, -0.23014, -3.09702],
						"3.7083": [0.02917, -0.08324, -3.23879],
						"3.75": [0, 0, 0]
					},
					"position": {
						"3.0417": [0, 0, 0],
						"3.2083": [-0.48875, 0.46625, 0.005],
						"3.375": [-0.75875, 0.235, 0.005],
						"3.5833": [-0.4575, 0.22, 0.005],
						"3.75": [0, 0, 0]
					}
				},
				"boltCarrier": {
					"position": {
						"4.75": [0, 0, 0],
						"5.125": [0, 0, 6.625],
						"5.75": [0, 0, 6.625],
						"5.7917": [0, 0, 0]
					}
				},
				"mag_and_lefthand": {
					"rotation": {
						"2.9583": {
							"pre": [0, 0, 0],
							"post": [0, 0, 0],
							"lerp_mode": "catmullrom"
						},
						"3.0833": {
							"post": [0, 0, 0],
							"lerp_mode": "catmullrom"
						},
						"3.2083": {
							"post": [-9.98938, -1.44898, 15.30138],
							"lerp_mode": "catmullrom"
						},
						"3.5833": {
							"post": [-9.98938, -1.44898, 15.30138],
							"lerp_mode": "catmullrom"
						},
						"3.75": [-4.92442, -0.86717, -9.96271],
						"3.7917": [-4.92442, -0.86717, -9.96271],
						"3.875": [-1.93953, -0.69374, -7.97017],
						"3.9167": [-1.93953, -0.69374, -7.97017],
						"4.0417": [0, 0, 0],
						"4.0833": [0, 0, 0],
						"4.125": [0, 0, 0]
					},
					"position": {
						"2.9583": {
							"pre": [0, 0, 0],
							"post": [0, 0, 0],
							"lerp_mode": "catmullrom"
						},
						"3.0833": {
							"post": [0, -2.85, 0],
							"lerp_mode": "catmullrom"
						},
						"3.2083": {
							"post": [1.15, -3.65, -0.475],
							"lerp_mode": "catmullrom"
						},
						"3.375": {
							"post": [1.375, -3.45, -0.645],
							"lerp_mode": "catmullrom"
						},
						"3.5": {
							"post": [1.25, -3.56, -0.725],
							"lerp_mode": "catmullrom"
						},
						"3.5833": {
							"post": [1.15, -3.65, -0.475],
							"lerp_mode": "catmullrom"
						},
						"3.6667": {
							"post": [0.63, -4.055, -0.56],
							"lerp_mode": "catmullrom"
						},
						"3.75": [0.6, -3.15, -0.8],
						"3.7917": [0.6, -3.325, -0.8],
						"3.875": [0.53, -3.325, -0.605],
						"3.9167": [0.53, -3.025, -0.23],
						"4.0417": [0, -2.75, 0],
						"4.0833": [0, -2.6, 0],
						"4.125": [0, 0, 0]
					}
				},
				"bullet": {
					"scale": 0
				},
				"bullet_in_mag": {
					"scale": 0
				},
				"magazine_catch": {
					"rotation": {
						"2.875": [0, 0, 0],
						"2.9167": [-11, 0, 0],
						"2.9583": [0, 0, 0],
						"4.0417": [0, 0, 0],
						"4.0833": [10, 0, 0],
						"4.125": [0, 0, 0]
					},
					"position": {
						"2.875": [0, 0, 0],
						"2.9167": [0, 0, 0],
						"2.9583": [0, 0, 0],
						"4.0417": [0, 0, 0],
						"4.0833": [0, 0, 0],
						"4.125": [0, 0, 0]
					}
				},
				"shell_ejection": {
					"scale": 0
				}
			},
			"sound_effects": {
				"0.0": {
					"effect": "ex:bfg50a/bfg50a_inspect"
				}
			}
		},
		"run": {
			"loop": true,
			"animation_length": 0.8,
			"bones": {
				"root": {
					"rotation": {
						"0.0": [-68.73, -5.5, -3.14],
						"0.05": [-68.99, -7.39, -3.57],
						"0.1": [-69.36, -9.11, -3.81],
						"0.15": [-69.45, -10.1, -3.75],
						"0.2": [-68.82, -9.82, -3.09],
						"0.25": [-67.92, -8.81, -2.13],
						"0.3": [-67.68, -8.15, -1.7],
						"0.35": [-68.9, -8.72, -2.46],
						"0.4": [-70.77, -9.63, -3.74],
						"0.45": [-71.87, -9.32, -4.34],
						"0.5": [-71.58, -7.25, -3.75],
						"0.55": [-70.7, -4.07, -2.59],
						"0.6": [-69.68, -1.04, -1.42],
						"0.65": [-68.98, 0.57, -0.8],
						"0.7": [-68.67, -0.33, -1.21],
						"0.75": [-68.65, -3, -2.27],
						"0.8": [-68.73, -5.5, -3.14]
					},
					"position": {
						"0.0": [-3.64, -1.18, 5.66],
						"0.05": [-3.63, -1.02, 5.66],
						"0.1": [-3.66, -1.37, 5.66],
						"0.15": [-3.67, -1.73, 5.66],
						"0.2": [-3.64, -1.88, 5.66],
						"0.25": [-3.52, -1.68, 5.66],
						"0.3": [-3.34, -1.28, 5.66],
						"0.35": [-3.19, -0.89, 5.66],
						"0.4": [-3.14, -0.73, 5.66],
						"0.45": [-3.26, -0.97, 5.66],
						"0.5": [-3.5, -1.44, 5.66],
						"0.55": [-3.74, -1.92, 5.66],
						"0.6": [-3.89, -2.14, 5.66],
						"0.65": [-3.89, -1.96, 5.66],
						"0.7": [-3.81, -1.54, 5.66],
						"0.75": [-3.71, -1.1, 5.66],
						"0.8": [-3.64, -1.18, 5.66]
					}
				},
				"camera": {
					"rotation": {
						"0.0": [0, 0, 0],
						"0.05": [0.09, 0, 0.15],
						"0.1": [0.13, 0, 0.25],
						"0.15": [-0.07, 0, 0.07],
						"0.2": [-0.25, 0, -0.12],
						"0.25": [-0.15, 0, -0.09],
						"0.3": [0, 0, 0],
						"0.35": [0.02, 0, 0.02],
						"0.4": [0, 0, 0],
						"0.45": [-0.01, 0, -0.08],
						"0.5": [0, 0, -0.12],
						"0.55": [0.08, 0, 0],
						"0.6": [0.13, 0, 0.13],
						"0.65": [0, 0, 0.08],
						"0.7": [-0.12, 0, 0],
						"0.75": [-0.09, 0, -0.02],
						"0.8": [0, 0, 0]
					}
				}
			}
		},
		"run_start": {
			"animation_length": 0.55,
			"bones": {
				"root": {
					"rotation": {
						"0.0": [0, 0, 0],
						"0.05": [2.8, -0.48, 3.97],
						"0.1": [5.79, -1.19, 9.23],
						"0.15": [1.73, -2.05, 11.57],
						"0.2": [-10.48, -2.9, 9.39],
						"0.25": [-28.47, -3.91, 4.94],
						"0.3": [-46.79, -4.85, 0.12],
						"0.35": [-59.98, -5.5, -3.14],
						"0.4": [-66.1, -5.75, -4.18],
						"0.45": [-68.22, -5.72, -4.06],
						"0.5": [-68.4, -5.59, -3.49],
						"0.55": [-68.73, -5.5, -3.14]
					},
					"position": {
						"0.0": [0, 0, 0],
						"0.05": [0.06, -0.64, -0.12],
						"0.1": [0.17, -1.58, -0.29],
						"0.15": [0.17, -2.44, -0.32],
						"0.2": [-0.39, -3.13, -0.125],
						"0.25": [-1.03, -3.475, 0.72],
						"0.3": [-1.54, -3.36, 1.87],
						"0.35": [-1.995, -2.965, 2.965],
						"0.4": [-2.43, -2.415, 3.88],
						"0.45": [-2.72, -1.945, 4.615],
						"0.5": [-3.11, -1.53, 5.26],
						"0.55": [-3.64, -1.18, 5.66]
					}
				},
				"camera": {
					"rotation": {
						"0.0": {
							"post": [0, 0, 0],
							"lerp_mode": "catmullrom"
						},
						"0.1": {
							"post": [0.75, 0, -0.5],
							"lerp_mode": "catmullrom"
						},
						"0.2": {
							"post": [-0.25, 0, 0.1875],
							"lerp_mode": "catmullrom"
						},
						"0.3": {
							"post": [0, 0, 0],
							"lerp_mode": "catmullrom"
						},
						"0.4": {
							"post": [0, 0, 0],
							"lerp_mode": "catmullrom"
						}
					}
				}
			}
		},
		"run_hold": {
			"animation_length": 0.2917,
			"bones": {
				"root": {
					"rotation": [-68.73, -5.5, -3.14],
					"position": [-3.64, -1.18, 5.66]
				}
			}
		},
		"run_end": {
			"animation_length": 0.65,
			"bones": {
				"root": {
					"rotation": {
						"0.0": [-68.73, -5.5, -3.14],
						"0.05": [-55.61, -4.21, 0.37],
						"0.1": [-36.44, -2.32, 5.59],
						"0.15": [-17.16, -0.44, 10.34],
						"0.2": [-3.66, 0.81, 12.47],
						"0.25": [1.72, 1.17, 10.52],
						"0.3": [2.4, 1, 5.92],
						"0.35": [1.03, 0.62, 0.91],
						"0.4": [0.28, 0.35, -2.3],
						"0.45": [0.49, 0.21, -2.71],
						"0.5": [0.23, 0.09, -1.23],
						"0.55": [0, 0, 0],
						"0.6": [-0.02, -0.02, 0.14],
						"0.65": [0, 0, 0]
					},
					"position": {
						"0.0": [-3.64, -1.18, 5.66],
						"0.05": [-2.73, -2.41, 4.015],
						"0.1": [-1.47, -3.28, 2.19],
						"0.15": [-0.5, -3.5, 0.85],
						"0.2": [-0.17, -2.935, 0.01],
						"0.25": [-0.04, -1.62, -0.66],
						"0.3": [-0.01, -0.49, -0.23],
						"0.35": [0.02, 0.37, 0.3],
						"0.4": [0.06, 0.47, 0.4],
						"0.45": [0.05, 0.22, 0.18],
						"0.5": [0.03, 0.01, -0.01],
						"0.55": [0.02, -0.02, -0.03],
						"0.6": [0.01, -0.01, -0.01],
						"0.65": [0, 0, 0]
					}
				},
				"camera": {
					"rotation": {
						"0.25": {
							"pre": [0, 0, 0],
							"post": [0, 0, 0],
							"lerp_mode": "catmullrom"
						},
						"0.3": {
							"post": [0, 0, 0.3],
							"lerp_mode": "catmullrom"
						},
						"0.35": {
							"post": [0, 0, -0.125],
							"lerp_mode": "catmullrom"
						},
						"0.45": {
							"post": [0, 0, 0],
							"lerp_mode": "catmullrom"
						}
					}
				}
			}
		},
		"shoot_old": {
			"animation_length": 0.7,
			"bones": {
				"m95_barrel": {
					"position": {
						"0.0": [0, 0, 0],
						"0.0667": [0, 0, 6],
						"0.1333": [0, 0, 0],
						"0.2": [0, 0, 0.55],
						"0.2667": [0, 0, 0]
					}
				},
				"bone8": {
					"rotation": [0, 0, 0],
					"position": [0, 0, 0]
				},
				".50bmg_barrel": {
					"position": {
						"0.0": [0, 0, 0],
						"0.1": [0, 0, 11],
						"0.2": [0, 0, 0],
						"0.2667": [0, 0, 0.55],
						"0.3333": [0, 0, 0]
					}
				},
				"bolt_carrier": {
					"position": {
						"0.0": [0, 0, 0],
						"0.1": [0, 0, 10],
						"0.1667": [0, 0, 11],
						"0.3": [0, 0, 0]
					}
				},
				"root": {
					"rotation": {
						"0.0": {
							"post": [0, 0, 0],
							"lerp_mode": "catmullrom"
						},
						"0.0333": {
							"post": [-1.78, 0.11, 8.12],
							"lerp_mode": "catmullrom"
						},
						"0.0667": {
							"post": [-2.3, -0.08, -2.55],
							"lerp_mode": "catmullrom"
						},
						"0.1333": {
							"post": [-2.37, -0.06, -1.37],
							"lerp_mode": "catmullrom"
						},
						"0.1667": {
							"post": [-2.4, -0.01, 0.93],
							"lerp_mode": "catmullrom"
						},
						"0.2": {
							"post": [-2.48, 0.03, 0.29],
							"lerp_mode": "catmullrom"
						},
						"0.2667": {
							"post": [-2.51, 0.06, -0.71],
							"lerp_mode": "catmullrom"
						},
						"0.3": {
							"post": [-2.46, 0.07, -0.51],
							"lerp_mode": "catmullrom"
						},
						"0.3333": {
							"post": [-2.15, 0.06, -0.11],
							"lerp_mode": "catmullrom"
						},
						"0.3667": {
							"post": [-1.74, 0.06, -0.06],
							"lerp_mode": "catmullrom"
						},
						"0.4333": {
							"post": [-1.17, 0.05, -0.07],
							"lerp_mode": "catmullrom"
						},
						"0.4667": {
							"post": [-0.61, 0.04, -0.09],
							"lerp_mode": "catmullrom"
						},
						"0.5": {
							"post": [-0.21, 0.03, -0.09],
							"lerp_mode": "catmullrom"
						},
						"0.5333": {
							"post": [-0.06, 0.02, -0.08],
							"lerp_mode": "catmullrom"
						},
						"0.5667": {
							"post": [0.01, 0.02, -0.06],
							"lerp_mode": "catmullrom"
						},
						"0.6333": {
							"post": [0.01, 0.01, -0.03],
							"lerp_mode": "catmullrom"
						},
						"0.6667": {
							"post": [0, 0, -0.01],
							"lerp_mode": "catmullrom"
						},
						"0.7": {
							"post": [0, 0, 0],
							"lerp_mode": "catmullrom"
						}
					},
					"position": {
						"0.0": {
							"post": [0, 0, 0],
							"lerp_mode": "catmullrom"
						},
						"0.0333": {
							"post": [0, -0.09, 3],
							"lerp_mode": "catmullrom"
						},
						"0.0667": {
							"post": [0, 0.32, 3.5],
							"lerp_mode": "catmullrom"
						},
						"0.1": {
							"post": [0, 0.56, 3.43],
							"lerp_mode": "catmullrom"
						},
						"0.1333": {
							"post": [0, 0.74, 3.14],
							"lerp_mode": "catmullrom"
						},
						"0.1667": {
							"post": [0, 0.73, 1.84],
							"lerp_mode": "catmullrom"
						},
						"0.2": {
							"post": [0, 0.61, 1],
							"lerp_mode": "catmullrom"
						},
						"0.2333": {
							"post": [0, 0.51, 0.59],
							"lerp_mode": "catmullrom"
						},
						"0.2667": {
							"post": [0, 0.42, 0.27],
							"lerp_mode": "catmullrom"
						},
						"0.3": {
							"post": [0, 0.32, 0.11],
							"lerp_mode": "catmullrom"
						},
						"0.3333": {
							"post": [0, 0.19, 0.01],
							"lerp_mode": "catmullrom"
						},
						"0.3667": {
							"post": [0, 0.06, -0.06],
							"lerp_mode": "catmullrom"
						},
						"0.4": {
							"post": [0, 0, -0.08],
							"lerp_mode": "catmullrom"
						},
						"0.4333": {
							"post": [0, -0.05, -0.09],
							"lerp_mode": "catmullrom"
						},
						"0.4667": {
							"post": [0, -0.12, -0.12],
							"lerp_mode": "catmullrom"
						},
						"0.5": {
							"post": [0, -0.13, -0.13],
							"lerp_mode": "catmullrom"
						},
						"0.5333": {
							"post": [0, -0.12, -0.11],
							"lerp_mode": "catmullrom"
						},
						"0.5667": {
							"post": [0, -0.09, -0.08],
							"lerp_mode": "catmullrom"
						},
						"0.6": {
							"post": [0, -0.07, -0.06],
							"lerp_mode": "catmullrom"
						},
						"0.6333": {
							"post": [0, -0.05, -0.05],
							"lerp_mode": "catmullrom"
						},
						"0.6667": {
							"post": [0, -0.02, -0.02],
							"lerp_mode": "catmullrom"
						},
						"0.7": {
							"post": [0, 0, 0],
							"lerp_mode": "catmullrom"
						}
					}
				},
				"constraint": {
					"rotation": {
						"0.0": [0.4, 0.1, 0.1],
						"0.5667": [0, 0, 0],
						"0.6": [0, 0, 0]
					},
					"position": {
						"0.0": [0.2, 0.3, 0.2],
						"0.5667": [0, 0, 0],
						"0.6": [0, 0, 0]
					}
				},
				"trigger": {
					"rotation": {
						"0.0": [0, 0, 0],
						"0.0333": [25, 0, 0],
						"0.1333": [0, 0, 0]
					},
					"position": {
						"0.0": [0, 0, 0],
						"0.0333": [0, 0.1, 0],
						"0.1333": [0, 0, 0]
					}
				},
				"shell_ejection": {
					"rotation": {
						"0.0": [0, 0, 0],
						"0.0667": [0, 0, 0],
						"0.1667": [0, -270.83, 0],
						"0.2667": [0, -406.25, 0],
						"0.3": [0, -541.67, 0],
						"0.4": [0, -677.08, 0],
						"0.4333": [0, -812.5, 0],
						"0.4667": [0, 0, 0]
					},
					"position": {
						"0.0": [0, 0, 0],
						"0.0667": [0, 0.0875, 6.01875],
						"0.1667": [-6.8, 1.0875, 9.41875],
						"0.2667": [-12.9, -0.1875, 15.86875],
						"0.3": [-19.1, -5.7125, 21.11875],
						"0.4": [-37.8, -16.9125, 43.21875],
						"0.4333": [-42, -25.3125, 51.61875],
						"0.4667": [-46.1, -35.0125, 59.71875],
						"0.5667": [0, 0, 0]
					},
					"scale": {
						"0.0": [1, 1, 1],
						"0.4333": {
							"pre": [1, 1, 1],
							"post": [0, 0, 0]
						},
						"0.6333": {
							"pre": [0, 0, 0],
							"post": [1, 1, 1]
						}
					}
				},
				"bullet_in_mag": {
					"rotation": {
						"0.1333": [0, 0, 0],
						"0.1667": [-5, 0, 0],
						"0.2": [0, 0, 0]
					},
					"position": {
						"0.1667": [0, 0, 0.04],
						"0.2": [0, 0.4981, 0.04358],
						"0.3": [0, 0.5, -8]
					}
				},
				"camera": {
					"rotation": {
						"0.0": {
							"post": [0, 0, 0],
							"lerp_mode": "catmullrom"
						},
						"0.1667": {
							"post": [0, 0, -2.055],
							"lerp_mode": "catmullrom"
						},
						"0.2333": {
							"post": [0, 0, 1.37],
							"lerp_mode": "catmullrom"
						},
						"0.3": {
							"post": [0, 0, -0.85],
							"lerp_mode": "catmullrom"
						},
						"0.3667": {
							"post": [0, 0, 0.525],
							"lerp_mode": "catmullrom"
						},
						"0.4333": {
							"post": [0, 0, -0.125],
							"lerp_mode": "catmullrom"
						},
						"0.5333": {
							"post": [0, 0, 0],
							"lerp_mode": "catmullrom"
						}
					}
				},
				"boltCarrier": {
					"position": {
						"0.0": [0, 0, 0],
						"0.1": [0, 0, 10],
						"0.1667": [0, 0, 11],
						"0.3": [0, 0, 0]
					}
				}
			}
		}
	}
}