{
	"format_version": "1.8.0",
	"animations": {
		"static_idle": {
			"loop": true,
			"bones": {
				"lefthand": {
					"rotation": [107.06948, -26.54246, -157.78735],
					"position": [8.4, -12.02, -9.32],
					"scale": [1, 1.5, 1]
				},
				"righthand": {
					"rotation": [89.34309, 2.32981, -180.13183],
					"position": [-6.725, -13.175, 1.225],
					"scale": [1, 1.5, 1]
				}
			}
		},
		"static_idle2": {
			"loop": true,
			"animation_length": 1,
			"bones": {
				"lefthand": {
					"rotation": {
						"0.0417": [107.06948, -26.54246, -157.78735],
						"0.125": [115.81052, -18.20123, -180.43693],
						"0.2917": [154.76251, -52.99757, -206.84051],
						"0.75": [154.76, -53, -206.84],
						"0.9167": [107.06948, -26.54246, -157.78735]
					},
					"position": {
						"0.0417": [8.4, -12.02, -9.32],
						"0.125": [11.1, -16.02, -2.72],
						"0.2917": [10.7, -16.02, 0.58],
						"0.375": [12.6, -7.12, 0.68],
						"0.4167": [11, -4.42, -0.02],
						"0.4583": [8.8, -4.42, -1.22],
						"0.5": [8.2, -5.62, -2.52],
						"0.5417": [8.2, -5.92, -2.82],
						"0.625": [8.2, -5.62, -2.52],
						"0.7083": [11.9, -8.62, -3.62],
						"0.7917": [12.9, -14.02, -4.32],
						"0.9167": [8.4, -12.02, -9.32]
					},
					"scale": [1, 1.5, 1]
				},
				"righthand": {
					"rotation": [89.34309, 2.32981, -180.13183],
					"position": {
						"0.0": [-6.725, -13.175, 1.225],
						"0.0833": [-6.72, -11.17, 1.23]
					},
					"scale": [1, 1.5, 1]
				},
				"root": {
					"rotation": {
						"0.0": [0, 0, 0],
						"0.0833": [6.8, 0.9, -4.6],
						"0.1667": [9.70869, 2.40766, -12.49549],
						"0.25": [10.31, 3.21, -20],
						"0.375": [9.82131, 2.50103, -18.24139],
						"0.5": [9.4798, 1.38604, -15.15813],
						"0.5833": [11.6, 1.39, -11.68],
						"0.75": [2, 11.09, -3.68],
						"0.8333": [-17.2, 11.09, -3.68],
						"1.0": [0, 0, 0]
					},
					"position": {
						"0.0": [0, 0, 0],
						"0.0833": [0.25, -0.35, 0.125],
						"0.1667": [0.45, -1, 0.35],
						"0.25": [0.55, -1.475, 0.575],
						"0.375": [0.7, -1.95, 0.725],
						"0.5": [0.65, -1.975, 0.73],
						"0.5833": [0.375, -2.275, 0.73],
						"0.6667": [-0.15, -2.2, 0.73],
						"0.75": [-0.15, -1.17, 1.03],
						"0.8333": [-0.15, -0.27, 1.93],
						"0.9167": [-0.08, -0.14, 0.47],
						"1.0": [0, 0, 0]
					}
				},
				"lever": {
					"rotation": {
						"0.0833": [0, 0, 0],
						"0.125": [0, -17.5, 0],
						"0.7917": [0, -17.5, 0],
						"0.8333": [0, 0, 0]
					},
					"position": {
						"0.0833": [0, 0, 0],
						"0.125": [-0.35, 0, 0],
						"0.7917": [-0.35, 0, 0],
						"0.8333": [0, 0, 0]
					}
				},
				"front_part": {
					"rotation": {
						"0.0833": [0, 0, 0],
						"0.1667": [50, 0, 0],
						"0.7917": [50, 0, 0],
						"0.8333": [0, 0, 0]
					},
					"position": {
						"0.0833": [0, 0, 0],
						"0.1667": [0, 0, -0.2],
						"0.7917": [0, 0, -0.2],
						"0.8333": [0, 0, 0]
					}
				},
				"bullet": {
					"rotation": {
						"0.0833": [0, 0, 0],
						"0.125": [0, 0, 0],
						"0.1667": {
							"pre": [-72.5, 0, 0],
							"post": [-72.5, 0, 0],
							"lerp_mode": "catmullrom"
						},
						"0.3333": {
							"post": [-235, 0, 0],
							"lerp_mode": "catmullrom"
						},
						"0.375": [0, 0, 0]
					},
					"position": {
						"0.0833": [0, 0, 0],
						"0.125": [0, 0, 1.95],
						"0.1667": {
							"pre": [0.1, -1.9, 4.8],
							"post": [0.1, -1.9, 4.8],
							"lerp_mode": "catmullrom"
						},
						"0.2083": {
							"post": [-3.35, -5.05, 3.75],
							"lerp_mode": "catmullrom"
						},
						"0.3333": {
							"post": [-5, -15, -1],
							"lerp_mode": "catmullrom"
						},
						"0.375": [3.9, -3.2, 2.2],
						"0.4167": [2.2, -1.03, 3.27],
						"0.4583": [0, -0.02, 2.54],
						"0.5": [0, 0, 0]
					}
				},
				"camera": {
					"rotation": {
						"0.0": {
							"post": [0, 0, 0],
							"lerp_mode": "catmullrom"
						},
						"0.0833": {
							"post": [1.1, 0, 0],
							"lerp_mode": "catmullrom"
						},
						"0.2083": {
							"post": [1.6, 0, 0],
							"lerp_mode": "catmullrom"
						},
						"0.3333": {
							"post": [1.6, 1, 0],
							"lerp_mode": "catmullrom"
						},
						"0.4583": {
							"post": [1.4, 1.2, 0],
							"lerp_mode": "catmullrom"
						},
						"0.5": {
							"post": [-0.1, 1.2, 1.5],
							"lerp_mode": "catmullrom"
						},
						"0.5833": {
							"post": [1.2, 1.2, -1.2],
							"lerp_mode": "catmullrom"
						},
						"0.6667": {
							"post": [0.1, 1, 0.2],
							"lerp_mode": "catmullrom"
						},
						"0.7917": {
							"post": [-1.57, 1.07, 0.02],
							"lerp_mode": "catmullrom"
						},
						"0.8333": {
							"post": [-1.8, 1, 1.4],
							"lerp_mode": "catmullrom"
						},
						"0.875": {
							"post": [-1.48, 0.79, -0.69],
							"lerp_mode": "catmullrom"
						},
						"0.9583": {
							"post": [-0.66, 0.54, 0.36],
							"lerp_mode": "catmullrom"
						},
						"1.0": {
							"post": [0, 0, 0],
							"lerp_mode": "catmullrom"
						}
					}
				}
			}
		},
		"static_idle3": {
			"loop": true,
			"animation_length": 1,
			"bones": {
				"lefthand": {
					"rotation": {
						"0.0417": [107.06948, -26.54246, -157.78735],
						"0.125": [115.81052, -18.20123, -180.43693],
						"0.2917": [154.76251, -52.99757, -206.84051],
						"0.75": [154.76, -53, -206.84],
						"0.9167": [107.06948, -26.54246, -157.78735]
					},
					"position": {
						"0.0417": [8.4, -12.02, -9.32],
						"0.125": [11.1, -16.02, -2.72],
						"0.2917": [10.7, -16.02, 0.58],
						"0.375": [12.6, -7.12, 0.68],
						"0.4167": [11, -4.42, -0.02],
						"0.4583": [8.8, -4.42, -1.22],
						"0.5": [8.2, -5.62, -2.52],
						"0.5417": [8.2, -5.92, -2.82],
						"0.625": [8.2, -5.62, -2.52],
						"0.7083": [11.9, -8.62, -3.62],
						"0.7917": [12.9, -14.02, -4.32],
						"0.9167": [8.4, -12.02, -9.32]
					},
					"scale": [1, 1.5, 1]
				},
				"righthand": {
					"rotation": [89.34309, 2.32981, -180.13183],
					"position": {
						"0.0": [-6.725, -13.175, 1.225],
						"0.0833": [-6.72, -11.17, 1.23]
					},
					"scale": [1, 1.5, 1]
				},
				"root": {
					"rotation": {
						"0.0": [0, 0, 0],
						"0.0833": [6.8, 0.9, -4.6],
						"0.1667": [9.70869, 2.40766, -12.49549],
						"0.25": [10.31, 3.21, -20],
						"0.375": [9.82131, 2.50103, -18.24139],
						"0.5": [9.4798, 1.38604, -15.15813],
						"0.5833": [11.6, 1.39, -11.68],
						"0.75": [2, 11.09, -3.68],
						"0.8333": [-17.2, 11.09, -3.68],
						"1.0": [0, 0, 0]
					},
					"position": {
						"0.0": [0, 0, 0],
						"0.0833": [0.25, -0.35, 0.125],
						"0.1667": [0.45, -1, 0.35],
						"0.25": [0.55, -1.475, 0.575],
						"0.375": [0.7, -1.95, 0.725],
						"0.5": [0.65, -1.975, 0.73],
						"0.5833": [0.375, -2.275, 0.73],
						"0.6667": [-0.15, -2.2, 0.73],
						"0.75": [-0.15, -1.17, 1.03],
						"0.8333": [-0.15, -0.27, 1.93],
						"0.9167": [-0.08, -0.14, 0.47],
						"1.0": [0, 0, 0]
					}
				},
				"lever": {
					"rotation": {
						"0.0833": [0, 0, 0],
						"0.125": [0, -17.5, 0],
						"0.7917": [0, -17.5, 0],
						"0.8333": [0, 0, 0]
					},
					"position": {
						"0.0833": [0, 0, 0],
						"0.125": [-0.35, 0, 0],
						"0.7917": [-0.35, 0, 0],
						"0.8333": [0, 0, 0]
					}
				},
				"front_part": {
					"rotation": {
						"0.0833": [0, 0, 0],
						"0.1667": [50, 0, 0],
						"0.7917": [50, 0, 0],
						"0.8333": [0, 0, 0]
					},
					"position": {
						"0.0833": [0, 0, 0],
						"0.1667": [0, 0, -0.2],
						"0.7917": [0, 0, -0.2],
						"0.8333": [0, 0, 0]
					}
				},
				"bullet": {
					"rotation": {
						"0.125": [0, 0, 0],
						"0.1667": [0, 0, 0],
						"0.2083": {
							"pre": [-72.5, 0, 0],
							"post": [-72.5, 0, 0],
							"lerp_mode": "catmullrom"
						},
						"0.3333": {
							"post": [-235, 0, 0],
							"lerp_mode": "catmullrom"
						},
						"0.375": [0, 0, 0]
					},
					"position": {
						"0.125": [0, 0, 0],
						"0.1667": [0, 0, 1.95],
						"0.2083": {
							"pre": [0.1, -1.9, 4.8],
							"post": [0.1, -1.9, 4.8],
							"lerp_mode": "catmullrom"
						},
						"0.25": {
							"post": [-3.35, -5.05, 3.75],
							"lerp_mode": "catmullrom"
						},
						"0.3333": {
							"post": [-5, -15, -1],
							"lerp_mode": "catmullrom"
						},
						"0.375": [3.9, -3.2, 2.2],
						"0.4167": [2.2, -1.03, 3.27],
						"0.4583": [0, -0.02, 2.54],
						"0.5": [0, 0, 0]
					}
				},
				"bullet_2": {
					"rotation": {
						"0.125": [0, 0, 0],
						"0.1667": [0, 0, 0],
						"0.2083": {
							"pre": [-72.5, 0, 0],
							"post": [-72.5, 0, 0],
							"lerp_mode": "catmullrom"
						},
						"0.3333": {
							"post": [-235, 0, 0],
							"lerp_mode": "catmullrom"
						},
						"0.375": [0, 0, 0]
					},
					"position": {
						"0.125": [0, 0, 0],
						"0.1667": [0, 0, 1.95],
						"0.2083": {
							"pre": [0.1, -1.9, 4.8],
							"post": [0.1, -1.9, 4.8],
							"lerp_mode": "catmullrom"
						},
						"0.25": {
							"post": [-3.35, -5.05, 3.75],
							"lerp_mode": "catmullrom"
						},
						"0.3333": {
							"post": [-5, -15, -1],
							"lerp_mode": "catmullrom"
						},
						"0.375": [3.9, -3.2, 2.2],
						"0.4167": [2.2, -1.03, 3.27],
						"0.4583": [0, -0.02, 2.54],
						"0.5": [0, 0, 0]
					}
				},
				"camera": {
					"rotation": {
						"0.0": {
							"post": [0, 0, 0],
							"lerp_mode": "catmullrom"
						},
						"0.0833": {
							"post": [1.1, 0, 0],
							"lerp_mode": "catmullrom"
						},
						"0.2083": {
							"post": [1.6, 0, 0],
							"lerp_mode": "catmullrom"
						},
						"0.3333": {
							"post": [1.6, 1, 0],
							"lerp_mode": "catmullrom"
						},
						"0.4583": {
							"post": [1.4, 1.2, 0],
							"lerp_mode": "catmullrom"
						},
						"0.5": {
							"post": [-0.1, 1.2, 1.5],
							"lerp_mode": "catmullrom"
						},
						"0.5833": {
							"post": [1.2, 1.2, -1.2],
							"lerp_mode": "catmullrom"
						},
						"0.6667": {
							"post": [0.1, 1, 0.2],
							"lerp_mode": "catmullrom"
						},
						"0.7917": {
							"post": [-1.57, 1.07, 0.02],
							"lerp_mode": "catmullrom"
						},
						"0.8333": {
							"post": [-1.8, 1, 1.4],
							"lerp_mode": "catmullrom"
						},
						"0.875": {
							"post": [-1.48, 0.79, -0.69],
							"lerp_mode": "catmullrom"
						},
						"0.9583": {
							"post": [-0.66, 0.54, 0.36],
							"lerp_mode": "catmullrom"
						},
						"1.0": {
							"post": [0, 0, 0],
							"lerp_mode": "catmullrom"
						}
					}
				}
			}
		},
		"draw": {
			"animation_length": 0.95,
			"bones": {
				"root": {
					"rotation": {
						"0.0": {
							"post": [42.57929, -37.55577, -0.08401],
							"lerp_mode": "catmullrom"
						},
						"0.2": {
							"post": [24.01193, -29.89831, -5.38555],
							"lerp_mode": "catmullrom"
						},
						"0.3": {
							"post": [-3.04998, -9.12352, 1.70645],
							"lerp_mode": "catmullrom"
						},
						"0.5": {
							"post": [-1.46, 0.47, -1.3],
							"lerp_mode": "catmullrom"
						},
						"0.6": {
							"post": [-0.55, -0.01, 0.82],
							"lerp_mode": "catmullrom"
						},
						"0.75": {
							"post": [0, 0, -0.3],
							"lerp_mode": "catmullrom"
						},
						"0.9": {
							"post": [0, 0, 0],
							"lerp_mode": "catmullrom"
						}
					},
					"position": {
						"0.0": {
							"post": [3.3, -17, 5.7],
							"lerp_mode": "catmullrom"
						},
						"0.2": {
							"post": [1.18, -6.07, -2.76],
							"lerp_mode": "catmullrom"
						},
						"0.45": {
							"post": [0.41, -0.67, -0.3],
							"lerp_mode": "catmullrom"
						},
						"0.55": {
							"post": [0.17, 0, 0.29938],
							"lerp_mode": "catmullrom"
						},
						"0.6": {
							"post": [0.1, 0, 0.6],
							"lerp_mode": "catmullrom"
						},
						"0.7": {
							"post": [0.03, 0.04, -0.06188],
							"lerp_mode": "catmullrom"
						},
						"0.8": {
							"post": [0, 0, 0],
							"lerp_mode": "catmullrom"
						},
						"0.9": {
							"post": [0, 0, 0],
							"lerp_mode": "catmullrom"
						}
					}
				},
				"righthand": {
					"rotation": [89.34309, 2.32981, -180.13183],
					"position": [-6.725, -13.175, 1.225],
					"scale": [1, 1.5, 1]
				},
				"lefthand": {
					"rotation": [107.06948, -26.54246, -157.78735],
					"position": [8.4, -12.02, -9.32],
					"scale": [1, 1.5, 1]
				},
				"camera": {
					"rotation": {
						"0.0": {
							"post": [0, 0, 0],
							"lerp_mode": "catmullrom"
						},
						"0.2": {
							"post": [0.89297, -0.12891, 0.44141],
							"lerp_mode": "catmullrom"
						},
						"0.35": {
							"post": [0.94297, -0.19141, 0.44531],
							"lerp_mode": "catmullrom"
						},
						"0.55": {
							"post": [-0.1, 0.01953, -0.25391],
							"lerp_mode": "catmullrom"
						},
						"0.65": {
							"post": [0.1, 0.01953, 0.27344],
							"lerp_mode": "catmullrom"
						},
						"0.8": {
							"post": [-0.0375, 0.01953, -0.01953],
							"lerp_mode": "catmullrom"
						},
						"0.95": {
							"post": [0, 0, 0],
							"lerp_mode": "catmullrom"
						}
					}
				}
			}
		},
		"put_away": {
			"animation_length": 0.7,
			"bones": {
				"root": {
					"rotation": {
						"0.0": [0, 0, 0],
						"0.125": [-4.53, -1.25, -1.42],
						"0.25": [-27.15, -7.52, -8.53],
						"0.3333": [-42.13045, -11.28181, -12.80042],
						"0.375": [-51.25268, -3.98916, -11.68839],
						"0.5": [-103.4046, 20.10068, 0.608],
						"0.5417": [-125.6123, 26.89034, 4.689],
						"0.5833": [-136.12, 33.68, 8.77],
						"0.6667": [-139.38, 35.33, 10.02]
					},
					"position": {
						"0.0": [0, 0, 0],
						"0.125": [-0.38, 0.11, 0.115],
						"0.25": [-0.85, 0.225, 0.38],
						"0.3333": [-1.325, 1.35, 0.98],
						"0.375": [-1.325, 3.85, 2.08],
						"0.5417": [-2.7, 5.495, 6.54],
						"0.6667": [-4.59, 4.555, 7.07]
					}
				},
				"righthand": {
					"rotation": [89.34309, 2.32981, -180.13183],
					"position": [-6.725, -13.175, 1.225],
					"scale": [1, 1.5, 1]
				},
				"lefthand": {
					"rotation": [107.06948, -26.54246, -157.78735],
					"position": [8.4, -12.02, -9.32],
					"scale": [1, 1.5, 1]
				},
				"lefthand_pos": {
					"position": {
						"0.1667": [0, 0, 0],
						"0.25": [-1.4, -1, 0],
						"0.3333": [-5.47, -6.37, 0],
						"0.4167": [-10.83, -16.48, 6],
						"0.5": [-14, -25, 15.5]
					},
					"scale": {
						"0.2917": [1, 1, 1],
						"0.375": [0, 0, 0]
					}
				},
				"camera": {
					"rotation": {
						"0.0": {
							"post": [0, 0, 0],
							"lerp_mode": "catmullrom"
						},
						"0.0833": {
							"post": [-0.225, 0, -0.125],
							"lerp_mode": "catmullrom"
						},
						"0.25": {
							"post": [0.725, 0, 0.175],
							"lerp_mode": "catmullrom"
						},
						"0.3333": {
							"post": [1.125, 0, 1.575],
							"lerp_mode": "catmullrom"
						},
						"0.4583": {
							"post": [0.275, 0, 1.5],
							"lerp_mode": "catmullrom"
						},
						"0.5417": {
							"post": [0, 0, 0],
							"lerp_mode": "catmullrom"
						}
					}
				}
			}
		},
		"shoot": {
			"animation_length": 1.0417,
			"bones": {
				"root": {
					"rotation": {
						"0.0": {
							"post": [0, 0, 0],
							"lerp_mode": "catmullrom"
						},
						"0.0417": {
							"post": [1.24069, 3.15232, 12],
							"lerp_mode": "catmullrom"
						},
						"0.0833": {
							"post": [-12.82024, 5.33042, -10],
							"lerp_mode": "catmullrom"
						},
						"0.125": {
							"post": [-14.33564, 3.13711, 5.08239],
							"lerp_mode": "catmullrom"
						},
						"0.2083": {
							"post": [-11.7638, 2.35138, -3.1926],
							"lerp_mode": "catmullrom"
						},
						"0.2917": {
							"post": [-7.37698, 2.04951, -4.95354],
							"lerp_mode": "catmullrom"
						},
						"0.4583": {
							"post": [0.92575, -0.17214, -0.01451],
							"lerp_mode": "catmullrom"
						},
						"0.6667": {
							"post": [0.25012, 0.226, 0.49879],
							"lerp_mode": "catmullrom"
						},
						"0.875": {
							"post": [0.04509, 0.01634, -0.42105],
							"lerp_mode": "catmullrom"
						},
						"1.0417": {
							"post": [0, 0, 0],
							"lerp_mode": "catmullrom"
						}
					},
					"position": {
						"0.0": {
							"post": [0, 0, 0],
							"lerp_mode": "catmullrom"
						},
						"0.0417": {
							"post": [0, -0.75, 5],
							"lerp_mode": "catmullrom"
						},
						"0.0833": {
							"post": [0, 0.3, 2],
							"lerp_mode": "catmullrom"
						},
						"0.1667": {
							"post": [-0.125, 0.83, 0.925],
							"lerp_mode": "catmullrom"
						},
						"0.2917": {
							"post": [-0.075, 0.735, 0.92],
							"lerp_mode": "catmullrom"
						},
						"0.4167": {
							"post": [0, 0.03, 0.79],
							"lerp_mode": "catmullrom"
						},
						"0.5417": {
							"post": [0, -0.28, 0.48],
							"lerp_mode": "catmullrom"
						},
						"0.6667": {
							"post": [0, -0.15, 0.025],
							"lerp_mode": "catmullrom"
						},
						"0.8333": {
							"post": [0.03125, -0.01375, 0.095],
							"lerp_mode": "catmullrom"
						},
						"1.0417": {
							"post": [0, 0, 0],
							"lerp_mode": "catmullrom"
						}
					}
				},
				"camera": {
					"rotation": {
						"0.0": {
							"post": [0, 0, 0],
							"lerp_mode": "catmullrom"
						},
						"0.0417": {
							"post": [0, 0, -3],
							"lerp_mode": "catmullrom"
						},
						"0.0833": {
							"post": [0, 0, 3],
							"lerp_mode": "catmullrom"
						},
						"0.1667": {
							"post": [0, 0, -2],
							"lerp_mode": "catmullrom"
						},
						"0.25": {
							"post": [0, 0, 2],
							"lerp_mode": "catmullrom"
						},
						"0.2917": {
							"post": [0, 0, -1],
							"lerp_mode": "catmullrom"
						},
						"0.375": {
							"post": [0, 0, 0.525],
							"lerp_mode": "catmullrom"
						},
						"0.4167": {
							"post": [0, 0, -0.125],
							"lerp_mode": "catmullrom"
						},
						"0.5417": {
							"post": [0, 0, 0],
							"lerp_mode": "catmullrom"
						}
					}
				},
				"constraint": {
					"rotation": {
						"0.0": [0.4, 0.1, 0.1],
						"0.5833": [0, 0, 0]
					},
					"position": {
						"0.0": [0.2, 0.3, 0.2],
						"0.5833": [0, 0, 0]
					}
				}
			}
		},
		"reload_tactical": {
			"animation_length": 2.5,
			"bones": {
				"root": {
					"rotation": {
						"0.0": [0, 0, 0],
						"0.0333": [-0.47, -0.01, 0.2],
						"0.0667": [0.02, 0.09, 0.78],
						"0.1": [4.08, 0.63, 2.19],
						"0.1333": [7.74, 1, 3.74],
						"0.1667": [7.31, 0.33, 4.95],
						"0.2": [4.44, -0.36, 5.59],
						"0.2333": [-7.35, 0.4, 4.12],
						"0.2667": [-6.95, 0.63, -0.12],
						"0.3": [-4.49, 0.86, -5.53],
						"0.3333": [-0.6, 1.16, -7.96],
						"0.3667": [10, 1.89, -1.04],
						"0.4": [19.02, 2.54, 6.88],
						"0.4333": [13.22, 2.64, 2.78],
						"0.4667": [8.45, 2.67, 1.95],
						"0.5": [2.74, 2.7, 1.39],
						"0.5333": [-1.11, 2.72, 1.13],
						"0.5667": [-0.73, 2.75, 1.52],
						"0.6": [1.37, 2.73, 2.09],
						"0.6333": [1.63, 2.71, 2.22],
						"0.6667": [1.56, 2.66, 2.21],
						"0.7": [0.87, 2.47, 1.9],
						"0.7333": [-0.89, 1.75, 0.43],
						"0.7667": [-5.2, 0.92, -1.04],
						"0.8": [-9.87, 0.62, -1.29],
						"0.8333": [-16.03, 0.34, -1.31],
						"0.8667": [-22, 0.1, -1.26],
						"0.9": [-26.08, -0.1, -1.25],
						"0.9333": [-27.53, -0.21, -1.34],
						"0.9667": [-27.34, -0.25, -1.45],
						"1.0": [-26.46, -0.3, -1.54],
						"1.0333": [-25.86, -0.43, -1.55],
						"1.0667": [-25.54, -0.84, -1.4],
						"1.1": [-25.14, -1.35, -1.15],
						"1.1333": [-24.86, -1.72, -0.98],
						"1.1667": [-24.82, -1.83, -1.01],
						"1.2": [-24.9, -1.8, -1.13],
						"1.2333": [-25.04, -1.74, -1.19],
						"1.2667": [-25.46, -1.59, -1.14],
						"1.3": [-25.75, -1.44, -0.97],
						"1.3333": [-25.59, -1.42, -0.79],
						"1.3667": [-25.26, -1.43, -0.56],
						"1.4": [-25.01, -1.44, -0.23],
						"1.4333": [-24.99, -1.44, 1.46],
						"1.4667": [-24.98, -1.44, 0.67],
						"1.5": [-24.96, -1.45, -0.64],
						"1.5333": [-24.94, -1.45, -1.49],
						"1.5667": [-24.89, -1.46, -1.11],
						"1.6": [-24.87, -1.47, -0.35],
						"1.6333": [-24.87, -1.47, -0.23],
						"1.6667": [-19.46, -1.47, -0.14],
						"1.7": [-14.06, -1.47, -0.1],
						"1.7333": [-9.3, -1.46, -0.12],
						"1.7667": [-5.41, -1.44, -0.23],
						"1.8": [-1.1, -1.19, -1.87],
						"1.8333": [3.47, -0.89, 0.69],
						"1.8667": [-33.88, -0.5, -2.5],
						"1.9": [-35.07, -0.34, -3.07],
						"1.9333": [-34.88, -0.43, -3.45],
						"1.9667": [-32.18, -0.88, -3.96],
						"2.0": [-28.27, -1.52, -4.54],
						"2.0333": [-23.67, -2.06, -4.99],
						"2.0667": [-21.15, -2.75, -5.37],
						"2.1": [-16.68, -2.06, -5.28],
						"2.1333": [-10.84, -1, -5.02],
						"2.1667": [-6.38, -0.22, -4.24],
						"2.2": [-3.93, -0.15, 1.52],
						"2.2333": [0.66, -0.52, 0.22],
						"2.2667": [0.81, -0.31, 0.06],
						"2.3": [0.37, 0.03, 0.02],
						"2.3333": [0, 0.25, 0],
						"2.3667": [-0.05, 0.25, -0.02],
						"2.4": [-0.04, 0.17, -0.01],
						"2.4333": [-0.02, 0.07, -0.01],
						"2.4667": [0, 0, 0]
					},
					"position": {
						"0.0": [0, 0, 0],
						"0.0333": [0.11, -0.24, 0.13],
						"0.0667": [0.23, -0.49, 0.29],
						"0.1": [0.38, -0.55, 0.48],
						"0.1333": [0.39, -0.21, 0.57],
						"0.1667": [0.38, 0.1, 0.64],
						"0.2": [0.38, 0.11, 0.68],
						"0.2333": [0.38, -0.13, 0.68],
						"0.2667": [0.38, -0.31, 0.6],
						"0.3": [0.38, -1.41, 0.58],
						"0.3333": [0.38, -2.14, 0.56],
						"0.3667": [0.38, -1.5, 0.57],
						"0.4": [0.38, -0.65, 0.58],
						"0.4333": [0.38, -0.79, 0.56],
						"0.4667": [0.38, -0.88, 0.51],
						"0.5": [0.38, -0.99, 0.42],
						"0.5333": [0.38, -1.07, 0.32],
						"0.5667": [0.38, -1.12, 0.09],
						"0.6": [0.38, -1.17, -0.11],
						"0.6333": [0.38, -1.2, -0.16],
						"0.6667": [0.37, -1.24, -0.18],
						"0.7": [0.37, -1.29, -0.2],
						"0.7333": [0.38, -1.33, -0.23],
						"0.7667": [0.42, -1.4, -0.34],
						"0.8": [0.47, -1.55, -0.46],
						"0.8333": [0.5, -1.94, -0.55],
						"0.8667": [0.52, -2.3, -0.6],
						"0.9": [0.56, -2.32, -0.55],
						"0.9333": [0.57, -2.29, -0.47],
						"0.9667": [0.58, -2.25, -0.35],
						"1.0": [0.58, -2.21, -0.24],
						"1.0333": [0.58, -2.17, -0.15],
						"1.0667": [0.52, -2.12, -0.09],
						"1.1": [0.46, -2.1, -0.08],
						"1.1333": [0.44, -2.12, -0.08],
						"1.1667": [0.43, -2.15, -0.08],
						"1.2": [0.42, -2.19, -0.09],
						"1.2333": [0.41, -2.22, -0.1],
						"1.2667": [0.42, -2.25, -0.11],
						"1.3": [0.43, -2.26, -0.12],
						"1.3333": [0.43, -2.24, -0.12],
						"1.3667": [0.42, -2.21, -0.11],
						"1.4": [0.43, -2.22, -0.12],
						"1.4333": [0.52, -2.57, -0.24],
						"1.4667": [0.48, -2.46, -0.26],
						"1.5": [0.41, -2.27, -0.26],
						"1.5333": [0.33, -2.06, -0.26],
						"1.5667": [0.28, -1.92, -0.24],
						"1.6": [0.27, -1.88, -0.23],
						"1.6333": [0.26, -1.85, -0.2],
						"1.6667": [0.25, -2.04, -0.17],
						"1.7": [0.25, -2.25, -0.15],
						"1.7333": [0.26, -2.38, -0.13],
						"1.7667": [0.28, -2.42, -0.62],
						"1.8": [0.54, -2.23, -1.27],
						"1.8333": [0.54, -2.03, -1.97],
						"1.8667": [0.54, -1.73, -3],
						"1.9": [0.54, -1.43, 0],
						"1.9333": [0.54, -1.23, 0],
						"1.9667": [0.54, -1.13, 0],
						"2.0": [0.54, -1.03, -0.07],
						"2.0333": [0.54, -0.93, -0.27],
						"2.0667": [0.54, -0.73, -0.295],
						"2.1": [0.44, -0.73, -0.27],
						"2.1333": [0.24, -0.73, -0.27],
						"2.1667": [0, -0.52, 0.26],
						"2.2": [-0.01, -0.08, 0.08],
						"2.2333": [0, 0, -0.1],
						"2.2667": [0, 0.02, -0.09],
						"2.3": [0, 0, -0.04],
						"2.3333": [0, -0.04, 0.01],
						"2.3667": [0, -0.06, 0.05],
						"2.4": [0, -0.04, 0.05],
						"2.4333": [0, -0.02, 0.02],
						"2.4667": [0, 0, 0]
					}
				},
				"front_part": {
					"rotation": {
						"0.0": [0, 0, 0],
						"0.1667": [0, 0, 0],
						"0.2667": [50, 0, 0],
						"1.5": [50, 0, 0],
						"1.7333": [50, 0, 0],
						"1.8333": [0, 0, 0]
					},
					"position": {
						"0.0": [0, 0, 0],
						"0.1667": [0, 0, 0],
						"0.2667": [0, 0, 0],
						"1.5": [0, 0, 0],
						"1.7333": [0, 0, 0],
						"1.8333": [0, 0, 0]
					}
				},
				"bullet": {
					"rotation": {
						"0.0": [0, 0, 0],
						"0.2333": [0, 0, 0],
						"0.3": [0, 0, 0],
						"0.3333": [-28.52874, 16.46337, 3.46508],
						"0.4": [-32.39483, 62.4272, 19.90975],
						"0.4667": [-244.1974, 35.2244, -191.57882],
						"0.5667": [-244.1974, 35.2244, -191.57882],
						"0.8": [-244.1974, 35.2244, -191.57882],
						"0.9": [-37.48861, 19.95301, -106.72537],
						"1.1": [0, 2.5, -9.75],
						"1.1667": [0, 0, 0],
						"1.2333": [0, 0, 0]
					},
					"position": {
						"0.0": [0, 0, 0],
						"0.2333": [0, 0, 0],
						"0.3": [0, 0, 5.9],
						"0.3333": [2.225, -5.975, 11.525],
						"0.4": [8.18, -10.12, 11.455],
						"0.4667": [13.07974, -18.88686, 7.72102],
						"0.5667": [17.56831, -26.89201, -1.21874],
						"0.8": [17.56831, -26.89201, -1.21874],
						"0.9": [9.44, -5.515, 2.03],
						"1.0": [1.06893, -0.82972, 3.6258],
						"1.1": [0.15, -0.375, 4.875],
						"1.1667": [0.15, 0, 2.375],
						"1.2333": [0, 0, 0]
					}
				},
				"lefthand": {
					"rotation": {
						"0.0": [107.06948, -26.54246, -157.78735],
						"0.0667": [115.81052, -18.20123, -180.43693],
						"0.1667": [115.81052, -18.20123, -180.43693],
						"0.2667": [115.81052, -18.20123, -180.43693],
						"0.3667": [115.81052, -18.20123, -180.43693],
						"2.2333": [107.06948, -26.54246, -157.78735]
					},
					"position": {
						"0.0": [8.4, -12.02, -9.32],
						"0.0667": [8.4, -10.695, -9.32],
						"0.1667": [8.4, -9.32, -9.32],
						"0.2667": [7.65, -13.92, -8.27],
						"0.3667": [7.65, -13.92, -8.27],
						"0.5333": [17.4, -13.92, 6.73],
						"0.8": [17.4, -13.92, 6.73],
						"0.9": [18.275, -8.095, 2.755],
						"1.0": [9.88, -4.645, 1.13],
						"1.1333": [8.91, -3.965, 0.78],
						"1.1667": [9.05, -4.32, -0.275],
						"1.2333": [9.19, -5.84, -1.245],
						"1.3333": [8.36, -6.44, -1.745],
						"1.5": [8.36, -6.44, -1.745],
						"1.5667": [10.36, -6.44, -0.745],
						"1.6": [10.36, -12.44, 1.255],
						"1.7": [12.36, -12.44, 3.255],
						"1.8333": [6.44, -25.49, 8.98],
						"2.0333": [6.44, -23.49, -0.02],
						"2.2333": [8.4, -12.02, -9.32]
					},
					"scale": [1, 1.5, 1]
				},
				"righthand": {
					"rotation": [89.34309, 2.32981, -180.13183],
					"position": {
						"0.0": [-6.725, -13.175, 1.225],
						"0.1667": [-6.72, -11.17, 1.23],
						"0.2": [-6.725, -13.175, 1.225]
					},
					"scale": [1, 1.5, 1]
				},
				"camera": {
					"rotation": {
						"0.0": [0, 0, 0],
						"0.0333": [0.11, 0, -0.07],
						"0.0667": [0.27, 0, -0.17],
						"0.1": [0.41, 0, -0.27],
						"0.1333": [0.43, 0, -0.36],
						"0.1667": [0.2, 0, -0.48],
						"0.2": [-0.2, 0, -0.62],
						"0.2333": [-0.51, 0, -0.68],
						"0.2667": [-0.5, 0, -0.57],
						"0.3": [0.96, 0, 0.56],
						"0.3333": [2.52, 0, 1.49],
						"0.3667": [2.68, 0, 0.6],
						"0.4": [2.33, 0, -0.42],
						"0.4333": [1.73, 0.03, -0.03],
						"0.4667": [1.23, 0.06, 0.54],
						"0.5": [1.29, 0.07, 0.45],
						"0.5333": [1.53, 0.07, 0.2],
						"0.5667": [1.7, 0.06, 0.03],
						"0.6": [1.7, 0.03, 0.02],
						"0.6333": [1.65, -0.03, 0.07],
						"0.6667": [1.58, -0.09, 0.13],
						"0.7": [1.53, -0.13, 0.18],
						"0.7333": [1.51, -0.13, 0.19],
						"0.7667": [1.55, -0.07, 0.13],
						"0.8": [1.65, 0.04, -0.01],
						"0.8333": [1.81, 0.22, -0.2],
						"0.8667": [2, 0.42, -0.43],
						"0.9": [2.2, 0.65, -0.68],
						"0.9333": [2.4, 0.86, -0.91],
						"0.9667": [2.57, 1.05, -1.11],
						"1.0": [2.71, 1.18, -1.25],
						"1.0333": [2.85, 1.28, -1.35],
						"1.0667": [2.92, 1.3, -1.34],
						"1.1": [2.98, 1.28, -1.29],
						"1.1333": [3.06, 1.26, -1.26],
						"1.1667": [3.19, 1.25, -1.25],
						"1.2": [3.35, 1.22, -1.24],
						"1.2333": [3.5, 1.2, -1.23],
						"1.2667": [3.59, 1.18, -1.23],
						"1.3": [3.61, 1.16, -1.19],
						"1.3333": [3.56, 1.15, -1.14],
						"1.3667": [3.52, 1.15, -1.13],
						"1.4": [3.57, 1.14, -1.22],
						"1.4333": [4.46, 1.12, -2.54],
						"1.4667": [4.2, 1.11, -1.99],
						"1.5": [3.73, 1.1, -1.06],
						"1.5333": [3.41, 1.09, -0.44],
						"1.5667": [3.39, 1.08, -0.47],
						"1.6": [3.47, 1.07, -0.73],
						"1.6333": [3.59, 1.06, -1.05],
						"1.6667": [3.66, 1.05, -1.22],
						"1.7": [3.63, 1.04, -1.1],
						"1.7333": [3.57, 1.02, -0.84],
						"1.7667": [3.59, 1.01, -0.76],
						"1.8": [4.31, 1, -1.89],
						"1.8333": [4.45, 0.99, -2.21],
						"1.8667": [3.83, 0.98, -1.3],
						"1.9": [3.2, 0.96, -0.45],
						"1.9333": [3.27, 0.97, -0.58],
						"1.9667": [3.5, 0.99, -0.99],
						"2.0": [3.32, 0.93, -1.2],
						"2.0333": [2.59, 0.78, -1.07],
						"2.0667": [1.5, 0.58, -0.8],
						"2.1": [0.42, 0.38, -0.47],
						"2.1333": [-0.28, 0.22, -0.17],
						"2.1667": [-0.24, 0.07, 0.48],
						"2.2": [0.21, 0, 0.86],
						"2.2333": [0.08, -0.01, 0.38],
						"2.2667": [-0.11, 0, -0.21],
						"2.3": [-0.1, 0, -0.23],
						"2.3333": [-0.04, 0, -0.1],
						"2.3667": [0, 0, 0],
						"2.4": [0.01, 0, 0.02],
						"2.4333": [0, 0, 0.01],
						"2.4667": [0, 0, 0]
					}
				},
				"lever": {
					"rotation": {
						"0.0": [0, 0, 0],
						"0.1333": [0, 0, 0],
						"0.2": [0, -17.5, 0],
						"1.7333": [0, -17.5, 0],
						"1.8": [0, 0, 0]
					},
					"position": {
						"0.0": [0, 0, 0],
						"0.1333": [0, 0, 0],
						"0.2": [-0.35, 0, 0],
						"1.7333": [-0.35, 0, 0],
						"1.8": [0, 0, 0]
					}
				}
			},
			"sound_effects": {
				"0.0": {
					"effect": "ex:725/725_start"
				},
				"0.2333": {
					"effect": "ex:725/725_open"
				},
				"0.8": {
					"effect": "ex:725/725_swing"
				},
				"1.1667": {
					"effect": "ex:725/shell_in"
				},
				"1.7333": {
					"effect": "ex:725/725_close"
				},
				"2.1333": {
					"effect": "ex:725/725_end"
				}
			}
		},
		"reload_empty": {
			"animation_length": 2.5,
			"bones": {
				"root": {
					"rotation": {
						"0.0": [0, 0, 0],
						"0.0333": [-0.47, -0.01, 0.2],
						"0.0667": [0.02, 0.09, 0.78],
						"0.1": [4.08, 0.63, 2.19],
						"0.1333": [7.74, 1, 3.74],
						"0.1667": [7.31, 0.33, 4.95],
						"0.2": [4.44, -0.36, 5.59],
						"0.2333": [-7.35, 0.4, 4.12],
						"0.2667": [-6.95, 0.63, -0.12],
						"0.3": [-4.49, 0.86, -5.53],
						"0.3333": [-0.6, 1.16, -7.96],
						"0.3667": [10, 1.89, -1.04],
						"0.4": [19.02, 2.54, 6.88],
						"0.4333": [13.22, 2.64, 2.78],
						"0.4667": [8.45, 2.67, 1.95],
						"0.5": [2.74, 2.7, 1.39],
						"0.5333": [-1.11, 2.72, 1.13],
						"0.5667": [-0.73, 2.75, 1.52],
						"0.6": [1.37, 2.73, 2.09],
						"0.6333": [1.63, 2.71, 2.22],
						"0.6667": [1.56, 2.66, 2.21],
						"0.7": [0.87, 2.47, 1.9],
						"0.7333": [-0.89, 1.75, 0.43],
						"0.7667": [-5.2, 0.92, -1.04],
						"0.8": [-9.87, 0.62, -1.29],
						"0.8333": [-16.03, 0.34, -1.31],
						"0.8667": [-22, 0.1, -1.26],
						"0.9": [-26.08, -0.1, -1.25],
						"0.9333": [-27.53, -0.21, -1.34],
						"0.9667": [-27.34, -0.25, -1.45],
						"1.0": [-26.46, -0.3, -1.54],
						"1.0333": [-25.86, -0.43, -1.55],
						"1.0667": [-25.54, -0.84, -1.4],
						"1.1": [-25.14, -1.35, -1.15],
						"1.1333": [-24.86, -1.72, -0.98],
						"1.1667": [-24.82, -1.83, -1.01],
						"1.2": [-24.9, -1.8, -1.13],
						"1.2333": [-25.04, -1.74, -1.19],
						"1.2667": [-25.46, -1.59, -1.14],
						"1.3": [-25.75, -1.44, -0.97],
						"1.3333": [-25.59, -1.42, -0.79],
						"1.3667": [-25.26, -1.43, -0.56],
						"1.4": [-25.01, -1.44, -0.23],
						"1.4333": [-24.99, -1.44, 1.46],
						"1.4667": [-24.98, -1.44, 0.67],
						"1.5": [-24.96, -1.45, -0.64],
						"1.5333": [-24.94, -1.45, -1.49],
						"1.5667": [-24.89, -1.46, -1.11],
						"1.6": [-24.87, -1.47, -0.35],
						"1.6333": [-24.87, -1.47, -0.23],
						"1.6667": [-19.46, -1.47, -0.14],
						"1.7": [-14.06, -1.47, -0.1],
						"1.7333": [-9.3, -1.46, -0.12],
						"1.7667": [-5.41, -1.44, -0.23],
						"1.8": [-1.1, -1.19, -1.87],
						"1.8333": [3.47, -0.89, 0.69],
						"1.8667": [-33.88, -0.5, -2.5],
						"1.9": [-35.07, -0.34, -3.07],
						"1.9333": [-34.88, -0.43, -3.45],
						"1.9667": [-32.18, -0.88, -3.96],
						"2.0": [-28.27, -1.52, -4.54],
						"2.0333": [-23.67, -2.06, -4.99],
						"2.0667": [-21.15, -2.75, -5.37],
						"2.1": [-16.68, -2.06, -5.28],
						"2.1333": [-10.84, -1, -5.02],
						"2.1667": [-6.38, -0.22, -4.24],
						"2.2": [-3.93, -0.15, 1.52],
						"2.2333": [0.66, -0.52, 0.22],
						"2.2667": [0.81, -0.31, 0.06],
						"2.3": [0.37, 0.03, 0.02],
						"2.3333": [0, 0.25, 0],
						"2.3667": [-0.05, 0.25, -0.02],
						"2.4": [-0.04, 0.17, -0.01],
						"2.4333": [-0.02, 0.07, -0.01],
						"2.4667": [0, 0, 0]
					},
					"position": {
						"0.0": [0, 0, 0],
						"0.0333": [0.11, -0.24, 0.13],
						"0.0667": [0.23, -0.49, 0.29],
						"0.1": [0.38, -0.55, 0.48],
						"0.1333": [0.39, -0.21, 0.57],
						"0.1667": [0.38, 0.1, 0.64],
						"0.2": [0.38, 0.11, 0.68],
						"0.2333": [0.38, -0.13, 0.68],
						"0.2667": [0.38, -0.31, 0.6],
						"0.3": [0.38, -1.41, 0.58],
						"0.3333": [0.38, -2.14, 0.56],
						"0.3667": [0.38, -1.5, 0.57],
						"0.4": [0.38, -0.65, 0.58],
						"0.4333": [0.38, -0.79, 0.56],
						"0.4667": [0.38, -0.88, 0.51],
						"0.5": [0.38, -0.99, 0.42],
						"0.5333": [0.38, -1.07, 0.32],
						"0.5667": [0.38, -1.12, 0.09],
						"0.6": [0.38, -1.17, -0.11],
						"0.6333": [0.38, -1.2, -0.16],
						"0.6667": [0.37, -1.24, -0.18],
						"0.7": [0.37, -1.29, -0.2],
						"0.7333": [0.38, -1.33, -0.23],
						"0.7667": [0.42, -1.4, -0.34],
						"0.8": [0.47, -1.55, -0.46],
						"0.8333": [0.5, -1.94, -0.55],
						"0.8667": [0.52, -2.3, -0.6],
						"0.9": [0.56, -2.32, -0.55],
						"0.9333": [0.57, -2.29, -0.47],
						"0.9667": [0.58, -2.25, -0.35],
						"1.0": [0.58, -2.21, -0.24],
						"1.0333": [0.58, -2.17, -0.15],
						"1.0667": [0.52, -2.12, -0.09],
						"1.1": [0.46, -2.1, -0.08],
						"1.1333": [0.44, -2.12, -0.08],
						"1.1667": [0.43, -2.15, -0.08],
						"1.2": [0.42, -2.19, -0.09],
						"1.2333": [0.41, -2.22, -0.1],
						"1.2667": [0.42, -2.25, -0.11],
						"1.3": [0.43, -2.26, -0.12],
						"1.3333": [0.43, -2.24, -0.12],
						"1.3667": [0.42, -2.21, -0.11],
						"1.4": [0.43, -2.22, -0.12],
						"1.4333": [0.52, -2.57, -0.24],
						"1.4667": [0.48, -2.46, -0.26],
						"1.5": [0.41, -2.27, -0.26],
						"1.5333": [0.33, -2.06, -0.26],
						"1.5667": [0.28, -1.92, -0.24],
						"1.6": [0.27, -1.88, -0.23],
						"1.6333": [0.26, -1.85, -0.2],
						"1.6667": [0.25, -2.04, -0.17],
						"1.7": [0.25, -2.25, -0.15],
						"1.7333": [0.26, -2.38, -0.13],
						"1.7667": [0.28, -2.42, -0.62],
						"1.8": [0.54, -2.23, -1.27],
						"1.8333": [0.54, -2.03, -1.97],
						"1.8667": [0.54, -1.73, -3],
						"1.9": [0.54, -1.43, 0],
						"1.9333": [0.54, -1.23, 0],
						"1.9667": [0.54, -1.13, 0],
						"2.0": [0.54, -1.03, -0.07],
						"2.0333": [0.54, -0.93, -0.27],
						"2.0667": [0.54, -0.73, -0.295],
						"2.1": [0.44, -0.73, -0.27],
						"2.1333": [0.24, -0.73, -0.27],
						"2.1667": [0, -0.52, 0.26],
						"2.2": [-0.01, -0.08, 0.08],
						"2.2333": [0, 0, -0.1],
						"2.2667": [0, 0.02, -0.09],
						"2.3": [0, 0, -0.04],
						"2.3333": [0, -0.04, 0.01],
						"2.3667": [0, -0.06, 0.05],
						"2.4": [0, -0.04, 0.05],
						"2.4333": [0, -0.02, 0.02],
						"2.4667": [0, 0, 0]
					}
				},
				"front_part": {
					"rotation": {
						"0.0": [0, 0, 0],
						"0.1667": [0, 0, 0],
						"0.2667": [50, 0, 0],
						"1.5": [50, 0, 0],
						"1.7333": [50, 0, 0],
						"1.8333": [0, 0, 0]
					},
					"position": {
						"0.0": [0, 0, 0],
						"0.1667": [0, 0, 0],
						"0.2667": [0, 0, 0],
						"1.5": [0, 0, 0],
						"1.7333": [0, 0, 0],
						"1.8333": [0, 0, 0]
					}
				},
				"bullet": {
					"rotation": {
						"0.0": [0, 0, 0],
						"0.2333": [0, 0, 0],
						"0.3": [0, 0, 0],
						"0.3333": [-28.52874, 16.46337, 3.46508],
						"0.4": [-32.39483, 62.4272, 19.90975],
						"0.4667": [-244.1974, 35.2244, -191.57882],
						"0.5667": [-244.1974, 35.2244, -191.57882],
						"0.8": [-244.1974, 35.2244, -191.57882],
						"0.9": [-37.48861, 19.95301, -106.72537],
						"1.1": [0, 2.5, -9.75],
						"1.1667": [0, 0, 0],
						"1.2333": [0, 0, 0]
					},
					"position": {
						"0.0": [0, 0, 0],
						"0.2333": [0, 0, 0],
						"0.3": [0, 0, 5.9],
						"0.3333": [2.225, -5.975, 11.525],
						"0.4": [8.18, -10.12, 11.455],
						"0.4667": [13.07974, -18.88686, 7.72102],
						"0.5667": [17.56831, -26.89201, -1.21874],
						"0.8": [17.56831, -26.89201, -1.21874],
						"0.9": [9.44, -5.515, 2.03],
						"1.0": [1.06893, -0.82972, 3.6258],
						"1.1": [0.15, -0.375, 4.875],
						"1.1667": [0.15, 0, 2.375],
						"1.2333": [0, 0, 0]
					}
				},
				"lefthand": {
					"rotation": {
						"0.0": [107.06948, -26.54246, -157.78735],
						"0.0667": [115.81052, -18.20123, -180.43693],
						"0.1667": [115.81052, -18.20123, -180.43693],
						"0.2667": [115.81052, -18.20123, -180.43693],
						"0.3667": [115.81052, -18.20123, -180.43693],
						"2.2333": [107.06948, -26.54246, -157.78735]
					},
					"position": {
						"0.0": [8.4, -12.02, -9.32],
						"0.0667": [8.4, -10.695, -9.32],
						"0.1667": [8.4, -9.32, -9.32],
						"0.2667": [7.65, -13.92, -8.27],
						"0.3667": [7.65, -13.92, -8.27],
						"0.5333": [17.4, -13.92, 6.73],
						"0.8": [17.4, -13.92, 6.73],
						"0.9": [18.275, -8.095, 2.755],
						"1.0": [9.88, -4.645, 1.13],
						"1.1333": [8.91, -3.965, 0.78],
						"1.1667": [9.05, -4.32, -0.275],
						"1.2333": [9.19, -5.84, -1.245],
						"1.3333": [8.36, -6.44, -1.745],
						"1.5": [8.36, -6.44, -1.745],
						"1.5667": [10.36, -6.44, -0.745],
						"1.6": [10.36, -12.44, 1.255],
						"1.7": [12.36, -12.44, 3.255],
						"1.8333": [6.44, -25.49, 8.98],
						"2.0333": [6.44, -23.49, -0.02],
						"2.2333": [8.4, -12.02, -9.32]
					},
					"scale": [1, 1.5, 1]
				},
				"righthand": {
					"rotation": [89.34309, 2.32981, -180.13183],
					"position": {
						"0.0": [-6.725, -13.175, 1.225],
						"0.1667": [-6.72, -11.17, 1.23],
						"0.2": [-6.725, -13.175, 1.225]
					},
					"scale": [1, 1.5, 1]
				},
				"camera": {
					"rotation": {
						"0.0": [0, 0, 0],
						"0.0333": [0.11, 0, -0.07],
						"0.0667": [0.27, 0, -0.17],
						"0.1": [0.41, 0, -0.27],
						"0.1333": [0.43, 0, -0.36],
						"0.1667": [0.2, 0, -0.48],
						"0.2": [-0.2, 0, -0.62],
						"0.2333": [-0.51, 0, -0.68],
						"0.2667": [-0.5, 0, -0.57],
						"0.3": [0.96, 0, 0.56],
						"0.3333": [2.52, 0, 1.49],
						"0.3667": [2.68, 0, 0.6],
						"0.4": [2.33, 0, -0.42],
						"0.4333": [1.73, 0.03, -0.03],
						"0.4667": [1.23, 0.06, 0.54],
						"0.5": [1.29, 0.07, 0.45],
						"0.5333": [1.53, 0.07, 0.2],
						"0.5667": [1.7, 0.06, 0.03],
						"0.6": [1.7, 0.03, 0.02],
						"0.6333": [1.65, -0.03, 0.07],
						"0.6667": [1.58, -0.09, 0.13],
						"0.7": [1.53, -0.13, 0.18],
						"0.7333": [1.51, -0.13, 0.19],
						"0.7667": [1.55, -0.07, 0.13],
						"0.8": [1.65, 0.04, -0.01],
						"0.8333": [1.81, 0.22, -0.2],
						"0.8667": [2, 0.42, -0.43],
						"0.9": [2.2, 0.65, -0.68],
						"0.9333": [2.4, 0.86, -0.91],
						"0.9667": [2.57, 1.05, -1.11],
						"1.0": [2.71, 1.18, -1.25],
						"1.0333": [2.85, 1.28, -1.35],
						"1.0667": [2.92, 1.3, -1.34],
						"1.1": [2.98, 1.28, -1.29],
						"1.1333": [3.06, 1.26, -1.26],
						"1.1667": [3.19, 1.25, -1.25],
						"1.2": [3.35, 1.22, -1.24],
						"1.2333": [3.5, 1.2, -1.23],
						"1.2667": [3.59, 1.18, -1.23],
						"1.3": [3.61, 1.16, -1.19],
						"1.3333": [3.56, 1.15, -1.14],
						"1.3667": [3.52, 1.15, -1.13],
						"1.4": [3.57, 1.14, -1.22],
						"1.4333": [4.46, 1.12, -2.54],
						"1.4667": [4.2, 1.11, -1.99],
						"1.5": [3.73, 1.1, -1.06],
						"1.5333": [3.41, 1.09, -0.44],
						"1.5667": [3.39, 1.08, -0.47],
						"1.6": [3.47, 1.07, -0.73],
						"1.6333": [3.59, 1.06, -1.05],
						"1.6667": [3.66, 1.05, -1.22],
						"1.7": [3.63, 1.04, -1.1],
						"1.7333": [3.57, 1.02, -0.84],
						"1.7667": [3.59, 1.01, -0.76],
						"1.8": [4.31, 1, -1.89],
						"1.8333": [4.45, 0.99, -2.21],
						"1.8667": [3.83, 0.98, -1.3],
						"1.9": [3.2, 0.96, -0.45],
						"1.9333": [3.27, 0.97, -0.58],
						"1.9667": [3.5, 0.99, -0.99],
						"2.0": [3.32, 0.93, -1.2],
						"2.0333": [2.59, 0.78, -1.07],
						"2.0667": [1.5, 0.58, -0.8],
						"2.1": [0.42, 0.38, -0.47],
						"2.1333": [-0.28, 0.22, -0.17],
						"2.1667": [-0.24, 0.07, 0.48],
						"2.2": [0.21, 0, 0.86],
						"2.2333": [0.08, -0.01, 0.38],
						"2.2667": [-0.11, 0, -0.21],
						"2.3": [-0.1, 0, -0.23],
						"2.3333": [-0.04, 0, -0.1],
						"2.3667": [0, 0, 0],
						"2.4": [0.01, 0, 0.02],
						"2.4333": [0, 0, 0.01],
						"2.4667": [0, 0, 0]
					}
				},
				"lever": {
					"rotation": {
						"0.0": [0, 0, 0],
						"0.1333": [0, 0, 0],
						"0.2": [0, -17.5, 0],
						"1.7333": [0, -17.5, 0],
						"1.8": [0, 0, 0]
					},
					"position": {
						"0.0": [0, 0, 0],
						"0.1333": [0, 0, 0],
						"0.2": [-0.35, 0, 0],
						"1.7333": [-0.35, 0, 0],
						"1.8": [0, 0, 0]
					}
				},
				"bullet_2": {
					"rotation": {
						"0.0": [13.13669, -9.57439, -20.20505],
						"0.2333": [0, 0, 0],
						"0.3": [0, 0, 0],
						"0.3333": [-28.52874, 16.46337, 3.46508],
						"0.4": [-32.39483, 62.4272, 19.90975],
						"0.4667": [-244.1974, 35.2244, -191.57882],
						"0.5667": [-244.1974, 35.2244, -191.57882],
						"0.8": [-244.1974, 35.2244, -191.57882],
						"0.9": [-37.48861, 19.95301, -106.72537],
						"1.1": [0, 2.5, -9.75],
						"1.1667": [0, 0, 0],
						"1.2333": [0, 0, 0]
					},
					"position": {
						"0.0": [0, 0, 0],
						"0.2333": [0, 0, 0],
						"0.3": [0, 0, 5.9],
						"0.3333": [2.225, -5.975, 11.525],
						"0.4": [8.18, -10.12, 11.455],
						"0.4667": [13.07974, -18.88686, 7.72102],
						"0.5667": [17.56831, -26.89201, -1.21874],
						"0.8": [17.56831, -26.89201, -1.21874],
						"0.9": [9.44, -5.515, 2.03],
						"1.0": [1.06893, -0.82972, 3.6258],
						"1.1": [0.15, -0.375, 4.875],
						"1.1667": [0.15, 0, 2.375],
						"1.2333": [0, 0, 0]
					}
				}
			},
			"sound_effects": {
				"0.0": {
					"effect": "ex:725/725_start"
				},
				"0.2333": {
					"effect": "ex:725/725_open"
				},
				"0.8": {
					"effect": "ex:725/725_swing"
				},
				"1.1667": {
					"effect": "ex:725/shell_in"
				},
				"1.7333": {
					"effect": "ex:725/725_close"
				},
				"2.1333": {
					"effect": "ex:725/725_end"
				}
			}
		},
		"inspect": {
			"animation_length": 5.5833,
			"bones": {
				"root": {
					"rotation": {
						"0.0": [0, 0, 0],
						"0.0417": [-5.79, 0.13, 1.95],
						"0.1667": [-17.59, -10.78, -12.86],
						"0.25": [-25.6, -24.52, -35.41],
						"0.2917": [-27.59976, -27.22756, -41.19159],
						"0.3333": [-29.18247, -28.58725, -44.21775],
						"0.4167": [-31.13848, -27.68974, -42.19082],
						"0.5": [-30.66598, -28.14222, -43.20004],
						"0.5833": [-31.42, -28.14, -43.2],
						"0.7083": [-32.01, -27.44, -41.92],
						"0.9167": [-31.74, -28, -42.94],
						"1.0": [-31.76, -28.22, -43.36],
						"1.5": [-31.20393, -28.6466, -44.18009],
						"1.5417": [-29.85, -30.65, -48.19],
						"1.6667": [-29.18045, -31.65513, -50.18764],
						"1.7917": [-29.71221, -31.16351, -49.16731],
						"1.9583": [-29.71, -31.16, -49.17],
						"2.2083": [-29.1733, -31.63628, -50.20015],
						"2.2917": [-28.77, -30.86, -48.82],
						"2.4167": [-27.89, -26.22, -40.22],
						"2.4583": [-26.12, -16.94, -23.01],
						"2.5": [-27.22851, -1.49811, -0.30357],
						"2.6667": [-27.64133, 13.07175, 55.7761],
						"2.7917": [-27.55942, 13.18741, 56.01913],
						"2.9167": [-26.63512, 14.213, 58.2211],
						"3.0833": [-27.05095, 13.76144, 57.23672],
						"3.2917": [-27.18, 13.27, 56.94],
						"3.5": [-27.3, 13.11, 56.64],
						"3.75": [-27.43825, 13.30227, 56.26287],
						"3.9583": [-27.13612, 16.9047, 59.22256],
						"4.125": [-27.60586, 16.4605, 58.21082],
						"4.3333": [-27.25, 16.82, 58.99],
						"4.5417": [-27.1, 16.74, 59.31],
						"4.7083": [-26.95, 16.21, 59.62],
						"4.7917": [-26.5, 14.14, 57.6],
						"5.0417": [-4.78485, -1.03643, 9.2118],
						"5.1667": [1.9612, -0.55625, 7.98076],
						"5.2917": [0.66898, -0.48139, 1.31942],
						"5.375": [-1.00521, -0.46117, 2.73757],
						"5.5417": [0, 0, 0]
					},
					"position": {
						"0.0": [0, 0, 0],
						"0.0833": [0.53, 0.23, 0],
						"0.1667": [1.27, 0.5, 0],
						"0.2917": [1.89, 1.07, 0],
						"0.375": [1.8, 0.3, 0],
						"0.5": [1.6, 0.9, 0],
						"0.5833": [1.6, 1.3, 0],
						"0.7083": [1.6, 1.3, 0],
						"0.7917": [1.6, 1.3, 0],
						"0.875": [1.6, 1.3, 0],
						"1.0417": [1.6, 1.3, 0],
						"1.2917": [1.6, 1.3, 0],
						"1.5417": [1.6, 1.3, 0],
						"1.625": [1.6, 1.3, 0],
						"2.0": [1.6, 1.3, 0],
						"2.0833": [1.6, 1.3, 0],
						"2.2917": [1.6, 1.3, 0],
						"2.375": [1.7, 1.3, 0],
						"2.5": [-0.05, 1.3, -0.9],
						"2.625": [0.25, 0.9, -1.2],
						"2.75": [0.6, 0.88, -1.3],
						"2.8333": [0.6, 0.88, -1.3],
						"3.0": [0.6, 0.88, -1.3],
						"3.2083": [0.6, 0.88, -1.3],
						"3.75": [0.6, 0.88, -1.3],
						"4.0417": [0.6, 0.88, -1.3],
						"4.3333": [0.6, 0.88, -1.3],
						"4.7083": [0.6, 0.88, -1.3],
						"5.0": [-0.1, -0.3, -0.3],
						"5.3333": [0, 0, 0.22],
						"5.4167": [0, -0.2, -0.17],
						"5.5833": [0, 0, 0]
					}
				},
				"righthand": {
					"rotation": [89.34309, 2.32981, -180.13183],
					"position": [-6.725, -13.175, 1.225],
					"scale": [1, 1.5, 1]
				},
				"lefthand": {
					"rotation": {
						"0.0": [107.06948, -26.54246, -157.78735],
						"5.25": [107.06948, -26.54246, -157.78735]
					},
					"position": {
						"0.0": [8.4, -12.02, -9.32],
						"0.5": [10.89, -15.62, 25.26],
						"2.25": [-3.11, -29.62, 25.26],
						"2.5": [8.39, -11.145, -4.915],
						"4.9583": [8.39, -11.145, -4.915],
						"5.25": [8.4, -12.02, -9.32]
					},
					"scale": {
						"0.0": [1, 1.5, 1],
						"0.5": [0, 0, 0],
						"2.25": [0, 0, 0],
						"2.4583": [1, 1, 1],
						"2.5": [1, 1.5, 1],
						"4.9583": [1, 1.5, 1]
					}
				},
				"camera": {
					"rotation": {
						"0.0": {
							"post": [0, 0, 0],
							"lerp_mode": "catmullrom"
						},
						"0.0833": {
							"post": [2.38, 0.54, 0],
							"lerp_mode": "catmullrom"
						},
						"0.2083": {
							"post": [2.43, 0.89, 0],
							"lerp_mode": "catmullrom"
						},
						"0.2917": {
							"post": [1.29, 1.16, 0],
							"lerp_mode": "catmullrom"
						},
						"0.4167": {
							"post": [-1, 1.1, 0],
							"lerp_mode": "catmullrom"
						},
						"0.5833": {
							"post": [-2.00275, 1.09939, -0.03503],
							"lerp_mode": "catmullrom"
						},
						"0.9167": {
							"post": [-1.25, 1.1, -0.04],
							"lerp_mode": "catmullrom"
						},
						"1.2083": {
							"post": [-1.53, 1.64, -0.05],
							"lerp_mode": "catmullrom"
						},
						"1.4167": {
							"post": [-1.9, 1.87, -0.05],
							"lerp_mode": "catmullrom"
						},
						"1.7083": {
							"post": [-2.6, 2.1, -0.05],
							"lerp_mode": "catmullrom"
						},
						"1.9167": {
							"post": [-2.45, 2.1, -0.05],
							"lerp_mode": "catmullrom"
						},
						"2.0833": {
							"post": [-2.62, 2.1, -0.05],
							"lerp_mode": "catmullrom"
						},
						"2.25": {
							"post": [-3, 2.1, -0.05],
							"lerp_mode": "catmullrom"
						},
						"2.4167": {
							"post": [-0.74, 1.55, 0.02],
							"lerp_mode": "catmullrom"
						},
						"2.5": {
							"post": [0.26, 1.85, 0.06],
							"lerp_mode": "catmullrom"
						},
						"2.5833": {
							"post": [0.76, 1.75, 0.08],
							"lerp_mode": "catmullrom"
						},
						"2.7917": {
							"post": [1.76, 1.75, 0.08],
							"lerp_mode": "catmullrom"
						},
						"2.9167": {
							"post": [1.47, 1.75, 0.08],
							"lerp_mode": "catmullrom"
						},
						"3.0": {
							"post": [1.4, 1.75, 0.08],
							"lerp_mode": "catmullrom"
						},
						"3.1667": {
							"post": [1.32, 1.75, 0.08],
							"lerp_mode": "catmullrom"
						},
						"3.3333": {
							"post": [1.06, 1.75, 0.08],
							"lerp_mode": "catmullrom"
						},
						"3.7083": {
							"post": [0.36, 1.75, 0.08],
							"lerp_mode": "catmullrom"
						},
						"3.7917": {
							"post": [0.04, 1.75, 0.08],
							"lerp_mode": "catmullrom"
						},
						"3.9167": {
							"post": [-0.41, 1.75, 0.08],
							"lerp_mode": "catmullrom"
						},
						"4.0417": {
							"post": [-0.82, 1.75, 0.08],
							"lerp_mode": "catmullrom"
						},
						"4.4167": {
							"post": [-0.77, 1.75, 0.08],
							"lerp_mode": "catmullrom"
						},
						"4.5833": {
							"post": [-0.75, 1.75, 0.08],
							"lerp_mode": "catmullrom"
						},
						"4.7917": {
							"post": [-0.74, 1.75, 0.08],
							"lerp_mode": "catmullrom"
						},
						"4.9167": {
							"post": [1.29018, 1.7103, 1.07967],
							"lerp_mode": "catmullrom"
						},
						"5.0": {
							"post": [2.13, 1.06, 0.67],
							"lerp_mode": "catmullrom"
						},
						"5.125": {
							"post": [1.91, 0.55, 0.35],
							"lerp_mode": "catmullrom"
						},
						"5.25": {
							"post": [-1, 0, 0],
							"lerp_mode": "catmullrom"
						},
						"5.375": {
							"post": [0.4, 0, 0],
							"lerp_mode": "catmullrom"
						},
						"5.5": {
							"post": [0, 0, 0],
							"lerp_mode": "catmullrom"
						}
					}
				}
			},
			"sound_effects": {
				"0.0": {
					"effect": "ex:725/725_inspect_raise"
				},
				"1.5": {
					"effect": "ex:725/725_inspect_rattle"
				},
				"2.375": {
					"effect": "ex:725/725_inspect_rotate"
				},
				"4.7917": {
					"effect": "ex:725/725_end"
				}
			}
		},
		"inspect_empty": {
			"animation_length": 5.5833,
			"bones": {
				"root": {
					"rotation": {
						"0.0": [0, 0, 0],
						"0.0417": [-5.79, 0.13, 1.95],
						"0.1667": [-17.59, -10.78, -12.86],
						"0.25": [-25.6, -24.52, -35.41],
						"0.2917": [-27.59976, -27.22756, -41.19159],
						"0.3333": [-29.18247, -28.58725, -44.21775],
						"0.4167": [-31.13848, -27.68974, -42.19082],
						"0.5": [-30.66598, -28.14222, -43.20004],
						"0.5833": [-31.42, -28.14, -43.2],
						"0.7083": [-32.01, -27.44, -41.92],
						"0.9167": [-31.74, -28, -42.94],
						"1.0": [-31.76, -28.22, -43.36],
						"1.5": [-31.20393, -28.6466, -44.18009],
						"1.5417": [-29.85, -30.65, -48.19],
						"1.6667": [-29.18045, -31.65513, -50.18764],
						"1.7917": [-29.71221, -31.16351, -49.16731],
						"1.9583": [-29.71, -31.16, -49.17],
						"2.2083": [-29.1733, -31.63628, -50.20015],
						"2.2917": [-28.77, -30.86, -48.82],
						"2.4167": [-27.89, -26.22, -40.22],
						"2.4583": [-26.12, -16.94, -23.01],
						"2.5": [-27.22851, -1.49811, -0.30357],
						"2.6667": [-27.64133, 13.07175, 55.7761],
						"2.7917": [-27.55942, 13.18741, 56.01913],
						"2.9167": [-26.63512, 14.213, 58.2211],
						"3.0833": [-27.05095, 13.76144, 57.23672],
						"3.2917": [-27.18, 13.27, 56.94],
						"3.5": [-27.3, 13.11, 56.64],
						"3.75": [-27.43825, 13.30227, 56.26287],
						"3.9583": [-27.13612, 16.9047, 59.22256],
						"4.125": [-27.60586, 16.4605, 58.21082],
						"4.3333": [-27.25, 16.82, 58.99],
						"4.5417": [-27.1, 16.74, 59.31],
						"4.7083": [-26.95, 16.21, 59.62],
						"4.7917": [-26.5, 14.14, 57.6],
						"5.0417": [-4.78485, -1.03643, 9.2118],
						"5.1667": [1.9612, -0.55625, 7.98076],
						"5.2917": [0.66898, -0.48139, 1.31942],
						"5.375": [-1.00521, -0.46117, 2.73757],
						"5.5417": [0, 0, 0]
					},
					"position": {
						"0.0": [0, 0, 0],
						"0.0833": [0.53, 0.23, 0],
						"0.1667": [1.27, 0.5, 0],
						"0.2917": [1.89, 1.07, 0],
						"0.375": [1.8, 0.3, 0],
						"0.5": [1.6, 0.9, 0],
						"0.5833": [1.6, 1.3, 0],
						"0.7083": [1.6, 1.3, 0],
						"0.7917": [1.6, 1.3, 0],
						"0.875": [1.6, 1.3, 0],
						"1.0417": [1.6, 1.3, 0],
						"1.2917": [1.6, 1.3, 0],
						"1.5417": [1.6, 1.3, 0],
						"1.625": [1.6, 1.3, 0],
						"2.0": [1.6, 1.3, 0],
						"2.0833": [1.6, 1.3, 0],
						"2.2917": [1.6, 1.3, 0],
						"2.375": [1.7, 1.3, 0],
						"2.5": [-0.05, 1.3, -0.9],
						"2.625": [0.25, 0.9, -1.2],
						"2.75": [0.6, 0.88, -1.3],
						"2.8333": [0.6, 0.88, -1.3],
						"3.0": [0.6, 0.88, -1.3],
						"3.2083": [0.6, 0.88, -1.3],
						"3.75": [0.6, 0.88, -1.3],
						"4.0417": [0.6, 0.88, -1.3],
						"4.3333": [0.6, 0.88, -1.3],
						"4.7083": [0.6, 0.88, -1.3],
						"5.0": [-0.1, -0.3, -0.3],
						"5.3333": [0, 0, 0.22],
						"5.4167": [0, -0.2, -0.17],
						"5.5833": [0, 0, 0]
					}
				},
				"righthand": {
					"rotation": [89.34309, 2.32981, -180.13183],
					"position": [-6.725, -13.175, 1.225],
					"scale": [1, 1.5, 1]
				},
				"lefthand": {
					"rotation": {
						"0.0": [107.06948, -26.54246, -157.78735],
						"5.25": [107.06948, -26.54246, -157.78735]
					},
					"position": {
						"0.0": [8.4, -12.02, -9.32],
						"0.5": [10.89, -15.62, 25.26],
						"2.25": [-3.11, -29.62, 25.26],
						"2.5": [8.39, -11.145, -12.915],
						"4.9583": [8.39, -11.145, -12.915],
						"5.25": [8.4, -12.02, -9.32]
					},
					"scale": {
						"0.0": [1, 1.5, 1],
						"0.5": [0, 0, 0],
						"2.25": [0, 0, 0],
						"2.4583": [1, 1, 1],
						"2.5": [1, 1.5, 1],
						"4.9583": [1, 1.5, 1]
					}
				},
				"camera": {
					"rotation": {
						"0.0": {
							"post": [0, 0, 0],
							"lerp_mode": "catmullrom"
						},
						"0.0833": {
							"post": [2.38, 0.54, 0],
							"lerp_mode": "catmullrom"
						},
						"0.2083": {
							"post": [2.43, 0.89, 0],
							"lerp_mode": "catmullrom"
						},
						"0.2917": {
							"post": [1.29, 1.16, 0],
							"lerp_mode": "catmullrom"
						},
						"0.4167": {
							"post": [-1, 1.1, 0],
							"lerp_mode": "catmullrom"
						},
						"0.5833": {
							"post": [-2.00275, 1.09939, -0.03503],
							"lerp_mode": "catmullrom"
						},
						"0.9167": {
							"post": [-1.25, 1.1, -0.04],
							"lerp_mode": "catmullrom"
						},
						"1.2083": {
							"post": [-1.53, 1.64, -0.05],
							"lerp_mode": "catmullrom"
						},
						"1.4167": {
							"post": [-1.9, 1.87, -0.05],
							"lerp_mode": "catmullrom"
						},
						"1.7083": {
							"post": [-2.6, 2.1, -0.05],
							"lerp_mode": "catmullrom"
						},
						"1.9167": {
							"post": [-2.45, 2.1, -0.05],
							"lerp_mode": "catmullrom"
						},
						"2.0833": {
							"post": [-2.62, 2.1, -0.05],
							"lerp_mode": "catmullrom"
						},
						"2.25": {
							"post": [-3, 2.1, -0.05],
							"lerp_mode": "catmullrom"
						},
						"2.4167": {
							"post": [-0.74, 1.55, 0.02],
							"lerp_mode": "catmullrom"
						},
						"2.5": {
							"post": [0.26, 1.85, 0.06],
							"lerp_mode": "catmullrom"
						},
						"2.5833": {
							"post": [0.76, 1.75, 0.08],
							"lerp_mode": "catmullrom"
						},
						"2.7917": {
							"post": [1.76, 1.75, 0.08],
							"lerp_mode": "catmullrom"
						},
						"2.9167": {
							"post": [1.47, 1.75, 0.08],
							"lerp_mode": "catmullrom"
						},
						"3.0": {
							"post": [1.4, 1.75, 0.08],
							"lerp_mode": "catmullrom"
						},
						"3.1667": {
							"post": [1.32, 1.75, 0.08],
							"lerp_mode": "catmullrom"
						},
						"3.3333": {
							"post": [1.06, 1.75, 0.08],
							"lerp_mode": "catmullrom"
						},
						"3.7083": {
							"post": [0.36, 1.75, 0.08],
							"lerp_mode": "catmullrom"
						},
						"3.7917": {
							"post": [0.04, 1.75, 0.08],
							"lerp_mode": "catmullrom"
						},
						"3.9167": {
							"post": [-0.41, 1.75, 0.08],
							"lerp_mode": "catmullrom"
						},
						"4.0417": {
							"post": [-0.82, 1.75, 0.08],
							"lerp_mode": "catmullrom"
						},
						"4.4167": {
							"post": [-0.77, 1.75, 0.08],
							"lerp_mode": "catmullrom"
						},
						"4.5833": {
							"post": [-0.75, 1.75, 0.08],
							"lerp_mode": "catmullrom"
						},
						"4.7917": {
							"post": [-0.74, 1.75, 0.08],
							"lerp_mode": "catmullrom"
						},
						"4.9167": {
							"post": [1.29018, 1.7103, 1.07967],
							"lerp_mode": "catmullrom"
						},
						"5.0": {
							"post": [2.13, 1.06, 0.67],
							"lerp_mode": "catmullrom"
						},
						"5.125": {
							"post": [1.91, 0.55, 0.35],
							"lerp_mode": "catmullrom"
						},
						"5.25": {
							"post": [-1, 0, 0],
							"lerp_mode": "catmullrom"
						},
						"5.375": {
							"post": [0.4, 0, 0],
							"lerp_mode": "catmullrom"
						},
						"5.5": {
							"post": [0, 0, 0],
							"lerp_mode": "catmullrom"
						}
					}
				}
			},
			"sound_effects": {
				"0.0": {
					"effect": "ex:725/725_inspect_raise"
				},
				"1.5": {
					"effect": "ex:725/725_inspect_rattle"
				},
				"2.375": {
					"effect": "ex:725/725_inspect_rotate"
				},
				"4.7917": {
					"effect": "ex:725/725_end"
				}
			}
		},
		"run": {
			"animation_length": 0.85,
			"bones": {
				"root": {
					"rotation": {
						"0.0": [-68.73, -5.5, -3.14],
						"0.05": [-68.99, -7.39, -3.57],
						"0.1": [-69.36, -9.11, -3.81],
						"0.15": [-69.45, -10.1, -3.75],
						"0.2": [-68.82, -9.82, -3.09],
						"0.25": [-67.92, -8.81, -2.13],
						"0.3": [-67.68, -8.15, -1.7],
						"0.35": [-68.9, -8.72, -2.46],
						"0.4": [-70.77, -9.63, -3.74],
						"0.45": [-71.87, -9.32, -4.34],
						"0.5": [-71.58, -7.25, -3.75],
						"0.55": [-70.7, -4.07, -2.59],
						"0.6": [-69.68, -1.04, -1.42],
						"0.65": [-68.98, 0.57, -0.8],
						"0.7": [-68.67, -0.33, -1.21],
						"0.75": [-68.65, -3, -2.27],
						"0.8": [-68.73, -5.5, -3.14]
					},
					"position": {
						"0.0": [-3.64, -1.38, -0.64],
						"0.05": [-3.63, -1.52, -0.64],
						"0.1": [-3.66, -1.87, -0.64],
						"0.15": [-3.67, -2.23, -0.64],
						"0.2": [-3.64, -2.38, -0.64],
						"0.25": [-3.52, -2.18, -0.64],
						"0.3": [-3.34, -1.78, -0.64],
						"0.35": [-3.19, -1.39, -0.64],
						"0.4": [-3.14, -1.23, -0.64],
						"0.45": [-3.26, -1.47, -0.64],
						"0.5": [-3.5, -1.94, -0.64],
						"0.55": [-3.74, -2.42, -0.64],
						"0.6": [-3.89, -2.64, -0.64],
						"0.65": [-3.89, -2.46, -0.64],
						"0.7": [-3.81, -2.04, -0.64],
						"0.75": [-3.71, -1.6, -0.64],
						"0.8": [-3.64, -1.38, -0.64]
					}
				},
				"lefthand_pos": {
					"position": [-14, -25, 15.5],
					"scale": 0
				},
				"camera": {
					"rotation": {
						"0.0": [0, 0, 0],
						"0.05": [0.09, 0, 0.15],
						"0.1": [0.13, 0, 0.25],
						"0.15": [-0.07, 0, 0.07],
						"0.2": [-0.25, 0, -0.12],
						"0.25": [-0.15, 0, -0.09],
						"0.3": [0, 0, 0],
						"0.35": [0.02, 0, 0.02],
						"0.4": [0, 0, 0],
						"0.45": [-0.01, 0, -0.08],
						"0.5": [0, 0, -0.12],
						"0.55": [0.08, 0, 0],
						"0.6": [0.13, 0, 0.13],
						"0.65": [0, 0, 0.08],
						"0.7": [-0.12, 0, 0],
						"0.75": [-0.09, 0, -0.02],
						"0.8": [0, 0, 0]
					}
				}
			}
		},
		"run_start": {
			"animation_length": 0.55,
			"bones": {
				"root": {
					"rotation": {
						"0.0": [0, 0, 0],
						"0.05": [2.8, -0.48, 3.97],
						"0.1": [5.79, -1.19, 9.23],
						"0.15": [1.73, -2.05, 11.57],
						"0.2": [-10.48, -2.9, 9.39],
						"0.25": [-28.47, -3.91, 4.94],
						"0.3": [-46.79, -4.85, 0.12],
						"0.35": [-59.98, -5.5, -3.14],
						"0.4": [-66.1, -5.75, -4.18],
						"0.45": [-68.22, -5.72, -4.06],
						"0.5": [-68.4, -5.59, -3.49],
						"0.55": [-68.73, -5.5, -3.14]
					},
					"position": {
						"0.0": [0, 0, 0],
						"0.05": [0.06, -0.64, -0.32],
						"0.1": [0.17, -1.58, -0.79],
						"0.15": [0.17, -2.44, -1.22],
						"0.2": [-0.09, -2.83, -1.45],
						"0.25": [-1.13, -2.25, -1.28],
						"0.3": [-2.54, -1.36, -0.83],
						"0.35": [-3.57, -0.59, -0.51],
						"0.4": [-3.83, -0.44, -0.47],
						"0.45": [-3.82, -0.52, -0.51],
						"0.5": [-3.71, -0.98, -0.59],
						"0.55": [-3.64, -1.38, -0.64]
					}
				},
				"lefthand_pos": {
					"position": {
						"0.0": [0, 0, 0],
						"0.1": [-7.17, -3.67, 0],
						"0.2": [-11.83, -12.08, 2],
						"0.3": [-14, -25, 15.5]
					},
					"scale": {
						"0.2": [1, 1, 1],
						"0.3": [0, 0, 0]
					}
				},
				"camera": {
					"rotation": {
						"0.0": {
							"post": [0, 0, 0],
							"lerp_mode": "catmullrom"
						},
						"0.1": {
							"post": [0.75, 0, -0.5],
							"lerp_mode": "catmullrom"
						},
						"0.2": {
							"post": [-0.25, 0, 0.1875],
							"lerp_mode": "catmullrom"
						},
						"0.3": {
							"post": [0, 0, 0],
							"lerp_mode": "catmullrom"
						},
						"0.4": {
							"post": [0, 0, 0],
							"lerp_mode": "catmullrom"
						}
					}
				}
			}
		},
		"run_hold": {
			"animation_length": 0.2917,
			"bones": {
				"root": {
					"rotation": [-68.73314, -5.50468, -3.14473],
					"position": [-3.64, -0.38, -0.64]
				},
				"lefthand_pos": {
					"position": [-14, -25, 15.5],
					"scale": 0
				}
			}
		},
		"run_end": {
			"animation_length": 0.65,
			"bones": {
				"root": {
					"rotation": {
						"0.0": [-68.73, -5.5, -3.14],
						"0.05": [-55.61, -4.21, 0.37],
						"0.1": [-36.44, -2.32, 5.59],
						"0.15": [-17.16, -0.44, 10.34],
						"0.2": [-3.66, 0.81, 12.47],
						"0.25": [1.72, 1.17, 10.52],
						"0.3": [2.4, 1, 5.92],
						"0.35": [1.03, 0.62, 0.91],
						"0.4": [0.28, 0.35, -2.3],
						"0.45": [0.49, 0.21, -2.71],
						"0.5": [0.23, 0.09, -1.23],
						"0.55": [0, 0, 0],
						"0.6": [-0.02, -0.02, 0.14],
						"0.65": [0, 0, 0]
					},
					"position": {
						"0.0": [-3.64, -1.38, -0.64],
						"0.05": [-2.73, -1.11, -1.21],
						"0.1": [-1.47, -2.08, -1.96],
						"0.15": [-0.5, -2.5, -2.25],
						"0.2": [-0.17, -2.06, -1.84],
						"0.25": [-0.04, -1.17, -1.06],
						"0.3": [-0.01, -0.24, -0.23],
						"0.35": [0.02, 0.37, 0.3],
						"0.4": [0.06, 0.47, 0.4],
						"0.45": [0.05, 0.22, 0.18],
						"0.5": [0.03, 0.01, -0.01],
						"0.55": [0.02, -0.02, -0.03],
						"0.6": [0.01, -0.01, -0.01],
						"0.65": [0, 0, 0]
					}
				},
				"camera": {
					"rotation": {
						"0.25": {
							"pre": [0, 0, 0],
							"post": [0, 0, 0],
							"lerp_mode": "catmullrom"
						},
						"0.3": {
							"post": [0, 0, 0.3],
							"lerp_mode": "catmullrom"
						},
						"0.35": {
							"post": [0, 0, -0.125],
							"lerp_mode": "catmullrom"
						},
						"0.45": {
							"post": [0, 0, 0],
							"lerp_mode": "catmullrom"
						}
					}
				},
				"lefthand_pos": {
					"position": {
						"0.0": [-14, -25, 15.5],
						"0.1": [-11.83, -12.08, 2],
						"0.2": [-7.17, -3.67, 0],
						"0.3": [0, 0, 0]
					},
					"scale": {
						"0.15": [0, 0, 0],
						"0.2": [1, 1, 1]
					}
				}
			}
		}
	},
	"geckolib_format_version": 2
}