{
	"format_version": "1.8.0",
	"animations": {
		"static_idle": {
			"loop": true,
			"bones": {
				"lefthand": {
					"rotation": [99.10245, -28.39169, -137.40361],
					"position": [8.025, -11.85, -4.95],
					"scale": [1, 1.5, 1]
				},
				"righthand": {
					"rotation": [92.4939, 3.99619, -180.17476],
					"position": [-6.9, -14.125, 8.425],
					"scale": [1, 1.5, 1]
				},
				"bolt_release": {
					"rotation": [0, 0, 0]
				},
				"constraint": {
					"rotation": [0.1, 0.1, 0.1],
					"position": [0.1, 0.1, 0.35]
				}
			}
		},
		"static_bolt_caught": {
			"animation_length": 0.1,
			"bones": {
				"lefthand": {
					"rotation": [99.10245, -28.39169, -137.40361],
					"position": [8.025, -11.85, -4.95],
					"scale": [1, 1.5, 1]
				},
				"righthand": {
					"rotation": [92.4939, 3.99619, -180.17476],
					"position": [-6.9, -14.125, 8.425],
					"scale": [1, 1.5, 1]
				},
				"bullet": {
					"scale": 0
				},
				"bullet_in_mag": {
					"scale": 0
				},
				"bolt": {
					"position": [0, 0, 5]
				},
				"bolt_release": {
					"rotation": [0, 0, 15]
				}
			}
		},
		"draw": {
			"animation_length": 0.7,
			"bones": {
				"root": {
					"rotation": {
						"0.0": [40.04, 12.53, 7.33],
						"0.0333": [40.04, 12.53, 7.33],
						"0.0667": [40.04, 12.53, 7.33],
						"0.1": [40.04, 12.53, 7.33],
						"0.1333": [40.04, 12.53, 7.33],
						"0.1667": [40.04245, 14.12759, 14.93006],
						"0.2": [39.28877, 15.57833, 18.60022],
						"0.2333": [36.49, 15.58, 18.6],
						"0.2667": [21.39, 15.58, 18.6],
						"0.3": [0.83516, 14.85492, 14.5577],
						"0.3333": [0.44, 14.85, -1.04],
						"0.3667": [-2.21, 14.85, -1.04],
						"0.4": [-3.34013, 13.28076, -2.331],
						"0.4333": [-3.34, 11.58, -2.33],
						"0.4667": [-3.34, 10.08, -2.33],
						"0.5": [-3.34, 8.38, -2.33],
						"0.5333": [-0.94, 5.48, -0.93],
						"0.5667": [0.26, 2.68, 0.27],
						"0.6": [0, 0, 0]
					},
					"position": {
						"0.0": [-14.1, -18.32, 0],
						"0.0333": [-14.1, -18.32, 0],
						"0.0667": [-14.1, -18.32, 0],
						"0.1": [-14.1, -18.32, 0],
						"0.1333": [-11.3, -15.17, 0],
						"0.1667": [-9.1, -11.645, 0],
						"0.2": [-8.25, -8.795, 0],
						"0.2333": [-7.2, -6.77, 0],
						"0.2667": [-6.2, -5.07, 0],
						"0.3": [-4, -1.195, 0],
						"0.3333": [-2.7, 0.28, 0],
						"0.3667": [-2.175, 0.53, 0],
						"0.4": [-1.625, 0.305, 0],
						"0.4333": [-1.42, -0.57, 0],
						"0.4667": [-1.095, -1, 0],
						"0.5": [-0.845, -1.325, 0],
						"0.5333": [-0.52, -1.35, 0],
						"0.5667": [-0.22, -1.2, 0],
						"0.6": [0, 0, 0]
					}
				},
				"lefthand": {
					"rotation": {
						"0.2667": [99.1, -28.39, -137.4],
						"0.3": [99.1, -28.39, -137.4],
						"0.3333": [99.1, -28.39, -137.4],
						"0.3667": [99.1, -28.39, -137.4],
						"0.4": [99.1, -28.39, -137.4],
						"0.4333": [99.1, -28.39, -137.4],
						"0.4667": [99.1, -28.39, -137.4],
						"0.5": [99.1, -28.39, -137.4],
						"0.5333": [99.1, -28.39, -137.4],
						"0.5667": [99.1, -28.39, -137.4],
						"0.6": [99.10245, -28.39169, -137.40361]
					},
					"position": {
						"0.2667": [21.925, -11.325, 14.125],
						"0.3": [18.875, -9.8, 7.275],
						"0.3333": [16.575, -13.1, 6.9],
						"0.3667": [15.23, -12.85, 5.65],
						"0.4": [13.73, -12.675, 3.705],
						"0.4333": [12.905, -12.35, 2.405],
						"0.4667": [11.935, -12.4, 0.785],
						"0.5": [11, -12.185, -0.345],
						"0.5333": [10.07, -11.995, -1.205],
						"0.5667": [9.14, -11.93, -2.84],
						"0.6": [8.025, -11.85, -4.95]
					},
					"scale": [1, 1.5, 1]
				},
				"righthand": {
					"rotation": [92.4939, 3.99619, -180.17476],
					"position": [-6.9, -14.125, 8.425],
					"scale": [1, 1.5, 1]
				},
				"camera": {
					"rotation": {
						"0.0": {
							"post": [0, 0, 0],
							"lerp_mode": "catmullrom"
						},
						"0.1": {
							"post": [0, 0, 0],
							"lerp_mode": "catmullrom"
						},
						"0.2": {
							"post": [0, 0, -1],
							"lerp_mode": "catmullrom"
						},
						"0.3333": {
							"post": [0, 0, 1],
							"lerp_mode": "catmullrom"
						},
						"0.4667": {
							"post": [0, 0, -0.5],
							"lerp_mode": "catmullrom"
						},
						"0.5": {
							"post": [0, 0, 0.5],
							"lerp_mode": "catmullrom"
						},
						"0.6": {
							"post": [0, 0, 0],
							"lerp_mode": "catmullrom"
						}
					}
				}
			},
			"sound_effects": {
				"0.0": {
					"effect": "ex:nu/static"
				}
			}
		},
		"shoot": {
			"animation_length": 0.6333,
			"bones": {
				"root": {
					"rotation": {
						"0.0": [0, 0, 0],
						"0.0333": [1.225, 0, 0.725],
						"0.0667": [-0.595, 0, -1.175],
						"0.1": [-0.72, 0, -1.225],
						"0.1667": [0.18, 0, 0.525],
						"0.2667": [0.45, 0, -0.25],
						"0.3667": [0.225, -0.2, 0.25],
						"0.5": [0.055, -0.075, -0.075],
						"0.6333": [0, 0, 0]
					},
					"position": {
						"0.0": [0, 0, 0],
						"0.0333": [0, -0.025, 1.725],
						"0.0667": [0, -0.05, 1.38],
						"0.1333": [0, -0.05, -0.045],
						"0.2667": [0, -0.025, 0.1],
						"0.3667": [0, 0, 0]
					}
				},
				"bolt": {
					"position": {
						"0.0": [0, 0, 0],
						"0.0333": [0, 0, 5],
						"0.0667": [0, 0, 0]
					}
				},
				"camera": {
					"rotation": {
						"0.0": {
							"post": [0, 0, 0],
							"lerp_mode": "catmullrom"
						},
						"0.0333": {
							"post": [0, 0, 0.6],
							"lerp_mode": "catmullrom"
						},
						"0.0667": {
							"post": [0, 0, -0.4],
							"lerp_mode": "catmullrom"
						},
						"0.1333": {
							"post": [0, 0, 0.325],
							"lerp_mode": "catmullrom"
						},
						"0.2": {
							"post": [0, 0, -0.225],
							"lerp_mode": "catmullrom"
						},
						"0.2667": {
							"post": [0, 0, 0],
							"lerp_mode": "catmullrom"
						},
						"0.3667": {
							"post": [0, 0, 0],
							"lerp_mode": "catmullrom"
						}
					}
				},
				"constraint": {
					"rotation": {
						"0.0": [0.2, 0.2, 0.2],
						"0.4333": [0, 0, 0]
					},
					"position": {
						"0.0": [0.1, 0.1, 0.7],
						"0.2667": [0.1, 0.1, 0.25],
						"0.4333": [0, 0, 0]
					}
				}
			}
		},
		"put_away": {
			"animation_length": 0.5333,
			"bones": {
				"root": {
					"rotation": {
						"0.0": {
							"post": [0, 0, 0],
							"lerp_mode": "catmullrom"
						},
						"0.0667": {
							"post": [-0.51171, -3.6801, -4.19401],
							"lerp_mode": "catmullrom"
						},
						"0.1333": {
							"post": [4.36882, -11.73179, -10.29382],
							"lerp_mode": "catmullrom"
						},
						"0.2333": {
							"post": [12.74519, -20.93019, -6.8093],
							"lerp_mode": "catmullrom"
						},
						"0.4": {
							"post": [32.04283, -33.29116, -11.84847],
							"lerp_mode": "catmullrom"
						},
						"0.5": {
							"post": [49.81196, -45.49555, -15.70446],
							"lerp_mode": "catmullrom"
						}
					},
					"position": {
						"0.0": {
							"post": [0, 0, 0],
							"lerp_mode": "catmullrom"
						},
						"0.0667": {
							"post": [-0.45, -0.49, 0.28],
							"lerp_mode": "catmullrom"
						},
						"0.1333": {
							"post": [-0.67, -1.47, 0.34],
							"lerp_mode": "catmullrom"
						},
						"0.2333": {
							"post": [-0.435, -3.42, 0.06],
							"lerp_mode": "catmullrom"
						},
						"0.4": {
							"post": [0.92, -7.375, -0.335],
							"lerp_mode": "catmullrom"
						},
						"0.5333": {
							"post": [4.125, -13.425, -0.35],
							"lerp_mode": "catmullrom"
						}
					}
				},
				"lefthand": {
					"rotation": {
						"0.0": [99.10245, -28.39169, -137.40361],
						"0.2": [148.89318, -7.54994, -212.09431]
					},
					"position": {
						"0.0": [8.025, -11.85, -4.95],
						"0.1": [9.045, -11.335, -4.995],
						"0.2": [8.42, -9.395, -4.695]
					},
					"scale": [1, 1.5, 1]
				},
				"righthand": {
					"rotation": [92.4939, 3.99619, -180.17476],
					"position": [-6.9, -14.125, 8.425],
					"scale": [1, 1.5, 1]
				},
				"camera": {
					"rotation": {
						"0.0": {
							"post": [0, 0, 0],
							"lerp_mode": "catmullrom"
						},
						"0.1333": {
							"post": [0.3, 0, -0.125],
							"lerp_mode": "catmullrom"
						},
						"0.2333": {
							"post": [0.64, 0, 0.3],
							"lerp_mode": "catmullrom"
						},
						"0.3333": {
							"post": [0.5, 0, 0.15],
							"lerp_mode": "catmullrom"
						},
						"0.5": {
							"post": [0, 0, 0],
							"lerp_mode": "catmullrom"
						}
					}
				}
			}
		},
		"reload_tactical": {
			"animation_length": 2.3333,
			"bones": {
				"lefthand": {
					"rotation": {
						"0.0": [99.10245, -28.39169, -137.40361],
						"0.1": {
							"pre": [99.1, -28.39, -137.4],
							"post": [99.1, -28.39, -137.4],
							"lerp_mode": "catmullrom"
						},
						"0.2": {
							"post": [100.31175, -38.9876, -139.57508],
							"lerp_mode": "catmullrom"
						},
						"0.4333": {
							"post": [85.17283, 2.63043, -178.59904],
							"lerp_mode": "catmullrom"
						},
						"0.9": {
							"post": [85.17283, 2.63043, -178.59904],
							"lerp_mode": "catmullrom"
						},
						"0.9333": [86.01133, -17.67975, -99.41687],
						"1.2333": [86.01133, -17.67975, -99.41687],
						"1.5": [86.01133, -17.67975, -99.41687],
						"1.6": {
							"pre": [95.87634, -23.82565, -123.30512],
							"post": [95.87634, -23.82565, -123.30512],
							"lerp_mode": "catmullrom"
						},
						"1.7": {
							"post": [99.10245, -28.39169, -137.40361],
							"lerp_mode": "catmullrom"
						}
					},
					"position": {
						"0.0": [8.025, -11.85, -4.95],
						"0.1": [8.01827, -11.87966, -5.47403],
						"0.2": [18.63567, -20.33154, 1.41755],
						"0.4333": [11.305, -28.675, 23.45],
						"0.9": [11.305, -28.675, 23.45],
						"0.9333": [6.05, -17.205, 2.61],
						"1.2333": [6.575, -16.405, 2.61],
						"1.4333": [6.575, -16.405, 2.61],
						"1.5": [6.26, -17.205, 2.61],
						"1.5667": {
							"pre": [9.05, -17.205, 2.61],
							"post": [9.05, -17.205, 2.61],
							"lerp_mode": "catmullrom"
						},
						"1.6333": {
							"post": [9.5, -13.95, -0.19],
							"lerp_mode": "catmullrom"
						},
						"1.7": {
							"post": [8.025, -11.85, -4.95],
							"lerp_mode": "catmullrom"
						}
					},
					"scale": [1, 1.5, 1]
				},
				"righthand": {
					"rotation": {
						"0.0": [92.4939, 3.99619, -180.17476],
						"1.7333": [92.49, 4, -180.17]
					},
					"position": {
						"0.0": [-6.9, -14.125, 8.425],
						"1.7333": {
							"pre": [-6.9, -14.12, 8.43],
							"post": [-6.9, -14.12, 8.43],
							"lerp_mode": "catmullrom"
						},
						"1.9667": {
							"post": [-6.9, -14.125, 8.425],
							"lerp_mode": "catmullrom"
						}
					},
					"scale": [1, 1.5, 1]
				},
				"root": {
					"rotation": {
						"0.0": {
							"post": [0, 0, 0],
							"lerp_mode": "catmullrom"
						},
						"0.1": {
							"post": [-3.24, -1.28, -1.66],
							"lerp_mode": "catmullrom"
						},
						"0.1667": {
							"post": [-1.22602, -1.98699, 9.54848],
							"lerp_mode": "catmullrom"
						},
						"0.2": {
							"post": [-0.83433, -2.37009, 18.91092],
							"lerp_mode": "catmullrom"
						},
						"0.2333": {
							"post": [-0.58444, -2.70769, 28.33281],
							"lerp_mode": "catmullrom"
						},
						"0.3": {
							"post": [-0.73487, -3.45148, 26.82664],
							"lerp_mode": "catmullrom"
						},
						"0.3667": {
							"post": [-9.85, -0.28, -24.255],
							"lerp_mode": "catmullrom"
						},
						"0.4": {
							"post": [-13.92455, 0.79241, -38.84884],
							"lerp_mode": "catmullrom"
						},
						"0.4667": {
							"post": [-16.37264, -2.00707, -43.27927],
							"lerp_mode": "catmullrom"
						},
						"0.5667": {
							"post": [-17.54955, -4.52082, -36.08161],
							"lerp_mode": "catmullrom"
						},
						"0.6667": {
							"post": [-18.70151, -4.40429, -32.66848],
							"lerp_mode": "catmullrom"
						},
						"0.7667": {
							"post": [-19.08127, -4.06214, -28.29379],
							"lerp_mode": "catmullrom"
						},
						"0.9333": {
							"post": [-15.63, -4.18, -33.175],
							"lerp_mode": "catmullrom"
						},
						"1.0667": {
							"post": [-15.72172, -2.86761, -33.25168],
							"lerp_mode": "catmullrom"
						},
						"1.2333": {
							"post": [-17.86625, -6.70691, -42.9336],
							"lerp_mode": "catmullrom"
						},
						"1.3333": {
							"post": [-15.97554, -4.4902, -43.45699],
							"lerp_mode": "catmullrom"
						},
						"1.3667": {
							"post": [-14.34425, -3.09249, -35.49442],
							"lerp_mode": "catmullrom"
						},
						"1.4": {
							"post": [-16.06862, -4.66605, -37.57407],
							"lerp_mode": "catmullrom"
						},
						"1.4667": {
							"post": [-14.69313, -3.11145, -32.3039],
							"lerp_mode": "catmullrom"
						},
						"1.5333": {
							"post": [-10.88, -4.24, -29.045],
							"lerp_mode": "catmullrom"
						},
						"1.6333": {
							"post": [-7.95046, -3.54216, -0.80782],
							"lerp_mode": "catmullrom"
						},
						"1.7667": {
							"post": [3.11693, -1.05943, 3.30619],
							"lerp_mode": "catmullrom"
						},
						"1.8667": {
							"post": [0.57, 0.55, -2.295],
							"lerp_mode": "catmullrom"
						},
						"1.9333": {
							"post": [-0.5, -1.225, 1.2],
							"lerp_mode": "catmullrom"
						},
						"2.0667": {
							"post": [0, 0, 0.05],
							"lerp_mode": "catmullrom"
						},
						"2.2": {
							"post": [0, 0, -0.09],
							"lerp_mode": "catmullrom"
						},
						"2.3333": {
							"post": [0, 0, 0],
							"lerp_mode": "catmullrom"
						}
					},
					"position": {
						"0.0": {
							"post": [0, 0, 0],
							"lerp_mode": "catmullrom"
						},
						"0.1": {
							"post": [0.12, -0.17, 0.225],
							"lerp_mode": "catmullrom"
						},
						"0.1667": {
							"post": [-0.645, -0.61, 0.74],
							"lerp_mode": "catmullrom"
						},
						"0.2333": {
							"post": [-1.335, -0.63, 1.225],
							"lerp_mode": "catmullrom"
						},
						"0.3333": {
							"post": [-1.035, 0.195, 1.475],
							"lerp_mode": "catmullrom"
						},
						"0.4": {
							"post": [-0.16, 0.52, 1.1],
							"lerp_mode": "catmullrom"
						},
						"0.5": {
							"post": [0.075, 0.345, 0.645],
							"lerp_mode": "catmullrom"
						},
						"0.5667": {
							"post": [0.28, 0.23, 0.42],
							"lerp_mode": "catmullrom"
						},
						"0.6": {
							"post": [0.475, 0.095, 0.47],
							"lerp_mode": "catmullrom"
						},
						"0.7333": {
							"post": [0.77, -0.525, 0.655],
							"lerp_mode": "catmullrom"
						},
						"0.8333": {
							"post": [0.855, -0.59, 0.81],
							"lerp_mode": "catmullrom"
						},
						"0.9667": {
							"post": [0.62, -0.49, 0.655],
							"lerp_mode": "catmullrom"
						},
						"1.0667": {
							"post": [0.405, -0.075, 0.38],
							"lerp_mode": "catmullrom"
						},
						"1.2333": [0.26, 0.235, 0.185],
						"1.3333": [0.115, 0.23, 0.185],
						"1.4": {
							"pre": [0.485, -0.83, 0.185],
							"post": [0.485, -0.83, 0.185],
							"lerp_mode": "catmullrom"
						},
						"1.5": {
							"post": [0.255, -0.68, 0.185],
							"lerp_mode": "catmullrom"
						},
						"1.5667": {
							"post": [0.375, -0.62, -0.04],
							"lerp_mode": "catmullrom"
						},
						"1.7333": {
							"post": [0.27, -1.72, -0.9],
							"lerp_mode": "catmullrom"
						},
						"1.8667": {
							"post": [-0.07, -0.12, 0.595],
							"lerp_mode": "catmullrom"
						},
						"1.9667": {
							"post": [-0.07, 0.07, -0.05625],
							"lerp_mode": "catmullrom"
						},
						"2.1": {
							"post": [0, 0.055, 0.055],
							"lerp_mode": "catmullrom"
						},
						"2.3": {
							"post": [0, 0, 0],
							"lerp_mode": "catmullrom"
						}
					}
				},
				"mag_and_lefthand": {
					"rotation": {
						"0.0": [0, 0, 0],
						"0.9": {
							"pre": [0, 0, 0],
							"post": [-1.5, 0, 0]
						},
						"1.0333": [-35.53512, -24.39375, -13.65478],
						"1.1667": [-10.13685, -1.53119, -1.58329],
						"1.3333": [0, 0, 0]
					},
					"position": {
						"0.0": [0, 0, 0],
						"0.9": {
							"pre": [0, 0, 0],
							"post": [0, -16.12, 2.26]
						},
						"1.0333": [2.42, -8.24, -2.9],
						"1.1667": [0.295, -3.495, -0.89],
						"1.2333": [0.17, -3.395, -0.465],
						"1.3333": [0, -3.325, 0],
						"1.3667": {
							"pre": [0, 0, 0],
							"post": [0, 0, 0],
							"lerp_mode": "catmullrom"
						}
					}
				},
				"mag_and_bullet": {
					"rotation": {
						"0.3667": [0, 0, 0],
						"0.5": [-12.5, -5, -143.94],
						"0.6667": [6.71216, -0.48552, -228.01498],
						"0.7667": [0, 0, -275.24],
						"0.9": {
							"pre": [0, 0, 2.26],
							"post": [0, 0, 0]
						}
					},
					"position": {
						"0.3": [0, 0, 0],
						"0.3667": [0.05, -2.83, -0.01],
						"0.5": [4.20825, -10.97516, -5.06901],
						"0.5667": [7.55006, -14.96268, -5.96782],
						"0.6333": [8.77993, -21.77805, -6.21685],
						"0.8333": [6.96066, -62.13778, -0.01632],
						"0.9": {
							"pre": [0, -58.38, -0.5],
							"post": [0, 0, 0]
						}
					}
				},
				"mag_release": {
					"position": {
						"0.2667": [0, 0, 0],
						"0.3": [0.13125, 0, 0],
						"0.6": [0.13125, 0, 0],
						"0.6667": [0, 0, 0],
						"1.3333": [0, 0, 0],
						"1.3667": [0.13125, 0, 0],
						"1.4333": [0.13125, 0, 0],
						"1.4667": [0, 0, 0]
					}
				},
				"camera": {
					"rotation": {
						"0.0": {
							"post": [0, 0, 0],
							"lerp_mode": "catmullrom"
						},
						"0.2333": {
							"post": [1.7, 0.425, 0],
							"lerp_mode": "catmullrom"
						},
						"0.3333": {
							"post": [1.445, -0.14, -2.145],
							"lerp_mode": "catmullrom"
						},
						"0.4333": {
							"post": [-1.075, -0.975, -0.975],
							"lerp_mode": "catmullrom"
						},
						"0.5667": {
							"post": [-0.76, -0.91, -1.85],
							"lerp_mode": "catmullrom"
						},
						"0.6667": {
							"post": [0.6, -0.575, -1.225],
							"lerp_mode": "catmullrom"
						},
						"0.8667": {
							"post": [1.2, 0.12, -0.975],
							"lerp_mode": "catmullrom"
						},
						"1.0333": {
							"post": [1.555, 0.275, -0.275],
							"lerp_mode": "catmullrom"
						},
						"1.3333": {
							"post": [1.46, -0.08, -0.56],
							"lerp_mode": "catmullrom"
						},
						"1.4": {
							"post": [2.235, -0.145, 0.575],
							"lerp_mode": "catmullrom"
						},
						"1.5": {
							"post": [1.41, -0.16, -1.285],
							"lerp_mode": "catmullrom"
						},
						"1.6333": {
							"post": [1.435, -0.17, 0.28],
							"lerp_mode": "catmullrom"
						},
						"1.7667": {
							"post": [0.815, -0.18, 0.11],
							"lerp_mode": "catmullrom"
						},
						"1.9": {
							"post": [-0.325, 0, -0.225],
							"lerp_mode": "catmullrom"
						},
						"1.9667": {
							"post": [0.12, 0.01, 0.33],
							"lerp_mode": "catmullrom"
						},
						"2.0667": {
							"post": [-0.125, 0, -0.175],
							"lerp_mode": "catmullrom"
						},
						"2.1667": {
							"post": [0.06, 0, 0.05],
							"lerp_mode": "catmullrom"
						},
						"2.3": {
							"post": [0, 0, 0],
							"lerp_mode": "catmullrom"
						}
					}
				}
			},
			"sound_effects": {
				"0.0": {
					"effect": "ex:nu/static"
				}
			}
		},
		"reload_empty": {
			"animation_length": 3.1,
			"bones": {
				"lefthand": {
					"rotation": {
						"0.0": [99.10245, -28.39169, -137.40361],
						"0.1": {
							"pre": [99.1, -28.39, -137.4],
							"post": [99.1, -28.39, -137.4],
							"lerp_mode": "catmullrom"
						},
						"0.2": {
							"post": [100.31175, -38.9876, -139.57508],
							"lerp_mode": "catmullrom"
						},
						"0.4333": {
							"post": [85.17283, 2.63043, -178.59904],
							"lerp_mode": "catmullrom"
						},
						"0.9": {
							"post": [85.17283, 2.63043, -178.59904],
							"lerp_mode": "catmullrom"
						},
						"0.9333": [86.01133, -17.67975, -99.41687],
						"1.2333": [86.01133, -17.67975, -99.41687],
						"1.5": [86.01133, -17.67975, -99.41687],
						"1.6": {
							"pre": [95.87634, -23.82565, -123.30512],
							"post": [95.87634, -23.82565, -123.30512],
							"lerp_mode": "catmullrom"
						},
						"1.7": {
							"post": [99.10245, -28.39169, -137.40361],
							"lerp_mode": "catmullrom"
						}
					},
					"position": {
						"0.0": [8.025, -11.85, -4.95],
						"0.1": [8.01827, -11.87966, -5.47403],
						"0.2": [18.63567, -20.33154, 1.41755],
						"0.4333": [11.305, -28.675, 23.45],
						"0.9": [11.305, -28.675, 23.45],
						"0.9333": [6.05, -17.205, 2.61],
						"1.2333": [6.575, -16.405, 2.61],
						"1.4333": [6.575, -16.405, 2.61],
						"1.5": [6.26, -17.205, 2.61],
						"1.5667": {
							"pre": [9.05, -17.205, 2.61],
							"post": [9.05, -17.205, 2.61],
							"lerp_mode": "catmullrom"
						},
						"1.6333": {
							"post": [9.5, -13.95, -0.19],
							"lerp_mode": "catmullrom"
						},
						"1.7": {
							"post": [8.025, -11.85, -4.95],
							"lerp_mode": "catmullrom"
						}
					},
					"scale": [1, 1.5, 1]
				},
				"righthand": {
					"rotation": {
						"0.0": [92.4939, 3.99619, -180.17476],
						"1.7333": [92.49, 4, -180.17],
						"1.8333": [120.50449, 2.47405, -98.74171],
						"1.9667": [118.87373, -10.57327, -76.14209],
						"2.0": [118.87373, -10.57327, -76.14209],
						"2.1": [118.87373, -10.57327, -76.14209],
						"2.1667": [128.70408, 25.91809, -148.67814],
						"2.3333": [134.75972, 28.43589, -146.36771],
						"2.5": [92.4939, 3.99619, -180.17476]
					},
					"position": {
						"0.0": [-6.9, -14.125, 8.425],
						"1.7333": {
							"pre": [-6.9, -14.12, 8.43],
							"post": [-6.9, -14.12, 8.43],
							"lerp_mode": "catmullrom"
						},
						"1.8333": {
							"post": [-11.1, -11.79, 9.86],
							"lerp_mode": "catmullrom"
						},
						"1.9": {
							"post": [-9.55, -9.46, 11.29],
							"lerp_mode": "catmullrom"
						},
						"1.9667": [-7.64385, -8.51607, 10.56676],
						"2.0": [-7.64385, -8.51607, 10.56676],
						"2.1": [-7.925, -8.51, 15.14],
						"2.1667": [-11.715, -10.1, 18.27],
						"2.3667": {
							"pre": [-11.465, -14.64, 12.925],
							"post": [-11.465, -14.64, 12.925],
							"lerp_mode": "catmullrom"
						},
						"2.5": {
							"post": [-6.87, -14.67, 7.335],
							"lerp_mode": "catmullrom"
						},
						"2.6667": {
							"post": [-6.9, -14.125, 8.425],
							"lerp_mode": "catmullrom"
						}
					},
					"scale": [1, 1.5, 1]
				},
				"root": {
					"rotation": {
						"0.0": {
							"post": [0, 0, 0],
							"lerp_mode": "catmullrom"
						},
						"0.1": {
							"post": [-3.24, -1.28, -1.66],
							"lerp_mode": "catmullrom"
						},
						"0.1667": {
							"post": [-1.22602, -1.98699, 9.54848],
							"lerp_mode": "catmullrom"
						},
						"0.2": {
							"post": [-0.83433, -2.37009, 18.91092],
							"lerp_mode": "catmullrom"
						},
						"0.2333": {
							"post": [-0.58444, -2.70769, 28.33281],
							"lerp_mode": "catmullrom"
						},
						"0.3": {
							"post": [-0.73487, -3.45148, 26.82664],
							"lerp_mode": "catmullrom"
						},
						"0.3667": {
							"post": [-9.85, -0.28, -24.255],
							"lerp_mode": "catmullrom"
						},
						"0.4": {
							"post": [-13.92455, 0.79241, -38.84884],
							"lerp_mode": "catmullrom"
						},
						"0.4667": {
							"post": [-16.37264, -2.00707, -43.27927],
							"lerp_mode": "catmullrom"
						},
						"0.5667": {
							"post": [-17.54955, -4.52082, -36.08161],
							"lerp_mode": "catmullrom"
						},
						"0.6667": {
							"post": [-18.70151, -4.40429, -32.66848],
							"lerp_mode": "catmullrom"
						},
						"0.7667": {
							"post": [-19.08127, -4.06214, -28.29379],
							"lerp_mode": "catmullrom"
						},
						"0.9333": {
							"post": [-15.63, -4.18, -33.175],
							"lerp_mode": "catmullrom"
						},
						"1.0667": {
							"post": [-15.72172, -2.86761, -33.25168],
							"lerp_mode": "catmullrom"
						},
						"1.2333": {
							"post": [-17.86625, -6.70691, -42.9336],
							"lerp_mode": "catmullrom"
						},
						"1.3333": {
							"post": [-15.97554, -4.4902, -43.45699],
							"lerp_mode": "catmullrom"
						},
						"1.3667": {
							"post": [-14.34425, -3.09249, -35.49442],
							"lerp_mode": "catmullrom"
						},
						"1.4": {
							"post": [-16.06862, -4.66605, -37.57407],
							"lerp_mode": "catmullrom"
						},
						"1.4667": {
							"post": [-14.69313, -3.11145, -32.3039],
							"lerp_mode": "catmullrom"
						},
						"1.5667": {
							"post": [-10.88, -4.24, -29.045],
							"lerp_mode": "catmullrom"
						},
						"1.6667": {
							"post": [-7.95046, -3.54216, -0.80782],
							"lerp_mode": "catmullrom"
						},
						"1.7667": {
							"post": [2.81208, -8.30626, 4.01644],
							"lerp_mode": "catmullrom"
						},
						"1.9333": {
							"post": [7.28088, -8.33013, 5.61688],
							"lerp_mode": "catmullrom"
						},
						"2.0333": {
							"post": [10.72465, -8.27132, 6.36668],
							"lerp_mode": "catmullrom"
						},
						"2.1": {
							"post": [9.46254, -6.43066, -2.89125],
							"lerp_mode": "catmullrom"
						},
						"2.1667": {
							"post": [8.4356, -7.45221, 0.63854],
							"lerp_mode": "catmullrom"
						},
						"2.2333": {
							"post": [12.85386, -8.05388, 5.41473],
							"lerp_mode": "catmullrom"
						},
						"2.3": {
							"post": [13.191, -6.78448, -0.62876],
							"lerp_mode": "catmullrom"
						},
						"2.3667": {
							"post": [10.7074, -7.54448, 0.95859],
							"lerp_mode": "catmullrom"
						},
						"2.4667": {
							"post": [3.24432, -7.52563, -0.52333],
							"lerp_mode": "catmullrom"
						},
						"2.6": {
							"post": [0.57, 0.55, -2.295],
							"lerp_mode": "catmullrom"
						},
						"2.6667": {
							"post": [-0.5, -1.225, 1.2],
							"lerp_mode": "catmullrom"
						},
						"2.8": {
							"post": [0, 0, 0.05],
							"lerp_mode": "catmullrom"
						},
						"2.9667": {
							"post": [0, 0, -0.09],
							"lerp_mode": "catmullrom"
						},
						"3.1": {
							"post": [0, 0, 0],
							"lerp_mode": "catmullrom"
						}
					},
					"position": {
						"0.0": {
							"post": [0, 0, 0],
							"lerp_mode": "catmullrom"
						},
						"0.1": {
							"post": [0.12, -0.17, 0.225],
							"lerp_mode": "catmullrom"
						},
						"0.1667": {
							"post": [-0.645, -0.61, 0.74],
							"lerp_mode": "catmullrom"
						},
						"0.2333": {
							"post": [-1.335, -0.63, 1.225],
							"lerp_mode": "catmullrom"
						},
						"0.3333": {
							"post": [-1.035, 0.195, 1.475],
							"lerp_mode": "catmullrom"
						},
						"0.4": {
							"post": [-0.16, 0.52, 1.1],
							"lerp_mode": "catmullrom"
						},
						"0.5": {
							"post": [0.075, 0.345, 0.645],
							"lerp_mode": "catmullrom"
						},
						"0.5667": {
							"post": [0.28, 0.23, 0.42],
							"lerp_mode": "catmullrom"
						},
						"0.6": {
							"post": [0.475, 0.095, 0.47],
							"lerp_mode": "catmullrom"
						},
						"0.7333": {
							"post": [0.77, -0.525, 0.655],
							"lerp_mode": "catmullrom"
						},
						"0.8333": {
							"post": [0.855, -0.59, 0.81],
							"lerp_mode": "catmullrom"
						},
						"0.9667": {
							"post": [0.62, -0.49, 0.655],
							"lerp_mode": "catmullrom"
						},
						"1.0667": {
							"post": [0.405, -0.075, 0.38],
							"lerp_mode": "catmullrom"
						},
						"1.2333": [0.26, 0.235, 0.185],
						"1.3333": [0.115, 0.23, 0.185],
						"1.4": {
							"pre": [0.485, -0.83, 0.185],
							"post": [0.485, -0.83, 0.185],
							"lerp_mode": "catmullrom"
						},
						"1.5": {
							"post": [0.255, -0.68, 0.185],
							"lerp_mode": "catmullrom"
						},
						"1.6": {
							"post": [0.375, -0.62, -0.04],
							"lerp_mode": "catmullrom"
						},
						"1.7": {
							"post": [0.27, -1.72, -0.9],
							"lerp_mode": "catmullrom"
						},
						"1.8333": {
							"post": [0.47, -2.31, -1.155],
							"lerp_mode": "catmullrom"
						},
						"1.9333": {
							"post": [0.47, -2.045, -0.705],
							"lerp_mode": "catmullrom"
						},
						"2.0333": {
							"post": [0.47, -2.045, -0.705],
							"lerp_mode": "catmullrom"
						},
						"2.1333": {
							"post": [0.47, -2.265, -0.465],
							"lerp_mode": "catmullrom"
						},
						"2.2": {
							"post": [0.33, -1.77, -0.41],
							"lerp_mode": "catmullrom"
						},
						"2.3667": {
							"post": [0.45, -2.37, -0.36],
							"lerp_mode": "catmullrom"
						},
						"2.5333": {
							"post": [0.055, -0.705, -0.245],
							"lerp_mode": "catmullrom"
						},
						"2.6667": {
							"post": [-0.07, -0.12, 0.695],
							"lerp_mode": "catmullrom"
						},
						"2.8": {
							"post": [0, 0.055, 0.055],
							"lerp_mode": "catmullrom"
						},
						"3.0333": {
							"post": [0, 0, 0],
							"lerp_mode": "catmullrom"
						}
					}
				},
				"mag_and_lefthand": {
					"rotation": {
						"0.0": [0, 0, 0],
						"0.9": {
							"pre": [0, 0, 0],
							"post": [-1.5, 0, 0]
						},
						"1.0333": [-35.53512, -24.39375, -13.65478],
						"1.1667": [-10.13685, -1.53119, -1.58329],
						"1.3333": [0, 0, 0]
					},
					"position": {
						"0.0": [0, 0, 0],
						"0.9": {
							"pre": [0, 0, 0],
							"post": [0, -16.12, 2.26]
						},
						"1.0333": [2.42, -8.24, -2.9],
						"1.1667": [0.295, -3.495, -0.89],
						"1.2333": [0.17, -3.395, -0.465],
						"1.3333": [0, -3.325, 0],
						"1.3667": {
							"pre": [0, 0, 0],
							"post": [0, 0, 0],
							"lerp_mode": "catmullrom"
						}
					}
				},
				"mag_and_bullet": {
					"rotation": {
						"0.3667": [0, 0, 0],
						"0.5": [-12.5, -5, -143.94],
						"0.6667": [6.71216, -0.48552, -228.01498],
						"0.7667": [0, 0, -275.24],
						"0.9": {
							"pre": [0, 0, 2.26],
							"post": [0, 0, 0]
						}
					},
					"position": {
						"0.3": [0, 0, 0],
						"0.3667": [0.05, -2.83, -0.01],
						"0.5": [4.20825, -10.97516, -5.06901],
						"0.5667": [7.55006, -14.96268, -5.96782],
						"0.6333": [8.77993, -21.77805, -6.21685],
						"0.8333": [6.96066, -62.13778, -0.01632],
						"0.9": {
							"pre": [0, -58.38, -0.5],
							"post": [0, 0, 0]
						}
					}
				},
				"bolt": {
					"position": {
						"2.1333": [0, 0, 5],
						"2.2": [0, 0, 0]
					}
				},
				"pull2": {
					"position": {
						"2.0": [0, 0, 0],
						"2.0667": [0, 0, 5],
						"2.1": [0, 0, 5],
						"2.2": [0, 0, 0]
					}
				},
				"bullet": {
					"scale": {
						"0.0": [0, 0, 0],
						"0.9333": {
							"pre": [0, 0, 0],
							"post": [1, 1, 1]
						}
					}
				},
				"bolt_release": {
					"rotation": {
						"0.0": [0, 0, 15],
						"2.0333": [0, 0, 15],
						"2.0667": [0, 0, 0]
					}
				},
				"mag_release": {
					"position": {
						"0.2667": [0, 0, 0],
						"0.3": [0.13125, 0, 0],
						"0.6": [0.13125, 0, 0],
						"0.6667": [0, 0, 0],
						"1.3333": [0, 0, 0],
						"1.3667": [0.13125, 0, 0],
						"1.4333": [0.13125, 0, 0],
						"1.4667": [0, 0, 0]
					}
				},
				"camera": {
					"rotation": {
						"0.0": {
							"post": [0, 0, 0],
							"lerp_mode": "catmullrom"
						},
						"0.2333": {
							"post": [1.7, 0.425, 0],
							"lerp_mode": "catmullrom"
						},
						"0.3333": {
							"post": [1.445, -0.14, -2.145],
							"lerp_mode": "catmullrom"
						},
						"0.4333": {
							"post": [-1.075, -0.975, -0.975],
							"lerp_mode": "catmullrom"
						},
						"0.5667": {
							"post": [-0.76, -0.91, -1.85],
							"lerp_mode": "catmullrom"
						},
						"0.6667": {
							"post": [0.6, -0.575, -1.225],
							"lerp_mode": "catmullrom"
						},
						"0.8667": {
							"post": [1.2, 0.12, -0.975],
							"lerp_mode": "catmullrom"
						},
						"1.0333": {
							"post": [1.555, 0.275, -0.275],
							"lerp_mode": "catmullrom"
						},
						"1.3333": {
							"post": [1.46, -0.08, -0.56],
							"lerp_mode": "catmullrom"
						},
						"1.4": {
							"post": [2.235, -0.145, 0.575],
							"lerp_mode": "catmullrom"
						},
						"1.5": {
							"post": [1.41, -0.16, -1.285],
							"lerp_mode": "catmullrom"
						},
						"1.6333": {
							"post": [1.96, -0.17, 0.28],
							"lerp_mode": "catmullrom"
						},
						"1.7667": {
							"post": [1.94, -0.18, 0.11],
							"lerp_mode": "catmullrom"
						},
						"1.9": {
							"post": [2.455, -0.195, 0.4],
							"lerp_mode": "catmullrom"
						},
						"2.0": {
							"post": [2.51, -0.2, 0.49],
							"lerp_mode": "catmullrom"
						},
						"2.0667": {
							"post": [3.095, -0.2, 1.54],
							"lerp_mode": "catmullrom"
						},
						"2.1667": {
							"post": [1.77, -0.21, -0.08],
							"lerp_mode": "catmullrom"
						},
						"2.3": {
							"post": [2.25, -0.195, 0.65],
							"lerp_mode": "catmullrom"
						},
						"2.4333": {
							"post": [1.41, -0.13, 0.215],
							"lerp_mode": "catmullrom"
						},
						"2.6667": {
							"post": [-0.325, 0, -0.225],
							"lerp_mode": "catmullrom"
						},
						"2.7333": {
							"post": [0.12, 0.01, 0.33],
							"lerp_mode": "catmullrom"
						},
						"2.8333": {
							"post": [-0.125, 0, -0.175],
							"lerp_mode": "catmullrom"
						},
						"2.9333": {
							"post": [0.06, 0, 0.05],
							"lerp_mode": "catmullrom"
						},
						"3.0667": {
							"post": [0, 0, 0],
							"lerp_mode": "catmullrom"
						}
					}
				}
			},
			"sound_effects": {
				"0.0": {
					"effect": "ex:nu/stat"
				}
			}
		},
		"inspect": {
			"loop": true,
			"bones": {
				"lefthand": {
					"rotation": [99.10245, -28.39169, -137.40361],
					"position": [8.025, -11.85, -4.95],
					"scale": [1, 1.5, 1]
				},
				"righthand": {
					"rotation": [92.4939, 3.99619, -180.17476],
					"position": [-6.9, -14.125, 8.425],
					"scale": [1, 1.5, 1]
				},
				"bolt_release": {
					"rotation": [0, 0, 0]
				},
				"constraint": {
					"rotation": [0.1, 0.1, 0.1],
					"position": [0.1, 0.1, 0.35]
				}
			},
			"sound_effects": {
				"0.0": {
					"effect": "ex:nu/static"
				}
			}
		},
		"inspect_empty": {
			"loop": true,
			"bones": {
				"lefthand": {
					"rotation": [99.10245, -28.39169, -137.40361],
					"position": [8.025, -11.85, -4.95],
					"scale": [1, 1.5, 1]
				},
				"righthand": {
					"rotation": [92.4939, 3.99619, -180.17476],
					"position": [-6.9, -14.125, 8.425],
					"scale": [1, 1.5, 1]
				},
				"bullet": {
					"scale": 0
				},
				"bullet_in_mag": {
					"scale": 0
				},
				"bolt": {
					"position": [0, 0, 5]
				},
				"bolt_release": {
					"rotation": [0, 0, 15]
				}
			},
			"sound_effects": {
				"0.0": {
					"effect": "ex:nu/stat"
				}
			}
		},
		"run": {
			"loop": true,
			"animation_length": 0.8,
			"bones": {
				"root": {
					"rotation": {
						"0.0": [-68.73, -5.5, -3.14],
						"0.05": [-68.99, -7.39, -3.57],
						"0.1": [-69.36, -9.11, -3.81],
						"0.15": [-69.45, -10.1, -3.75],
						"0.2": [-68.82, -9.82, -3.09],
						"0.25": [-67.92, -8.81, -2.13],
						"0.3": [-67.68, -8.15, -1.7],
						"0.35": [-68.9, -8.72, -2.46],
						"0.4": [-70.77, -9.63, -3.74],
						"0.45": [-71.87, -9.32, -4.34],
						"0.5": [-71.58, -7.25, -3.75],
						"0.55": [-70.7, -4.07, -2.59],
						"0.6": [-69.68, -1.04, -1.42],
						"0.65": [-68.98, 0.57, -0.8],
						"0.7": [-68.67, -0.33, -1.21],
						"0.75": [-68.65, -3, -2.27],
						"0.8": [-68.73, -5.5, -3.14]
					},
					"position": {
						"0.0": [-4.84, 1.12, 2.86],
						"0.05": [-4.83, 0.98, 2.86],
						"0.1": [-4.86, 0.63, 2.86],
						"0.15": [-4.87, 0.27, 2.86],
						"0.2": [-4.84, 0.12, 2.86],
						"0.25": [-4.72, 0.32, 2.86],
						"0.3": [-4.54, 0.72, 2.86],
						"0.35": [-4.39, 1.11, 2.86],
						"0.4": [-4.34, 1.27, 2.86],
						"0.45": [-4.46, 1.03, 2.86],
						"0.5": [-4.7, 0.56, 2.86],
						"0.55": [-4.94, 0.08, 2.86],
						"0.6": [-5.09, -0.14, 2.86],
						"0.65": [-5.09, 0.04, 2.86],
						"0.7": [-5.01, 0.46, 2.86],
						"0.75": [-4.91, 0.9, 2.86],
						"0.8": [-4.84, 1.12, 2.86]
					}
				},
				"lefthand_pos": {
					"position": [-14, -25, 15.5],
					"scale": 0
				},
				"camera": {
					"rotation": {
						"0.0": [0, 0, 0],
						"0.05": [0.09, 0, 0.15],
						"0.1": [0.13, 0, 0.25],
						"0.15": [-0.07, 0, 0.07],
						"0.2": [-0.25, 0, -0.12],
						"0.25": [-0.15, 0, -0.09],
						"0.3": [0, 0, 0],
						"0.35": [0.02, 0, 0.02],
						"0.4": [0, 0, 0],
						"0.45": [-0.01, 0, -0.08],
						"0.5": [0, 0, -0.12],
						"0.55": [0.08, 0, 0],
						"0.6": [0.13, 0, 0.13],
						"0.65": [0, 0, 0.08],
						"0.7": [-0.12, 0, 0],
						"0.75": [-0.09, 0, -0.02],
						"0.8": [0, 0, 0]
					}
				}
			}
		},
		"run_start": {
			"animation_length": 0.55,
			"bones": {
				"root": {
					"rotation": {
						"0.0": [0, 0, 0],
						"0.05": [2.8, -0.48, 3.97],
						"0.1": [5.79, -1.19, 9.23],
						"0.15": [1.73, -2.05, 11.57],
						"0.2": [-10.48, -2.9, 9.39],
						"0.25": [-28.47, -3.91, 4.94],
						"0.3": [-46.79, -4.85, 0.12],
						"0.35": [-59.98, -5.5, -3.14],
						"0.4": [-66.1, -5.75, -4.18],
						"0.45": [-68.22, -5.72, -4.06],
						"0.5": [-68.4, -5.59, -3.49],
						"0.55": [-68.73, -5.5, -3.14]
					},
					"position": {
						"0.0": [0, 0, 0],
						"0.05": [0.06, -0.34, -0.32],
						"0.1": [0.17, -0.78, -0.79],
						"0.15": [0.17, -1.64, -1.22],
						"0.2": [-0.09, -2.03, -1.45],
						"0.25": [-1.13, -1.45, -1.28],
						"0.3": [-2.54, -0.56, -0.83],
						"0.35": [-3.57, -0.09, -0.11],
						"0.4": [-4.03, 0.46, 0.63],
						"0.45": [-4.52, 0.68, 1.49],
						"0.5": [-4.71, 0.92, 2.21],
						"0.55": [-4.84, 1.12, 2.86]
					}
				},
				"lefthand_pos": {
					"position": {
						"0.0": [0, 0, 0],
						"0.1": [-7.17, -3.67, 0],
						"0.2": [-11.83, -12.08, 2],
						"0.3": [-14, -25, 15.5]
					},
					"scale": {
						"0.2": [1, 1, 1],
						"0.3": [0, 0, 0]
					}
				},
				"camera": {
					"rotation": {
						"0.0": {
							"post": [0, 0, 0],
							"lerp_mode": "catmullrom"
						},
						"0.1": {
							"post": [0.75, 0, -0.5],
							"lerp_mode": "catmullrom"
						},
						"0.2": {
							"post": [-0.25, 0, 0.1875],
							"lerp_mode": "catmullrom"
						},
						"0.3": {
							"post": [0, 0, 0],
							"lerp_mode": "catmullrom"
						},
						"0.4": {
							"post": [0, 0, 0],
							"lerp_mode": "catmullrom"
						}
					}
				}
			}
		},
		"run_hold": {
			"animation_length": 0.2917,
			"bones": {
				"root": {
					"rotation": [-68.73, -5.5, -3.14],
					"position": [-4.84, 1.12, 2.86]
				},
				"lefthand_pos": {
					"position": [-14, -25, 15.5],
					"scale": 0
				}
			}
		},
		"run_end": {
			"animation_length": 0.65,
			"bones": {
				"root": {
					"rotation": {
						"0.0": [-68.73, -5.5, -3.14],
						"0.05": [-55.61, -4.21, 0.37],
						"0.1": [-36.44, -2.32, 5.59],
						"0.15": [-17.16, -0.44, 10.34],
						"0.2": [-3.66, 0.81, 12.47],
						"0.25": [1.72, 1.17, 10.52],
						"0.3": [2.4, 1, 5.92],
						"0.35": [1.03, 0.62, 0.91],
						"0.4": [0.28, 0.35, -2.3],
						"0.45": [0.49, 0.21, -2.71],
						"0.5": [0.23, 0.09, -1.23],
						"0.55": [0, 0, 0],
						"0.6": [-0.02, -0.02, 0.14],
						"0.65": [0, 0, 0]
					},
					"position": {
						"0.0": [-4.84, 1.12, 2.86],
						"0.05": [-2.73, -0.61, 1.29],
						"0.1": [-1.47, -2.08, -0.16],
						"0.15": [-0.5, -2.5, -0.75],
						"0.2": [-0.17, -2.06, -1.04],
						"0.25": [-0.04, -1.17, -0.66],
						"0.3": [-0.01, -0.24, -0.23],
						"0.35": [0.02, 0.37, 0.3],
						"0.4": [0.06, 0.47, 0.4],
						"0.45": [0.05, 0.22, 0.18],
						"0.5": [0.03, 0.01, -0.01],
						"0.55": [0.02, -0.02, -0.03],
						"0.6": [0.01, -0.01, -0.01],
						"0.65": [0, 0, 0]
					}
				},
				"lefthand_pos": {
					"position": {
						"0.0": [-14, -25, 15.5],
						"0.1": [-11.83, -12.08, 2],
						"0.2": [-7.17, -3.67, 0],
						"0.3": [0, 0, 0]
					},
					"scale": {
						"0.15": [0, 0, 0],
						"0.2": [1, 1, 1]
					}
				},
				"camera": {
					"rotation": {
						"0.25": {
							"pre": [0, 0, 0],
							"post": [0, 0, 0],
							"lerp_mode": "catmullrom"
						},
						"0.3": {
							"post": [0, 0, 0.3],
							"lerp_mode": "catmullrom"
						},
						"0.35": {
							"post": [0, 0, -0.125],
							"lerp_mode": "catmullrom"
						},
						"0.45": {
							"post": [0, 0, 0],
							"lerp_mode": "catmullrom"
						}
					}
				}
			}
		}
	}
}