{
	"format_version": "1.8.0",
	"animations": {
		"static_idle": {
			"loop": true,
			"bones": {
				"lefthand": {
					"rotation": [101.99635, -29.25874, -144.07008],
					"position": [8.425, -12.8, -8],
					"scale": [1, 1.5, 1]
				},
				"righthand": {
					"rotation": [89.49229, 9.99961, -180.08816],
					"position": [-7.075, -14.4, 5.675],
					"scale": [1, 1.5, 1]
				},
				"refit_view": {
					"position": [0, -1, 11]
				},
				"root": {
					"rotation": [0, 0, 0],
					"position": [0, 0, 0]
				},
				"constraint": {
					"rotation": [0.2, 0.1, 0.2],
					"position": [0.2, 0.2, 0.4]
				},
				"hammer": {
					"rotation": [-62.5, 0, 0]
				}
			}
		},
		"draw": {
			"animation_length": 0.7,
			"bones": {
				"constraint": {
					"rotation": [0.05, 0.05, 0.05],
					"position": [0.2, 0.2, 0.2]
				},
				"root": {
					"rotation": {
						"0.0": [-103.12, -1.3, 0],
						"0.0417": [-103.12, 0, 0],
						"0.0833": [-103.12, 0, 0],
						"0.125": [-103.58, -10.44, -0.55],
						"0.1667": [-66, -14.49, -2.98],
						"0.2083": [-45.18, -12.53, -12.42],
						"0.25": [-32.52714, -25.43023, -28.39296],
						"0.2917": [-26.45, -21.25, -22.57],
						"0.3333": [-18.47, -14.17, -14.85],
						"0.375": [-9.53, -5.18, -8.62],
						"0.4167": [-1.9, -0.3, -3.4],
						"0.4583": [0.90992, 0.49018, -1.87167],
						"0.5": [0.91, 0.1, -1.87],
						"0.5417": [0.3, 0.1, -1.87],
						"0.5833": [0, 0, 0],
						"0.625": [0, 0, 0],
						"0.6667": [0, 0, 0]
					},
					"position": {
						"0.0": [-19.7, 13, 11],
						"0.0417": [-19.7, 13, 10.15],
						"0.0833": [-18.7, 13, 9.3],
						"0.125": [-7.12315, 13.32223, 7.80148],
						"0.1667": [-5.06575, 10.0456, 4.86645],
						"0.2083": [-3.54342, 3.40031, 1.02009],
						"0.25": [-2.81995, -2.888, -3.504],
						"0.2917": [-2.32611, -4.04642, -3.41357],
						"0.3333": [-2.05, -4.92, -2.045],
						"0.375": [-1.47, -4.03, -0.835],
						"0.4167": [-0.8, -2.8, -0.3],
						"0.4583": [-0.25, -1.47, 0.1],
						"0.5": [0, -0.17, 0.1],
						"0.5417": [0, -0.17, 0.1],
						"0.5833": [0, 0, 0],
						"0.625": [0, 0, 0],
						"0.6667": [0, 0, 0]
					}
				},
				"righthand": {
					"rotation": [89.49229, 9.99961, -180.08816],
					"position": [-7.075, -14.4, 5.675],
					"scale": [1, 1.5, 1]
				},
				"lefthand": {
					"rotation": {
						"0.0": [107.69, -32.76, -156],
						"0.0417": [107.69, -32.76, -156],
						"0.0833": [107.69, -32.76, -156],
						"0.125": [107.69, -32.76, -156],
						"0.1667": [107.69, -32.76, -156],
						"0.2083": [107.69, -32.76, -156],
						"0.25": [107.69, -32.76, -156],
						"0.2917": [107.69, -32.76, -156],
						"0.3333": [101.99635, -29.25874, -144.07008]
					},
					"position": {
						"0.0": [23.54817, 5.22585, 30.3124],
						"0.0417": [22.23, 3.63, 26.94],
						"0.0833": [20.91, 2.04, 23.56],
						"0.125": [19.59, 0.45, 20.18],
						"0.1667": [18.27, -1.14, 16.8],
						"0.2083": [16.95, -14.24, 13.43],
						"0.25": [12.78255, -22.13212, 5.29393],
						"0.2917": [9.76378, -19.46357, -4.33316],
						"0.3333": [8.425, -12.8, -8]
					},
					"scale": [1, 1.5, 1]
				},
				"camera": {
					"rotation": {
						"0.0833": {
							"pre": [0, 0, 0],
							"post": [0, 0, 0],
							"lerp_mode": "catmullrom"
						},
						"0.1667": {
							"post": [-1.175, 0.325, -0.7],
							"lerp_mode": "catmullrom"
						},
						"0.25": {
							"post": [0.88, -0.025, -0.925],
							"lerp_mode": "catmullrom"
						},
						"0.3333": {
							"post": [-0.245, 0.025, 0.175],
							"lerp_mode": "catmullrom"
						},
						"0.375": {
							"post": [0.15, 0, -0.2],
							"lerp_mode": "catmullrom"
						},
						"0.4167": {
							"post": [0.02, 0, -0.08],
							"lerp_mode": "catmullrom"
						},
						"0.4583": {
							"post": [-0.15, 0, 0.3],
							"lerp_mode": "catmullrom"
						},
						"0.5833": {
							"post": [-0.06, 0, -0.205],
							"lerp_mode": "catmullrom"
						},
						"0.6667": {
							"post": [0, 0, 0],
							"lerp_mode": "catmullrom"
						}
					}
				}
			},
			"sound_effects": {
				"0.25": {
					"effect": "ex:argus/argus_draw"
				}
			}
		},
		"put_away": {
			"animation_length": 0.4,
			"bones": {
				"root": {
					"rotation": {
						"0.0": [0, 0, 0],
						"0.0333": [-1.44478, -0.18415, -2.84478],
						"0.0667": [-3.24, -0.58, -8.44],
						"0.1": [-4.95974, -1.35834, -11.91958],
						"0.1333": [-6.86, -0.81, -12.92],
						"0.1667": [-6.58679, 5.72471, -9.75648],
						"0.2": [0.26254, 13.79675, 1.0124],
						"0.2333": [24.36254, 16.27175, 8.1624],
						"0.2667": [27.04245, 15.00259, 8.30506],
						"0.3": [28.04, 12.53, 7.58],
						"0.3333": [28.04, 12.53, 7.33],
						"0.3667": [28.04, 12.53, 7.33],
						"0.4": [28.04, 12.53, 7.33]
					},
					"position": {
						"0.0": [0, 0, 0],
						"0.0333": [-0.3, 0.2, 0],
						"0.0667": [-0.7, 0.2, 0],
						"0.1": [-1.55, 0, 0],
						"0.1333": [-2.5, -0.425, 0],
						"0.1667": [-3.6, -1.22, 0],
						"0.2": [-5.7, -3.12, 0],
						"0.2333": [-8, -6.72, 0],
						"0.2667": [-10.8, -12.72, 0],
						"0.3": [-16.3, -18.32, 0],
						"0.3333": [-16.3, -18.32, 0],
						"0.3667": [-16.3, -18.32, 0],
						"0.4": [-16.3, -18.32, 0]
					}
				},
				"righthand": {
					"rotation": [89.49229, 9.99961, -180.08816],
					"position": [-7.075, -14.4, 5.675],
					"scale": [1, 1.5, 1]
				},
				"lefthand": {
					"rotation": {
						"0.0": [101.99635, -29.25874, -144.07008],
						"0.0333": [102.04, -29.11, -143.65],
						"0.0667": [102.04, -29.11, -143.65],
						"0.1": [102.04, -29.11, -143.65],
						"0.1333": [102.04, -29.11, -143.65],
						"0.1667": [102.04, -29.11, -143.65],
						"0.2": [102.04, -29.11, -143.65]
					},
					"position": {
						"0.0": [8.425, -12.8, -8],
						"0.0333": [9.3, -11.9, -2.2],
						"0.0667": [10.3, -11.9, -2.2],
						"0.1": [13.15, -13.65, 1.525],
						"0.1333": [16.505, -15.3, 5.105],
						"0.1667": [20.63, -16, 7.11],
						"0.2": [24.33, -15.275, 11.685]
					},
					"scale": [1, 1.5, 1]
				}
			}
		},
		"shoot": {
			"animation_length": 0.75,
			"bones": {
				"shotgunshell": {
					"rotation": [0, 0, 0],
					"position": [0, 0, 0]
				},
				"charginghandle2": {
					"position": {
						"0.0": [0, 0, 0],
						"0.0417": [0, 0, 3.94],
						"0.1667": [0, 0, 0],
						"0.25": [0, 0, 0.3],
						"0.3333": [0, 0, 0]
					}
				},
				"root": {
					"rotation": {
						"0.0": {
							"post": [0, 0, 0],
							"lerp_mode": "catmullrom"
						},
						"0.0417": {
							"post": [-1.78, 0.11, 1],
							"lerp_mode": "catmullrom"
						},
						"0.0833": {
							"post": [-2.3, -0.08, -1],
							"lerp_mode": "catmullrom"
						},
						"0.125": {
							"post": [-2.35, -0.04, -0.2],
							"lerp_mode": "catmullrom"
						},
						"0.1667": {
							"post": [-2.4, -0.01, 0.4],
							"lerp_mode": "catmullrom"
						},
						"0.2083": {
							"post": [-2.45, 0.02, -0.15],
							"lerp_mode": "catmullrom"
						},
						"0.25": {
							"post": [-2.51, 0.06, -0.71],
							"lerp_mode": "catmullrom"
						},
						"0.2917": {
							"post": [-2.33, 0.06, -0.41],
							"lerp_mode": "catmullrom"
						},
						"0.3333": {
							"post": [-2.15, 0.06, 0],
							"lerp_mode": "catmullrom"
						},
						"0.375": {
							"post": [-1.74, 0.06, 0],
							"lerp_mode": "catmullrom"
						},
						"0.4167": {
							"post": [-1.17, 0.05, 0],
							"lerp_mode": "catmullrom"
						},
						"0.4583": {
							"post": [-0.61, 0.04, 0],
							"lerp_mode": "catmullrom"
						},
						"0.5": {
							"post": [-0.21, 0.03, 0],
							"lerp_mode": "catmullrom"
						},
						"0.5417": {
							"post": [-0.06, 0.02, 0],
							"lerp_mode": "catmullrom"
						},
						"0.5833": {
							"post": [0.01, 0.02, 0],
							"lerp_mode": "catmullrom"
						},
						"0.625": {
							"post": [0.01, 0.01, 0],
							"lerp_mode": "catmullrom"
						},
						"0.6667": {
							"post": [0, 0, 0],
							"lerp_mode": "catmullrom"
						},
						"0.7083": {
							"post": [0, 0, 0],
							"lerp_mode": "catmullrom"
						}
					},
					"position": {
						"0.0": {
							"post": [0, 0, 0],
							"lerp_mode": "catmullrom"
						},
						"0.0417": {
							"post": [0, -0.1, 5],
							"lerp_mode": "catmullrom"
						},
						"0.0833": {
							"post": [0, 0.32, 4],
							"lerp_mode": "catmullrom"
						},
						"0.125": {
							"post": [0, 0.74, 3],
							"lerp_mode": "catmullrom"
						},
						"0.1667": {
							"post": [0, 0.73, 2],
							"lerp_mode": "catmullrom"
						},
						"0.2083": {
							"post": [0, 0.61, 1],
							"lerp_mode": "catmullrom"
						},
						"0.25": {
							"post": [0, 0.42, 0.27],
							"lerp_mode": "catmullrom"
						},
						"0.2917": {
							"post": [0, 0.32, 0.11],
							"lerp_mode": "catmullrom"
						},
						"0.3333": {
							"post": [0, 0.19, 0.01],
							"lerp_mode": "catmullrom"
						},
						"0.375": {
							"post": [0, 0.06, -0.06],
							"lerp_mode": "catmullrom"
						},
						"0.4167": {
							"post": [0, -0.05, -0.09],
							"lerp_mode": "catmullrom"
						},
						"0.4583": {
							"post": [0, -0.12, -0.12],
							"lerp_mode": "catmullrom"
						},
						"0.5": {
							"post": [0, -0.13, -0.13],
							"lerp_mode": "catmullrom"
						},
						"0.5417": {
							"post": [0, -0.12, -0.11],
							"lerp_mode": "catmullrom"
						},
						"0.5833": {
							"post": [0, -0.09, -0.08],
							"lerp_mode": "catmullrom"
						},
						"0.625": {
							"post": [0, -0.05, -0.05],
							"lerp_mode": "catmullrom"
						},
						"0.6667": {
							"post": [0, -0.02, -0.02],
							"lerp_mode": "catmullrom"
						},
						"0.7083": {
							"post": [0, 0, 0],
							"lerp_mode": "catmullrom"
						}
					}
				},
				"camera": {
					"rotation": {
						"0.0": {
							"post": [0, 0, 0],
							"lerp_mode": "catmullrom"
						},
						"0.0417": {
							"post": [0, 0, -2],
							"lerp_mode": "catmullrom"
						},
						"0.0833": {
							"post": [0, 0, 2],
							"lerp_mode": "catmullrom"
						},
						"0.1667": {
							"post": [0, 0, -1],
							"lerp_mode": "catmullrom"
						},
						"0.25": {
							"post": [0, 0, 1],
							"lerp_mode": "catmullrom"
						},
						"0.2917": {
							"post": [0, 0, -0.5],
							"lerp_mode": "catmullrom"
						},
						"0.375": {
							"post": [0, 0, 0.5],
							"lerp_mode": "catmullrom"
						},
						"0.4167": {
							"post": [0, 0, -0.1],
							"lerp_mode": "catmullrom"
						},
						"0.5417": {
							"post": [0, 0, 0],
							"lerp_mode": "catmullrom"
						}
					}
				},
				"trigger": {
					"rotation": {
						"0.0": [25, 0, 0],
						"0.1667": [0, 0, 0]
					}
				}
			}
		},
		"bolt": {
			"loop": "hold_on_last_frame",
			"animation_length": 0.8,
			"bones": {
				"lefthand": {
					"rotation": [101.99635, -29.25874, -144.07008],
					"position": [8.425, -12.8, -8],
					"scale": [1, 1.5, 1]
				},
				"righthand": {
					"rotation": {
						"0.0": [89.49229, 9.99961, -180.08816],
						"0.1": [75, 7, -180.06],
						"0.1667": [75, 7, -180.06],
						"0.2667": [89.49229, 9.99961, -180.08816]
					},
					"position": {
						"0.0": [-7.075, -14.4, 5.675],
						"0.1333": [-6.85, -19.54, 3.08],
						"0.2": [-6.85, -19.54, 3.08],
						"0.3": [-7.075, -14.4, 5.675]
					},
					"scale": [1, 1.5, 1]
				},
				"refit_view": {
					"position": [0, -1, 11]
				},
				"root": {
					"rotation": {
						"0.0": {
							"post": [0, 0, 0],
							"lerp_mode": "catmullrom"
						},
						"0.0333": {
							"post": [0, 0, 2.7],
							"lerp_mode": "catmullrom"
						},
						"0.0667": {
							"post": [0, 0, 6.5],
							"lerp_mode": "catmullrom"
						},
						"0.1": {
							"post": [0, 0, 11],
							"lerp_mode": "catmullrom"
						},
						"0.1333": {
							"post": [0, 0, 16.3],
							"lerp_mode": "catmullrom"
						},
						"0.1667": {
							"post": [-0.725, 0, 21.675],
							"lerp_mode": "catmullrom"
						},
						"0.2": {
							"post": [-2.725, 0, 25.45],
							"lerp_mode": "catmullrom"
						},
						"0.2333": {
							"post": [-4.99726, 0.10465, 28.22318],
							"lerp_mode": "catmullrom"
						},
						"0.2667": {
							"post": [-8.20662, 0, 30.73494],
							"lerp_mode": "catmullrom"
						},
						"0.3": {
							"post": [-10.23162, 0, 32.83494],
							"lerp_mode": "catmullrom"
						},
						"0.3333": {
							"post": [-10.9084, 0, 34.45649],
							"lerp_mode": "catmullrom"
						},
						"0.3667": {
							"post": [-10.2084, 0, 34.35649],
							"lerp_mode": "catmullrom"
						},
						"0.4": {
							"post": [-9.31, 0, 32.26],
							"lerp_mode": "catmullrom"
						},
						"0.4333": {
							"post": [-7.785, 0, 28.46],
							"lerp_mode": "catmullrom"
						},
						"0.4667": {
							"post": [-5.91, 0, 25.16],
							"lerp_mode": "catmullrom"
						},
						"0.5": {
							"post": [-3.835, 0, 20.96],
							"lerp_mode": "catmullrom"
						},
						"0.5333": {
							"post": [-1.41, 0, 17.66],
							"lerp_mode": "catmullrom"
						},
						"0.5667": {
							"post": [-0.21, 0, 14.36],
							"lerp_mode": "catmullrom"
						},
						"0.6": {
							"post": [0.69, 0, 11.06],
							"lerp_mode": "catmullrom"
						},
						"0.6333": {
							"post": [0.99, 0, 7.36],
							"lerp_mode": "catmullrom"
						},
						"0.6667": {
							"post": [1.14, 0, 4.56],
							"lerp_mode": "catmullrom"
						},
						"0.7": {
							"post": [1.165, 0, 2.56],
							"lerp_mode": "catmullrom"
						},
						"0.7333": {
							"post": [0.51, 0, 1.31],
							"lerp_mode": "catmullrom"
						},
						"0.7667": {
							"post": [0.18, 0, 0.45],
							"lerp_mode": "catmullrom"
						},
						"0.8": {
							"post": [0, 0, 0],
							"lerp_mode": "catmullrom"
						}
					},
					"position": {
						"0.0": {
							"post": [0, 0, 0],
							"lerp_mode": "catmullrom"
						},
						"0.0333": {
							"post": [0, 0, 0],
							"lerp_mode": "catmullrom"
						},
						"0.0667": {
							"post": [0, 0, 0],
							"lerp_mode": "catmullrom"
						},
						"0.1": {
							"post": [0.1, 0, 0],
							"lerp_mode": "catmullrom"
						},
						"0.1333": {
							"post": [0.5, 0, 0],
							"lerp_mode": "catmullrom"
						},
						"0.1667": {
							"post": [1, 0, 0],
							"lerp_mode": "catmullrom"
						},
						"0.2": {
							"post": [1.7, 0, 0],
							"lerp_mode": "catmullrom"
						},
						"0.2333": {
							"post": [2.3, 0, 0],
							"lerp_mode": "catmullrom"
						},
						"0.2667": {
							"post": [2.5, 0, 0],
							"lerp_mode": "catmullrom"
						},
						"0.3": {
							"post": [2.5, 0, 0],
							"lerp_mode": "catmullrom"
						},
						"0.3333": {
							"post": [2.5, 0, 0],
							"lerp_mode": "catmullrom"
						},
						"0.3667": {
							"post": [2.5, 0, 0],
							"lerp_mode": "catmullrom"
						},
						"0.4": {
							"post": [2.5, 0, 0],
							"lerp_mode": "catmullrom"
						},
						"0.4333": {
							"post": [2.5, 0, 0],
							"lerp_mode": "catmullrom"
						},
						"0.4667": {
							"post": [2.5, 0, 0],
							"lerp_mode": "catmullrom"
						},
						"0.5": {
							"post": [2.3, 0, 0],
							"lerp_mode": "catmullrom"
						},
						"0.5333": {
							"post": [1.9, 0, 0],
							"lerp_mode": "catmullrom"
						},
						"0.5667": {
							"post": [1.5, 0, 0],
							"lerp_mode": "catmullrom"
						},
						"0.6": {
							"post": [1, 0, 0],
							"lerp_mode": "catmullrom"
						},
						"0.6333": {
							"post": [0.6, 0, 0],
							"lerp_mode": "catmullrom"
						},
						"0.6667": {
							"post": [0.4, 0, 0],
							"lerp_mode": "catmullrom"
						},
						"0.7": {
							"post": [0.2, 0, 0],
							"lerp_mode": "catmullrom"
						},
						"0.7333": {
							"post": [0.13, 0, 0],
							"lerp_mode": "catmullrom"
						},
						"0.7667": {
							"post": [0.06, 0, 0],
							"lerp_mode": "catmullrom"
						},
						"0.8": {
							"post": [0, 0, 0],
							"lerp_mode": "catmullrom"
						}
					}
				},
				"bolt": {
					"rotation": {
						"0.0": [0, 0, 0],
						"0.1": [-30, 0, 0],
						"0.2": [-30, 0, 0],
						"0.3": [0, 0, 0]
					}
				},
				"lever": {
					"rotation": {
						"0.0": [0, 0, 0],
						"0.1": [-60, 0, 0],
						"0.1333": [-60, 0, 0],
						"0.3": [0, 0, 0]
					}
				},
				"hammer": {
					"rotation": {
						"0.0": [-62.5, 0, 0],
						"0.0667": [-16.41, 0, 0],
						"0.3667": [-16.41, 0, 0],
						"0.4": [-62.5, 0, 0]
					}
				},
				"45_70": {
					"rotation": {
						"0.1667": [0, 0, 0],
						"0.2": [-12.5, 0, 0],
						"0.2667": [0, 0, 0]
					},
					"position": {
						"0.1333": [0, -1, -0.315],
						"0.1667": [0, -0.57, -0.315],
						"0.2333": [0, 0, 0]
					}
				},
				"shell_ejection": {
					"rotation": {
						"0.0333": [0, 0, 0],
						"0.1333": [0, 0, 0],
						"0.3333": [0, 480, 360],
						"0.3667": [0, 0, 0]
					},
					"position": {
						"0.0333": {
							"pre": [0, 0, 0],
							"post": [0, 0, 0],
							"lerp_mode": "catmullrom"
						},
						"0.0667": [0, 0, 0],
						"0.1333": [0, 0, 0.5],
						"0.1667": [-5.09557, -0.6189, 0.52685],
						"0.2333": [-10.4357, -0.84841, 0.68538],
						"0.2667": [-17.15144, -5.02007, 0.76563],
						"0.3333": [-19.92919, -13.13909, 0.66998],
						"0.3667": [0, 0, 0]
					},
					"scale": {
						"0.0333": [1, 1, 1],
						"0.1333": [1, 1, 1],
						"0.2667": [1, 1, 1],
						"0.3333": [0, 0, 0]
					}
				},
				"constraint": {
					"rotation": [0.2, 0.1, 0.2],
					"position": [0.2, 0.2, 0.4]
				},
				"camera": {
					"rotation": {
						"0.0": {
							"post": [0, 0, 0],
							"lerp_mode": "catmullrom"
						},
						"0.1": {
							"post": [0.5, 0, 0],
							"lerp_mode": "catmullrom"
						},
						"0.1667": {
							"post": [-0.5, 0.1, 0.5],
							"lerp_mode": "catmullrom"
						},
						"0.2333": {
							"post": [-0.5, -0.04278, -0.25],
							"lerp_mode": "catmullrom"
						},
						"0.3": {
							"post": [-0.5, 0.04725, 0.2],
							"lerp_mode": "catmullrom"
						},
						"0.4333": {
							"post": [0.3, 0.05, 0.55],
							"lerp_mode": "catmullrom"
						},
						"0.5333": {
							"post": [0, 0, 0],
							"lerp_mode": "catmullrom"
						}
					}
				},
				"left_rotate": {
					"rotation": {
						"0.0333": [-360, 0, 0],
						"0.3333": [0, 0, 0],
						"0.4": [9, 0, 0],
						"0.4667": [-6, 0, 0],
						"0.5667": [0, 0, 0]
					}
				},
				"bone10": {
					"rotation": {
						"0.0333": [-360, 0, 0],
						"0.3333": [0, 0, 0],
						"0.4": [9, 0, 0],
						"0.4667": [-6, 0, 0],
						"0.5667": [0, 0, 0]
					}
				},
				"roundmag_stnrd": {
					"rotation": {
						"0.0": [-360, 0, 0],
						"0.2667": [0, 0, 0]
					}
				},
				"hexadecagon4": {
					"rotation": {
						"0.0333": [-160, 0, 0],
						"0.2667": [0, 0, 0]
					}
				}
			},
			"sound_effects": {
				"0.0": {
					"effect": "ex:argus/argus_bolt"
				}
			}
		},
		"reload_tactical": {
			"animation_length": 1.5,
			"bones": {
				"lefthand": {
					"rotation": [101.99635, -29.25874, -144.07008],
					"position": [8.425, -12.8, -8],
					"scale": [1, 1.5, 1]
				},
				"righthand": {
					"rotation": {
						"0.0": [89.49229, 9.99961, -180.08816],
						"0.5": [89.49, 10, -180.09],
						"0.5833": [87.9167, 9.7959, -189.22393],
						"0.625": [98.85562, 16.79115, -189.48907],
						"0.6667": [114.85562, 16.79115, -189.48907],
						"0.7083": [118.50584, 5.82035, -194.34841],
						"0.75": [115.9209, 4.94416, -192.32457],
						"0.8333": [119.12621, 4.87236, -190.12903],
						"0.875": [119.28479, 7.49113, -188.65677],
						"0.9167": [119.67869, 11.62666, -186.28667],
						"1.0": [119.02293, 14.23211, -184.75802],
						"1.125": [89.49229, 9.99961, -180.08816]
					},
					"position": {
						"0.0": [-7.075, -14.4, 5.675],
						"0.5": [-7.07, -14.4, 5.68],
						"0.5833": [-20.87, -17, 8.58],
						"0.625": [-15.37, -11.6, 0.98],
						"0.6667": [-10.97, -9.2, 0.98],
						"0.7083": [-11.545, -9.2, 0.98],
						"0.75": [-11.54, -9.2, 0.98],
						"0.7917": [-11.04, -9.2, 0.98],
						"0.8333": [-10.44, -9.2, 0.98],
						"0.875": [-10.24, -9.2, 0.98],
						"0.9167": [-9.64, -10.1, 0.98],
						"1.0": [-9.64, -10.6, 0.98],
						"1.0417": [-11.14, -10.6, 3.08],
						"1.0833": [-11.14, -10.6, 4.68],
						"1.125": [-7.075, -14.4, 5.675]
					},
					"scale": [1, 1.5, 1]
				},
				"refit_view": {
					"position": [0, -1, 11]
				},
				"root": {
					"rotation": {
						"0.0": [0, 0, 0],
						"0.0833": [0, 0, 0.2],
						"0.125": [-2, 0, -0.2],
						"0.2083": [-10.48085, -0.63744, -2.64153],
						"0.25": [-15.56209, 3.87585, -4.54353],
						"0.2917": [-18.06708, 11.59835, -5.93225],
						"0.3333": [-19.584, 14.69791, -5.98093],
						"0.375": [-19.88886, 15.79971, -5.88853],
						"0.4167": [-18.99, 15.85, -5.69],
						"0.4583": [-16.09, 15.9, -4.39],
						"0.5": [-15.60342, 16.34358, 0.64507],
						"0.5417": [-13.67013, 17.86123, 7.81333],
						"0.5833": [-9.8167, 19.53954, 10.03842],
						"0.625": [-9.82, 20.37, 10.66],
						"0.6667": [-9.82, 21.065, 10.99],
						"0.7083": [-10.02, 21.69, 10.99],
						"0.75": [-10.52, 21.69, 10.99],
						"0.7917": [-10.52, 21.69, 10.99],
						"0.8333": [-10.02, 22.14, 10.99],
						"0.875": [-9.82, 23.04, 10.99],
						"0.9167": [-9.82, 23.54, 10.99],
						"0.9583": [-9.82, 23.04, 10.99],
						"1.0": [-9.82, 23.04, 10.99],
						"1.0417": [-9.82, 17.94, 10.99],
						"1.0833": [-12.12, 11.24, 10.99],
						"1.125": [-12.12, 8.24, 8.69],
						"1.1667": [-11.195, 6.44, 6.59],
						"1.2083": [-7.22, 4.34, 4.09],
						"1.25": [-0.72, 2.94, 1.29],
						"1.2917": [0, 1.4, 0],
						"1.3333": [0, 0, 0]
					},
					"position": {
						"0.0": [0, 0, 0],
						"0.0833": [0, 0.075, 0],
						"0.125": [-0.175, 0.225, 0],
						"0.2083": [-0.9, 0.65, 0],
						"0.25": [-2.125, 0.25, 0],
						"0.2917": [-2.995, -0.075, 0],
						"0.3333": [-3.495, -0.38, 0],
						"0.375": [-3.74, -0.695, 0],
						"0.4583": [-3.74, -1.19, 0],
						"0.5": [-3.54, -1.415, 0],
						"0.5833": [-3.115, -1.74, 0],
						"0.625": [-2.98, -1.83, 0],
						"0.6667": [-2.84, -1.79, 0],
						"0.7083": [-2.765, -1.685, 0],
						"0.8333": [-2.76, -1.63, 0],
						"0.875": [-2.66, -1.63, 0],
						"0.9167": [-2.66, -1.63, 0],
						"1.0": [-2.86, -1.83, 0],
						"1.0833": [-2.86, -1.43, 0],
						"1.125": [-2.46, -1.23, 0],
						"1.1667": [-1.86, -1.53, 0],
						"1.2083": [-1.16, -1.755, 0],
						"1.25": [-0.56, -1.78, 0],
						"1.2917": [0, -1.28, 0],
						"1.3333": [0, -0.33, 0],
						"1.375": [0, -0.15, 0],
						"1.4167": [0, -0.07, 0],
						"1.4583": [0, -0.04, 0],
						"1.5": [0, 0, 0]
					}
				},
				"constraint": {
					"rotation": [0.2, 0.1, 0.2],
					"position": [0.2, 0.2, 0.4]
				},
				"hammer": {
					"rotation": [-62.5, 0, 0]
				},
				"mag_open": {
					"rotation": {
						"0.0": [0, 0, 0],
						"0.25": [0, -160, 0],
						"1.0": [0, -160, 0],
						"1.1667": [0, 0, 0]
					}
				},
				"magazine": {
					"rotation": {
						"0.0": [0, 0, 0],
						"0.2917": [0, 0, 0],
						"0.3333": [0, 0, 0],
						"0.4167": [0, 0, -16],
						"0.5833": [0, 0, -16],
						"0.625": [0, 0, -16],
						"0.6667": [0, 0, 0],
						"0.7083": [0, 0, -10],
						"0.75": [0, 0, -5],
						"0.7917": [0, 0, 0],
						"0.8333": [0, 0, 0],
						"0.875": [0, 0, 0]
					},
					"position": {
						"0.0": [0, 0, 0],
						"0.2917": [0, 0, 0],
						"0.3333": [-1.8, 0, 0],
						"0.4167": [-12, 1.9, 0],
						"0.4583": [-12, -7, 7],
						"0.5833": [-12, -7, 7],
						"0.625": [-7, -1.75, 0.25],
						"0.6667": [-3, 0, 0.25],
						"0.7083": [-3, 0, 0.25],
						"0.7917": [-2.7, 0, 0.25],
						"0.8333": [-1.5, 0, 0.25],
						"0.875": [-1, 0, 0.25],
						"0.9167": [0, 0, 0]
					}
				},
				"bone3": {
					"position": {
						"0.0": [0, 0, 0],
						"0.0833": [0, 0, 0],
						"0.1667": [0, 0, 0.25],
						"1.2917": [0, 0, 0.25],
						"1.3333": [0, 0, 0]
					}
				},
				"hexadecagon4": {
					"rotation": {
						"0.1667": [0, 0, 0],
						"0.5": [360, 0, 0],
						"1.2083": [360, 0, 0],
						"1.2917": [0, 0, 0]
					},
					"position": {
						"0.1667": [0, 0, 0],
						"0.5": [0, 0, 0],
						"1.2083": [0, 0, 0],
						"1.2917": [0, 0, 0]
					}
				},
				"left_rotate": {
					"rotation": {
						"0.0": [0, 0, 0],
						"0.0833": [0, 0, 0],
						"0.1667": [-40, 0, 0],
						"1.2917": [-40, 0, 0],
						"1.3333": [0, 0, 0]
					}
				},
				"camera": {
					"rotation": {
						"0.0": {
							"post": [0, 0, 0],
							"lerp_mode": "catmullrom"
						},
						"0.25": {
							"post": [0.5, 0, 0],
							"lerp_mode": "catmullrom"
						},
						"0.2917": {
							"post": [0.3, 0, 0.4],
							"lerp_mode": "catmullrom"
						},
						"0.3333": {
							"post": [0.5, 0, -0.4],
							"lerp_mode": "catmullrom"
						},
						"0.375": {
							"post": [0.5, 0, 0.3],
							"lerp_mode": "catmullrom"
						},
						"0.4583": {
							"post": [0.5, 0, 0],
							"lerp_mode": "catmullrom"
						},
						"0.5833": {
							"post": [-0.09, 0, -0.03],
							"lerp_mode": "catmullrom"
						},
						"0.8333": {
							"post": [-0.03, 0, 0],
							"lerp_mode": "catmullrom"
						},
						"0.875": {
							"post": [-0.26, 0, 0.3],
							"lerp_mode": "catmullrom"
						},
						"0.9167": {
							"post": [0.1, 0, -0.3],
							"lerp_mode": "catmullrom"
						},
						"0.9583": {
							"post": [-0.2, 0, 0.3],
							"lerp_mode": "catmullrom"
						},
						"1.0417": {
							"post": [-0.1, 0, 0],
							"lerp_mode": "catmullrom"
						},
						"1.25": {
							"post": [0, 0, 0],
							"lerp_mode": "catmullrom"
						}
					}
				},
				"open": {
					"position": {
						"0.0": [0, 0, 0],
						"0.0833": [0, 0, 0],
						"0.1667": [0, 0, 0.25],
						"1.2917": [0, 0, 0.25],
						"1.3333": [0, 0, 0]
					}
				}
			},
			"sound_effects": {
				"0.0": {
					"effect": "ex:argus/argus_fast_tactical"
				}
			}
		},
		"reload_empty": {
			"animation_length": 1.65,
			"bones": {
				"lefthand": {
					"rotation": {
						"0.0": [101.99635, -29.25874, -144.07008],
						"1.0": [102, -29.26, -144.07],
						"1.0417": [102, -29.26, -144.07],
						"1.0833": [102, -29.26, -144.07],
						"1.375": [102, -29.26, -144.07],
						"1.4167": [102, -29.26, -144.07],
						"1.5": [101.99635, -29.25874, -144.07008]
					},
					"position": {
						"0.0": [8.425, -12.8, -8],
						"1.0": [8.43, -12.8, -8],
						"1.0417": [10.93, -12.8, 3],
						"1.0833": [14.93, -17.8, 11],
						"1.375": [14.93, -17.8, 11],
						"1.4167": [10.93, -12.8, 7.2],
						"1.5": [8.425, -12.8, -8]
					},
					"scale": [1, 1.5, 1]
				},
				"righthand": {
					"rotation": {
						"0.0": [89.49229, 9.99961, -180.08816],
						"0.5": [89.49, 10, -180.09],
						"0.5833": [87.9167, 9.7959, -189.22393],
						"0.625": [98.85562, 16.79115, -189.48907],
						"0.6667": [114.85562, 16.79115, -189.48907],
						"0.7083": [118.50584, 5.82035, -194.34841],
						"0.75": [115.9209, 4.94416, -192.32457],
						"0.8333": [119.12621, 4.87236, -190.12903],
						"0.875": [119.28479, 7.49113, -188.65677],
						"0.9167": [119.67869, 11.62666, -186.28667],
						"1.0": [119.02293, 14.23211, -184.75802],
						"1.0417": [119.02, 14.23, -184.76],
						"1.1667": [66.99229, 9.99961, -180.08816],
						"1.2083": [101.99229, 9.99961, -180.08816],
						"1.25": [101.99, 10, -180.09],
						"1.2917": [101.99, 10, -180.09],
						"1.3333": [102.55652, 19.77269, -177.89309],
						"1.375": [102.56, 19.77, -177.89],
						"1.4167": [89.49229, 9.99961, -180.08816]
					},
					"position": {
						"0.0": [-7.075, -14.4, 5.675],
						"0.5": [-7.07, -14.4, 5.68],
						"0.5833": [-20.87, -17, 8.58],
						"0.625": [-15.37, -11.6, 0.98],
						"0.6667": [-10.97, -9.2, 0.98],
						"0.7083": [-11.545, -9.2, 0.98],
						"0.75": [-11.54, -9.2, 0.98],
						"0.7917": [-11.04, -9.2, 0.98],
						"0.8333": [-10.44, -9.2, 0.98],
						"0.875": [-10.24, -9.2, 0.98],
						"0.9167": [-9.64, -10.1, 0.98],
						"1.0": [-9.64, -10.6, 0.98],
						"1.0417": [-9.64, -14.1, 4.48],
						"1.1667": [-8.075, -18.4, 9.925],
						"1.2083": [-8.07, -14.9, -2.32],
						"1.25": [-8.07, -12.65, -4.82],
						"1.2917": [-8.82, -7.65, -7.32],
						"1.3333": [-8.82, -9.25, 8.28],
						"1.375": [-8.82, -12.75, 9.28],
						"1.4167": [-7.075, -14.4, 5.675]
					},
					"scale": [1, 1.5, 1]
				},
				"refit_view": {
					"position": [0, -1, 11]
				},
				"root": {
					"rotation": {
						"0.0": [0, 0, 0],
						"0.0833": [0, 0, 0.2],
						"0.125": [-2, 0, -0.2],
						"0.2083": [-10.48085, -0.63744, -2.64153],
						"0.25": [-15.56209, 3.87585, -4.54353],
						"0.2917": [-18.06708, 11.59835, -5.93225],
						"0.3333": [-19.584, 14.69791, -5.98093],
						"0.375": [-19.88886, 15.79971, -5.88853],
						"0.4167": [-18.99, 15.85, -5.69],
						"0.4583": [-16.09, 15.9, -4.39],
						"0.5": [-15.60342, 16.34358, 0.64507],
						"0.5417": [-13.67013, 17.86123, 7.81333],
						"0.5833": [-9.8167, 19.53954, 10.03842],
						"0.625": [-9.82, 20.37, 10.66],
						"0.6667": [-9.82, 21.065, 10.99],
						"0.7083": [-10.02, 21.69, 10.99],
						"0.75": [-10.52, 21.69, 10.99],
						"0.7917": [-10.52, 21.69, 10.99],
						"0.8333": [-10.02, 22.14, 10.99],
						"0.875": [-9.82, 23.04, 10.99],
						"0.9167": [-9.82, 23.54, 10.99],
						"0.9583": [-9.82, 23.04, 10.99],
						"1.0": [-9.82, 23.04, 10.99],
						"1.0417": [-4.72, 16.64, 6.09],
						"1.0833": [0, 0, 0],
						"1.4583": [0, 0, 0],
						"1.5": [0, 0, 0],
						"1.625": [0, 0, 0]
					},
					"position": {
						"0.0": [0, 0, 0],
						"0.0833": [0, 0.075, 0],
						"0.125": [-0.175, 0.225, 0],
						"0.2083": [-0.9, 0.65, 0],
						"0.25": [-2.125, 0.25, 0],
						"0.2917": [-2.995, -0.075, 0],
						"0.3333": [-3.495, -0.38, 0],
						"0.375": [-3.74, -0.695, 0],
						"0.4583": [-3.74, -1.19, 0],
						"0.5": [-3.54, -1.415, 0],
						"0.5833": [-3.115, -1.74, 0],
						"0.625": [-2.98, -1.83, 0],
						"0.6667": [-2.84, -1.79, 0],
						"0.7083": [-2.765, -1.685, 0],
						"0.8333": [-2.76, -1.63, 0],
						"0.875": [-2.66, -1.63, 0],
						"0.9167": [-2.66, -1.63, 0],
						"1.0": [-2.86, -1.83, 0],
						"1.0417": [-1.96, -1.13, 0],
						"1.0833": [0, 0, 0],
						"1.4583": [0, -1.25, 0],
						"1.5": [0, -1.25, 0],
						"1.625": [0, 0, 0]
					}
				},
				"constraint": {
					"rotation": [0.2, 0.1, 0.2],
					"position": [0.2, 0.2, 0.4]
				},
				"hammer": {
					"rotation": [-62.5, 0, 0]
				},
				"mag_open": {
					"rotation": {
						"0.0": [0, 0, 0],
						"0.25": [0, -160, 0],
						"1.0": [0, -160, 0],
						"1.0417": [0, 0, 0]
					}
				},
				"magazine": {
					"rotation": {
						"0.0": [0, 0, 0],
						"0.2917": [0, 0, 0],
						"0.3333": [0, 0, 0],
						"0.4167": [0, 0, -16],
						"0.5833": [0, 0, -16],
						"0.625": [0, 0, -16],
						"0.6667": [0, 0, 0],
						"0.7083": [0, 0, -10],
						"0.75": [0, 0, -5],
						"0.7917": [0, 0, 0],
						"0.8333": [0, 0, 0],
						"0.875": [0, 0, 0]
					},
					"position": {
						"0.0": [0, 0, 0],
						"0.2917": [0, 0, 0],
						"0.3333": [-1.8, 0, 0],
						"0.4167": [-12, 1.9, 0],
						"0.4583": [-12, -7, 7],
						"0.5833": [-12, -7, 7],
						"0.625": [-7, -1.75, 0.25],
						"0.6667": [-3, 0, 0.25],
						"0.7083": [-3, 0, 0.25],
						"0.7917": [-2.7, 0, 0.25],
						"0.8333": [-1.5, 0, 0.25],
						"0.875": [-1, 0, 0.25],
						"0.9167": [0, 0, 0]
					}
				},
				"argus": {
					"rotation": {
						"1.0417": [0, 0, 0],
						"1.0833": [1, 0, 0],
						"1.125": [9, 0, 0],
						"1.1667": [19, 0, 0],
						"1.2083": [-38.5, 0, 0],
						"1.25": [-75, 0, 0],
						"1.2917": [-137.5, 0, 0],
						"1.3333": [-186.1, 0, 0],
						"1.375": [-323.8, 0, 0],
						"1.4167": {
							"pre": [-365.8, 0, 0],
							"post": [0, 0, 0]
						},
						"1.4583": [0, 0, 0]
					},
					"position": {
						"1.0417": [0, 0, 0],
						"1.0833": [0, -1.5, 0],
						"1.125": [0, -3, 0],
						"1.1667": [-0.7, -6.95, 2.6],
						"1.2083": [-1.4, 9.15, 4.9],
						"1.25": [-1.4, 9.15, 12.4],
						"1.2917": [-1.4, 1.15, 16.4],
						"1.3333": [-1.4, -13.85, 26.1],
						"1.375": [-1.4, -5.85, 2.1],
						"1.4167": [-1.4, 0.75, -1.7],
						"1.4583": [0, 0, 0]
					}
				},
				"bolt": {
					"rotation": {
						"1.1667": [0, 0, 0],
						"1.2083": [-45, 0, 0],
						"1.3333": [-45, 0, 0],
						"1.375": [0, 0, 0]
					},
					"position": {
						"1.1667": [0, 0, 0],
						"1.2083": [0, 0, 0],
						"1.3333": [0, 0, 0]
					}
				},
				"bone3": {
					"position": {
						"0.0": [0, 0, 0],
						"0.0833": [0, 0, 0],
						"0.1667": [0, 0, 0.25],
						"1.2917": [0, 0, 0.25],
						"1.3333": [0, 0, 0]
					}
				},
				"hexadecagon4": {
					"rotation": {
						"0.1667": [0, 0, 0],
						"0.5": [160, 0, 0],
						"1.2083": [160, 0, 0],
						"1.2917": [0, 0, 0]
					},
					"position": {
						"0.1667": [0, 0, 0],
						"0.5": [0, 0, 0],
						"1.2083": [0, 0, 0],
						"1.2917": [0, 0, 0]
					}
				},
				"left_rotate": {
					"rotation": {
						"0.0": [0, 0, 0],
						"0.0833": [0, 0, 0],
						"0.1667": [-40, 0, 0],
						"1.2917": [-40, 0, 0],
						"1.3333": [0, 0, 0]
					}
				},
				"camera": {
					"rotation": {
						"0.0": {
							"post": [0, 0, 0],
							"lerp_mode": "catmullrom"
						},
						"0.25": {
							"post": [0.5, 0, 0],
							"lerp_mode": "catmullrom"
						},
						"0.2917": {
							"post": [0.3, 0, 0.4],
							"lerp_mode": "catmullrom"
						},
						"0.3333": {
							"post": [0.5, 0, -0.4],
							"lerp_mode": "catmullrom"
						},
						"0.375": {
							"post": [0.5, 0, 0.3],
							"lerp_mode": "catmullrom"
						},
						"0.4583": {
							"post": [0.5, 0, 0],
							"lerp_mode": "catmullrom"
						},
						"0.5833": {
							"post": [-0.09, 0, -0.03],
							"lerp_mode": "catmullrom"
						},
						"0.8333": {
							"post": [-0.03, 0, 0],
							"lerp_mode": "catmullrom"
						},
						"0.875": {
							"post": [-0.26, 0, 0.3],
							"lerp_mode": "catmullrom"
						},
						"0.9167": {
							"post": [0.1, 0, -0.3],
							"lerp_mode": "catmullrom"
						},
						"0.9583": {
							"post": [-0.2, 0, 0.3],
							"lerp_mode": "catmullrom"
						},
						"1.0417": {
							"post": [-0.1, 0, 0],
							"lerp_mode": "catmullrom"
						},
						"1.25": {
							"post": [0, 0, 0],
							"lerp_mode": "catmullrom"
						},
						"1.4167": {
							"post": [1.5, 0, 0],
							"lerp_mode": "catmullrom"
						},
						"1.625": {
							"post": [0, 0, 0],
							"lerp_mode": "catmullrom"
						}
					}
				},
				"open": {
					"position": {
						"0.0": [0, 0, 0],
						"0.0833": [0, 0, 0],
						"0.1667": [0, 0, 0.25],
						"1.2917": [0, 0, 0.25],
						"1.3333": [0, 0, 0]
					}
				}
			},
			"sound_effects": {
				"0.0": {
					"effect": "ex:argus/argus_fast_empty"
				}
			}
		},
		"inspect": {
			"loop": true,
			"animation_length": 5.25,
			"bones": {
				"lefthand": {
					"rotation": {
						"0.0": [101.99635, -29.25874, -144.07008],
						"0.2917": [84.10139, -38.9319, -131.62903],
						"0.5": [85.7579, -71.03775, -121.84537],
						"2.0": [85.76, -71.04, -121.85],
						"2.3333": [85.76, -71.04, -121.85],
						"2.5417": [114.67069, -63.51585, -172.20824],
						"2.6667": [88.07069, -63.51585, -202.80824],
						"2.75": [107.02805, -63.65697, -270.43441],
						"4.5": [107.03, -63.66, -270.43],
						"4.9167": [101.99635, -29.25874, -144.07008]
					},
					"position": {
						"0.0": [8.425, -12.8, -8],
						"0.1667": [8.43, -12.8, -11.7],
						"0.25": [8.43, -12.8, -15.9],
						"0.3333": [7.93, -12.3, -20.7],
						"0.4583": [7.33, -12.2, -21.8],
						"2.0833": [7.33, -12.2, -21.8],
						"2.4167": [7.33, -12.2, -21.8],
						"2.5": [7.83, -14.4, -20],
						"2.5417": [10.63, -14.825, -14.5],
						"2.5833": [10.76, -14.38, -15.1],
						"2.6667": [11.005, -11.4, -16.3],
						"2.75": [7.305, -11.4, -19.7],
						"4.5": [7.31, -11.4, -19.7],
						"4.9167": [8.425, -12.8, -8]
					},
					"scale": [1, 1.5, 1]
				},
				"righthand": {
					"rotation": {
						"0.0": [89.49229, 9.99961, -180.08816],
						"3.5": [89.49, 10, -180.09],
						"3.5833": [89.49, 10, -180.09],
						"3.625": [98.49, 10, -180.09],
						"3.7917": [99.87656, 14.67813, -178.28273],
						"4.125": [97.81349, 12.69872, -178.56102],
						"4.25": [97.72957, 9.72753, -178.97343],
						"4.2917": [95.22957, 9.72753, -178.97343],
						"4.4167": [97.72957, 9.72753, -178.97343],
						"4.5": [89.49, 10, -180.09]
					},
					"position": {
						"0.0": [-7.075, -14.4, 5.675],
						"3.5": [-7.07, -14.4, 5.68],
						"3.5833": [-6.57, -16, 4.98],
						"3.625": [-5.97, -17.4, 4.78],
						"3.7917": [-5.97, -18, 3.88],
						"4.2083": [-5.97, -18, 3.88],
						"4.2917": [-5.97, -18, 4.58],
						"4.4167": [-6.67, -16.2, 5.28],
						"4.5": [-7.07, -14.4, 5.68]
					},
					"scale": [1, 1.5, 1]
				},
				"refit_view": {
					"position": [0, -1, 11]
				},
				"root": {
					"rotation": {
						"0.0": [0, 0, 0],
						"0.0833": [0, -10, 3],
						"0.1667": [0, -32.15, 3.25],
						"0.2083": [1.34, -52.62, 1.62],
						"0.25": [3.5, -65.1, 0],
						"0.2917": [6.725, -70.975, -5.5],
						"0.3333": [9.02, -75.345, -10.995],
						"0.375": [11.68016, -75.91123, -14.01726],
						"0.4167": [13.73, -75.91, -17.57],
						"0.4583": [16.505, -75.91, -20.195],
						"0.5": [19.30366, -75.07945, -23.25637],
						"0.5417": [21.36954, -74.11531, -25.41074],
						"0.6667": [20.72, -74.12, -27.905],
						"0.75": [21.15, -74.12, -29.23],
						"0.8333": [22.475, -74.12, -29.23],
						"1.0": [22.475, -75.445, -29.23],
						"1.1667": [22.475, -74.995, -29.6],
						"1.3333": [22.475, -74.565, -29.23],
						"1.4167": [22.475, -74.56, -29.23],
						"1.5417": [22.475, -74.56, -29.6],
						"1.7083": [22.475, -74.75, -29.6],
						"1.8333": [22.475, -74.63, -29.6],
						"1.9583": [22.475, -74.59, -29.6],
						"2.125": [22.475, -74.63, -29.75],
						"2.375": [22.48, -74.56, -29.96],
						"2.4583": [16.1494, -69.40335, -24.38576],
						"2.5": [-0.65, -61.275, -8.09],
						"2.5417": [-23.34216, -51.0002, 8.7669],
						"2.7083": [-46.70565, -11.16234, 72.46314],
						"2.75": [-49.56724, -2.36783, 85.56867],
						"2.7917": [-49.62724, 7.64165, 90.62391],
						"2.8333": [-49.63, 11.74, 89.795],
						"2.875": [-49.81545, 9.22812, 84.59351],
						"3.0": [-49.82, 9.23, 84.59],
						"3.0833": [-49.91567, 9.71342, 84.00866],
						"3.25": [-49.80526, 10.47451, 84.66475],
						"3.4167": [-49.81, 10.47, 84.66],
						"3.5": [-48.15, 10.47, 84.66],
						"3.5833": [-50.3, 10.47, 84.66],
						"3.625": [-52.975, 10.47, 84.66],
						"3.6667": [-57.325, 10.47, 84.66],
						"3.7917": [-61.07, 10.47, 84.66],
						"3.8333": [-60.32, 10.47, 84.66],
						"4.125": [-61.4, 10.47, 84.66],
						"4.2083": [-59.15, 10.47, 84.66],
						"4.25": [-54.7, 10.47, 84.66],
						"4.3333": [-51.7, 10.47, 84.66],
						"4.4167": [-45.7, 10.47, 84.66],
						"4.4583": [-47.95, 10.47, 84.66],
						"4.5417": [-50.2, 10.47, 84.66],
						"4.5833": [-53.2, 10.47, 84.66],
						"4.6667": [-44.3, 8.97, 80.16],
						"4.7083": [-38, 7.695, 69.56],
						"4.75": [-30.8, 0.745, 52.21],
						"4.7917": [-24.5, -6.05, 30.41],
						"4.8333": [-17.53, -12.65, 12.74],
						"4.875": [-12.07, -10.85, 3.28],
						"4.9167": [-5.1, -3.05, -0.99],
						"4.9583": [-0.6, 0.65, -2.49],
						"5.0": [-0.6, 2.15, -2.49],
						"5.0417": [-0.5, -0.41, -2.07],
						"5.0833": [-0.4, -1.83, -1.66],
						"5.1667": [-0.2, -0.56, -0.83],
						"5.25": [0, 0, 0]
					},
					"position": {
						"0.0": [0, 0, 0],
						"0.0833": [0.3, 0, 0],
						"0.25": [1.475, 0, 1.45],
						"0.3333": [1.75, 0.05, 1.5],
						"0.4583": [1.75, 0.1, 1.5],
						"0.5417": [1.455, 0.1, 1.5],
						"0.625": [1.23, 0.1, 1.3],
						"1.0": [1.23, 0, 1.3],
						"1.4167": [1.23, 0, 1.3],
						"1.625": [1.23, 0, 1.3],
						"1.9167": [1.23, 0, 1.3],
						"2.125": [1.23, 0, 1.3],
						"2.3333": [1.23, 0, 1.3],
						"2.4583": [1.23, 0.1, 1.3],
						"2.5": [1.28, 0.2, 1.3],
						"2.5417": [1.43, 0.3, 1.3],
						"2.5833": [1.73, 0.27, 1.3],
						"2.7083": [3.63, -1.85, 2.7],
						"2.75": [4.23, -2.675, 2.975],
						"2.7917": [4.43, -3.2, 3.1],
						"2.8333": [4.43, -3.2, 3.1],
						"2.875": [4.43, -2.9, 3.1],
						"2.9167": [4.43, -2.32, 3.1],
						"2.9583": [4.43, -1.5, 3.1],
						"3.0417": [4.43, -1.67, 3.1],
						"3.2083": [4.43, -1.75, 3.1],
						"3.3333": [4.43, -1.75, 3.2],
						"3.4167": [4.43, -1.75, 3.5],
						"3.4583": [4.43, -1.75, 3.65],
						"3.5": [4.43, -1.75, 3.7],
						"3.625": [4.43, -1.75, 3.7],
						"3.7917": [4.43, -1.75, 3.7],
						"3.875": [4.375, -1.75, 3.7],
						"4.125": [4.2, -1.75, 3.7],
						"4.2083": [4.2, -1.75, 3.7],
						"4.5833": [4.2, -1.75, 3.7],
						"4.6667": [4, -1.55, 3.5],
						"4.7083": [3.5, -1.15, 3.2],
						"4.75": [2.7, -0.55, 2.8],
						"4.7917": [1.75, 0.25, 2.2],
						"4.8333": [1.02, 0.55, 1.625],
						"4.875": [0.53, 0.5, 0.625],
						"4.9167": [0.1, 0.25, -0.2],
						"4.9583": [-0.1, -0.15, -0.4],
						"5.0": [-0.1, -0.35, -0.5],
						"5.0417": [0.05, -0.35, -0.4],
						"5.0833": [0.1, -0.15, -0.2],
						"5.125": [0, 0.05, 0],
						"5.25": [0, 0, 0]
					}
				},
				"constraint": {
					"rotation": [0.2, 0.1, 0.2],
					"position": [0.2, 0.2, 0.4]
				},
				"hammer": {
					"rotation": [-62.5, 0, 0]
				},
				"bolt": {
					"rotation": {
						"3.5": [0, 0, 0],
						"3.5833": [0, 0, 0],
						"3.625": [-7.5, 0, 0],
						"3.7917": [-22.5, 0, 0],
						"4.25": [-22.5, 0, 0],
						"4.2917": [-17, 0, 0],
						"4.375": [-8, 0, 0],
						"4.5": [0, 0, 0]
					}
				},
				"bone3": {
					"position": {
						"3.5": [0, 0, 0],
						"3.5833": [0, 0, 0],
						"3.625": [0, 0, 0.1],
						"4.4167": [0, 0, 0.1],
						"4.5": [0, 0, 0]
					}
				},
				"mag_open": {
					"rotation": {
						"3.5": [0, 0, 0],
						"3.5833": [0, 0, 0],
						"3.625": [0, -2.5, 0],
						"3.7917": [0, -22.5, 0],
						"4.2917": [0, -22.5, 0],
						"4.375": [0, -10, 0],
						"4.5": [0, 0, 0]
					},
					"position": {
						"3.5": [0, 0, 0],
						"3.5833": [0, 0, 0],
						"3.625": [0, 0, 0]
					}
				},
				"camera": {
					"rotation": {
						"0.0": {
							"post": [0, 0, 0],
							"lerp_mode": "catmullrom"
						},
						"0.3333": {
							"post": [2.62275, -2.87254, -0.42396],
							"lerp_mode": "catmullrom"
						},
						"0.4167": {
							"post": [3.71, -2.39, -0.29],
							"lerp_mode": "catmullrom"
						},
						"0.5": {
							"post": [3.69819, -1.89196, -0.00077],
							"lerp_mode": "catmullrom"
						},
						"0.5833": {
							"post": [3.3, -2.39, 0.1],
							"lerp_mode": "catmullrom"
						},
						"0.7083": {
							"post": [3.12, -1.76, -0.38],
							"lerp_mode": "catmullrom"
						},
						"0.7917": {
							"post": [3, -1.89, 0.1],
							"lerp_mode": "catmullrom"
						},
						"1.0833": {
							"post": [3.3, -2.85, 0.4],
							"lerp_mode": "catmullrom"
						},
						"1.5": {
							"post": [3.2, -3.19, 0.2],
							"lerp_mode": "catmullrom"
						},
						"1.8333": {
							"post": [3.3, -1.99, 0.4],
							"lerp_mode": "catmullrom"
						},
						"2.1667": {
							"post": [3, 0.31, 0.2],
							"lerp_mode": "catmullrom"
						},
						"2.5": {
							"post": [2.6, -1.29, 0.2],
							"lerp_mode": "catmullrom"
						},
						"2.7083": {
							"post": [3.02, -0.26, -0.46],
							"lerp_mode": "catmullrom"
						},
						"2.875": {
							"post": [2.9, 0.41, 0.4],
							"lerp_mode": "catmullrom"
						},
						"3.0": {
							"post": [3.11, -0.08, -0.23],
							"lerp_mode": "catmullrom"
						},
						"3.125": {
							"post": [2.9, 0.31, 0.2],
							"lerp_mode": "catmullrom"
						},
						"3.375": {
							"post": [2.9, 0.11, 0.2],
							"lerp_mode": "catmullrom"
						},
						"3.7083": {
							"post": [2, 1.31, 0],
							"lerp_mode": "catmullrom"
						},
						"4.3333": {
							"post": [2.9, 0.01, 0],
							"lerp_mode": "catmullrom"
						},
						"4.75": {
							"post": [-0.3, -0.59, 0],
							"lerp_mode": "catmullrom"
						},
						"4.9167": {
							"post": [-0.55137, -0.34367, 1.01567],
							"lerp_mode": "catmullrom"
						},
						"5.0": {
							"post": [-0.5116, -0.2072, -1.10921],
							"lerp_mode": "catmullrom"
						},
						"5.25": {
							"post": [0, 0, 0],
							"lerp_mode": "catmullrom"
						}
					}
				}
			},
			"sound_effects": {
				"0.0": {
					"effect": "ex:argus/argus_inspect"
				}
			}
		},
		"inspect_empty": {
			"loop": true,
			"animation_length": 5.25,
			"bones": {
				"lefthand": {
					"rotation": {
						"0.0": [101.99635, -29.25874, -144.07008],
						"0.2917": [84.10139, -38.9319, -131.62903],
						"0.5": [85.7579, -71.03775, -121.84537],
						"2.0": [85.76, -71.04, -121.85],
						"2.3333": [85.76, -71.04, -121.85],
						"2.5417": [114.67069, -63.51585, -172.20824],
						"2.6667": [88.07069, -63.51585, -202.80824],
						"2.75": [107.02805, -63.65697, -270.43441],
						"4.5": [107.03, -63.66, -270.43],
						"4.9167": [101.99635, -29.25874, -144.07008]
					},
					"position": {
						"0.0": [8.425, -12.8, -8],
						"0.1667": [8.43, -12.8, -11.7],
						"0.25": [8.43, -12.8, -15.9],
						"0.3333": [7.93, -12.3, -20.7],
						"0.4583": [7.33, -12.2, -21.8],
						"2.0833": [7.33, -12.2, -21.8],
						"2.4167": [7.33, -12.2, -21.8],
						"2.5": [7.83, -14.4, -20],
						"2.5417": [10.63, -14.825, -14.5],
						"2.5833": [10.76, -14.38, -15.1],
						"2.6667": [11.005, -11.4, -16.3],
						"2.75": [7.305, -11.4, -19.7],
						"4.5": [7.31, -11.4, -19.7],
						"4.9167": [8.425, -12.8, -8]
					},
					"scale": [1, 1.5, 1]
				},
				"righthand": {
					"rotation": {
						"0.0": [89.49229, 9.99961, -180.08816],
						"3.5": [89.49, 10, -180.09],
						"3.5833": [89.49, 10, -180.09],
						"3.625": [98.49, 10, -180.09],
						"3.7917": [99.87656, 14.67813, -178.28273],
						"4.125": [97.81349, 12.69872, -178.56102],
						"4.25": [97.72957, 9.72753, -178.97343],
						"4.2917": [95.22957, 9.72753, -178.97343],
						"4.4167": [97.72957, 9.72753, -178.97343],
						"4.5": [89.49, 10, -180.09]
					},
					"position": {
						"0.0": [-7.075, -14.4, 5.675],
						"3.5": [-7.07, -14.4, 5.68],
						"3.5833": [-6.57, -16, 4.98],
						"3.625": [-5.97, -17.4, 4.78],
						"3.7917": [-5.97, -18, 3.88],
						"4.2083": [-5.97, -18, 3.88],
						"4.2917": [-5.97, -18, 4.58],
						"4.4167": [-6.67, -16.2, 5.28],
						"4.5": [-7.07, -14.4, 5.68]
					},
					"scale": [1, 1.5, 1]
				},
				"refit_view": {
					"position": [0, -1, 11]
				},
				"root": {
					"rotation": {
						"0.0": [0, 0, 0],
						"0.0833": [0, -10, 3],
						"0.1667": [0, -32.15, 3.25],
						"0.2083": [1.34, -52.62, 1.62],
						"0.25": [3.5, -65.1, 0],
						"0.2917": [6.725, -70.975, -5.5],
						"0.3333": [9.02, -75.345, -10.995],
						"0.375": [11.68016, -75.91123, -14.01726],
						"0.4167": [13.73, -75.91, -17.57],
						"0.4583": [16.505, -75.91, -20.195],
						"0.5": [19.30366, -75.07945, -23.25637],
						"0.5417": [21.36954, -74.11531, -25.41074],
						"0.6667": [20.72, -74.12, -27.905],
						"0.75": [21.15, -74.12, -29.23],
						"0.8333": [22.475, -74.12, -29.23],
						"1.0": [22.475, -75.445, -29.23],
						"1.1667": [22.475, -74.995, -29.6],
						"1.3333": [22.475, -74.565, -29.23],
						"1.4167": [22.475, -74.56, -29.23],
						"1.5417": [22.475, -74.56, -29.6],
						"1.7083": [22.475, -74.75, -29.6],
						"1.8333": [22.475, -74.63, -29.6],
						"1.9583": [22.475, -74.59, -29.6],
						"2.125": [22.475, -74.63, -29.75],
						"2.375": [22.48, -74.56, -29.96],
						"2.4583": [16.1494, -69.40335, -24.38576],
						"2.5": [-0.65, -61.275, -8.09],
						"2.5417": [-23.34216, -51.0002, 8.7669],
						"2.7083": [-46.70565, -11.16234, 72.46314],
						"2.75": [-49.56724, -2.36783, 85.56867],
						"2.7917": [-49.62724, 7.64165, 90.62391],
						"2.8333": [-49.63, 11.74, 89.795],
						"2.875": [-49.81545, 9.22812, 84.59351],
						"3.0": [-49.82, 9.23, 84.59],
						"3.0833": [-49.91567, 9.71342, 84.00866],
						"3.25": [-49.80526, 10.47451, 84.66475],
						"3.4167": [-49.81, 10.47, 84.66],
						"3.5": [-48.15, 10.47, 84.66],
						"3.5833": [-50.3, 10.47, 84.66],
						"3.625": [-52.975, 10.47, 84.66],
						"3.6667": [-57.325, 10.47, 84.66],
						"3.7917": [-61.07, 10.47, 84.66],
						"3.8333": [-60.32, 10.47, 84.66],
						"4.125": [-61.4, 10.47, 84.66],
						"4.2083": [-59.15, 10.47, 84.66],
						"4.25": [-54.7, 10.47, 84.66],
						"4.3333": [-51.7, 10.47, 84.66],
						"4.4167": [-45.7, 10.47, 84.66],
						"4.4583": [-47.95, 10.47, 84.66],
						"4.5417": [-50.2, 10.47, 84.66],
						"4.5833": [-53.2, 10.47, 84.66],
						"4.6667": [-44.3, 8.97, 80.16],
						"4.7083": [-38, 7.695, 69.56],
						"4.75": [-30.8, 0.745, 52.21],
						"4.7917": [-24.5, -6.05, 30.41],
						"4.8333": [-17.53, -12.65, 12.74],
						"4.875": [-12.07, -10.85, 3.28],
						"4.9167": [-5.1, -3.05, -0.99],
						"4.9583": [-0.6, 0.65, -2.49],
						"5.0": [-0.6, 2.15, -2.49],
						"5.0417": [-0.5, -0.41, -2.07],
						"5.0833": [-0.4, -1.83, -1.66],
						"5.1667": [-0.2, -0.56, -0.83],
						"5.25": [0, 0, 0]
					},
					"position": {
						"0.0": [0, 0, 0],
						"0.0833": [0.3, 0, 0],
						"0.25": [1.475, 0, 1.45],
						"0.3333": [1.75, 0.05, 1.5],
						"0.4583": [1.75, 0.1, 1.5],
						"0.5417": [1.455, 0.1, 1.5],
						"0.625": [1.23, 0.1, 1.3],
						"1.0": [1.23, 0, 1.3],
						"1.4167": [1.23, 0, 1.3],
						"1.625": [1.23, 0, 1.3],
						"1.9167": [1.23, 0, 1.3],
						"2.125": [1.23, 0, 1.3],
						"2.3333": [1.23, 0, 1.3],
						"2.4583": [1.23, 0.1, 1.3],
						"2.5": [1.28, 0.2, 1.3],
						"2.5417": [1.43, 0.3, 1.3],
						"2.5833": [1.73, 0.27, 1.3],
						"2.7083": [3.63, -1.85, 2.7],
						"2.75": [4.23, -2.675, 2.975],
						"2.7917": [4.43, -3.2, 3.1],
						"2.8333": [4.43, -3.2, 3.1],
						"2.875": [4.43, -2.9, 3.1],
						"2.9167": [4.43, -2.32, 3.1],
						"2.9583": [4.43, -1.5, 3.1],
						"3.0417": [4.43, -1.67, 3.1],
						"3.2083": [4.43, -1.75, 3.1],
						"3.3333": [4.43, -1.75, 3.2],
						"3.4167": [4.43, -1.75, 3.5],
						"3.4583": [4.43, -1.75, 3.65],
						"3.5": [4.43, -1.75, 3.7],
						"3.625": [4.43, -1.75, 3.7],
						"3.7917": [4.43, -1.75, 3.7],
						"3.875": [4.375, -1.75, 3.7],
						"4.125": [4.2, -1.75, 3.7],
						"4.2083": [4.2, -1.75, 3.7],
						"4.5833": [4.2, -1.75, 3.7],
						"4.6667": [4, -1.55, 3.5],
						"4.7083": [3.5, -1.15, 3.2],
						"4.75": [2.7, -0.55, 2.8],
						"4.7917": [1.75, 0.25, 2.2],
						"4.8333": [1.02, 0.55, 1.625],
						"4.875": [0.53, 0.5, 0.625],
						"4.9167": [0.1, 0.25, -0.2],
						"4.9583": [-0.1, -0.15, -0.4],
						"5.0": [-0.1, -0.35, -0.5],
						"5.0417": [0.05, -0.35, -0.4],
						"5.0833": [0.1, -0.15, -0.2],
						"5.125": [0, 0.05, 0],
						"5.25": [0, 0, 0]
					}
				},
				"constraint": {
					"rotation": [0.2, 0.1, 0.2],
					"position": [0.2, 0.2, 0.4]
				},
				"hammer": {
					"rotation": [-62.5, 0, 0]
				},
				"bolt": {
					"rotation": {
						"3.5": [0, 0, 0],
						"3.5833": [0, 0, 0],
						"3.625": [-7.5, 0, 0],
						"3.7917": [-22.5, 0, 0],
						"4.25": [-22.5, 0, 0],
						"4.2917": [-17, 0, 0],
						"4.375": [-8, 0, 0],
						"4.5": [0, 0, 0]
					}
				},
				"bone3": {
					"position": {
						"3.5": [0, 0, 0],
						"3.5833": [0, 0, 0],
						"3.625": [0, 0, 0.1],
						"4.4167": [0, 0, 0.1],
						"4.5": [0, 0, 0]
					}
				},
				"mag_open": {
					"rotation": {
						"3.5": [0, 0, 0],
						"3.5833": [0, 0, 0],
						"3.625": [0, -2.5, 0],
						"3.7917": [0, -22.5, 0],
						"4.2917": [0, -22.5, 0],
						"4.375": [0, -10, 0],
						"4.5": [0, 0, 0]
					},
					"position": {
						"3.5": [0, 0, 0],
						"3.5833": [0, 0, 0],
						"3.625": [0, 0, 0]
					}
				},
				"camera": {
					"rotation": {
						"0.0": {
							"post": [0, 0, 0],
							"lerp_mode": "catmullrom"
						},
						"0.3333": {
							"post": [2.62275, -2.87254, -0.42396],
							"lerp_mode": "catmullrom"
						},
						"0.4167": {
							"post": [3.71, -2.39, -0.29],
							"lerp_mode": "catmullrom"
						},
						"0.5": {
							"post": [3.69819, -1.89196, -0.00077],
							"lerp_mode": "catmullrom"
						},
						"0.5833": {
							"post": [3.3, -2.39, 0.1],
							"lerp_mode": "catmullrom"
						},
						"0.7083": {
							"post": [3.12, -1.76, -0.38],
							"lerp_mode": "catmullrom"
						},
						"0.7917": {
							"post": [3, -1.89, 0.1],
							"lerp_mode": "catmullrom"
						},
						"1.0833": {
							"post": [3.3, -2.85, 0.4],
							"lerp_mode": "catmullrom"
						},
						"1.5": {
							"post": [3.2, -3.19, 0.2],
							"lerp_mode": "catmullrom"
						},
						"1.8333": {
							"post": [3.3, -1.99, 0.4],
							"lerp_mode": "catmullrom"
						},
						"2.1667": {
							"post": [3, 0.31, 0.2],
							"lerp_mode": "catmullrom"
						},
						"2.5": {
							"post": [2.6, -1.29, 0.2],
							"lerp_mode": "catmullrom"
						},
						"2.7083": {
							"post": [3.02, -0.26, -0.46],
							"lerp_mode": "catmullrom"
						},
						"2.875": {
							"post": [2.9, 0.41, 0.4],
							"lerp_mode": "catmullrom"
						},
						"3.0": {
							"post": [3.11, -0.08, -0.23],
							"lerp_mode": "catmullrom"
						},
						"3.125": {
							"post": [2.9, 0.31, 0.2],
							"lerp_mode": "catmullrom"
						},
						"3.375": {
							"post": [2.9, 0.11, 0.2],
							"lerp_mode": "catmullrom"
						},
						"3.7083": {
							"post": [2, 1.31, 0],
							"lerp_mode": "catmullrom"
						},
						"4.3333": {
							"post": [2.9, 0.01, 0],
							"lerp_mode": "catmullrom"
						},
						"4.75": {
							"post": [-0.3, -0.59, 0],
							"lerp_mode": "catmullrom"
						},
						"4.9167": {
							"post": [-0.55137, -0.34367, 1.01567],
							"lerp_mode": "catmullrom"
						},
						"5.0": {
							"post": [-0.5116, -0.2072, -1.10921],
							"lerp_mode": "catmullrom"
						},
						"5.25": {
							"post": [0, 0, 0],
							"lerp_mode": "catmullrom"
						}
					}
				}
			},
			"sound_effects": {
				"0.0": {
					"effect": "ex:argus/argus_inspect"
				}
			}
		},
		"run-oof": {
			"loop": true,
			"animation_length": 0.6667,
			"bones": {
				"root": {
					"rotation": {
						"0.0": {
							"post": [-5.81944, -51.40675, 33.52295],
							"lerp_mode": "catmullrom"
						},
						"0.1667": {
							"post": [0.30976, -51.40675, 29.29674],
							"lerp_mode": "catmullrom"
						},
						"0.3333": {
							"post": [14.58319, -39.10675, 16.89725],
							"lerp_mode": "catmullrom"
						},
						"0.5": {
							"post": [0.30976, -51.40675, 29.29674],
							"lerp_mode": "catmullrom"
						},
						"0.6667": {
							"post": [-5.81944, -51.40675, 33.52295],
							"lerp_mode": "catmullrom"
						}
					},
					"position": {
						"0.0": {
							"post": [12.1, -5.435, 4.25],
							"lerp_mode": "catmullrom"
						},
						"0.1667": {
							"post": [7.46, -4.16, 2.95],
							"lerp_mode": "catmullrom"
						},
						"0.3333": {
							"post": [4.2, -6.335, 3.95],
							"lerp_mode": "catmullrom"
						},
						"0.5": {
							"post": [11.06, -4.16, 2.95],
							"lerp_mode": "catmullrom"
						},
						"0.6667": {
							"post": [12.1, -5.435, 4.25],
							"lerp_mode": "catmullrom"
						}
					}
				}
			}
		},
		"run": {
			"loop": true,
			"animation_length": 0.6667,
			"bones": {
				"root": {
					"rotation": {
						"0.0": {
							"post": [-5.81944, -46.50675, 33.52295],
							"lerp_mode": "catmullrom"
						},
						"0.1667": {
							"post": [0.30976, -46.50675, 29.29674],
							"lerp_mode": "catmullrom"
						},
						"0.3333": {
							"post": [14.58319, -34.20675, 16.89725],
							"lerp_mode": "catmullrom"
						},
						"0.5": {
							"post": [0.30976, -46.50675, 29.29674],
							"lerp_mode": "catmullrom"
						},
						"0.6667": {
							"post": [-5.81944, -46.50675, 33.52295],
							"lerp_mode": "catmullrom"
						}
					},
					"position": {
						"0.0": {
							"post": [9.1, -5.435, 5.35],
							"lerp_mode": "catmullrom"
						},
						"0.1667": {
							"post": [4.46, -4.16, 4.05],
							"lerp_mode": "catmullrom"
						},
						"0.3333": {
							"post": [1.2, -6.335, 5.05],
							"lerp_mode": "catmullrom"
						},
						"0.5": {
							"post": [8.06, -4.16, 4.05],
							"lerp_mode": "catmullrom"
						},
						"0.6667": {
							"post": [9.1, -5.435, 5.35],
							"lerp_mode": "catmullrom"
						}
					}
				}
			}
		},
		"run-oof1": {
			"loop": true,
			"animation_length": 0.6667,
			"bones": {
				"root": {
					"rotation": {
						"0.0": {
							"post": [-5.81944, -51.40675, 33.52295],
							"lerp_mode": "catmullrom"
						},
						"0.1667": {
							"post": [0.30976, -37.58193, 29.29674],
							"lerp_mode": "catmullrom"
						},
						"0.3333": {
							"post": [14.58319, -22.68193, 16.89725],
							"lerp_mode": "catmullrom"
						},
						"0.5": {
							"post": [0.30976, -37.58193, 29.29674],
							"lerp_mode": "catmullrom"
						},
						"0.6667": {
							"post": [-5.81944, -51.40675, 33.52295],
							"lerp_mode": "catmullrom"
						}
					},
					"position": {
						"0.0": {
							"post": [9.4, -5.435, 4.25],
							"lerp_mode": "catmullrom"
						},
						"0.1667": {
							"post": [6.26, -4.16, 2.95],
							"lerp_mode": "catmullrom"
						},
						"0.3333": {
							"post": [3, -6.335, 5.45],
							"lerp_mode": "catmullrom"
						},
						"0.5": {
							"post": [6.26, -4.16, 2.95],
							"lerp_mode": "catmullrom"
						},
						"0.6667": {
							"post": [9.4, -5.435, 4.25],
							"lerp_mode": "catmullrom"
						}
					}
				}
			}
		},
		"run_hold": {
			"loop": true,
			"bones": {
				"root": {
					"rotation": [-5.81944, -46.50675, 33.52295],
					"position": [9.1, -5.435, 5.35]
				},
				"constraint": {
					"rotation": [0, 0, 0],
					"position": [0.1, 0, 0.25]
				}
			}
		},
		"run_start": {
			"loop": "hold_on_last_frame",
			"animation_length": 0.3333,
			"bones": {
				"root": {
					"rotation": {
						"0.0": [0, 0, 0],
						"0.1667": [-2.13372, -27.61941, 16.93003],
						"0.3333": [-5.81944, -46.50675, 33.52295]
					},
					"position": {
						"0.0": [0, 0, 0],
						"0.1667": [5.155, -2.185, 2],
						"0.3333": [9.1, -5.435, 5.35]
					}
				},
				"constraint": {
					"rotation": [0, 0, 0],
					"position": [0.1, 0, 0.25]
				}
			}
		},
		"run_end": {
			"loop": true,
			"animation_length": 0.5,
			"bones": {
				"root": {
					"rotation": {
						"0.0": [-5.81944, -46.50675, 33.52295],
						"0.0833": [-2.72702, -29.87592, 21.02809],
						"0.1667": [0.05408, -13.66335, 13.15033],
						"0.25": [1.17, -0.54, 7.99],
						"0.3333": [0.83, -0.46, 2.48],
						"0.4167": [0, 0, 0],
						"0.5": [0, 0, 0]
					},
					"position": {
						"0.0": [9.1, -5.435, 5.35],
						"0.0833": [6.785, -3.56, 2.6],
						"0.1667": [4.04, -2.095, 0.9],
						"0.25": [1.62, -0.82, 0],
						"0.3333": [0.53, -0.03, 0],
						"0.4167": [0, 0, 0],
						"0.5": [0, 0, 0]
					}
				},
				"constraint": {
					"rotation": [0, 0, 0],
					"position": [0.1, 0, 0.25]
				}
			}
		}
	}
}