{
	"format_version": "1.8.0",
	"animations": {
		"static_idle": {
			"loop": true,
			"bones": {
				"lefthand": {
					"rotation": [89.52779, -393.457, -128.79941],
					"position": [7.925, -13.05, 0.5],
					"scale": [1, 1.5, 1]
				},
				"righthand": {
					"rotation": [92.95715, -348.33003, -179.8124],
					"position": [-7.25, -12.95, 6.075],
					"scale": [1, 1.5, 1]
				},
				"root": {
					"rotation": [0, 0, 0],
					"position": [0, 0, 0]
				}
			}
		},
		"draw": {
			"animation_length": 0.9,
			"bones": {
				"lefthand": {
					"rotation": [89.52779, -393.457, -128.79941],
					"position": [7.925, -13.05, 0.5],
					"scale": [1, 1.5, 1]
				},
				"constraint": {
					"rotation": [0.05, 0.05, 0.05],
					"position": [0.2, 0.2, 0.2]
				},
				"righthand": {
					"rotation": {
						"0.0": {
							"post": [148.08097, -322.55981, -3.11006],
							"lerp_mode": "catmullrom"
						},
						"0.125": {
							"post": [101.48941, -375.72158, -1.01416],
							"lerp_mode": "catmullrom"
						},
						"0.375": {
							"post": [99.92205, -324.96551, -168.50279],
							"lerp_mode": "catmullrom"
						},
						"0.5": {
							"post": [101.2139, -323.71163, -174.99863],
							"lerp_mode": "catmullrom"
						},
						"0.625": {
							"post": [92.95715, -348.33003, -179.8124],
							"lerp_mode": "catmullrom"
						}
					},
					"position": {
						"0.0": {
							"post": [-3.50353, -12.2298, 8.24931],
							"lerp_mode": "catmullrom"
						},
						"0.125": {
							"post": [-2.36662, -10.54845, 8.56647],
							"lerp_mode": "catmullrom"
						},
						"0.2083": {
							"post": [-2.14866, -10.06411, 11.38744],
							"lerp_mode": "catmullrom"
						},
						"0.3333": {
							"post": [-4.83735, -4.87436, 10.75939],
							"lerp_mode": "catmullrom"
						},
						"0.375": {
							"post": [-9.38656, -8.07425, 7.23038],
							"lerp_mode": "catmullrom"
						},
						"0.5": {
							"post": [-8.525, -13.075, 7.325],
							"lerp_mode": "catmullrom"
						},
						"0.625": {
							"post": [-7.25, -12.95, 6.075],
							"lerp_mode": "catmullrom"
						}
					},
					"scale": {
						"0.0": {
							"post": [1, 1.5, 1],
							"lerp_mode": "catmullrom"
						}
					}
				},
				"root": {
					"rotation": {
						"0.0": [-103.12, 0, 0],
						"0.0833": [-91.33, -14.34, -0.55],
						"0.2083": [-76.6, -14.49, -2.98],
						"0.2917": {
							"pre": [-49.98, -8.63, -1.82],
							"post": [-49.98, -8.63, -1.82],
							"lerp_mode": "catmullrom"
						},
						"0.5": [-8.2, 0, 0.6],
						"0.5833": [0.90992, 0.49018, -1.87167],
						"0.7083": [0.98628, -0.20008, 1.69645],
						"0.7917": [0, 0, -0.4],
						"0.875": [0, 0, 0]
					},
					"position": {
						"0.0": {
							"post": [-9, -25, 2],
							"lerp_mode": "catmullrom"
						},
						"0.0833": {
							"post": [-5.01, -8.42, -3.2],
							"lerp_mode": "catmullrom"
						},
						"0.2083": [-2.9, -5.63, -3.99],
						"0.375": [-0.25, -2.46, -2.03],
						"0.5": [0, -0.6, -0.3],
						"0.5833": [0, -1.07, 0.1],
						"0.7083": [0, -1.3, -0.2],
						"0.7917": [0, -0.8, -0.18],
						"0.875": [0, 0, 0]
					}
				},
				"camera": {
					"rotation": {
						"0.0": {
							"post": [0, 0, 0],
							"lerp_mode": "catmullrom"
						},
						"0.0833": {
							"post": [0.825, 0.325, -1],
							"lerp_mode": "catmullrom"
						},
						"0.2917": {
							"post": [-1.42, -0.025, -1.425],
							"lerp_mode": "catmullrom"
						},
						"0.4583": {
							"post": [-1.445, 0.025, -1.325],
							"lerp_mode": "catmullrom"
						},
						"0.5833": {
							"post": [0.45, 0, -0.6],
							"lerp_mode": "catmullrom"
						},
						"0.625": {
							"post": [1.52, 0, -0.08],
							"lerp_mode": "catmullrom"
						},
						"0.6667": {
							"post": [2.55, 0, 0.3],
							"lerp_mode": "catmullrom"
						},
						"0.7917": {
							"post": [2.54, 0, 0.395],
							"lerp_mode": "catmullrom"
						},
						"0.875": {
							"post": [0, 0, 0],
							"lerp_mode": "catmullrom"
						}
					}
				}
			}
		},
		"put_away": {
			"animation_length": 0.85,
			"bones": {
				"lefthand": {
					"rotation": [89.52779, -393.457, -128.79941],
					"position": [7.925, -13.05, 0.5],
					"scale": [1, 1.5, 1]
				},
				"constraint": {
					"rotation": [0.05, 0.05, 0.05],
					"position": [0.2, 0.2, 0.2]
				},
				"righthand": {
					"rotation": {
						"0.0": {
							"post": [92.95715, -348.33003, -179.8124],
							"lerp_mode": "catmullrom"
						},
						"0.125": {
							"post": [101.2139, -323.71163, -174.99863],
							"lerp_mode": "catmullrom"
						},
						"0.25": {
							"post": [99.92205, -324.96551, -168.50279],
							"lerp_mode": "catmullrom"
						},
						"0.5": {
							"post": [101.48941, -375.72158, -1.01416],
							"lerp_mode": "catmullrom"
						},
						"0.625": {
							"post": [148.08097, -322.55981, -3.11006],
							"lerp_mode": "catmullrom"
						}
					},
					"position": {
						"0.0": {
							"post": [-7.25, -12.95, 6.075],
							"lerp_mode": "catmullrom"
						},
						"0.125": {
							"post": [-8.525, -13.075, 7.325],
							"lerp_mode": "catmullrom"
						},
						"0.25": {
							"post": [-9.38656, -8.07425, 7.23038],
							"lerp_mode": "catmullrom"
						},
						"0.2917": {
							"post": [-4.83735, -4.87436, 10.75939],
							"lerp_mode": "catmullrom"
						},
						"0.4167": {
							"post": [-2.14866, -10.06411, 11.38744],
							"lerp_mode": "catmullrom"
						},
						"0.5": {
							"post": [-2.36662, -10.54845, 8.56647],
							"lerp_mode": "catmullrom"
						},
						"0.625": {
							"post": [-3.50353, -12.2298, 8.24931],
							"lerp_mode": "catmullrom"
						}
					},
					"scale": {
						"0.0": {
							"post": [1, 1.5, 1],
							"lerp_mode": "catmullrom"
						}
					}
				},
				"root": {
					"rotation": {
						"0.0": {
							"post": [0, 0, 0],
							"lerp_mode": "catmullrom"
						},
						"0.1667": {
							"post": [-4.53, -1.25, -1.42],
							"lerp_mode": "catmullrom"
						},
						"0.3333": {
							"post": [-27.15, -7.52, -8.53],
							"lerp_mode": "catmullrom"
						},
						"0.4167": {
							"post": [-40.73045, -11.28181, -12.80042],
							"lerp_mode": "catmullrom"
						},
						"0.5417": {
							"post": [-51.25268, -7.98916, -16.98839],
							"lerp_mode": "catmullrom"
						},
						"0.6667": {
							"post": [-59.1046, 20.10068, 0.608],
							"lerp_mode": "catmullrom"
						},
						"0.75": {
							"post": [-67.12, 33.68, 8.77],
							"lerp_mode": "catmullrom"
						},
						"0.8333": {
							"post": [-74.38, 35.33, 10.02],
							"lerp_mode": "catmullrom"
						}
					},
					"position": {
						"0.0": {
							"post": [0, 0, 0],
							"lerp_mode": "catmullrom"
						},
						"0.1667": {
							"post": [-0.38, 0.01, 0.09],
							"lerp_mode": "catmullrom"
						},
						"0.3333": {
							"post": [-1.325, 2.3, 0.28],
							"lerp_mode": "catmullrom"
						},
						"0.4167": {
							"post": [-1.95, 3.7, 1.95],
							"lerp_mode": "catmullrom"
						},
						"0.5417": {
							"post": [-2.2, 2.645, 4.37],
							"lerp_mode": "catmullrom"
						},
						"0.7083": {
							"post": [-4.7, -1.88, 7.94],
							"lerp_mode": "catmullrom"
						},
						"0.8333": {
							"post": [-7.59, -7.22, 14.07],
							"lerp_mode": "catmullrom"
						}
					}
				},
				"camera": {
					"rotation": {
						"0.0": {
							"post": [0, 0, 0],
							"lerp_mode": "catmullrom"
						},
						"0.125": {
							"post": [-3, 0, 0],
							"lerp_mode": "catmullrom"
						},
						"0.3333": {
							"post": [2.325, 0, 0],
							"lerp_mode": "catmullrom"
						},
						"0.5417": {
							"post": [2.925, 0, 0],
							"lerp_mode": "catmullrom"
						},
						"0.7083": {
							"post": [2.275, 0, 0],
							"lerp_mode": "catmullrom"
						},
						"0.8333": {
							"post": [0, 0, 0],
							"lerp_mode": "catmullrom"
						}
					}
				}
			}
		},
		"bolt": {
			"animation_length": 0.9,
			"bones": {
				"lefthand": {
					"rotation": [89.52779, -393.457, -128.79941],
					"position": [7.925, -13.05, 0.5],
					"scale": [1, 1.5, 1]
				},
				"righthand": {
					"rotation": {
						"0.0": [92.95715, -348.33003, -179.8124],
						"0.0333": [92.96, -348.33, -179.81],
						"0.0667": [92.96, -348.33, -179.81],
						"0.1": [119.46, -348.33, -179.81],
						"0.1333": [147.21, -348.33, -179.81],
						"0.1667": [147.21, -348.33, -179.81],
						"0.2": [145.53282, -339.57879, -185.85504],
						"0.2333": [145.981, -341.43886, -184.51204],
						"0.2667": [143.52861, -351.06726, -178.02898],
						"0.3": [143.53, -351.07, -178.03],
						"0.3333": [143.53, -351.07, -178.03],
						"0.3667": [143.53, -351.07, -178.03],
						"0.4": [143.53, -351.07, -178.03],
						"0.4333": [143.53, -351.07, -178.03],
						"0.4667": [143.53, -351.07, -178.03],
						"0.5": [143.53, -351.07, -178.03],
						"0.5333": [143.53, -351.07, -178.03],
						"0.5667": [143.53, -351.07, -178.03],
						"0.6": [101.53, -351.07, -178.03],
						"0.6333": [101.53, -351.07, -178.03],
						"0.6667": [107.4757, -347.72966, -176.96665],
						"0.7": [112.4757, -347.72966, -176.96665],
						"0.7333": [112.48, -347.73, -176.97],
						"0.7667": [112.48, -347.73, -176.97],
						"0.8": [92.96, -348.33, -179.81],
						"0.8333": [92.96, -348.33, -179.81],
						"0.8667": [92.95715, -348.33003, -179.8124]
					},
					"position": {
						"0.0": [-7.25, -12.95, 6.075],
						"0.0333": [-7.25, -12.95, 6.08],
						"0.0667": [-7.45, -12.825, 6.98],
						"0.1": [-9.75, -10.775, 10.455],
						"0.1333": [-9.775, -10.73, 10.76],
						"0.1667": [-9.775, -9.98, 10.76],
						"0.2": [-9.755, -8.78, 10.735],
						"0.2333": [-9.51, -8.78, 11.785],
						"0.2667": [-9.51, -8.78, 11.76],
						"0.3": [-9.5, -8.78, 13.76],
						"0.3333": [-9.5, -8.78, 17.36],
						"0.3667": [-9.5, -8.78, 17.36],
						"0.4": [-9.5, -8.78, 17.36],
						"0.4333": [-9.5, -8.78, 17.36],
						"0.4667": [-9.5, -8.78, 17.36],
						"0.5": [-9.5, -8.78, 17.36],
						"0.5333": [-9.5, -8.78, 17.36],
						"0.5667": [-9.5, -8.78, 17.36],
						"0.6": [-9.5, -8.78, 15.31],
						"0.6333": [-9.5, -8.78, 12.51],
						"0.6667": [-9.5, -8.78, 12.51],
						"0.7": [-9.625, -9.88, 12.51],
						"0.7333": [-9.625, -11.255, 12.135],
						"0.7667": [-8.68, -12.605, 10.41],
						"0.8": [-7.45, -12.95, 6.98],
						"0.8333": [-7.25, -12.95, 6.08],
						"0.8667": [-7.25, -12.95, 6.075]
					},
					"scale": [1, 1.5, 1]
				},
				"dsr50_bolt": {
					"position": {
						"0.0": [0, 0, 0],
						"0.2667": [0, 0, 0],
						"0.3": [0, 0, 2],
						"0.3333": [0, 0, 5.325],
						"0.4": [0, 0, 5.325],
						"0.4333": [0, 0, 5.325],
						"0.5667": [0, 0, 5.325],
						"0.6": [0, 0, 2.62],
						"0.6667": [0, 0, 0]
					}
				},
				"bullet_in_magazine": {
					"rotation": {
						"0.4": [0, 0, 0],
						"0.4333": [-5, 0, 0],
						"0.4667": [0, 0, 0],
						"0.6667": [0, 0, 0]
					},
					"position": {
						"0.4333": [0, 0, 0.04],
						"0.4667": [0, 0, 0.04358],
						"0.6667": [0, 0, 0.04358],
						"0.7333": [0, 0.5, -8]
					}
				},
				"shell_ejection": {
					"rotation": {
						"0.3": [0, 0, 0],
						"0.3667": [0, 0, 0],
						"0.4": [0, -135.42, 0],
						"0.4667": [0, -270.83, 0],
						"0.5": [0, -406.25, 0],
						"0.5667": [0, -541.67, 0],
						"0.6333": [0, -677.08, 0],
						"0.6667": [0, -812.5, 0],
						"0.7": [0, 0, 0]
					},
					"position": {
						"0.3": [0, 0, 0],
						"0.3667": [0, 0.0875, -0.03125],
						"0.4": {
							"pre": [-9.1, 1.0875, -1.98125],
							"post": [-9.1, 1.0875, -1.98125],
							"lerp_mode": "catmullrom"
						},
						"0.4667": {
							"post": [-16.3, 1.0875, -7.98125],
							"lerp_mode": "catmullrom"
						},
						"0.5": {
							"post": [-24.4, -2.9125, -14.98125],
							"lerp_mode": "catmullrom"
						},
						"0.5667": {
							"post": [-31.8, -8.9125, -21.98125],
							"lerp_mode": "catmullrom"
						},
						"0.6333": {
							"post": [-37.8, -16.9125, -27.28125],
							"lerp_mode": "catmullrom"
						},
						"0.6667": {
							"post": [-42, -25.3125, -30.28125],
							"lerp_mode": "catmullrom"
						},
						"0.7": [-46.1, -35.0125, -33.48125],
						"0.7667": [0, 0, 0]
					},
					"scale": {
						"0.2333": [1, 1, 1],
						"0.6667": {
							"pre": [1, 1, 1],
							"post": [0, 0, 0]
						},
						"0.9": {
							"pre": [0, 0, 0],
							"post": [1, 1, 1]
						}
					}
				},
				"bullet2": {
					"scale": 0
				}
			},
			"sound_effects": {
				"0.1333": {
					"effect": "ex:dsr50/dsr50_bolt"
				}
			}
		},
		"reload_tactical": {
			"animation_length": 3.29,
			"bones": {
				"lefthand": {
					"rotation": {
						"0.0": [89.52779, -393.457, -128.79941],
						"0.125": [89.53, -393.46, -128.8],
						"0.25": [89.53, -393.46, -128.8],
						"0.4583": [89.53, -393.46, -128.8],
						"0.6667": [81.41015, -392.46635, -113.936],
						"0.75": [81.41, -392.47, -113.94],
						"0.7917": [78.41, -392.47, -113.94],
						"0.8333": [78.41, -392.47, -113.94],
						"0.875": [78.41, -392.47, -113.94],
						"0.9167": [78.41, -392.47, -113.94],
						"0.9583": [78.41, -392.47, -113.94],
						"1.0": [78.41, -392.47, -113.94],
						"1.0417": [78.41, -392.47, -113.94],
						"1.0833": [96.7109, -396.41556, -106.72982],
						"1.125": [96.00298, -385.98071, -105.37261],
						"1.1667": [61.68962, -385.53908, -99.67019],
						"1.2083": [63.78023, -374.41769, -105.75378],
						"1.25": [64.6623, -360.89784, -112.31701],
						"1.2917": [59.66, -360.9, -112.32],
						"1.4583": [74.04541, -408.03141, -110.66609],
						"1.5": [66.21213, -422.8887, -101.24298],
						"1.5417": [13.63771, -439.09647, -46.54436],
						"1.5833": [13.64, -439.1, -46.54],
						"1.625": [13.64, -439.1, -46.54],
						"1.6667": [13.64, -439.1, -46.54],
						"1.7083": [13.64, -439.1, -46.54],
						"1.75": [13.64, -439.1, -46.54],
						"1.7917": [13.64, -439.1, -46.54],
						"1.8333": [13.64, -439.1, -46.54],
						"1.875": [13.64, -439.1, -46.54],
						"1.9167": [32.53812, -437.40974, -65.83268],
						"1.9583": [32.54, -437.41, -65.83],
						"2.0": [32.54, -437.41, -65.83],
						"2.0417": [13.64158, -439.10038, -46.53704],
						"2.0833": [13.64158, -439.10038, -46.53704],
						"2.125": [13.64158, -439.10038, -46.53704],
						"2.1667": [13.64, -439.1, -46.54],
						"2.2083": [69.12269, -418.95887, -104.56211],
						"2.25": [74.02569, -382.53907, -107.06312],
						"2.2917": [74.02569, -382.53907, -107.06312],
						"2.3333": [74.02569, -382.53907, -107.06312],
						"2.375": [74.02569, -382.53907, -107.06312],
						"2.4167": [74.02569, -382.53907, -107.06312],
						"2.4583": [74.02569, -382.53907, -107.06312],
						"2.5": [73.24026, -381.97542, -104.98968],
						"2.5417": [73.24026, -381.97542, -104.98968],
						"2.5833": [73.24026, -381.97542, -104.98968],
						"2.625": [73.24026, -381.97542, -104.98968],
						"2.6667": [73.24026, -381.97542, -104.98968],
						"2.7083": [73.24026, -381.97542, -104.98968],
						"2.75": [79.92, -374.54, -117.67],
						"2.7917": [79.92, -374.54, -117.67],
						"2.8333": [79.92, -374.54, -117.67],
						"2.875": [79.92, -374.54, -117.67],
						"2.9167": [79.92, -374.54, -117.67],
						"2.9583": [79.92, -374.54, -117.67],
						"3.0": [79.92, -374.54, -117.67],
						"3.0417": [79.92, -374.54, -117.67],
						"3.0833": [89.52779, -393.457, -128.79941],
						"3.125": [89.53, -393.46, -128.8],
						"3.1667": [89.52779, -393.457, -128.79941]
					},
					"position": {
						"0.0": [7.925, -13.05, 0.5],
						"0.125": [7.93, -13.05, 0.5],
						"0.25": [7.93, -13.05, 0.5],
						"0.375": [7.93, -13.325, 0.5],
						"0.4167": [7.905, -14.205, 0.5],
						"0.4583": [8.675, -16.85, 1.625],
						"0.5417": [8.705, -19.525, 5.725],
						"0.5833": [6.955, -20, 9.62],
						"0.625": [6.935, -18.2, 13.9],
						"0.6667": [6.94, -16.875, 15.275],
						"0.7083": [6.94, -15.07, 15.075],
						"0.75": [6.94, -14.745, 15.075],
						"0.7917": [6.94, -14.745, 15.075],
						"0.8333": [6.94, -14.745, 15.075],
						"0.875": [6.94, -14.745, 15.08],
						"0.9167": [6.94, -14.745, 15.18],
						"0.9583": [6.94, -14.745, 15.18],
						"1.0": [6.94, -14.745, 15.18],
						"1.0417": [6.94, -14.745, 15.18],
						"1.0833": [6.94, -14.745, 15.18],
						"1.125": [6.94, -14.745, 15.18],
						"1.1667": [6.94, -14.745, 15.18],
						"1.2083": [8.04, -15.745, 15.18],
						"1.25": [7.915, -15.995, 15.105],
						"1.2917": [6.22, -15.37, 13.93],
						"1.4583": [5.42, -13.65, 15.88],
						"1.5": [5.32, -12.65, 17.605],
						"1.5417": [7.07, -12.35, 19.68],
						"1.5833": [9.52, -11.4, 20.68],
						"1.625": [9.52, -11.4, 20.68],
						"1.6667": [9.52, -11.4, 20.68],
						"1.7083": [6, -12.4, 19.7],
						"1.75": [6, -14, 14.3],
						"1.7917": [6, -14, 14.3],
						"1.8333": [6, -14, 14.3],
						"1.875": [6, -14, 14.3],
						"1.9167": [6, -14, 14.3],
						"1.9583": [6, -14, 14.3],
						"2.0": [6, -14, 14.3],
						"2.0417": [6, -14, 14.3],
						"2.0833": [6, -14, 14.3],
						"2.125": [6, -14, 14.3],
						"2.1667": [6, -14, 14.3],
						"2.2083": [6, -14, 14.3],
						"2.25": [6, -14, 14.3],
						"2.2917": [6, -14, 14.3],
						"2.3333": [6, -14, 14.3],
						"2.375": [6, -14, 14.3],
						"2.4167": [6, -14, 14.3],
						"2.4583": [6, -14, 14.3],
						"2.5": [6, -14, 14.3],
						"2.5417": [6, -14, 14.3],
						"2.5833": [6, -14, 14.3],
						"2.625": [6, -14, 14.3],
						"2.6667": [6, -14, 14.3],
						"2.7083": [6.415, -15.15, 13.03],
						"2.75": [7.81, -15.775, 11.205],
						"2.7917": [10.085, -15.845, 8.61],
						"2.8333": [11.64, -15.3, 6.04],
						"2.875": [11.64, -15.225, 3.26],
						"2.9167": [9.54, -15.275, 0.705],
						"2.9583": [7.845, -16.8, -0.445],
						"3.0": [7.84, -16.8, 0.26],
						"3.0417": [7.84, -16.1, 0.835],
						"3.0833": [7.965, -15.7, 0.56],
						"3.125": [7.84, -15.145, 0.255],
						"3.1667": [7.925, -13.05, 0.5]
					},
					"scale": [1, 1.5, 1]
				},
				"constraint": {
					"rotation": [0.05, 0.05, 0.05],
					"position": [0.2, 0.2, 0.2]
				},
				"righthand": {
					"rotation": [92.95715, -348.33003, -179.8124],
					"position": [-7.25, -12.95, 6.075],
					"scale": [1, 1.5, 1]
				},
				"root": {
					"rotation": {
						"0.0": [0, 0, 0.01],
						"0.0833": [0, 0, 0.01],
						"0.125": [0.75, 0, 0],
						"0.1667": [0.85, 0, 0],
						"0.2083": [1, 0, 0],
						"0.25": [0.25, 0, -1.25],
						"0.3333": [-1.99947, -0.04907, -6.49904],
						"0.375": [-5.20291, -0.58919, -10.48233],
						"0.4583": [-14.78989, -5.11422, -20.31643],
						"0.5": [-17.88989, -6.41422, -22.11643],
						"0.5833": [-23.27554, -8.54796, -22.66459],
						"0.6667": [-24.91149, -10.61878, -23.01194],
						"0.7917": [-23.23216, -13.91387, -27.91904],
						"0.8333": [-22.63216, -14.71387, -28.61904],
						"0.9583": [-22.63216, -17.81387, -30.01904],
						"1.0417": [-24.42296, -20.23927, -32.6895],
						"1.125": [-25.32296, -20.83927, -33.4395],
						"1.2917": [-24.41319, -20.31528, -31.25927],
						"1.4167": [-23.2785, -19.663, -31.64717],
						"1.625": [-23.2785, -19.663, -30.44717],
						"1.7917": [-21.76318, -16.11855, -28.42113],
						"1.875": [-18.51509, -14.99217, -28.11133],
						"2.0417": [-16.58045, -11.77206, -27.63332],
						"2.0833": [-16.58045, -11.77206, -27.28332],
						"2.25": [-16.92727, -11.22479, -27.04816],
						"2.3333": [-15.90869, -10.86893, -27.38901],
						"2.4167": [-15.90869, -10.86893, -27.38901],
						"2.5": [-13.88125, -9.82741, -27.75325],
						"2.5417": [-12.53682, -9.12632, -28.27462],
						"2.5833": [-12.53682, -9.12632, -29.72462],
						"2.6667": [-11.62499, -9.17183, -30.86634],
						"2.7083": [-11.62499, -10.07183, -30.86634],
						"2.75": [-11.6473, -10.71144, -30.32245],
						"2.9167": {
							"pre": [-11.2305, -9.1581, -24.53858],
							"post": [-11.2305, -9.1581, -24.53858],
							"lerp_mode": "catmullrom"
						},
						"3.0417": {
							"post": [-1.32364, 3.04611, -4.67751],
							"lerp_mode": "catmullrom"
						},
						"3.2083": [0.80902, 1.01483, -1.55167],
						"3.25": [0, 0, 0.01]
					},
					"position": {
						"0.0": [0, 0, 0],
						"0.0833": [0, 0, 0],
						"0.125": [0, 0, 0],
						"0.2083": [0, 0.125, 0],
						"0.25": [0, 0.355, 0],
						"0.375": [-0.325, 2.01, -0.475],
						"0.4583": [-1.155, 3.935, -4.57],
						"0.5833": [-1.88, 5.28, -6.19],
						"0.625": [-1.98, 5.43, -6.265],
						"0.7083": [-1.98, 5.63, -6.69],
						"0.7917": [-1.98, 5.63, -6.69],
						"0.8333": [-1.83, 5.53, -6.69],
						"0.9167": [-1.63, 5.305, -6.69],
						"1.0": [-1.63, 4.985, -6.69],
						"1.0417": [-2.355, 5.19, -6.69],
						"1.0833": [-3.205, 5.265, -6.94],
						"1.125": [-3.9, 5.27, -6.94],
						"1.2083": [-3.625, 5.27, -6.94],
						"1.2917": [-3.6, 5.07, -6.94],
						"1.375": [-3.95, 4.995, -6.94],
						"1.4583": [-4.15, 4.625, -6.94],
						"1.5417": [-4.15, 4.4, -6.94],
						"1.6667": [-3.875, 3.975, -6.94],
						"1.7083": [-3.88, 3.905, -6.94],
						"1.7917": [-3.88, 3.98, -6.94],
						"1.875": [-3.88, 4.08, -6.94],
						"2.0417": [-3.88, 3.58, -6.94],
						"2.0833": [-3.88, 3.41, -7.09],
						"2.1667": [-3.78, 3.585, -7.09],
						"2.3333": [-3.78, 3.66, -7.09],
						"2.4167": [-3.78, 3.66, -7.09],
						"2.5": [-3.78, 3.385, -7.09],
						"2.5417": [-3.78, 3.515, -7.09],
						"2.5833": [-4.255, 3.82, -7.09],
						"2.6667": [-4.255, 3.82, -7.09],
						"2.8333": [-2.73, 2.645, -7.09],
						"2.9167": [-0.475, 1.45, -4.175],
						"3.0": [-0.005, 0.27, -1.99],
						"3.0417": [-0.08, 0.095, -1.14],
						"3.0833": [-0.08, 0.05, -0.525],
						"3.1667": [0.07, -0.075, 0.09],
						"3.25": [0, 0, 0]
					}
				},
				"mag_and_lefthand": {
					"rotation": {
						"0.0": [0, 0, 0],
						"0.4583": [0, 0, 0],
						"0.5": [0, 0, 0],
						"0.5417": [0, 0, 0],
						"0.5833": [0, 0, 0],
						"0.625": [0, 0, 0],
						"0.6667": [0, 0, 0],
						"0.7083": [0, 0, 0],
						"0.75": [0, 0, 0],
						"0.7917": [0, 0, 0],
						"0.8333": [0, 0, 0],
						"0.875": [0, 0, 0],
						"0.9167": [0, 0, 0],
						"0.9583": [0, 0, 0],
						"1.0": [0, 0, -6.5],
						"1.0417": [0, 0, -22.5],
						"1.0833": [0, 0, -54],
						"1.125": [0, -32.25, -59.75],
						"1.1667": [-10, -72.25, -59.75],
						"1.2083": [-10, -72.25, -59.75],
						"1.25": [-10, -72.25, -59.75],
						"1.2917": [-10, -72.25, -59.75],
						"1.3333": [-10, -72.25, -59.75],
						"1.375": [-10, -72.25, -59.75],
						"1.4167": [-10, -72.25, -59.75],
						"1.4583": [-10, -72.25, -59.75],
						"1.5": [-10, -72.25, -59.75],
						"1.5417": [-10, -72.25, -59.75],
						"1.5833": [-10, -72.25, -59.75],
						"1.625": [-10, -72.25, -59.75],
						"1.6667": [-10, -72.25, -59.75],
						"1.7083": [-10, -72.25, -59.75],
						"1.75": [-57.27615, -64.04356, 2.59933],
						"1.7917": [-57.28, -64.04, 2.6],
						"1.8333": [-57.28, -64.04, 2.6],
						"1.875": [-52.28, -64.04, 2.6],
						"1.9167": [-52.28, -64.04, 2.6],
						"1.9583": [-44.63955, -63.54261, 1.32889],
						"2.0": [-36.38955, -63.54261, 1.32889],
						"2.0417": [-34.13955, -63.54261, 1.32889],
						"2.0833": [-6.88955, -63.54261, 1.32889],
						"2.125": [38.5419, -55.35484, -32.51769],
						"2.1667": [56.40192, -42.70059, -50.38908],
						"2.2083": [32.33951, -19.96277, -27.4637],
						"2.25": [0, 0, 0],
						"2.2917": [0, 0, 0],
						"2.3333": [0, 0, 0],
						"2.375": [0, 0, 0],
						"2.4167": [0, 0, 0],
						"2.4583": [0, 0, 0],
						"2.5": [0, 0, 0],
						"2.5417": [0, 0, 0],
						"2.5833": [0, 0, 0]
					},
					"position": {
						"0.0": [0, 0, 0],
						"0.4167": [0, 0, 0],
						"0.4583": [0, 0, 0],
						"0.5": [0, 0, 0],
						"0.5417": [0, 0, 0],
						"0.5833": [0, 0, 0],
						"0.625": [0, 0, 0],
						"0.6667": [0, 0, 0],
						"0.7083": [0, 0, 0],
						"0.75": [0, 0, 0],
						"0.7917": [0, 0, 0],
						"0.8333": [0, 0, 0],
						"0.875": [0, -0.325, 0],
						"0.9167": [0, -0.525, 0],
						"0.9583": [0, -1.78, 0],
						"1.0": [0, -3.73, 0],
						"1.0417": [0.625, -6.38, 0],
						"1.0833": [2.305, -7.73, 0],
						"1.125": [4.61, -8.655, -0.1],
						"1.1667": [5.835, -9.655, -0.425],
						"1.2083": [6.41, -11.155, -1],
						"1.25": [6.46, -11.15, -1],
						"1.2917": [6.41, -11.15, -1],
						"1.3333": [6.46, -11.15, -1],
						"1.375": [6.46, -11.15, -1],
						"1.4167": [6.46, -11.15, -1],
						"1.4583": [6.46, -11.1, -1],
						"1.5": [6.46, -11.15, -1],
						"1.5417": [6.46, -11.15, -1],
						"1.5833": [6.46, -11.15, -1],
						"1.625": [6.46, -11.15, -1],
						"1.6667": [6.46, -11.125, -1],
						"1.7083": [6.46, -11.125, -1.05],
						"1.75": [6.46, -10.8, -1.225],
						"1.7917": [6.46, -9.575, -1.5],
						"1.8333": [6.46, -7.85, -1.7],
						"1.875": [6.46, -6.325, -2.5],
						"1.9167": [6.46, -5.575, -3.125],
						"1.9583": [6.46, -5.475, -3.5],
						"2.0": [6.46, -5.47, -3.8],
						"2.0417": [6.46, -5.315, -4],
						"2.0833": [6.46, -5.315, -3.775],
						"2.125": [6.46, -5.535, -3.225],
						"2.1667": [5.96, -5.08, -2.7],
						"2.2083": [3.56, -4.3, -1.4],
						"2.25": [0, -3.775, -0.25],
						"2.2917": [0, -3.275, 0],
						"2.3333": [0, -2.85, 0],
						"2.375": [0, -2.675, 0],
						"2.4167": [0, -2.57, 0],
						"2.4583": [0, -2.04, 0],
						"2.5": [0, -1.44, 0],
						"2.5417": [0, -0.64, 0],
						"2.5833": [0, 0, 0]
					}
				},
				"mag_and_bullet": {
					"rotation": {
						"0.0": [0, 0, 0],
						"0.0417": [0, 0, 0],
						"0.1667": [0, 0, 0],
						"0.8333": [0, 0, 0],
						"0.875": [0, 0, 0],
						"0.9167": [0, 0, 0],
						"0.9583": [0, 0, 0],
						"1.0": [0, 0, 0],
						"1.0417": [0, 0, 0],
						"1.0833": [0, 0, 0],
						"1.125": [0, 0, 0],
						"1.1667": [-27.5, 0, -60],
						"1.2083": [-27.2262, -4.02793, -67.77419],
						"1.25": [-37.01101, -10.072, -77.63731],
						"1.2917": [-37.01, -10.07, -77.64],
						"1.3333": [-40.36498, -23.77726, -66.23163],
						"1.375": [-40.36, -23.78, -66.23],
						"1.4167": [-40.36, -23.78, -66.23],
						"1.4583": [-40.36, -23.78, -66.23],
						"1.5": [-40.36, -23.78, -66.23],
						"1.5417": [-40.36, -23.78, -66.23],
						"1.5833": [-40.36, -23.78, -66.23],
						"1.625": [-40.36, -23.78, -66.23],
						"1.6667": [-80.92445, 11.0311, -19.7339],
						"1.7083": [-80.92, 11.03, -19.73],
						"1.75": [-86.67, 11.03, -19.73],
						"1.7917": [-86.67, 11.03, -19.73],
						"1.8333": [-86.67, 11.03, -19.73],
						"1.875": [-86.67, 11.03, -19.73],
						"1.9167": [-86.67, 11.03, -19.73],
						"1.9583": [-86.67, 11.03, -19.73],
						"2.0": [-86.67, 11.03, -19.73],
						"2.0417": [-86.67, 11.03, -19.73],
						"2.0833": [-86.67, 11.03, -19.73],
						"2.125": [-86.67, 11.03, -19.73],
						"2.1667": [-86.61971, 14.77358, -19.50489],
						"2.2083": [-51.36971, 14.77358, -19.50489],
						"2.25": [0, 0, 0]
					},
					"position": {
						"0.0": [0, 0, 0],
						"0.0417": [0, 0, 0],
						"0.1667": [0, 0, 0],
						"0.8333": [0, 0, 0],
						"0.875": [0, 0, 0],
						"0.9167": [0, 0, 0],
						"0.9583": [0, 0, 0],
						"1.0": [0, 0, 0],
						"1.0417": [0, 0, 0],
						"1.0833": [0, 0, 0],
						"1.125": [0, 0, 0],
						"1.1667": [0, 0, 0],
						"1.2083": [0, -1.775, 0],
						"1.25": [-0.025, -3.9, -0.75],
						"1.2917": [2.1, -7.775, 0.8],
						"1.3333": [5.1, -9.775, 0.8],
						"1.375": [10.8, 4.22, 10.8],
						"1.4167": [10.8, 4.22, 10.8],
						"1.4583": [10.8, 4.22, 10.8],
						"1.5": [10.8, 4.22, 10.8],
						"1.5417": [10.8, 4.22, 10.8],
						"1.5833": [10.8, 4.22, 10.8],
						"1.625": [10.8, 4.22, 10.8],
						"1.6667": [3.3, 3.675, 8.3],
						"1.7083": [1.4, 3.675, 4.1],
						"1.75": [0, 0, 0],
						"1.7917": [0, 0, 0],
						"1.8333": [0, 0, 0],
						"1.875": [0, 0, 0],
						"1.9167": [0, 0, 0],
						"1.9583": [0, 0, 0],
						"2.0": [0, 0, 0],
						"2.0417": [0, 0, 0],
						"2.0833": [0, 0, 0],
						"2.125": [0, 0, 0],
						"2.1667": [0, 0, 0],
						"2.2083": [0, 0, 0],
						"2.25": [0, 0, 0]
					}
				},
				"camera": {
					"rotation": {
						"0.0": {
							"post": [0, 0, 0],
							"lerp_mode": "catmullrom"
						},
						"0.4167": {
							"post": [-2, 0, 0],
							"lerp_mode": "catmullrom"
						},
						"0.8333": {
							"post": [-5, 0, 0],
							"lerp_mode": "catmullrom"
						},
						"1.0417": {
							"post": [-1, 0, 0],
							"lerp_mode": "catmullrom"
						},
						"1.2083": {
							"post": [-5, 0, 0],
							"lerp_mode": "catmullrom"
						},
						"1.4583": {
							"post": [-4.5, 0, 0],
							"lerp_mode": "catmullrom"
						},
						"1.6667": {
							"post": [0, 0, 0],
							"lerp_mode": "catmullrom"
						},
						"1.875": {
							"post": [0, 0, 0],
							"lerp_mode": "catmullrom"
						},
						"2.0833": {
							"post": [0, 0, 0],
							"lerp_mode": "catmullrom"
						},
						"2.2917": {
							"post": [0, 0, 0],
							"lerp_mode": "catmullrom"
						},
						"2.5": {
							"post": [-1.3, 0, 0],
							"lerp_mode": "catmullrom"
						},
						"2.5833": {
							"post": [-4.4, 0, 0],
							"lerp_mode": "catmullrom"
						},
						"2.8333": {
							"post": [-2.5, 0, 0],
							"lerp_mode": "catmullrom"
						},
						"2.9583": {
							"post": [-1, 0, 0],
							"lerp_mode": "catmullrom"
						},
						"3.125": {
							"post": [-0.5, 0, 0],
							"lerp_mode": "catmullrom"
						},
						"3.2917": {
							"post": [0, 0, 0],
							"lerp_mode": "catmullrom"
						}
					}
				}
			},
			"sound_effects": {
				"0.7917": {
					"effect": "ex:dsr50/dsr50_tactical"
				}
			}
		},
		"reload_empty": {
			"animation_length": 4.5,
			"bones": {
				"lefthand": {
					"rotation": {
						"0.0": [89.52779, -393.457, -128.79941],
						"0.7083": [89.53, -393.46, -128.8],
						"0.8333": [89.53, -393.46, -128.8],
						"1.0417": [89.53, -393.46, -128.8],
						"1.25": [81.41015, -392.46635, -113.936],
						"1.3333": [81.41, -392.47, -113.94],
						"1.375": [78.41, -392.47, -113.94],
						"1.4167": [78.41, -392.47, -113.94],
						"1.4583": [78.41, -392.47, -113.94],
						"1.5": [78.41, -392.47, -113.94],
						"1.5417": [78.41, -392.47, -113.94],
						"1.5833": [78.41, -392.47, -113.94],
						"1.625": [78.41, -392.47, -113.94],
						"1.6667": [96.7109, -396.41556, -106.72982],
						"1.7083": [96.00298, -385.98071, -105.37261],
						"1.75": [61.68962, -385.53908, -99.67019],
						"1.7917": [63.78023, -374.41769, -105.75378],
						"1.8333": [64.6623, -360.89784, -112.31701],
						"1.875": [59.66, -360.9, -112.32],
						"2.0417": [74.04541, -408.03141, -110.66609],
						"2.0833": [66.21213, -422.8887, -101.24298],
						"2.125": [13.63771, -439.09647, -46.54436],
						"2.1667": [13.64, -439.1, -46.54],
						"2.2083": [13.64, -439.1, -46.54],
						"2.25": [13.64, -439.1, -46.54],
						"2.2917": [13.64, -439.1, -46.54],
						"2.3333": [13.64, -439.1, -46.54],
						"2.375": [13.64, -439.1, -46.54],
						"2.4167": [13.64, -439.1, -46.54],
						"2.4583": [13.64, -439.1, -46.54],
						"2.5": [32.53812, -437.40974, -65.83268],
						"2.5417": [32.54, -437.41, -65.83],
						"2.5833": [32.54, -437.41, -65.83],
						"2.625": [13.64158, -439.10038, -46.53704],
						"2.6667": [13.64158, -439.10038, -46.53704],
						"2.7083": [13.64158, -439.10038, -46.53704],
						"2.75": [13.64, -439.1, -46.54],
						"2.7917": [69.12269, -418.95887, -104.56211],
						"2.8333": [74.02569, -382.53907, -107.06312],
						"2.875": [74.02569, -382.53907, -107.06312],
						"2.9167": [74.02569, -382.53907, -107.06312],
						"2.9583": [74.02569, -382.53907, -107.06312],
						"3.0": [74.02569, -382.53907, -107.06312],
						"3.0417": [74.02569, -382.53907, -107.06312],
						"3.0833": [73.24026, -381.97542, -104.98968],
						"3.125": [73.24026, -381.97542, -104.98968],
						"3.1667": [73.24026, -381.97542, -104.98968],
						"3.2083": [73.24026, -381.97542, -104.98968],
						"3.25": [73.24026, -381.97542, -104.98968],
						"3.2917": [73.24026, -381.97542, -104.98968],
						"3.3333": [79.92, -374.54, -117.67],
						"3.375": [79.92, -374.54, -117.67],
						"3.4167": [79.92, -374.54, -117.67],
						"3.4583": [79.92, -374.54, -117.67],
						"3.5": [79.92, -374.54, -117.67],
						"3.5417": [79.92, -374.54, -117.67],
						"3.5833": [79.92, -374.54, -117.67],
						"3.625": [79.92, -374.54, -117.67],
						"3.6667": [89.52779, -393.457, -128.79941],
						"3.7083": [89.53, -393.46, -128.8],
						"3.75": [89.52779, -393.457, -128.79941]
					},
					"position": {
						"0.0": [7.925, -13.05, 0.5],
						"0.7083": [7.93, -13.05, 0.5],
						"0.8333": [7.93, -13.05, 0.5],
						"0.9583": [7.93, -13.325, 0.5],
						"1.0": [7.905, -14.205, 0.5],
						"1.0417": [8.675, -16.85, 1.625],
						"1.125": [8.705, -19.525, 5.725],
						"1.1667": [6.955, -20, 9.62],
						"1.2083": [6.935, -18.2, 13.9],
						"1.25": [6.94, -16.875, 15.275],
						"1.2917": [6.94, -15.07, 15.075],
						"1.3333": [6.94, -14.745, 15.075],
						"1.375": [6.94, -14.745, 15.075],
						"1.4167": [6.94, -14.745, 15.075],
						"1.4583": [6.94, -14.745, 15.08],
						"1.5": [6.94, -14.745, 15.18],
						"1.5417": [6.94, -14.745, 15.18],
						"1.5833": [6.94, -14.745, 15.18],
						"1.625": [6.94, -14.745, 15.18],
						"1.6667": [6.94, -14.745, 15.18],
						"1.7083": [6.94, -14.745, 15.18],
						"1.75": [6.94, -14.745, 15.18],
						"1.7917": [8.04, -15.745, 15.18],
						"1.8333": [7.915, -15.995, 15.105],
						"1.875": [6.22, -15.37, 13.93],
						"2.0417": [5.42, -13.65, 15.88],
						"2.0833": [5.32, -12.65, 17.605],
						"2.125": [7.07, -12.35, 19.68],
						"2.1667": [9.52, -11.4, 20.68],
						"2.2083": [9.52, -11.4, 20.68],
						"2.25": [9.52, -11.4, 20.68],
						"2.2917": [6, -12.4, 19.7],
						"2.3333": [6, -14, 14.3],
						"2.375": [6, -14, 14.3],
						"2.4167": [6, -14, 14.3],
						"2.4583": [6, -14, 14.3],
						"2.5": [6, -14, 14.3],
						"2.5417": [6, -14, 14.3],
						"2.5833": [6, -14, 14.3],
						"2.625": [6, -14, 14.3],
						"2.6667": [6, -14, 14.3],
						"2.7083": [6, -14, 14.3],
						"2.75": [6, -14, 14.3],
						"2.7917": [6, -14, 14.3],
						"2.8333": [6, -14, 14.3],
						"2.875": [6, -14, 14.3],
						"2.9167": [6, -14, 14.3],
						"2.9583": [6, -14, 14.3],
						"3.0": [6, -14, 14.3],
						"3.0417": [6, -14, 14.3],
						"3.0833": [6, -14, 14.3],
						"3.125": [6, -14, 14.3],
						"3.1667": [6, -14, 14.3],
						"3.2083": [6, -14, 14.3],
						"3.25": [6, -14, 14.3],
						"3.2917": [6.415, -15.15, 13.03],
						"3.3333": [7.81, -15.775, 11.205],
						"3.375": [10.085, -15.845, 8.61],
						"3.4167": [11.64, -15.3, 6.04],
						"3.4583": [11.64, -15.225, 3.26],
						"3.5": [9.54, -15.275, 0.705],
						"3.5417": [7.845, -16.8, -0.445],
						"3.5833": [7.84, -16.8, 0.26],
						"3.625": [7.84, -16.1, 0.835],
						"3.6667": [7.965, -15.7, 0.56],
						"3.7083": [7.84, -15.145, 0.255],
						"3.75": [7.925, -13.05, 0.5]
					},
					"scale": [1, 1.5, 1]
				},
				"constraint": {
					"rotation": [0.05, 0.05, 0.05],
					"position": [0.2, 0.2, 0.2]
				},
				"righthand": {
					"rotation": {
						"0.0": [92.95715, -348.33003, -179.8124],
						"0.0417": [92.96, -348.33, -179.81],
						"0.0833": [92.96, -348.33, -179.81],
						"0.125": [147.21, -348.33, -179.81],
						"0.1667": [147.21, -348.33, -179.81],
						"0.2083": [145.53282, -339.57879, -185.85504],
						"0.25": [145.981, -341.43886, -184.51204],
						"0.2917": [143.53, -351.07, -178.03],
						"0.3333": [143.53, -351.07, -178.03],
						"0.375": [143.53, -351.07, -178.03],
						"0.4167": [143.53, -351.07, -178.03],
						"0.4583": [112.4757, -347.72966, -176.96665],
						"0.5": [112.48, -347.73, -176.97],
						"0.5417": [112.48, -347.73, -176.97],
						"0.5833": [92.96, -348.33, -179.81],
						"0.625": [92.95715, -348.33003, -179.8124],
						"3.875": [92.95715, -348.33003, -179.8124],
						"3.9167": [92.96, -348.33, -179.81],
						"3.9583": [119.46, -348.33, -179.81],
						"4.0": [147.21, -348.33, -179.81],
						"4.0417": [147.21, -348.33, -179.81],
						"4.0833": [145.981, -341.43886, -184.51204],
						"4.125": [143.52861, -351.06726, -178.02898],
						"4.1667": [143.53, -351.07, -178.03],
						"4.2083": [143.53, -351.07, -178.03],
						"4.25": [107.4757, -347.72966, -176.96665],
						"4.2917": [112.4757, -347.72966, -176.96665],
						"4.3333": [112.48, -347.73, -176.97],
						"4.375": [112.48, -347.73, -176.97],
						"4.4167": [92.96, -348.33, -179.81],
						"4.4583": [92.95715, -348.33003, -179.8124]
					},
					"position": {
						"0.0": [-7.25, -12.95, 6.075],
						"0.0417": [-7.25, -12.95, 6.08],
						"0.0833": [-7.45, -12.95, 6.98],
						"0.125": [-9.775, -10.73, 10.76],
						"0.1667": [-9.775, -9.98, 10.76],
						"0.2083": [-10.505, -8.78, 10.71],
						"0.25": [-9.735, -8.58, 11.76],
						"0.2917": [-9.5, -8.78, 13.76],
						"0.3333": [-9.5, -8.78, 17.36],
						"0.375": [-9.5, -8.78, 17.36],
						"0.4167": [-9.5, -8.78, 17.36],
						"0.4583": [-9.625, -9.88, 12.51],
						"0.5": [-9.63, -12.03, 12.51],
						"0.5417": [-9.38, -12.605, 10.41],
						"0.5833": [-7.45, -12.95, 6.98],
						"0.625": [-7.25, -12.95, 6.075],
						"3.875": [-7.25, -12.95, 6.075],
						"3.9167": [-7.45, -12.95, 6.98],
						"3.9583": [-9.75, -10.725, 10.455],
						"4.0": [-9.775, -10.73, 14.235],
						"4.0417": [-9.775, -10.73, 16.81],
						"4.0833": [-9.775, -10.105, 17.16],
						"4.125": [-9.775, -9.23, 17.16],
						"4.1667": [-9.5, -8.78, 17.36],
						"4.2083": [-9.5, -8.78, 17.36],
						"4.25": [-9.5, -8.78, 12.51],
						"4.2917": [-9.625, -9.88, 12.51],
						"4.3333": [-9.63, -12.03, 12.51],
						"4.375": [-9.38, -12.605, 10.41],
						"4.4167": [-7.25, -12.95, 6.08],
						"4.4583": [-7.25, -12.95, 6.075]
					},
					"scale": [1, 1.5, 1]
				},
				"root": {
					"rotation": {
						"0.0": [0, 0, 0.01],
						"0.0833": [2.36842, 0, 0.00842],
						"0.2083": [1.50247, 0, 0.00684],
						"0.2917": [-0.42118, 0, 0.00526],
						"0.3333": [-1.8, 0, 0],
						"0.4167": [-3.73057, 0.99788, -0.06506],
						"0.4583": [-2.25047, 1.21276, -0.0504],
						"0.5": [0.13962, 0.97021, -0.04032],
						"0.625": [0.75, 0, 0],
						"0.6667": [0, 0, 0.01],
						"0.7083": [0.75, 0, 0],
						"0.75": [0.85, 0, 0],
						"0.7917": [1, 0, 0],
						"0.8333": [0.25, 0, -1.25],
						"0.9167": [-1.99947, -0.04907, -6.49904],
						"0.9583": [-5.20291, -0.58919, -10.48233],
						"1.0417": [-14.78989, -5.11422, -20.31643],
						"1.0833": [-17.88989, -6.41422, -22.11643],
						"1.1667": [-23.27554, -8.54796, -22.66459],
						"1.25": [-24.91149, -10.61878, -23.01194],
						"1.375": [-23.23216, -13.91387, -27.91904],
						"1.4167": [-22.63216, -14.71387, -28.61904],
						"1.5417": [-22.63216, -17.81387, -30.01904],
						"1.625": [-24.42296, -20.23927, -32.6895],
						"1.7083": [-25.32296, -20.83927, -33.4395],
						"1.875": [-24.41319, -20.31528, -31.25927],
						"2.0": [-23.2785, -19.663, -31.64717],
						"2.2083": [-23.2785, -19.663, -30.44717],
						"2.375": [-21.76318, -16.11855, -28.42113],
						"2.4583": [-18.51509, -14.99217, -28.11133],
						"2.625": [-16.58045, -11.77206, -27.63332],
						"2.6667": [-16.58045, -11.77206, -27.28332],
						"2.8333": [-16.92727, -11.22479, -27.04816],
						"2.9167": [-15.90869, -10.86893, -27.38901],
						"3.0": [-15.90869, -10.86893, -27.38901],
						"3.0833": [-13.88125, -9.82741, -27.75325],
						"3.125": [-12.53682, -9.12632, -28.27462],
						"3.1667": [-12.53682, -9.12632, -29.72462],
						"3.25": [-11.62499, -9.17183, -30.86634],
						"3.3333": [-11.6473, -10.71144, -30.32245],
						"3.375": [-14.64732, -11.51144, -30.32245],
						"3.4167": [-17.23046, -10.9581, -27.03858],
						"3.5833": {
							"pre": [-1.32364, 3.04611, -4.67751],
							"post": [-1.32364, 3.04611, -4.67751],
							"lerp_mode": "catmullrom"
						},
						"3.7917": [0.80902, 1.01483, -1.55167],
						"4.0": [0.80902, 1.01483, -1.55167],
						"4.0417": [-0.2989, 0.87946, -1.34336],
						"4.2917": [-3.38795, 0.4059, -0.61463],
						"4.5": [0, 0, 0.01]
					},
					"position": {
						"0.0": [0, 0, 0],
						"0.0833": [0, 0, 0],
						"0.2083": [0, 0.395, 0],
						"0.25": [0, 0.3, 0],
						"0.3333": [0, 0.475, 0],
						"0.4167": [-0.075, 0.735, 0],
						"0.5833": [-0.02, 0.615, 0],
						"0.625": [0, 0.4, 0],
						"0.6667": [0, 0.275, 0],
						"0.7083": [0, 0.3, 0],
						"0.7917": [0, 0.55, 0],
						"0.8333": [0, 0.78, 0],
						"0.9583": [-0.325, 2.01, -0.475],
						"1.0417": [-1.155, 3.935, -4.57],
						"1.1667": [-1.88, 5.28, -6.19],
						"1.2083": [-1.98, 5.43, -6.265],
						"1.2917": [-1.98, 5.63, -6.69],
						"1.375": [-1.98, 5.63, -6.69],
						"1.4167": [-1.83, 5.53, -6.69],
						"1.5": [-1.63, 5.305, -6.69],
						"1.5833": [-1.63, 4.985, -6.69],
						"1.625": [-2.355, 5.19, -6.69],
						"1.6667": [-3.205, 5.265, -6.94],
						"1.7083": [-3.9, 5.27, -6.94],
						"1.7917": [-3.625, 5.27, -6.94],
						"1.875": [-3.6, 5.07, -6.94],
						"1.9583": [-3.95, 4.995, -6.94],
						"2.0417": [-4.15, 4.625, -6.94],
						"2.125": [-4.15, 4.4, -6.94],
						"2.25": [-3.875, 3.975, -6.94],
						"2.2917": [-3.88, 3.905, -6.94],
						"2.375": [-3.88, 3.98, -6.94],
						"2.4583": [-3.88, 4.08, -6.94],
						"2.625": [-3.88, 3.58, -6.94],
						"2.6667": [-3.88, 3.41, -7.09],
						"2.75": [-3.78, 3.585, -7.09],
						"2.9167": [-3.78, 3.66, -7.09],
						"3.0": [-3.78, 3.66, -7.09],
						"3.0833": [-3.78, 3.385, -7.09],
						"3.125": [-3.78, 3.515, -7.09],
						"3.1667": [-4.255, 3.82, -7.09],
						"3.25": [-4.255, 3.82, -7.09],
						"3.3333": [-3.78, 3.07, -7.09],
						"3.4167": [-1.53, 0.82, -5.365],
						"3.5": [0, 0, -4.175],
						"3.7083": [-0.005, 0.27, -2.59],
						"3.8333": [-0.905, 0.2, -3.35],
						"3.9583": [-0.43, -0.075, -1.135],
						"4.1667": [-0.43, -0.075, -1.135],
						"4.3333": [0, 0, 0]
					}
				},
				"mag_and_lefthand": {
					"rotation": {
						"0.0": [0, 0, 0],
						"1.0417": [0, 0, 0],
						"1.0833": [0, 0, 0],
						"1.125": [0, 0, 0],
						"1.1667": [0, 0, 0],
						"1.2083": [0, 0, 0],
						"1.25": [0, 0, 0],
						"1.2917": [0, 0, 0],
						"1.3333": [0, 0, 0],
						"1.375": [0, 0, 0],
						"1.4167": [0, 0, 0],
						"1.4583": [0, 0, 0],
						"1.5": [0, 0, 0],
						"1.5417": [0, 0, 0],
						"1.5833": [0, 0, -6.5],
						"1.625": [0, 0, -22.5],
						"1.6667": [0, 0, -54],
						"1.7083": [0, -32.25, -59.75],
						"1.75": [-10, -72.25, -59.75],
						"1.7917": [-10, -72.25, -59.75],
						"1.8333": [-10, -72.25, -59.75],
						"1.875": [-10, -72.25, -59.75],
						"1.9167": [-10, -72.25, -59.75],
						"1.9583": [-10, -72.25, -59.75],
						"2.0": [-10, -72.25, -59.75],
						"2.0417": [-10, -72.25, -59.75],
						"2.0833": [-10, -72.25, -59.75],
						"2.125": [-10, -72.25, -59.75],
						"2.1667": [-10, -72.25, -59.75],
						"2.2083": [-10, -72.25, -59.75],
						"2.25": [-10, -72.25, -59.75],
						"2.2917": [-10, -72.25, -59.75],
						"2.3333": [-57.27615, -64.04356, 2.59933],
						"2.375": [-57.28, -64.04, 2.6],
						"2.4167": [-57.28, -64.04, 2.6],
						"2.4583": [-52.28, -64.04, 2.6],
						"2.5": [-52.28, -64.04, 2.6],
						"2.5417": [-44.63955, -63.54261, 1.32889],
						"2.5833": [-36.38955, -63.54261, 1.32889],
						"2.625": [-34.13955, -63.54261, 1.32889],
						"2.6667": [-6.88955, -63.54261, 1.32889],
						"2.7083": [38.5419, -55.35484, -32.51769],
						"2.75": [56.40192, -42.70059, -50.38908],
						"2.7917": [32.33951, -19.96277, -27.4637],
						"2.8333": [0, 0, 0],
						"2.875": [0, 0, 0],
						"2.9167": [0, 0, 0],
						"2.9583": [0, 0, 0],
						"3.0": [0, 0, 0],
						"3.0417": [0, 0, 0],
						"3.0833": [0, 0, 0],
						"3.125": [0, 0, 0],
						"3.1667": [0, 0, 0]
					},
					"position": {
						"0.0": [0, 0, 0],
						"1.0": [0, 0, 0],
						"1.0417": [0, 0, 0],
						"1.0833": [0, 0, 0],
						"1.125": [0, 0, 0],
						"1.1667": [0, 0, 0],
						"1.2083": [0, 0, 0],
						"1.25": [0, 0, 0],
						"1.2917": [0, 0, 0],
						"1.3333": [0, 0, 0],
						"1.375": [0, 0, 0],
						"1.4167": [0, 0, 0],
						"1.4583": [0, -0.325, 0],
						"1.5": [0, -0.525, 0],
						"1.5417": [0, -1.78, 0],
						"1.5833": [0, -3.73, 0],
						"1.625": [0.625, -6.38, 0],
						"1.6667": [2.305, -7.73, 0],
						"1.7083": [4.61, -8.655, -0.1],
						"1.75": [5.835, -9.655, -0.425],
						"1.7917": [6.41, -11.155, -1],
						"1.8333": [6.46, -11.15, -1],
						"1.875": [6.41, -11.15, -1],
						"1.9167": [6.46, -11.15, -1],
						"1.9583": [6.46, -11.15, -1],
						"2.0": [6.46, -11.15, -1],
						"2.0417": [6.46, -11.1, -1],
						"2.0833": [6.46, -11.15, -1],
						"2.125": [6.46, -11.15, -1],
						"2.1667": [6.46, -11.15, -1],
						"2.2083": [6.46, -11.15, -1],
						"2.25": [6.46, -11.125, -1],
						"2.2917": [6.46, -11.125, -1.15],
						"2.3333": [6.46, -10.8, -1.325],
						"2.375": [6.46, -9.575, -1.5],
						"2.4167": [6.46, -7.85, -1.7],
						"2.4583": [6.46, -6.325, -2.5],
						"2.5": [6.46, -5.575, -3.125],
						"2.5417": [6.46, -5.475, -3.5],
						"2.5833": [6.46, -5.47, -3.8],
						"2.625": [6.46, -5.315, -4.1],
						"2.6667": [6.46, -5.315, -3.775],
						"2.7083": [6.46, -5.535, -3.225],
						"2.75": [5.96, -5.08, -2.7],
						"2.7917": [3.56, -4.3, -1.4],
						"2.8333": [0, -3.775, -0.25],
						"2.875": [0, -3.275, 0],
						"2.9167": [0, -2.85, 0],
						"2.9583": [0, -2.675, 0],
						"3.0": [0, -2.57, 0],
						"3.0417": [0, -2.04, 0],
						"3.0833": [0, -1.44, 0],
						"3.125": [0, -0.64, 0],
						"3.1667": [0, 0, 0]
					}
				},
				"mag_and_bullet": {
					"rotation": {
						"0.0": [0, 0, 0],
						"0.625": [0, 0, 0],
						"0.75": [0, 0, 0],
						"1.4167": [0, 0, 0],
						"1.4583": [0, 0, 0],
						"1.5": [0, 0, 0],
						"1.5417": [0, 0, 0],
						"1.5833": [0, 0, 0],
						"1.625": [0, 0, 0],
						"1.6667": [0, 0, 0],
						"1.7083": [0, 0, 0],
						"1.75": [-27.5, 0, -60],
						"1.7917": [-27.2262, -4.02793, -67.77419],
						"1.8333": [-37.01101, -10.072, -77.63731],
						"1.875": [-37.01, -10.07, -77.64],
						"1.9167": [-40.36498, -23.77726, -66.23163],
						"1.9583": [-40.36, -23.78, -66.23],
						"2.0": [-40.36, -23.78, -66.23],
						"2.0417": [-40.36, -23.78, -66.23],
						"2.0833": [-40.36, -23.78, -66.23],
						"2.125": [-40.36, -23.78, -66.23],
						"2.1667": [-40.36, -23.78, -66.23],
						"2.2083": [-40.36, -23.78, -66.23],
						"2.25": [-80.92445, 11.0311, -19.7339],
						"2.2917": [-80.92, 11.03, -19.73],
						"2.3333": [-86.67, 11.03, -19.73],
						"2.375": [-86.67, 11.03, -19.73],
						"2.4167": [-86.67, 11.03, -19.73],
						"2.4583": [-86.67, 11.03, -19.73],
						"2.5": [-86.67, 11.03, -19.73],
						"2.5417": [-86.67, 11.03, -19.73],
						"2.5833": [-86.67, 11.03, -19.73],
						"2.625": [-86.67, 11.03, -19.73],
						"2.6667": [-86.67, 11.03, -19.73],
						"2.7083": [-86.67, 11.03, -19.73],
						"2.75": [-86.61971, 14.77358, -19.50489],
						"2.7917": [-51.36971, 14.77358, -19.50489],
						"2.8333": [0, 0, 0]
					},
					"position": {
						"0.0": [0, 0, 0],
						"0.625": [0, 0, 0],
						"0.75": [0, 0, 0],
						"1.4167": [0, 0, 0],
						"1.4583": [0, 0, 0],
						"1.5": [0, 0, 0],
						"1.5417": [0, 0, 0],
						"1.5833": [0, 0, 0],
						"1.625": [0, 0, 0],
						"1.6667": [0, 0, 0],
						"1.7083": [0, 0, 0],
						"1.75": [0, 0, 0],
						"1.7917": [0, -1.775, 0],
						"1.8333": [-0.025, -3.9, -0.75],
						"1.875": [2.1, -7.775, 0.8],
						"1.9167": [5.1, -9.775, 0.8],
						"1.9583": [20.1, 4.22, 10.8],
						"2.0": [20.1, 4.22, 10.8],
						"2.0417": [20.1, 4.22, 10.8],
						"2.0833": [20.1, 4.22, 10.8],
						"2.125": [20.1, 4.22, 10.8],
						"2.1667": [20.1, 4.22, 10.8],
						"2.2083": [20.1, 4.22, 10.8],
						"2.25": [3.3, 3.675, 8.3],
						"2.2917": [3.3, 3.675, 8.3],
						"2.3333": [0, 0, 0],
						"2.375": [0, 0, 0],
						"2.4167": [0, 0, 0],
						"2.4583": [0, 0, 0],
						"2.5": [0, 0, 0],
						"2.5417": [0, 0, 0],
						"2.5833": [0, 0, 0],
						"2.625": [0, 0, 0],
						"2.6667": [0, 0, 0],
						"2.7083": [0, 0, 0],
						"2.75": [0, 0, 0],
						"2.7917": [0, 0, 0],
						"2.8333": [0, 0, 0]
					}
				},
				"camera": {
					"rotation": {
						"0.0": {
							"post": [0, 0, 0],
							"lerp_mode": "catmullrom"
						},
						"0.0833": {
							"post": [-0.5, 0, 0],
							"lerp_mode": "catmullrom"
						},
						"0.2083": {
							"post": [0.4, 0, 0],
							"lerp_mode": "catmullrom"
						},
						"0.375": {
							"post": [0, 0, 0],
							"lerp_mode": "catmullrom"
						},
						"0.625": {
							"post": [0.4, 0, 0],
							"lerp_mode": "catmullrom"
						},
						"1.0833": {
							"post": [-2, 0, 0],
							"lerp_mode": "catmullrom"
						},
						"1.4583": {
							"post": [-5, 0, 0],
							"lerp_mode": "catmullrom"
						},
						"1.6667": {
							"post": [-1, 0, 0],
							"lerp_mode": "catmullrom"
						},
						"1.8333": {
							"post": [-5, 0, 0],
							"lerp_mode": "catmullrom"
						},
						"2.0833": {
							"post": [-3, 0, 0],
							"lerp_mode": "catmullrom"
						},
						"2.2917": {
							"post": [-0.9, 0, 0],
							"lerp_mode": "catmullrom"
						},
						"2.75": {
							"post": [-2.5, 0, 0],
							"lerp_mode": "catmullrom"
						},
						"2.8333": {
							"post": [-2, 0, 0],
							"lerp_mode": "catmullrom"
						},
						"2.9167": {
							"post": [-1, 0, 0],
							"lerp_mode": "catmullrom"
						},
						"3.125": {
							"post": [-2, 0, 0],
							"lerp_mode": "catmullrom"
						},
						"3.25": {
							"post": [-5, 0, 0],
							"lerp_mode": "catmullrom"
						},
						"3.5833": {
							"post": [-3.5, 0, 0],
							"lerp_mode": "catmullrom"
						},
						"3.75": {
							"post": [-1, 0, 0],
							"lerp_mode": "catmullrom"
						},
						"3.9167": {
							"post": [0, 0, 0],
							"lerp_mode": "catmullrom"
						},
						"4.0833": {
							"post": [-2, 0, 0],
							"lerp_mode": "catmullrom"
						},
						"4.25": {
							"post": [-1.52, 0, 0],
							"lerp_mode": "catmullrom"
						},
						"4.3333": {
							"post": [-0.96, 0, 0],
							"lerp_mode": "catmullrom"
						},
						"4.5": {
							"post": [0, 0, 0],
							"lerp_mode": "catmullrom"
						}
					}
				},
				"dsr50_bolt": {
					"position": {
						"0.0": [0, 0, 0],
						"0.25": [0, 0, 0],
						"0.2917": [0, 0, 2],
						"0.3333": [0, 0, 5.3],
						"0.4167": [0, 0, 5.3],
						"4.2083": [0, 0, 5.3],
						"4.25": [0, 0, 2.62],
						"4.2917": [0, 0, 0]
					}
				},
				"shell_ejection": {
					"rotation": {
						"0.25": [0, 0, 0],
						"0.2917": [0, 0, 0],
						"0.3333": [0, -135.42, 0],
						"0.4167": [0, -270.83, 0],
						"0.5": [0, -406.25, 0],
						"0.5833": [0, -541.67, 0],
						"0.625": [0, -677.08, 0],
						"0.6667": [0, -812.5, 0],
						"0.7083": [0, 0, 0]
					},
					"position": {
						"0.2083": [0, 0, 0],
						"0.2917": [0, 0.0875, 6.01875],
						"0.3333": {
							"pre": [-9.1, 1.0875, -1.98125],
							"post": [-9.1, 1.0875, -1.98125],
							"lerp_mode": "catmullrom"
						},
						"0.4167": {
							"post": [-16.3, 1.0875, -7.98125],
							"lerp_mode": "catmullrom"
						},
						"0.5": {
							"post": [-24.4, -2.9125, -14.98125],
							"lerp_mode": "catmullrom"
						},
						"0.5833": {
							"post": [-31.8, -8.9125, -21.98125],
							"lerp_mode": "catmullrom"
						},
						"0.625": {
							"post": [-37.8, -16.9125, -27.28125],
							"lerp_mode": "catmullrom"
						},
						"0.6667": {
							"post": [-42, -25.3125, -30.28125],
							"lerp_mode": "catmullrom"
						},
						"0.7083": [-46.1, -35.0125, -33.48125],
						"0.75": [0, 0, 0]
					},
					"scale": {
						"0.0": [1, 1, 1],
						"0.6667": [1, 1, 1]
					}
				},
				"bullet_in_magazine": {
					"scale": {
						"0.0": [0, 0, 0],
						"2.2083": [0, 0, 0],
						"2.25": [1, 1, 1]
					}
				},
				"bullet2": {
					"scale": {
						"0.0": [0, 0, 0],
						"3.125": [0, 0, 0],
						"3.1667": [1, 1, 1]
					}
				},
				"bullet": {
					"scale": {
						"0.0": [0, 0, 0],
						"2.2083": [0, 0, 0],
						"2.25": [1, 1, 1]
					}
				}
			},
			"sound_effects": {
				"0.0": {
					"effect": "ex:dsr50/dsr50_empty"
				}
			}
		},
		"inspect": {
			"loop": "hold_on_last_frame",
			"animation_length": 9.25,
			"bones": {
				"lefthand": {
					"rotation": {
						"0.0": [89.52779, -393.457, -128.79941],
						"0.5": [89.15198, -422.45831, -128.30721],
						"2.0": [89.15, -422.46, -128.31],
						"2.5": [89.15, -422.46, -128.31],
						"2.875": [76.45, -422.46, -128.31],
						"3.0": [31.035, -429.64, -117.44],
						"3.25": [-42.92482, -436.81793, -106.56383],
						"3.625": [-42.92482, -436.81793, -106.56383],
						"3.875": [-44.92482, -436.81793, -106.56383],
						"4.0": [-23.09802, -422.45831, -128.30721],
						"4.5": [89.52779, -393.457, -128.79941],
						"8.0": [89.52779, -393.457, -128.79941],
						"8.5": [89.52779, -393.457, -128.79941]
					},
					"position": {
						"0.0": [7.925, -13.05, 0.5],
						"0.5": [7.63, -13.05, 0.5],
						"2.0": [7.63, -13.05, 0.5],
						"2.5": [7.63, -13.05, 0.5],
						"3.0": [8.53, -13.05, 0.5],
						"3.25": [8.505, -9.75, 0.9],
						"3.625": [8.155, -9.75, 0.9],
						"3.875": [9.03, -9.75, 0.9],
						"4.0": [10.63, -12, 2.05],
						"4.25": [7.63, -14.1, 14.3],
						"4.5": [7.43, -14.45, 14.3],
						"8.0": [7.43, -14.45, 14.3],
						"8.375": [11.33, -14.45, 10.4],
						"8.5": [7.925, -13.05, 0.5]
					},
					"scale": [1, 1.5, 1]
				},
				"constraint": {
					"rotation": [0.05, 0.05, 0.05],
					"position": [0.2, 0.2, 0.2]
				},
				"righthand": {
					"rotation": [92.95715, -348.33003, -179.8124],
					"position": [-7.25, -12.95, 6.075],
					"scale": [1, 1.5, 1]
				},
				"root": {
					"rotation": {
						"0.0": [0, 0, 0],
						"0.125": [5, -3, 2.5],
						"0.25": {
							"pre": [3.4, -12.95, 0.025],
							"post": [3.4, -12.95, 0.025],
							"lerp_mode": "catmullrom"
						},
						"0.375": [-1.22, -44.2, -6.69],
						"0.4583": [-5.275, -55, -9.725],
						"0.5": [-6.99, -57.7, -10.545],
						"0.5417": [-7.25, -58.6, -10.3],
						"0.625": [-5.7, -57.8, -9.93],
						"0.7083": [-1.95, -57.8, -9.93],
						"0.7917": [4.15, -61.475, -12.88],
						"0.9167": [16.65, -65.9, -21.68],
						"1.0": [28.71716, -67.79336, -32.62182],
						"1.125": [41.10631, -72.5809, -46.10163],
						"1.25": [47.61, -74.68, -54.28],
						"1.375": [48.385, -74.68, -57.28],
						"1.6667": [49.08413, -73.15012, -59.56081],
						"1.7917": [40.05552, -74.67979, -56.40882],
						"1.875": [20.62975, -69.94424, -41.35338],
						"2.1667": {
							"pre": [-40.9389, -39.65199, 37.72163],
							"post": [-40.9389, -39.65199, 37.72163],
							"lerp_mode": "catmullrom"
						},
						"2.3333": [-38.84, -39.65, 34.92],
						"2.5": [-35.35089, -42.66834, 32.42262],
						"2.75": [-33.80136, -43.80517, 30.15956],
						"2.8333": [-40.96978, -39.06869, 26.86694],
						"2.9167": [-49.30069, -27.15836, 27.01922],
						"3.0": [-49.66988, -12.36865, 38.4091],
						"3.125": {
							"pre": [-41.49734, 20.69914, 77.10263],
							"post": [-41.49734, 20.69914, 77.10263],
							"lerp_mode": "catmullrom"
						},
						"3.25": [-40.27395, 22.99334, 85.49996],
						"3.3333": [-41.74986, 19.7108, 81.44949],
						"3.4167": [-40.89845, 21.69127, 83.85835],
						"3.5": [-42.9, 21.69, 83.86],
						"3.75": [-43.76481, 23.87245, 83.22724],
						"3.8333": [-42.22044, 24.45565, 85.52661],
						"3.9167": [-45.73275, 15.46362, 76.27079],
						"4.0": [-50.00144, 0.30186, 55.34568],
						"4.0833": [-45.46794, -12.82521, 30.4735],
						"4.1667": [-39.82813, -18.35395, 3.81806],
						"4.25": [-40.34031, -14.3278, -4.38609],
						"4.375": [-45.34031, -12.7028, -4.38609],
						"4.5": [-45.18449, -13.84613, -5.11715],
						"4.625": [-43.6766, -20.02533, -9.54487],
						"4.75": [-44.46919, -19.61292, -8.34993],
						"4.7917": [-45.08005, -20.17973, -8.74315],
						"4.875": [-45.96, -20.45, -9.59],
						"5.0": [-45.96, -20.45, -9.59],
						"5.2917": [-45.41901, -21.88122, -11.08812],
						"5.4167": [-45.1634, -19.76359, -11.85616],
						"5.625": [-47.16, -19.76, -11.86],
						"5.75": [-47.91488, -20.50359, -12.57215],
						"6.0": [-47.91, -20.5, -12.57],
						"6.25": [-49.10723, -22.71242, -14.74947],
						"6.625": [-49.11, -23.01, -14.75],
						"6.75": [-49.11, -23.91, -15.95],
						"7.0": [-47.91818, -25.70717, -18.85495],
						"7.25": [-49.92, -30.035, -17.95],
						"7.2917": [-49.40271, -30.28965, -20.02807],
						"7.3333": [-47.24035, -30.13749, -19.95731],
						"7.4167": [-43.83, -29.83, -21.45],
						"7.4583": [-42.25886, -29.81116, -22.67866],
						"7.5": [-41.78645, -29.53246, -22.94187],
						"7.5417": [-40.885, -29.53, -22.94],
						"7.5833": [-41.70858, -30.06004, -23.0741],
						"7.625": [-43.91822, -29.60731, -22.85884],
						"7.75": [-45.62424, -31.66405, -25.39745],
						"7.7917": [-46.45236, -30.22033, -23.78128],
						"7.8333": [-47.58969, -28.02489, -21.4389],
						"7.875": [-45.59, -28.02, -21.44],
						"7.9167": [-46.49, -28.02, -21.44],
						"8.0": [-39.78074, -31.58702, -25.47933],
						"8.0833": [-44.48, -31.59, -26.88],
						"8.125": [-40.48, -30.715, -26.605],
						"8.25": [-45.48, -27.89, -25.38],
						"8.3333": [-44.88, -22.89, -22.005],
						"8.4167": [-41.73, -14.99, -16.555],
						"8.5": [-33.555, -3.69, -8.98],
						"8.5833": [-12.98, 4.535, 0],
						"8.625": [1.67, 6.49, 0],
						"8.6667": [6.02, 6.49, 0],
						"8.7083": [8.22, 6.49, 0],
						"8.75": [9.245, 6.49, 0],
						"8.7917": [8.53, 5.89, 0],
						"8.8333": [7.445, 5.29, 0],
						"8.875": [5.12, 4.69, 0],
						"8.9167": [2.485, 4.09, 1.5],
						"8.9583": [0.315, 3.49, 3.4],
						"9.0": [-0.675, 2.89, 4.6],
						"9.0417": [-1.31, 2.41, 5.2],
						"9.0833": [-1.6, 1.93, 5.5],
						"9.125": [-1.59, 1.45, 4.6],
						"9.1667": [-1.48, 0.97, 2.1],
						"9.2083": [-1.035, 0.48, -0.85],
						"9.25": [0, 0, 0]
					},
					"position": {
						"0.0": [0, 0, 0],
						"0.0833": [0.53, -0.67, -0.23],
						"0.125": [0.75, -0.875, -0.35],
						"0.1667": [0.92, -0.88, -0.08],
						"0.2083": [1.03, -0.76, 0.3],
						"0.25": [1.15, -0.525, 0.65],
						"0.3333": [1.21, 0.04, 1.01],
						"0.4167": [1.27, 0.53, 1.1],
						"0.4583": [1.3, 0.7, 1.1],
						"0.5417": [1.3, 0.9, 1.1],
						"0.625": [1.3, 1.025, 1.1],
						"0.7083": [1.4, 1.095, 1.175],
						"0.7917": [1.7, 1.12, 1.275],
						"1.0": [2.7, 1.395, 1.65],
						"1.125": [3.425, 1.675, 1.925],
						"1.25": [4.225, 2.05, 2.2],
						"1.375": {
							"pre": [4.875, 2.55, 2.2],
							"post": [4.875, 2.55, 2.2],
							"lerp_mode": "catmullrom"
						},
						"1.6667": [3.405, 2.55, 2.2],
						"1.875": [2.33, 2.55, 2.2],
						"2.0": [1.63, 2.55, 2.3],
						"2.1667": [0.98, 2.55, 2.6],
						"2.25": [0.98, 2.55, 2.6],
						"2.75": [0.98, 2.55, 2.3],
						"3.0": [0.955, 2.75, 2],
						"3.25": [1.08, 2.35, 1.7],
						"3.3333": [1.18, 2.35, 1.6],
						"3.5": [1.38, 2.45, 1.6],
						"3.75": [1.38, 2.75, 1.7],
						"3.8333": [1.38, 2.75, 1.7],
						"4.0": [1.08, 2.75, 1.2],
						"4.0833": [0.755, 2.625, 0.75],
						"4.1667": [0.355, 2.55, 0.4],
						"4.2083": [0.155, 2.65, 0.08],
						"4.25": [-0.12, 2.975, -0.22],
						"4.375": [-0.52, 4.425, -0.665],
						"4.4167": [-0.62, 4.655, -0.75],
						"4.4583": [-0.72, 4.85, -0.84],
						"4.5": [-0.795, 4.7, -0.915],
						"4.5417": [-0.83, 4.42, -0.96],
						"4.5833": [-0.87, 4.22, -1.01],
						"4.625": [-0.91, 4.105, -1.06],
						"4.6667": [-0.95, 4.05, -1.1],
						"4.7083": [-0.98, 4.235, -1.14],
						"4.75": [-1.02, 4.45, -1.19],
						"4.7917": [-1.07, 4.575, -1.24],
						"5.0": [-1.02, 4.6, -1.24],
						"5.1667": [-1.02, 4.25, -1.24],
						"5.4167": [-1.02, 4.15, -1.24],
						"5.625": [-1.02, 4.15, -1.24],
						"5.75": [-1.02, 4.05, -1.24],
						"6.0": [-1.02, 3.85, -1.24],
						"6.25": [-1.02, 3.575, -1.24],
						"6.5": [-1.17, 3.68, -1.24],
						"6.75": [-1.14, 3.58, -1.24],
						"7.0": [-1.12, 3.68, -1.24],
						"7.25": [-1.32, 3.38, -1.24],
						"7.2917": [-1.12, 3.4, -1.24],
						"7.4167": [-1.24, 3.55, -1.24],
						"7.4583": [-1.13, 3.52, -1.24],
						"7.5": [-0.92, 3.48, -1.24],
						"7.5417": [-0.69, 3.48, -1.24],
						"7.625": [-0.59, 3.88, -1.24],
						"7.75": [-0.415, 3.78, -1.24],
						"7.7917": [-0.49, 3.78, -1.24],
						"7.8333": [-0.33, 3.78, -1.24],
						"7.9583": [-0.09, 3.78, -1.24],
						"8.0": [0.035, 3.905, -1.24],
						"8.0417": [-0.265, 4.48, -1.24],
						"8.0833": [-0.265, 4.08, -1.14],
						"8.125": [-0.69, 3.755, -0.815],
						"8.2083": [-0.49, 3.72, 0.17],
						"8.3333": [-0.39, 3.705, 0.66],
						"8.5": [-0.19, 1.205, 0.335],
						"8.6667": [-0.02, -1.445, -0.14],
						"8.7083": [0, -1.8, -0.125],
						"8.75": [0, -1.92, -0.11],
						"8.7917": [0, -2.05, 0.01],
						"8.8333": [0, -2.175, 0.33],
						"8.875": [0, -2.28, 0.545],
						"8.9167": [0, -2.39, 0.66],
						"8.9583": [0, -2.4, 0.76],
						"9.0": [0, -2.31, 0.635],
						"9.0417": [0, -2.12, 0.175],
						"9.0833": [0, -1.925, -0.215],
						"9.125": [0, -1.44, -0.505],
						"9.1667": [0, -0.96, -0.495],
						"9.2083": [0, -0.48, -0.31],
						"9.25": [0, 0, 0]
					}
				},
				"mag_and_lefthand": {
					"rotation": {
						"4.5": [0, 0, 0],
						"4.5417": [0, 0, 0],
						"4.5833": [0, 0, -5],
						"4.625": [0, 0, -15],
						"4.6667": [0, 0, -25],
						"4.75": {
							"pre": [0, 0, -40],
							"post": [0, 0, -40],
							"lerp_mode": "catmullrom"
						},
						"5.0": [0, 0, 12.5],
						"5.25": {
							"pre": [0, 0, 23.7],
							"post": [0, 0, 23.7],
							"lerp_mode": "catmullrom"
						},
						"5.5": [0, 0, 19.7],
						"5.75": {
							"pre": [0, 0, 25.475],
							"post": [0, 0, 25.475],
							"lerp_mode": "catmullrom"
						},
						"5.9167": [0, -1, 50],
						"5.9583": [0, -0.95, 54.025],
						"6.0": [0, -0.9, 56.17],
						"6.0417": [0, -0.85, 57.255],
						"6.0833": [0, -0.8, 56.315],
						"6.125": [0, -0.75, 53.84],
						"6.4167": [0, -0.42, 49.36],
						"6.7917": [0, 0, 50],
						"7.0833": {
							"pre": [0, 0, 50],
							"post": [0, 0, 50],
							"lerp_mode": "catmullrom"
						},
						"7.2917": [0, 0, 13.7],
						"7.5": {
							"pre": [0, 0, -6.1],
							"post": [0, 0, -6.1],
							"lerp_mode": "catmullrom"
						},
						"7.5833": [0, 0, -8.555],
						"7.6667": [0, 0, -7.54],
						"8.0": [0, 0, 0]
					},
					"position": {
						"4.5": [0, 0, 0],
						"4.5417": [0, -0.9, 0],
						"4.5833": [0.225, -4.1, 0],
						"4.625": [0.8, -6, 0],
						"4.6667": [1.5, -7.1, 0],
						"4.7083": [2.25, -7.5, 0],
						"4.75": [3, -7.775, -0.325],
						"4.7917": [3.57, -7.8, -0.97],
						"4.8333": [4.13, -7.655, -1.93],
						"4.875": [4.7, -7.425, -2.9],
						"4.9167": [5.17, -6.82, -3.77],
						"4.9583": [5.63, -5.54, -4.63],
						"5.0": [6.1, -4.25, -5.5],
						"5.0417": [6.1, -3.57, -5.5],
						"5.0833": [6.1, -3.37, -5.5],
						"5.125": [6.1, -3.37, -5.5],
						"5.1667": [6.1, -3.695, -5.5],
						"5.2083": [6.1, -3.765, -5.5],
						"5.25": [6.1, -3.76, -5.5],
						"5.4583": [6.2, -3.56, -5.5],
						"5.75": [6.1, -3.76, -5.5],
						"6.0": [8, -2.56, -5.5],
						"6.25": [8.3, -2.41, -5.5],
						"6.5": [8, -3.06, -5.5],
						"6.75": [7.76, -2.72, -5.5],
						"6.9167": [7.6, -2.88, -5.5],
						"7.0833": [7.44, -2.53, -5.5],
						"7.3333": [7.2, -2.96, -4.5],
						"7.5": [0.2, -3.735, 0],
						"7.5417": [0.2, -3.775, 0],
						"7.7083": [0.2, -2.66, 0],
						"7.7917": [0, -1.86, 0],
						"7.8333": [0, -1.86, 0],
						"7.875": [0, -1.71, 0],
						"7.9167": [0, -1.24, 0],
						"7.9583": [0, -1.015, 0],
						"8.0": [0, 0, 0]
					}
				},
				"camera": {
					"rotation": {
						"0.0": {
							"post": [0, 0, 0],
							"lerp_mode": "catmullrom"
						},
						"0.25": {
							"post": [1.6, 0, 0],
							"lerp_mode": "catmullrom"
						},
						"0.5": {
							"post": [2, 2.3, 0],
							"lerp_mode": "catmullrom"
						},
						"0.75": {
							"post": [0.5, 8.2, 0],
							"lerp_mode": "catmullrom"
						},
						"1.0": {
							"post": [-1, 12, 0],
							"lerp_mode": "catmullrom"
						},
						"1.2917": {
							"post": [-1, 13.1, 0],
							"lerp_mode": "catmullrom"
						},
						"1.6667": {
							"post": [-1, 10.6, 0],
							"lerp_mode": "catmullrom"
						},
						"2.0": {
							"post": [-6.2, -5.69, -0.07],
							"lerp_mode": "catmullrom"
						},
						"2.5417": {
							"post": [-6.5, -5.2, 0],
							"lerp_mode": "catmullrom"
						},
						"2.8333": {
							"post": [-5.3, -1.81, 1],
							"lerp_mode": "catmullrom"
						},
						"3.0": {
							"post": [-2.9, 1, -1.3],
							"lerp_mode": "catmullrom"
						},
						"3.2083": {
							"post": [0.3, 0.2, 2.9],
							"lerp_mode": "catmullrom"
						},
						"3.375": {
							"post": [2.3, 0.2, -2.3],
							"lerp_mode": "catmullrom"
						},
						"3.625": {
							"post": [1.5, 0.2, 1.7],
							"lerp_mode": "catmullrom"
						},
						"4.0": {
							"post": [-1.7, 0.2, 0],
							"lerp_mode": "catmullrom"
						},
						"4.5": {
							"post": [5.6, 3.9, 0],
							"lerp_mode": "catmullrom"
						},
						"5.0": {
							"post": [-0.9, -0.5, 0],
							"lerp_mode": "catmullrom"
						},
						"5.4583": {
							"post": [-0.8, -0.7, 0],
							"lerp_mode": "catmullrom"
						},
						"6.0": {
							"post": [0.5, 0.2, 0],
							"lerp_mode": "catmullrom"
						},
						"6.5": {
							"post": [-0.4, -0.6, 0],
							"lerp_mode": "catmullrom"
						},
						"7.0": {
							"post": [0.9, -0.2, 0],
							"lerp_mode": "catmullrom"
						},
						"7.5": {
							"post": [5, 1.9, 0],
							"lerp_mode": "catmullrom"
						},
						"7.7917": {
							"post": [8.3, 1.9, 1.3],
							"lerp_mode": "catmullrom"
						},
						"8.0": {
							"post": [9, -0.1, -1.7],
							"lerp_mode": "catmullrom"
						},
						"8.25": {
							"post": [6.3, 1.9, 1.1],
							"lerp_mode": "catmullrom"
						},
						"8.5417": {
							"post": [-4.6, 2.5, 0],
							"lerp_mode": "catmullrom"
						},
						"8.7917": {
							"post": [-5.15, 1.64, -0.7],
							"lerp_mode": "catmullrom"
						},
						"9.0": {
							"post": [0, 0, -0.5],
							"lerp_mode": "catmullrom"
						},
						"9.25": {
							"post": [0, 0, 0],
							"lerp_mode": "catmullrom"
						}
					}
				}
			},
			"sound_effects": {
				"0.0": {
					"effect": "ex:dsr50/dsr50_inspect"
				}
			}
		},
		"inspect_empty": {
			"loop": "hold_on_last_frame",
			"animation_length": 9.25,
			"bones": {
				"lefthand": {
					"rotation": {
						"0.0": [89.52779, -393.457, -128.79941],
						"0.5": [89.15198, -422.45831, -128.30721],
						"2.0": [89.15, -422.46, -128.31],
						"2.5": [89.15, -422.46, -128.31],
						"2.875": [76.45, -422.46, -128.31],
						"3.0": [31.035, -429.64, -117.44],
						"3.25": [-42.92482, -436.81793, -106.56383],
						"3.625": [-42.92482, -436.81793, -106.56383],
						"3.875": [-44.92482, -436.81793, -106.56383],
						"4.0": [-23.09802, -422.45831, -128.30721],
						"4.5": [89.52779, -393.457, -128.79941],
						"8.0": [89.52779, -393.457, -128.79941],
						"8.5": [89.52779, -393.457, -128.79941]
					},
					"position": {
						"0.0": [7.925, -13.05, 0.5],
						"0.5": [7.63, -13.05, 0.5],
						"2.0": [7.63, -13.05, 0.5],
						"2.5": [7.63, -13.05, 0.5],
						"3.0": [8.53, -13.05, 0.5],
						"3.25": [8.505, -9.75, 0.9],
						"3.625": [8.155, -9.75, 0.9],
						"3.875": [9.03, -9.75, 0.9],
						"4.0": [10.63, -12, 2.05],
						"4.25": [7.63, -14.1, 14.3],
						"4.5": [7.43, -14.45, 14.3],
						"8.0": [7.43, -14.45, 14.3],
						"8.375": [11.33, -14.45, 10.4],
						"8.5": [7.925, -13.05, 0.5]
					},
					"scale": [1, 1.5, 1]
				},
				"constraint": {
					"rotation": [0.05, 0.05, 0.05],
					"position": [0.2, 0.2, 0.2]
				},
				"righthand": {
					"rotation": [92.95715, -348.33003, -179.8124],
					"position": [-7.25, -12.95, 6.075],
					"scale": [1, 1.5, 1]
				},
				"root": {
					"rotation": {
						"0.0": [0, 0, 0],
						"0.125": [5, -3, 2.5],
						"0.25": {
							"pre": [3.4, -12.95, 0.025],
							"post": [3.4, -12.95, 0.025],
							"lerp_mode": "catmullrom"
						},
						"0.375": [-1.22, -44.2, -6.69],
						"0.4583": [-5.275, -55, -9.725],
						"0.5": [-6.99, -57.7, -10.545],
						"0.5417": [-7.25, -58.6, -10.3],
						"0.625": [-5.7, -57.8, -9.93],
						"0.7083": [-1.95, -57.8, -9.93],
						"0.7917": [4.15, -61.475, -12.88],
						"0.9167": [16.65, -65.9, -21.68],
						"1.0": [28.71716, -67.79336, -32.62182],
						"1.125": [41.10631, -72.5809, -46.10163],
						"1.25": [47.61, -74.68, -54.28],
						"1.375": [48.385, -74.68, -57.28],
						"1.6667": [49.08413, -73.15012, -59.56081],
						"1.7917": [40.05552, -74.67979, -56.40882],
						"1.875": [20.62975, -69.94424, -41.35338],
						"2.1667": {
							"pre": [-40.9389, -39.65199, 37.72163],
							"post": [-40.9389, -39.65199, 37.72163],
							"lerp_mode": "catmullrom"
						},
						"2.3333": [-38.84, -39.65, 34.92],
						"2.5": [-35.35089, -42.66834, 32.42262],
						"2.75": [-33.80136, -43.80517, 30.15956],
						"2.8333": [-40.96978, -39.06869, 26.86694],
						"2.9167": [-49.30069, -27.15836, 27.01922],
						"3.0": [-49.66988, -12.36865, 38.4091],
						"3.125": {
							"pre": [-41.49734, 20.69914, 77.10263],
							"post": [-41.49734, 20.69914, 77.10263],
							"lerp_mode": "catmullrom"
						},
						"3.25": [-40.27395, 22.99334, 85.49996],
						"3.3333": [-41.74986, 19.7108, 81.44949],
						"3.4167": [-40.89845, 21.69127, 83.85835],
						"3.5": [-42.9, 21.69, 83.86],
						"3.75": [-43.76481, 23.87245, 83.22724],
						"3.8333": [-42.22044, 24.45565, 85.52661],
						"3.9167": [-45.73275, 15.46362, 76.27079],
						"4.0": [-50.00144, 0.30186, 55.34568],
						"4.0833": [-45.46794, -12.82521, 30.4735],
						"4.1667": [-39.82813, -18.35395, 3.81806],
						"4.25": [-40.34031, -14.3278, -4.38609],
						"4.375": [-45.34031, -12.7028, -4.38609],
						"4.5": [-45.18449, -13.84613, -5.11715],
						"4.625": [-43.6766, -20.02533, -9.54487],
						"4.75": [-44.46919, -19.61292, -8.34993],
						"4.7917": [-45.08005, -20.17973, -8.74315],
						"4.875": [-45.96, -20.45, -9.59],
						"5.0": [-45.96, -20.45, -9.59],
						"5.2917": [-45.41901, -21.88122, -11.08812],
						"5.4167": [-45.1634, -19.76359, -11.85616],
						"5.625": [-47.16, -19.76, -11.86],
						"5.75": [-47.91488, -20.50359, -12.57215],
						"6.0": [-47.91, -20.5, -12.57],
						"6.25": [-49.10723, -22.71242, -14.74947],
						"6.625": [-49.11, -23.01, -14.75],
						"6.75": [-49.11, -23.91, -15.95],
						"7.0": [-47.91818, -25.70717, -18.85495],
						"7.25": [-49.92, -30.035, -17.95],
						"7.2917": [-49.40271, -30.28965, -20.02807],
						"7.3333": [-47.24035, -30.13749, -19.95731],
						"7.4167": [-43.83, -29.83, -21.45],
						"7.4583": [-42.25886, -29.81116, -22.67866],
						"7.5": [-41.78645, -29.53246, -22.94187],
						"7.5417": [-40.885, -29.53, -22.94],
						"7.5833": [-41.70858, -30.06004, -23.0741],
						"7.625": [-43.91822, -29.60731, -22.85884],
						"7.75": [-45.62424, -31.66405, -25.39745],
						"7.7917": [-46.45236, -30.22033, -23.78128],
						"7.8333": [-47.58969, -28.02489, -21.4389],
						"7.875": [-45.59, -28.02, -21.44],
						"7.9167": [-46.49, -28.02, -21.44],
						"8.0": [-39.78074, -31.58702, -25.47933],
						"8.0833": [-44.48, -31.59, -26.88],
						"8.125": [-40.48, -30.715, -26.605],
						"8.25": [-45.48, -27.89, -25.38],
						"8.3333": [-44.88, -22.89, -22.005],
						"8.4167": [-41.73, -14.99, -16.555],
						"8.5": [-33.555, -3.69, -8.98],
						"8.5833": [-12.98, 4.535, 0],
						"8.625": [1.67, 6.49, 0],
						"8.6667": [6.02, 6.49, 0],
						"8.7083": [8.22, 6.49, 0],
						"8.75": [9.245, 6.49, 0],
						"8.7917": [8.53, 5.89, 0],
						"8.8333": [7.445, 5.29, 0],
						"8.875": [5.12, 4.69, 0],
						"8.9167": [2.485, 4.09, 1.5],
						"8.9583": [0.315, 3.49, 3.4],
						"9.0": [-0.675, 2.89, 4.6],
						"9.0417": [-1.31, 2.41, 5.2],
						"9.0833": [-1.6, 1.93, 5.5],
						"9.125": [-1.59, 1.45, 4.6],
						"9.1667": [-1.48, 0.97, 2.1],
						"9.2083": [-1.035, 0.48, -0.85],
						"9.25": [0, 0, 0]
					},
					"position": {
						"0.0": [0, 0, 0],
						"0.0833": [0.53, -0.67, -0.23],
						"0.125": [0.75, -0.875, -0.35],
						"0.1667": [0.92, -0.88, -0.08],
						"0.2083": [1.03, -0.76, 0.3],
						"0.25": [1.15, -0.525, 0.65],
						"0.3333": [1.21, 0.04, 1.01],
						"0.4167": [1.27, 0.53, 1.1],
						"0.4583": [1.3, 0.7, 1.1],
						"0.5417": [1.3, 0.9, 1.1],
						"0.625": [1.3, 1.025, 1.1],
						"0.7083": [1.4, 1.095, 1.175],
						"0.7917": [1.7, 1.12, 1.275],
						"1.0": [2.7, 1.395, 1.65],
						"1.125": [3.425, 1.675, 1.925],
						"1.25": [4.225, 2.05, 2.2],
						"1.375": {
							"pre": [4.875, 2.55, 2.2],
							"post": [4.875, 2.55, 2.2],
							"lerp_mode": "catmullrom"
						},
						"1.6667": [3.405, 2.55, 2.2],
						"1.875": [2.33, 2.55, 2.2],
						"2.0": [1.63, 2.55, 2.3],
						"2.1667": [0.98, 2.55, 2.6],
						"2.25": [0.98, 2.55, 2.6],
						"2.75": [0.98, 2.55, 2.3],
						"3.0": [0.955, 2.75, 2],
						"3.25": [1.08, 2.35, 1.7],
						"3.3333": [1.18, 2.35, 1.6],
						"3.5": [1.38, 2.45, 1.6],
						"3.75": [1.38, 2.75, 1.7],
						"3.8333": [1.38, 2.75, 1.7],
						"4.0": [1.08, 2.75, 1.2],
						"4.0833": [0.755, 2.625, 0.75],
						"4.1667": [0.355, 2.55, 0.4],
						"4.2083": [0.155, 2.65, 0.08],
						"4.25": [-0.12, 2.975, -0.22],
						"4.375": [-0.52, 4.425, -0.665],
						"4.4167": [-0.62, 4.655, -0.75],
						"4.4583": [-0.72, 4.85, -0.84],
						"4.5": [-0.795, 4.7, -0.915],
						"4.5417": [-0.83, 4.42, -0.96],
						"4.5833": [-0.87, 4.22, -1.01],
						"4.625": [-0.91, 4.105, -1.06],
						"4.6667": [-0.95, 4.05, -1.1],
						"4.7083": [-0.98, 4.235, -1.14],
						"4.75": [-1.02, 4.45, -1.19],
						"4.7917": [-1.07, 4.575, -1.24],
						"5.0": [-1.02, 4.6, -1.24],
						"5.1667": [-1.02, 4.25, -1.24],
						"5.4167": [-1.02, 4.15, -1.24],
						"5.625": [-1.02, 4.15, -1.24],
						"5.75": [-1.02, 4.05, -1.24],
						"6.0": [-1.02, 3.85, -1.24],
						"6.25": [-1.02, 3.575, -1.24],
						"6.5": [-1.17, 3.68, -1.24],
						"6.75": [-1.14, 3.58, -1.24],
						"7.0": [-1.12, 3.68, -1.24],
						"7.25": [-1.32, 3.38, -1.24],
						"7.2917": [-1.12, 3.4, -1.24],
						"7.4167": [-1.24, 3.55, -1.24],
						"7.4583": [-1.13, 3.52, -1.24],
						"7.5": [-0.92, 3.48, -1.24],
						"7.5417": [-0.69, 3.48, -1.24],
						"7.625": [-0.59, 3.88, -1.24],
						"7.75": [-0.415, 3.78, -1.24],
						"7.7917": [-0.49, 3.78, -1.24],
						"7.8333": [-0.33, 3.78, -1.24],
						"7.9583": [-0.09, 3.78, -1.24],
						"8.0": [0.035, 3.905, -1.24],
						"8.0417": [-0.265, 4.48, -1.24],
						"8.0833": [-0.265, 4.08, -1.14],
						"8.125": [-0.69, 3.755, -0.815],
						"8.2083": [-0.49, 3.72, 0.17],
						"8.3333": [-0.39, 3.705, 0.66],
						"8.5": [-0.19, 1.205, 0.335],
						"8.6667": [-0.02, -1.445, -0.14],
						"8.7083": [0, -1.8, -0.125],
						"8.75": [0, -1.92, -0.11],
						"8.7917": [0, -2.05, 0.01],
						"8.8333": [0, -2.175, 0.33],
						"8.875": [0, -2.28, 0.545],
						"8.9167": [0, -2.39, 0.66],
						"8.9583": [0, -2.4, 0.76],
						"9.0": [0, -2.31, 0.635],
						"9.0417": [0, -2.12, 0.175],
						"9.0833": [0, -1.925, -0.215],
						"9.125": [0, -1.44, -0.505],
						"9.1667": [0, -0.96, -0.495],
						"9.2083": [0, -0.48, -0.31],
						"9.25": [0, 0, 0]
					}
				},
				"mag_and_lefthand": {
					"rotation": {
						"4.5": [0, 0, 0],
						"4.5417": [0, 0, 0],
						"4.5833": [0, 0, -5],
						"4.625": [0, 0, -15],
						"4.6667": [0, 0, -25],
						"4.75": {
							"pre": [0, 0, -40],
							"post": [0, 0, -40],
							"lerp_mode": "catmullrom"
						},
						"5.0": [0, 0, 12.5],
						"5.25": {
							"pre": [0, 0, 23.7],
							"post": [0, 0, 23.7],
							"lerp_mode": "catmullrom"
						},
						"5.5": [0, 0, 19.7],
						"5.75": {
							"pre": [0, 0, 25.475],
							"post": [0, 0, 25.475],
							"lerp_mode": "catmullrom"
						},
						"5.9167": [0, -1, 50],
						"5.9583": [0, -0.95, 54.025],
						"6.0": [0, -0.9, 56.17],
						"6.0417": [0, -0.85, 57.255],
						"6.0833": [0, -0.8, 56.315],
						"6.125": [0, -0.75, 53.84],
						"6.4167": [0, -0.42, 49.36],
						"6.7917": [0, 0, 50],
						"7.0833": {
							"pre": [0, 0, 50],
							"post": [0, 0, 50],
							"lerp_mode": "catmullrom"
						},
						"7.2917": [0, 0, 13.7],
						"7.5": {
							"pre": [0, 0, -6.1],
							"post": [0, 0, -6.1],
							"lerp_mode": "catmullrom"
						},
						"7.5833": [0, 0, -8.555],
						"7.6667": [0, 0, -7.54],
						"8.0": [0, 0, 0]
					},
					"position": {
						"4.5": [0, 0, 0],
						"4.5417": [0, -0.9, 0],
						"4.5833": [0.225, -4.1, 0],
						"4.625": [0.8, -6, 0],
						"4.6667": [1.5, -7.1, 0],
						"4.7083": [2.25, -7.5, 0],
						"4.75": [3, -7.775, -0.325],
						"4.7917": [3.57, -7.8, -0.97],
						"4.8333": [4.13, -7.655, -1.93],
						"4.875": [4.7, -7.425, -2.9],
						"4.9167": [5.17, -6.82, -3.77],
						"4.9583": [5.63, -5.54, -4.63],
						"5.0": [6.1, -4.25, -5.5],
						"5.0417": [6.1, -3.57, -5.5],
						"5.0833": [6.1, -3.37, -5.5],
						"5.125": [6.1, -3.37, -5.5],
						"5.1667": [6.1, -3.695, -5.5],
						"5.2083": [6.1, -3.765, -5.5],
						"5.25": [6.1, -3.76, -5.5],
						"5.4583": [6.2, -3.56, -5.5],
						"5.75": [6.1, -3.76, -5.5],
						"6.0": [8, -2.56, -5.5],
						"6.25": [8.3, -2.41, -5.5],
						"6.5": [8, -3.06, -5.5],
						"6.75": [7.76, -2.72, -5.5],
						"6.9167": [7.6, -2.88, -5.5],
						"7.0833": [7.44, -2.53, -5.5],
						"7.3333": [7.2, -2.96, -4.5],
						"7.5": [0.2, -3.735, 0],
						"7.5417": [0.2, -3.775, 0],
						"7.7083": [0.2, -2.66, 0],
						"7.7917": [0, -1.86, 0],
						"7.8333": [0, -1.86, 0],
						"7.875": [0, -1.71, 0],
						"7.9167": [0, -1.24, 0],
						"7.9583": [0, -1.015, 0],
						"8.0": [0, 0, 0]
					}
				},
				"bullet": {
					"scale": 0
				},
				"bullet_in_magazine": {
					"scale": 0
				},
				"camera": {
					"rotation": {
						"0.0": {
							"post": [0, 0, 0],
							"lerp_mode": "catmullrom"
						},
						"0.25": {
							"post": [1.6, 0, 0],
							"lerp_mode": "catmullrom"
						},
						"0.5": {
							"post": [2, 2.3, 0],
							"lerp_mode": "catmullrom"
						},
						"0.75": {
							"post": [0.5, 8.2, 0],
							"lerp_mode": "catmullrom"
						},
						"1.0": {
							"post": [-1, 12, 0],
							"lerp_mode": "catmullrom"
						},
						"1.2917": {
							"post": [-1, 13.1, 0],
							"lerp_mode": "catmullrom"
						},
						"1.6667": {
							"post": [-1, 10.6, 0],
							"lerp_mode": "catmullrom"
						},
						"2.0": {
							"post": [-6.2, -5.69, -0.07],
							"lerp_mode": "catmullrom"
						},
						"2.5417": {
							"post": [-6.5, -5.2, 0],
							"lerp_mode": "catmullrom"
						},
						"2.8333": {
							"post": [-5.3, -1.81, 1],
							"lerp_mode": "catmullrom"
						},
						"3.0": {
							"post": [-2.9, 1, -1.3],
							"lerp_mode": "catmullrom"
						},
						"3.2083": {
							"post": [0.3, 0.2, 2.9],
							"lerp_mode": "catmullrom"
						},
						"3.375": {
							"post": [2.3, 0.2, -2.3],
							"lerp_mode": "catmullrom"
						},
						"3.625": {
							"post": [1.5, 0.2, 1.7],
							"lerp_mode": "catmullrom"
						},
						"4.0": {
							"post": [-1.7, 0.2, 0],
							"lerp_mode": "catmullrom"
						},
						"4.5": {
							"post": [5.6, 3.9, 0],
							"lerp_mode": "catmullrom"
						},
						"5.0": {
							"post": [-0.9, -0.5, 0],
							"lerp_mode": "catmullrom"
						},
						"5.4583": {
							"post": [-0.8, -0.7, 0],
							"lerp_mode": "catmullrom"
						},
						"6.0": {
							"post": [0.5, 0.2, 0],
							"lerp_mode": "catmullrom"
						},
						"6.5": {
							"post": [-0.4, -0.6, 0],
							"lerp_mode": "catmullrom"
						},
						"7.0": {
							"post": [0.9, -0.2, 0],
							"lerp_mode": "catmullrom"
						},
						"7.5": {
							"post": [5, 1.9, 0],
							"lerp_mode": "catmullrom"
						},
						"7.7917": {
							"post": [8.3, 1.9, 1.3],
							"lerp_mode": "catmullrom"
						},
						"8.0": {
							"post": [9, -0.1, -1.7],
							"lerp_mode": "catmullrom"
						},
						"8.25": {
							"post": [6.3, 1.9, 1.1],
							"lerp_mode": "catmullrom"
						},
						"8.5417": {
							"post": [-4.6, 2.5, 0],
							"lerp_mode": "catmullrom"
						},
						"8.7917": {
							"post": [-5.15, 1.64, -0.7],
							"lerp_mode": "catmullrom"
						},
						"9.0": {
							"post": [0, 0, -0.5],
							"lerp_mode": "catmullrom"
						},
						"9.25": {
							"post": [0, 0, 0],
							"lerp_mode": "catmullrom"
						}
					}
				}
			},
			"sound_effects": {
				"0.0": {
					"effect": "ex:dsr50/dsr50_inspect"
				}
			}
		},
		"run": {
			"loop": true,
			"animation_length": 1,
			"bones": {
				"root": {
					"rotation": {
						"0.0": {
							"post": [-6.31944, -40.30675, 33.52295],
							"lerp_mode": "catmullrom"
						},
						"0.25": {
							"post": [-6.09024, -42.48193, 23.49674],
							"lerp_mode": "catmullrom"
						},
						"0.5": {
							"post": [0.98319, -22.4802, 16.89725],
							"lerp_mode": "catmullrom"
						},
						"0.75": {
							"post": [-6.09024, -32.48193, 23.49674],
							"lerp_mode": "catmullrom"
						},
						"1.0": {
							"post": [-6.31944, -40.30675, 33.52295],
							"lerp_mode": "catmullrom"
						}
					},
					"position": {
						"0.0": {
							"post": [6.685, -5.135, 0.3],
							"lerp_mode": "catmullrom"
						},
						"0.25": {
							"post": [5.46, -3.96, -0.2],
							"lerp_mode": "catmullrom"
						},
						"0.5": {
							"post": [2.3, -7.005, 0],
							"lerp_mode": "catmullrom"
						},
						"0.75": {
							"post": [4.36, -3.96, -0.2],
							"lerp_mode": "catmullrom"
						},
						"1.0": {
							"post": [6.685, -5.135, 0.3],
							"lerp_mode": "catmullrom"
						}
					}
				}
			}
		},
		"run_hold": {
			"loop": true,
			"bones": {
				"constraint": {
					"rotation": [0, 0, 0],
					"position": [0.1, 0, 0.25]
				},
				"root": {
					"rotation": [-6.31944, -40.30675, 33.52295],
					"position": [6.685, -5.135, 0.3]
				}
			}
		},
		"run_start": {
			"loop": true,
			"animation_length": 0.3333,
			"bones": {
				"constraint": {
					"rotation": [0, 0, 0],
					"position": [0.1, 0, 0.25]
				},
				"root": {
					"rotation": {
						"0.0": [0, 0, 0],
						"0.1667": [-2.13372, -20.61941, 18.03003],
						"0.3333": [-6.31944, -40.30675, 33.52295]
					},
					"position": {
						"0.0": [0, 0, 0],
						"0.1667": [1.255, -2.285, 0.1],
						"0.3333": [6.685, -5.135, 0.3]
					}
				}
			}
		},
		"run_end": {
			"loop": true,
			"animation_length": 0.5,
			"bones": {
				"constraint": {
					"rotation": [0, 0, 0],
					"position": [0.1, 0, 0.25]
				},
				"root": {
					"rotation": {
						"0.0": [-6.31944, -40.30675, 33.52295],
						"0.0833": [-1.22702, -17.67592, 24.12809],
						"0.1667": [0.65408, -7.56335, 16.05033],
						"0.25": [1.57, -1.94, 8.49],
						"0.3333": [0.83, -0.46, 2.48],
						"0.4167": [0, 0, 0]
					},
					"position": {
						"0.0": [6.685, -5.135, 0.3],
						"0.0833": [4.485, -3.26, 0.3],
						"0.1667": [2.615, -1.895, 0],
						"0.25": [1.42, -0.82, 0],
						"0.3333": [0.555, -0.03, 0],
						"0.4167": [0, 0, 0]
					}
				}
			}
		},
		"aim_start": {
			"animation_length": 0.5,
			"bones": {
				"root": {
					"rotation": {
						"0.0": [0, 0, 0],
						"0.1042": {
							"pre": [0, 0, 3],
							"post": [0, 0, 3],
							"lerp_mode": "catmullrom"
						},
						"0.3958": {
							"post": [0, 0, 0],
							"lerp_mode": "catmullrom"
						}
					},
					"position": {
						"0.0": [0, 0, 0],
						"0.1042": {
							"pre": [-3, -2, 3],
							"post": [-3, -2, 3],
							"lerp_mode": "catmullrom"
						},
						"0.3021": {
							"post": [1, -0.5, 2],
							"lerp_mode": "catmullrom"
						},
						"0.5": {
							"post": [0, 0, 0],
							"lerp_mode": "catmullrom"
						}
					}
				},
				"constraint": {
					"rotation": {
						"0.0": [0, 0, 0],
						"0.1563": [0.25, 0.25, 0.25],
						"0.2917": [0.1, 0.1, 0.1]
					},
					"position": {
						"0.0": [0, 0, 0],
						"0.1563": [0.1, 0.1, 0.1],
						"0.2917": [0, 0, 0]
					}
				}
			}
		},
		"aim_end": {
			"animation_length": 0.5,
			"bones": {
				"root": {
					"rotation": {
						"0.0": [0, 0, 0],
						"0.1042": {
							"pre": [0, 0, 3],
							"post": [0, 0, 3],
							"lerp_mode": "catmullrom"
						},
						"0.3958": {
							"post": [0, 0, 0],
							"lerp_mode": "catmullrom"
						}
					},
					"position": {
						"0.0": [0, 0, 0],
						"0.1042": {
							"pre": [1, -0.5, 1],
							"post": [1, -0.5, 1],
							"lerp_mode": "catmullrom"
						},
						"0.3021": {
							"post": [-2, -1, 2],
							"lerp_mode": "catmullrom"
						},
						"0.5": {
							"post": [0, 0, 0],
							"lerp_mode": "catmullrom"
						}
					}
				},
				"constraint": {
					"rotation": {
						"0.0": [0, 0, 0],
						"0.1563": [0.25, 0.25, 0.25],
						"0.2917": [0.1, 0.1, 0.1]
					},
					"position": {
						"0.0": [0, 0, 0],
						"0.1563": [0.1, 0.1, 0.1],
						"0.2917": [0, 0, 0]
					}
				}
			}
		}
	}
}