{
	"format_version": "1.8.0",
	"animations": {
		"static_idle": {
			"loop": "hold_on_last_frame",
			"bones": {
				"root": {
					"rotation": [0, 0, 0],
					"position": [0, 0, 0]
				},
				"lefthand": {
					"rotation": [105.99321, -16.94388, -182.2556],
					"position": [5.975, -17.8125, 1.03125],
					"scale": [1, 1.5, 1]
				},
				"righthand": {
					"rotation": [-264.97476, 6.2574, -176.94134],
					"position": [-6.9125, -17.15, 1.0625],
					"scale": [1, 1.5, 1]
				},
				"constraint": {
					"rotation": [0.2, 0.2, 0.2],
					"position": [0.025, 0.2, 0.2]
				},
				"bone10": {
					"position": [0, -4.575, 1.95]
				},
				"bone11": {
					"position": [0, -4.575, 1.95]
				}
			}
		},
		"static_bolt_caught": {
			"loop": true,
			"bones": {
				"root": {
					"rotation": {
						"0.0": {
							"post": [0, 0, 0],
							"lerp_mode": "catmullrom"
						}
					},
					"position": {
						"0.0": {
							"post": [0, 0, 0],
							"lerp_mode": "catmullrom"
						}
					}
				},
				"group3": {
					"rotation": [9, 0, 0],
					"position": [0, 0.05, 0]
				},
				"barrel2": {
					"rotation": [-2.5, 0, 0],
					"position": [0, 0, 0.325]
				},
				"bullet_in_barrel": {
					"scale": 0
				},
				"slide": {
					"position": [0, 0, 1.628]
				},
				"bullet": {
					"scale": 0
				},
				"bullet_in_mag": {
					"scale": 0
				},
				"bone11": {
					"position": [0, 0, 0]
				},
				"bone10": {
					"position": [0, 0, 0]
				}
			}
		},
		"draw": {
			"loop": "hold_on_last_frame",
			"animation_length": 1.2,
			"bones": {
				"root": {
					"rotation": {
						"0.4": [0, 0, 0],
						"0.4333": {
							"pre": [0, 0, 0],
							"post": [0, 0, 0],
							"lerp_mode": "catmullrom"
						},
						"0.4667": [0, 0, 6.5],
						"0.5": [0, 0, 13.1],
						"0.5333": [0, 0, 15.3],
						"0.5667": [0, 0, 15.7],
						"0.6": [-0.9, 0, 15],
						"0.6333": [-2.35, 0, 12.65],
						"0.6667": {
							"pre": [-3.7, 0, 7.8],
							"post": [-3.7, 0, 7.8],
							"lerp_mode": "catmullrom"
						},
						"0.8333": {
							"post": [-6.6, 0, 7.5],
							"lerp_mode": "catmullrom"
						},
						"0.9333": {
							"post": [0, 0, 0],
							"lerp_mode": "catmullrom"
						},
						"1.0333": {
							"post": [-2.1, 0, 4.1],
							"lerp_mode": "catmullrom"
						},
						"1.1333": {
							"post": [0, 0, -0.6],
							"lerp_mode": "catmullrom"
						},
						"1.2": [0, 0, 0]
					},
					"position": {
						"0.3667": [0, 0, 0],
						"0.4": {
							"pre": [0, 0, 0],
							"post": [0, 0, 0],
							"lerp_mode": "catmullrom"
						},
						"0.4333": [0, 0, -2],
						"0.4667": [0, 0.6, -6.3],
						"0.5": {
							"pre": [0, 0.8, -6.3],
							"post": [0, 0.8, -6.3],
							"lerp_mode": "catmullrom"
						},
						"0.5333": [0, 0.7, -3.3],
						"0.5667": [0, 0, -1],
						"0.6": [0.5, -0.1, 0.5],
						"0.6333": [1, -0.1, 1.125],
						"0.6667": [1.3, 0.1, 1.5],
						"0.7333": {
							"pre": [1.36, 0.41, 1.86],
							"post": [1.36, 0.41, 1.86],
							"lerp_mode": "catmullrom"
						},
						"0.8": [1.32, 1.32, 2.02],
						"0.8333": [1.1, 1.5, 2],
						"0.8667": [0.8, 1.4, 1.8],
						"0.9333": [0.2, 0.75, 0.9],
						"1.0": {
							"pre": [0, 0.1, -0.2],
							"post": [0, 0.1, -0.2],
							"lerp_mode": "catmullrom"
						},
						"1.1": {
							"post": [0, -0.2, 0.5],
							"lerp_mode": "catmullrom"
						},
						"1.2": [0, -0.1, 0]
					}
				},
				"lefthand": {
					"rotation": {
						"0.0": [127.66628, -41.68622, -191.56307],
						"0.0667": [151.34761, -44.72575, -205.28102],
						"0.1333": [163.34761, -44.72575, -205.28102],
						"0.1667": [148.87051, -37.33107, -183.42026],
						"0.2667": [121.87, -37.33, -183.42],
						"0.3": [103.90973, -21.52596, -173.4643],
						"0.6667": [103.91, -21.53, -173.46],
						"0.8333": [105.99321, -16.94388, -182.2556]
					},
					"position": {
						"0.0": [20.48, -30.51, 2.83],
						"0.0333": [19.93, -15.51, 0.38],
						"0.0667": [19.08, -12.91, -2.07],
						"0.1333": [20.18, -12.11, -2.07],
						"0.1667": [22.08, -13.11, -2.07],
						"0.2667": [24.58, -19.46, 2.73],
						"0.3": [16.88, -25.31, 11.13],
						"0.6667": [16.88, -25.31, 11.13],
						"0.8333": [5.975, -17.8125, 1.03125]
					},
					"scale": [1, 1.5, 1]
				},
				"righthand": {
					"rotation": {
						"0.0": [-280.97476, 6.2574, -176.94134],
						"0.2333": [-280.97476, 6.2574, -176.94134],
						"0.3667": [-262.73451, 11.61558, -151.97634],
						"0.4667": [-261.93372, 11.08603, -147.93664],
						"0.5667": [-263.00398, 6.34366, -159.67962],
						"0.6": [-264.97476, 6.2574, -176.94134]
					},
					"position": {
						"0.0": [-21.4125, -32.45, 5.3625],
						"0.2333": [-21.4125, -32.45, 5.3625],
						"0.3667": [-7.81, -14.85, 9.96],
						"0.4": [-9.51, -15.35, 6.86],
						"0.4333": [-9.41, -14.95, 2.76],
						"0.4667": [-9.11, -14.95, 2.66],
						"0.5": [-8.51, -16.35, 2.66],
						"0.5667": [-8.04, -16.88, 1.6],
						"0.6": [-6.9125, -17.15, 1.0625]
					},
					"scale": [1, 1.5, 1]
				},
				"camera": {
					"rotation": {
						"0.0": {
							"post": [0, 0, 0],
							"lerp_mode": "catmullrom"
						},
						"0.1333": {
							"post": [-1.3, 1.1, -1.3],
							"lerp_mode": "catmullrom"
						},
						"0.3": {
							"post": [-1.6, 1.4, -1.8],
							"lerp_mode": "catmullrom"
						},
						"0.4333": {
							"post": [-0.5, 0.7, 0.8],
							"lerp_mode": "catmullrom"
						},
						"0.5": {
							"post": [0.8, 0, -0.4],
							"lerp_mode": "catmullrom"
						},
						"0.5667": {
							"post": [-0.5, 0.7, 0.5],
							"lerp_mode": "catmullrom"
						},
						"0.6333": {
							"post": [0.1, 0.1, -0.2],
							"lerp_mode": "catmullrom"
						},
						"0.8": {
							"post": [1.2, 0.9, -1],
							"lerp_mode": "catmullrom"
						},
						"0.9667": {
							"post": [-0.7, 0.9, -1],
							"lerp_mode": "catmullrom"
						},
						"1.2": {
							"post": [0, 0, 0],
							"lerp_mode": "catmullrom"
						}
					}
				},
				"huimie25": {
					"rotation": {
						"0.0": [0, 0, 0],
						"0.7": [5.5, 0, 0]
					}
				},
				"huimie26": {
					"rotation": {
						"0.0": [0, 0, 0],
						"0.3333": [-11.75, 0, 0],
						"0.5": [0, 0, 0]
					}
				},
				"huimie27": {
					"rotation": {
						"0.0": [0, 0, 0],
						"0.2667": [16, 0, 0],
						"0.4667": [0, 0, 0]
					}
				},
				"skyRender": {
					"rotation": {
						"0.0": [-35.62887, -44.92444, 111.17847],
						"0.0667": {
							"pre": [-46.62887, -44.92444, 111.17847],
							"post": [-46.62887, -44.92444, 111.17847],
							"lerp_mode": "catmullrom"
						},
						"0.1667": [-53.26687, -43.17948, 101.28233],
						"0.2333": [-45.52422, -34.04921, 87.43624],
						"0.3333": [-17.62, -14.15, 63.14],
						"0.4": [-7.82, -7.95, 44.74],
						"0.5667": {
							"pre": [-4.32, -3.45, 42.24],
							"post": [-4.32, -3.45, 42.24],
							"lerp_mode": "catmullrom"
						},
						"0.6333": [0, 0, 0]
					},
					"position": {
						"0.0": [17.4, -19.4, 4.5],
						"0.0333": [15.7, -5.6, 3.15],
						"0.0667": [14, -1.9, 2.4],
						"0.1": [11.6, 1.4, 2.1],
						"0.1333": [9.2, 3.3, 1.8],
						"0.1667": [7.3, 4.7, 1.8],
						"0.2": [5.4, 5.3, 1.8],
						"0.2333": [4.025, 5.5, 1.8],
						"0.2667": [3.225, 5.4, 1.8],
						"0.3": [2.6, 4.9, 1.8],
						"0.3333": [2.08, 4.2, 1.8],
						"0.3667": [1.495, 3.5, 1.8],
						"0.4": [0.8, 2.4, 1.8],
						"0.4333": [0, 1.6, 1.6],
						"0.4667": [0, 0.8, 0.9],
						"0.5": [0, 0, 0.1],
						"0.5333": [0, 0, 0],
						"0.5667": [0, 0, 0],
						"0.6333": [0, 0, 0]
					}
				}
			}
		},
		"put_away": {
			"animation_length": 0.4,
			"bones": {
				"lefthand": {
					"rotation": {
						"0.0": [105.99321, -16.94388, -182.2556],
						"0.1333": [126.82937, -8.37316, -169.53039],
						"0.2667": [154.75321, -13.94095, -200.64224]
					},
					"position": {
						"0.0": [5.975, -17.8125, 1.03125],
						"0.1333": [10.9604, -18.14728, 2.9872],
						"0.2667": [11.61, -24.15, -1.56]
					},
					"scale": [1, 1.5, 1]
				},
				"righthand": {
					"rotation": {
						"0.0": [-264.97476, 6.2574, -176.94134],
						"0.2667": [-207.97, 6.26, -176.94],
						"0.4": [-222.97, 6.26, -176.94]
					},
					"position": {
						"0.0": [-6.9125, -17.15, 1.0625],
						"0.2667": [-6.91, -22.15, -0.315],
						"0.4": [-6.335, -22.15, -0.31]
					},
					"scale": [1, 1.5, 1]
				},
				"constraint": {
					"position": [0.2, 0.2, 0.2]
				},
				"root": {
					"rotation": {
						"0.0": {
							"post": [0, 0, 0],
							"lerp_mode": "catmullrom"
						},
						"0.1333": {
							"post": [-15, 0, 0],
							"lerp_mode": "catmullrom"
						},
						"0.2667": {
							"post": [66.86629, -8.83331, 1.73102],
							"lerp_mode": "catmullrom"
						},
						"0.4": {
							"post": [78.86629, -8.83331, 1.73102],
							"lerp_mode": "catmullrom"
						}
					},
					"position": {
						"0.0": {
							"post": [0, 0, 0],
							"lerp_mode": "catmullrom"
						},
						"0.1333": {
							"post": [-2.5125, 2.83075, 1.98126],
							"lerp_mode": "catmullrom"
						},
						"0.2667": {
							"post": [-3.04111, -3.9049, 6.87993],
							"lerp_mode": "catmullrom"
						},
						"0.4": {
							"post": [-2.89447, -7.23543, 8.02113],
							"lerp_mode": "catmullrom"
						}
					}
				},
				"camera": {
					"rotation": {
						"0.0": {
							"post": [0, 0, 0],
							"lerp_mode": "catmullrom"
						},
						"0.1333": {
							"post": [-1, 0, 2],
							"lerp_mode": "catmullrom"
						},
						"0.2667": {
							"post": [0, 0, -1],
							"lerp_mode": "catmullrom"
						},
						"0.4": {
							"post": [0, 0, 0],
							"lerp_mode": "catmullrom"
						}
					}
				},
				"skyRender": {
					"rotation": {
						"0.0": {
							"post": [0, 0, 0],
							"lerp_mode": "catmullrom"
						},
						"0.1333": {
							"post": [-75, 0, 0],
							"lerp_mode": "catmullrom"
						},
						"0.2667": {
							"post": [-240, 0, 0],
							"lerp_mode": "catmullrom"
						},
						"0.4": {
							"post": [-352.5, 0, 0],
							"lerp_mode": "catmullrom"
						}
					},
					"position": {
						"0.0": {
							"post": [0, 0, 0],
							"lerp_mode": "catmullrom"
						},
						"0.1333": {
							"post": [0.49375, 2.075, 6.825],
							"lerp_mode": "catmullrom"
						},
						"0.2667": {
							"post": [0.72, -12.55, 6.93],
							"lerp_mode": "catmullrom"
						},
						"0.4": {
							"post": [0.645, -6.275, -1.49],
							"lerp_mode": "catmullrom"
						}
					}
				}
			}
		},
		"shoot": {
			"animation_length": 0.57,
			"bones": {
				"barrel2": {
					"rotation": {
						"0.0167": [0, 0, 0],
						"0.0333": [-1.25, 0, 0],
						"0.05": [-2.5, 0, 0],
						"0.0667": [-2.5, 0, 0],
						"0.0833": [-2.5, 0, 0],
						"0.1": [-2.5, 0, 0],
						"0.1167": [-1.25, 0, 0],
						"0.1333": [0, 0, 0]
					},
					"position": {
						"0.0167": [0, 0, 0],
						"0.0333": [0, 0, 0.325],
						"0.1167": [0, 0, 0.325],
						"0.1333": [0, 0, 0]
					}
				},
				"bullet_in_barrel": {
					"scale": {
						"0.0": [0, 0, 0],
						"0.1167": {
							"pre": [0, 0, 0],
							"post": [1, 1, 1]
						}
					}
				},
				"slide": {
					"position": {
						"0.0167": [0, 0, 0],
						"0.0333": [0, 0, 0.8],
						"0.05": [0, 0, 2.1],
						"0.0667": [0, 0, 2.1],
						"0.0833": [0, 0, 2.1],
						"0.1": [0, 0, 2.1],
						"0.1167": [0, 0, 0.8],
						"0.1333": [0, 0, 0]
					}
				},
				"camera": {
					"rotation": {
						"0.0": [0, 0, 0],
						"0.0167": [0, 0, 0],
						"0.0333": [0, 0, 1.02],
						"0.05": [0, 0, -0.7],
						"0.0667": [0, 0, -0.1],
						"0.0833": [0, 0, 0.6],
						"0.1": [0, 0, 0.41],
						"0.1167": [0, 0, -0.03],
						"0.1333": [0, 0, -0.3],
						"0.15": [0, 0, -0.22],
						"0.1667": [0, 0, 0],
						"0.1833": [0, 0, 0.23],
						"0.2": [0, 0, 0.35],
						"0.2167": [0, 0, 0.31],
						"0.2333": [0, 0, 0.2],
						"0.25": [0, 0, 0.06],
						"0.2667": [0, 0, -0.07],
						"0.2833": [0, 0, -0.15],
						"0.3": [0, 0, -0.16],
						"0.3167": [0, 0, -0.14],
						"0.3333": [0, 0, -0.11],
						"0.35": [0, 0, -0.06],
						"0.3667": [0, 0, -0.02],
						"0.3833": [0, 0, 0]
					}
				},
				"constraint": {
					"rotation": {
						"0.05": [0, 0, 0],
						"0.15": [0.85, 0.6, 0.6],
						"0.25": [0, 0, 0]
					},
					"position": {
						"0.05": [0, 0, 0],
						"0.15": [0.4, 0.4, 1],
						"0.25": [0, 0, 0]
					}
				},
				"root": {
					"rotation": {
						"0.0": [0, 0, 0],
						"0.0333": [5.94, -0.27, -11.04],
						"0.0667": [-53.08, -2.77, 6.13],
						"0.1": [-27.98, -8.63, -7.72],
						"0.1333": [-17.35, -1, 2.05],
						"0.1667": [-13.94, -1.29, 3.6],
						"0.2": [-10.31, -2.35, 3.27],
						"0.2333": [-3.57, -1.83, 0.57],
						"0.2667": [2.03, -0.93, -2.03],
						"0.3": [2.35, -0.29, -1.82],
						"0.3333": [1.06, 0.38, -0.79],
						"0.3667": [0, 0.75, 0],
						"0.4": [-0.15, 0.59, 0.12],
						"0.4333": [-0.07, 0.13, 0],
						"0.4667": [0, -0.2, -0.1],
						"0.5": [0, -0.21, -0.08],
						"0.5333": [0, -0.09, -0.03],
						"0.5667": [0, 0, 0]
					},
					"position": {
						"0.0": [0, 0, 0],
						"0.0333": [0, -0.22, 2.42],
						"0.0667": [-0.17, 0.16, 1.63],
						"0.1": [-0.16, 0.56, 1.75],
						"0.1333": [-0.11, 0.56, 1.14],
						"0.1667": [-0.06, 0.41, 0.43],
						"0.2": [-0.03, 0.13, 0.14],
						"0.2333": [-0.01, -0.23, -0.06],
						"0.2667": [0, -0.45, -0.17],
						"0.3": [0, -0.39, -0.14],
						"0.3333": [0, -0.19, -0.02],
						"0.3667": [0, -0.03, 0.08],
						"0.4": [0, 0.01, 0.07],
						"0.4333": [0, 0.01, 0.03],
						"0.4667": [0, 0, 0],
						"0.5": [0, 0, -0.01],
						"0.5333": [0, 0, 0],
						"0.5667": [0, 0, 0]
					}
				}
			}
		},
		"reload_tactical": {
			"animation_length": 1.15,
			"bones": {
				"root": {
					"rotation": {
						"0.0": [0, 0, 0],
						"0.0417": [-5.25, -4.6, -0.52],
						"0.0833": [-7.9, -11.2, -3.75],
						"0.125": [-12, -18.48, -7.1],
						"0.1667": [-16.09761, -25.46472, -10.12234],
						"0.2083": [-18.65, -28.22584, -11.42234],
						"0.25": [-21.2, -28.22584, -11.42234],
						"0.2917": [-20.15337, -28.92584, -11.42234],
						"0.3333": [-20.15, -31.83, -15.62],
						"0.375": [-17.35485, -35.84942, -19.14722],
						"0.4167": [-14.58437, -38.77266, -24.18477],
						"0.4583": [-12.25073, -42.73719, -28.81725],
						"0.5": [-10.25, -48.17, -31.92],
						"0.5417": [-9.35, -48.17, -33.09],
						"0.5833": [-8.45008, -48.17, -34.26432],
						"0.625": [-11.7, -48.17, -34.26],
						"0.6667": [-9.7, -48.17, -34.26],
						"0.7083": [-9.7, -48.17, -34.26],
						"0.75": [-8.4, -48.17, -28.86],
						"0.7917": [-7, -38.77, -22.76],
						"0.8333": [-4.4, -28.27, -17.46],
						"0.875": [-0.5, -15.17, -8.26],
						"0.9167": [0, -3.97, -0.36],
						"0.9583": [0, -0.17, 0],
						"1.0": [0, -0.17, -1],
						"1.0417": [0, -0.17, 1],
						"1.0833": [0, -0.17, -1],
						"1.125": [0, -0.17, 0]
					},
					"position": {
						"0.0": [0, 0, 0],
						"0.0417": [-0.2, 1, 0.15],
						"0.0833": [-0.4, 2.2, 0.3],
						"0.125": [-0.4, 3.04, 0.5],
						"0.1667": [-0.4, 3.975, 0.7],
						"0.2083": [-0.24, 4.69, 1.03],
						"0.25": [-0.08, 5.4, 1.46],
						"0.2917": [0.075, 6.13, 1.625],
						"0.3333": [0.08, 5.705, 1.63],
						"0.375": [0.08, 5.985, 1.63],
						"0.4167": [0.08, 6.19, 1.63],
						"0.4583": [0.08, 6.29, 1.63],
						"0.5": [0.08, 6.19, 1.63],
						"0.5417": [0.08, 6.17, 1.63],
						"0.5833": [0.08, 5.94, 1.63],
						"0.625": [-0.22, 5.765, 1.63],
						"0.6667": [-0.22, 5.77, 1.63],
						"0.7083": [-0.22, 5.77, 1.63],
						"0.75": [-0.22, 5.57, 1.63],
						"0.7917": [-0.02, 4.87, 1.43],
						"0.8333": [0.18, 3.87, 1.03],
						"0.875": [0, 2.57, 0.53],
						"0.9167": [0.18, 1.27, 0.03],
						"0.9583": [0, 0, 0],
						"1.0": [0, 0, 0.2],
						"1.0417": [0, 0, 0.5],
						"1.0833": [0, 0, 0.55],
						"1.125": [0, 0, 0]
					}
				},
				"mag_and_bullet": {
					"rotation": {
						"0.0": [0, 0, 0],
						"0.0417": [0, 0, 0],
						"0.0833": [0, 0, 0],
						"0.125": [0, 0, 0],
						"0.1667": [0, 0, 0],
						"0.2083": [0, 0, 0],
						"0.25": [0, 0, 0],
						"0.2917": [0, 0, 0],
						"0.3333": [0, 0, 0],
						"0.375": [0, 0, 0],
						"0.4167": [0, 0, 0],
						"0.4583": [0, 0, 0],
						"0.5": [0, 0, 0],
						"0.5417": [0, 0, 0],
						"0.5833": [0, 0, 0],
						"0.625": [0, 0, 0]
					},
					"position": {
						"0.0": [0, 0, 0],
						"0.0417": [0, 0, 0],
						"0.0833": [0, 0, 0],
						"0.125": [0, 0, 0],
						"0.1667": [0, 0, 0],
						"0.2083": [0, 0, 0],
						"0.25": [0, 0, 0],
						"0.2917": [0, -1.025, 0.45],
						"0.3333": [0, -5.945, 2.375],
						"0.375": [0, -10.665, 4.88],
						"0.4167": [0, -10.66, 4.88],
						"0.4583": [0, -5.685, 2.355],
						"0.5": [0, -4.755, 2.01],
						"0.5417": [0, -4.35, 1.81],
						"0.5833": [0, -3.15, 1.21],
						"0.625": [0, 0, 0]
					}
				},
				"lefthand": {
					"rotation": {
						"0.0": [105.99321, -16.94388, -182.2556],
						"0.0417": [105.99, -16.94, -182.26],
						"0.0833": [106.24193, -19.58198, -183.06376],
						"0.125": [106.24, -19.58, -183.06],
						"0.1667": [99.35, -19.22, -165.42],
						"0.2083": [92.46, -18.85, -147.78],
						"0.25": [85.56, -18.49, -130.14],
						"0.2917": [78.67, -18.12, -112.5],
						"0.3333": [71.77414, -17.75684, -94.86873],
						"0.375": [71.77, -17.76, -94.87],
						"0.4167": [72.48044, -8.24025, -98.01651],
						"0.4583": [72.45365, -0.80296, -93.54325],
						"0.5": [72.45, -0.8, -93.54],
						"0.5417": [72.45, -0.8, -93.54],
						"0.5833": [72.45, -0.8, -93.54],
						"0.625": [72.45, -0.8, -93.54],
						"0.6667": [72.45, -0.8, -93.54],
						"0.7083": [72.45, -0.8, -93.54],
						"0.75": [72.45, -0.8, -93.54],
						"0.7917": [80.84, -4.84, -115.72],
						"0.8333": [89.23, -8.88, -137.9],
						"0.875": [97.61, -12.91, -160.08],
						"0.9167": [105.99321, -16.94388, -182.2556]
					},
					"position": {
						"0.0": [5.975, -17.8125, 1.03125],
						"0.0417": [7.355, -17.81, 1.03],
						"0.0833": [9.13, -17.96, 1.03],
						"0.125": [11.755, -20.885, 1.805],
						"0.1667": [9.56, -31.005, 6.485],
						"0.2083": [9.56, -31, 6.49],
						"0.25": [9.56, -31, 6.49],
						"0.2917": [9.56, -31, 6.49],
						"0.3333": [6.185, -31, 7.04],
						"0.375": [6.19, -31, 7.04],
						"0.4167": [6.19, -31, 7.34],
						"0.4583": [6.19, -26.4, 5.79],
						"0.5": [6.19, -25.3, 5.515],
						"0.5417": [6.19, -24.55, 5.345],
						"0.5833": [6.19, -23.45, 4.65],
						"0.625": [6.19, -21.35, 3.35],
						"0.6667": [6.19, -21.35, 1.35],
						"0.7083": [6.19, -21.35, 1.15],
						"0.75": [6.19, -21.35, 1.15],
						"0.7917": [6.14, -20.47, 1.12],
						"0.8333": [6.09, -19.58, 1.09],
						"0.875": [6.03, -18.7, 1.06],
						"0.9167": [5.975, -17.8125, 1.03125]
					},
					"scale": [1, 1.5, 1]
				},
				"righthand": {
					"rotation": {
						"0.0": [-264.97476, 6.2574, -176.94134],
						"0.9583": [-264.97476, 6.2574, -176.94134]
					},
					"position": {
						"0.0": [-6.9125, -17.15, 1.0625],
						"0.0833": [-7.51, -17.15, 1.06],
						"0.1667": [-7.71, -17.15, 1.06],
						"0.7917": [-7.71, -17.15, 1.06],
						"0.875": [-7.51, -17.15, 1.06],
						"0.9583": [-6.9125, -17.15, 1.0625]
					},
					"scale": [1, 1.5, 1]
				},
				"camera": {
					"rotation": {
						"0.0": {
							"post": [0, 0, 0],
							"lerp_mode": "catmullrom"
						},
						"0.2917": {
							"post": [1.5, 0, 0],
							"lerp_mode": "catmullrom"
						},
						"0.5": {
							"post": [-1.5, 0, 0],
							"lerp_mode": "catmullrom"
						},
						"0.625": {
							"post": [-1.49977, 0.02618, 0.99966],
							"lerp_mode": "catmullrom"
						},
						"0.6667": {
							"post": [-1.49977, -0.02618, -0.99966],
							"lerp_mode": "catmullrom"
						},
						"0.75": {
							"post": [-1.49909, 0.05234, 1.99932],
							"lerp_mode": "catmullrom"
						},
						"1.0": {
							"post": [0, 0, 0],
							"lerp_mode": "catmullrom"
						}
					}
				}
			},
			"sound_effects": {
				"0.0": {
					"effect": "ex:hotek/hotek_sleight_of_hand_tactical"
				}
			}
		},
		"reload_empty": {
			"animation_length": 1.25,
			"bones": {
				"root": {
					"rotation": {
						"0.0": [0, 0, 0],
						"0.0417": [-5.25, -4.6, -0.52],
						"0.0833": [-7.9, -11.2, -3.75],
						"0.125": [-12, -18.48, -7.1],
						"0.1667": [-16.09761, -25.46472, -10.12234],
						"0.2083": [-18.65, -28.22584, -11.42234],
						"0.25": [-21.2, -28.22584, -11.42234],
						"0.2917": [-20.15337, -28.92584, -11.42234],
						"0.3333": [-20.15, -31.83, -15.62],
						"0.375": [-17.35485, -35.84942, -19.14722],
						"0.4167": [-14.58437, -38.77266, -24.18477],
						"0.4583": [-12.25073, -42.73719, -28.81725],
						"0.5": [-10.25, -48.17, -31.92],
						"0.5417": [-9.35, -48.17, -33.09],
						"0.5833": [-8.45008, -48.17, -34.26432],
						"0.625": [-11.7, -48.17, -34.26],
						"0.6667": [-9.7, -48.17, -34.26],
						"0.7083": [-9.7, -48.17, -34.26],
						"0.75": [-8.4, -48.17, -28.86],
						"0.7917": [-7, -38.77, -22.76],
						"0.8333": [-4.4, -28.27, -17.46],
						"0.875": [-0.5, -15.17, -8.26],
						"0.9167": [0, -3.97, -0.36],
						"0.9583": [0, -0.17, 0],
						"1.0": [0, -0.17, -1],
						"1.0417": [0, -0.17, 1],
						"1.0833": [0, -0.17, -1],
						"1.125": [0, -0.17, 0]
					},
					"position": {
						"0.0": [0, 0, 0],
						"0.0417": [-0.2, 1, 0.15],
						"0.0833": [-0.4, 2.2, 0.3],
						"0.125": [-0.4, 3.04, 0.5],
						"0.1667": [-0.4, 3.975, 0.7],
						"0.2083": [-0.24, 4.69, 1.03],
						"0.25": [-0.08, 5.4, 1.46],
						"0.2917": [0.075, 6.13, 1.625],
						"0.3333": [0.08, 5.705, 1.63],
						"0.375": [0.08, 5.985, 1.63],
						"0.4167": [0.08, 6.19, 1.63],
						"0.4583": [0.08, 6.29, 1.63],
						"0.5": [0.08, 6.19, 1.63],
						"0.5417": [0.08, 6.17, 1.63],
						"0.5833": [0.08, 5.94, 1.63],
						"0.625": [-0.22, 5.765, 1.63],
						"0.6667": [-0.22, 5.77, 1.63],
						"0.7083": [-0.22, 5.77, 1.63],
						"0.75": [-0.22, 5.57, 1.63],
						"0.7917": [-0.02, 4.87, 1.43],
						"0.8333": [0.18, 3.87, 1.03],
						"0.875": [0, 2.57, 0.53],
						"0.9167": [0.18, 1.27, 0.03],
						"0.9583": [0, 0, 0],
						"1.0": [0, 0, 0.2],
						"1.0417": [0, 0, 0.5],
						"1.0833": [0, 0, 0.55],
						"1.125": [0, 0, 0]
					}
				},
				"mag_and_bullet": {
					"rotation": {
						"0.0": [0, 0, 0],
						"0.0417": [0, 0, 0],
						"0.0833": [0, 0, 0],
						"0.125": [0, 0, 0],
						"0.1667": [0, 0, 0],
						"0.2083": [0, 0, 0],
						"0.25": [0, 0, 0],
						"0.2917": [0, 0, 0],
						"0.3333": [0, 0, 0],
						"0.375": [0, 0, 0],
						"0.4167": [0, 0, 0],
						"0.4583": [0, 0, 0],
						"0.5": [0, 0, 0],
						"0.5417": [0, 0, 0],
						"0.5833": [0, 0, 0],
						"0.625": [0, 0, 0]
					},
					"position": {
						"0.0": [0, 0, 0],
						"0.0417": [0, 0, 0],
						"0.0833": [0, 0, 0],
						"0.125": [0, 0, 0],
						"0.1667": [0, 0, 0],
						"0.2083": [0, 0, 0],
						"0.25": [0, 0, 0],
						"0.2917": [0, -1.025, 0.45],
						"0.3333": [0, -5.945, 2.375],
						"0.375": [0, -10.665, 4.88],
						"0.4167": [0, -10.66, 4.88],
						"0.4583": [0, -5.685, 2.355],
						"0.5": [0, -4.755, 2.01],
						"0.5417": [0, -4.35, 1.81],
						"0.5833": [0, -3.15, 1.21],
						"0.625": [0, 0, 0]
					}
				},
				"barrel2": {
					"rotation": {
						"0.0": [-2.5, 0, 0],
						"0.7083": [-2.5, 0, 0],
						"0.7917": [0, 0, 0]
					},
					"position": {
						"0.0": [0, 0, 0.325],
						"0.7083": [0, 0, 0.325],
						"0.7917": [0, 0, 0]
					}
				},
				"slide": {
					"position": {
						"0.0": [0, 0, 1.628],
						"0.7083": [0, 0, 1.628],
						"0.75": [0, 0, 0]
					}
				},
				"lefthand": {
					"rotation": {
						"0.0": [105.99321, -16.94388, -182.2556],
						"0.0417": [105.99, -16.94, -182.26],
						"0.0833": [106.24193, -19.58198, -183.06376],
						"0.125": [106.24, -19.58, -183.06],
						"0.1667": [99.35, -19.22, -165.42],
						"0.2083": [92.46, -18.85, -147.78],
						"0.25": [85.56, -18.49, -130.14],
						"0.2917": [78.67, -18.12, -112.5],
						"0.3333": [71.77414, -17.75684, -94.86873],
						"0.375": [71.77, -17.76, -94.87],
						"0.4167": [72.48044, -8.24025, -98.01651],
						"0.4583": [72.45365, -0.80296, -93.54325],
						"0.5": [72.45, -0.8, -93.54],
						"0.5417": [72.45, -0.8, -93.54],
						"0.5833": [72.45, -0.8, -93.54],
						"0.625": [72.45, -0.8, -93.54],
						"0.6667": [72.45, -0.8, -93.54],
						"0.7083": [72.45, -0.8, -93.54],
						"0.75": [72.45, -0.8, -93.54],
						"0.7917": [80.84, -4.84, -115.72],
						"0.8333": [89.23, -8.88, -137.9],
						"0.875": [97.61, -12.91, -160.08],
						"0.9167": [105.99321, -16.94388, -182.2556]
					},
					"position": {
						"0.0": [5.975, -17.8125, 1.03125],
						"0.0417": [7.355, -17.81, 1.03],
						"0.0833": [9.13, -17.96, 1.03],
						"0.125": [11.755, -20.885, 1.805],
						"0.1667": [9.56, -31.005, 6.485],
						"0.2083": [9.56, -31, 6.49],
						"0.25": [9.56, -31, 6.49],
						"0.2917": [9.56, -31, 6.49],
						"0.3333": [6.185, -31, 7.04],
						"0.375": [6.19, -31, 7.04],
						"0.4167": [6.19, -31, 7.34],
						"0.4583": [6.19, -26.4, 5.79],
						"0.5": [6.19, -25.3, 5.515],
						"0.5417": [6.19, -24.55, 5.345],
						"0.5833": [6.19, -23.45, 4.65],
						"0.625": [6.19, -21.35, 3.35],
						"0.6667": [6.19, -21.35, 1.35],
						"0.7083": [6.19, -21.35, 1.15],
						"0.75": [6.19, -21.35, 1.15],
						"0.7917": [6.14, -20.47, 1.12],
						"0.8333": [6.09, -19.58, 1.09],
						"0.875": [6.03, -18.7, 1.06],
						"0.9167": [5.975, -17.8125, 1.03125]
					},
					"scale": [1, 1.5, 1]
				},
				"righthand": {
					"rotation": {
						"0.0": [-264.97476, 6.2574, -176.94134],
						"0.9583": [-264.97476, 6.2574, -176.94134]
					},
					"position": {
						"0.0": [-6.9125, -17.15, 1.0625],
						"0.0833": [-7.51, -17.15, 1.06],
						"0.1667": [-7.71, -17.15, 1.06],
						"0.7917": [-7.71, -17.15, 1.06],
						"0.875": [-7.51, -17.15, 1.06],
						"0.9583": [-6.9125, -17.15, 1.0625]
					},
					"scale": [1, 1.5, 1]
				},
				"camera": {
					"rotation": {
						"0.0": {
							"post": [0, 0, 0],
							"lerp_mode": "catmullrom"
						},
						"0.2917": {
							"post": [1.5, 0, 0],
							"lerp_mode": "catmullrom"
						},
						"0.5": {
							"post": [-1.5, 0, 0],
							"lerp_mode": "catmullrom"
						},
						"0.625": {
							"post": [-1.49977, 0.02618, 0.99966],
							"lerp_mode": "catmullrom"
						},
						"0.6667": {
							"post": [-1.49977, -0.02618, -0.99966],
							"lerp_mode": "catmullrom"
						},
						"0.75": {
							"post": [-1.49909, 0.05234, 1.99932],
							"lerp_mode": "catmullrom"
						},
						"1.0": {
							"post": [0, 0, 0],
							"lerp_mode": "catmullrom"
						}
					}
				},
				"bullet": {
					"scale": {
						"0.0": [0, 0, 0],
						"0.375": [0, 0, 0],
						"0.4167": [1, 1, 1]
					}
				},
				"bullet_in_mag": {
					"scale": {
						"0.0": [0, 0, 0],
						"0.375": [0, 0, 0],
						"0.4167": [1, 1, 1]
					}
				},
				"bone10": {
					"position": {
						"0.0": [0, 0, 0],
						"0.375": [0, 0, 0],
						"0.4167": [0, -4.575, 1.95]
					}
				},
				"bone11": {
					"position": {
						"0.0": [0, 0, 0],
						"0.375": [0, 0, 0],
						"0.4167": [0, -4.575, 1.95]
					}
				},
				"bullet_in_barrel": {
					"scale": {
						"0.0": [0, 0, 0],
						"0.75": [0, 0, 0],
						"0.7917": [1, 1, 1]
					}
				}
			},
			"sound_effects": {
				"0.0": {
					"effect": "ex:hotek/hotek_sleight_of_hand_empty"
				}
			}
		},
		"inspect": {
			"loop": "hold_on_last_frame",
			"animation_length": 4.45,
			"bones": {
				"root": {
					"rotation": {
						"0.0": [0, 0, 0],
						"0.1667": {
							"pre": [3.6, -3.6, 12.1],
							"post": [3.6, -3.6, 12.1],
							"lerp_mode": "catmullrom"
						},
						"0.375": {
							"post": [0.37111, -15.26908, -22.88707],
							"lerp_mode": "catmullrom"
						},
						"0.5": [-5.655, -16.36516, -25.68855],
						"0.625": [-12.01538, -26.84499, -25.16673],
						"0.75": [-17.02, -29.54, -23.07],
						"1.0": {
							"pre": [-20.25702, -30.24112, -21.04806],
							"post": [-20.25702, -30.24112, -21.04806],
							"lerp_mode": "catmullrom"
						},
						"1.125": [-20.54121, -32.13833, -20.81398],
						"1.25": [-19.94656, -32.48602, -21.92015],
						"1.4583": {
							"pre": [-20.54, -32.14, -22.91],
							"post": [-20.54, -32.14, -22.91],
							"lerp_mode": "catmullrom"
						},
						"1.5833": [-13.115, -31.84, -35.91],
						"1.6667": [-1.92706, -30.72615, -59.30173],
						"1.75": {
							"pre": [10.36688, -28.37233, -84.57098],
							"post": [10.36688, -28.37233, -84.57098],
							"lerp_mode": "catmullrom"
						},
						"1.875": [-1.40826, -30.71469, -57.74666],
						"1.9167": [2.94187, -30.20912, -66.20857],
						"1.9583": [-5.9838, -29.18816, -54.13553],
						"2.0": {
							"pre": [-5.87808, -27.78445, -57.40232],
							"post": [-5.87808, -27.78445, -57.40232],
							"lerp_mode": "catmullrom"
						},
						"2.125": [-12.1, -13.38, -7.44],
						"2.25": [-20.36351, 2.33597, 37.71493],
						"2.3333": {
							"pre": [-24.29053, 9.64197, 55.59434],
							"post": [-24.29053, 9.64197, 55.59434],
							"lerp_mode": "catmullrom"
						},
						"2.4167": [-26.29, 9.64, 58.39],
						"2.7083": {
							"pre": [-26.29, 9.64, 58.39],
							"post": [-26.29, 9.64, 58.39],
							"lerp_mode": "catmullrom"
						},
						"2.875": {
							"post": [-31.69, 9.64, 58.39],
							"lerp_mode": "catmullrom"
						},
						"3.0": [-32.79, 9.64, 58.39],
						"3.125": [-32.79, 9.64, 58.39],
						"3.375": [-31.39, 9.64, 58.39],
						"3.5": [-21.6145, 2.11455, 51.53619],
						"3.625": [-25.68355, -9.08, 35.41466],
						"3.75": [-17.68, -12.33, 31.64],
						"3.8333": [-10.805, -12.33, 31.64],
						"3.875": [-9.61577, -11.39124, 37.69558],
						"3.9167": [-3.66937, -13.169, 21.42259],
						"3.9583": [-3.54661, -11.22954, 29.58586],
						"4.0": [0.88921, -9.84164, 13.37599],
						"4.1667": {
							"pre": [2.7, -2.53, 15.84],
							"post": [2.7, -2.53, 15.84],
							"lerp_mode": "catmullrom"
						},
						"4.2917": {
							"post": [0, 0, -3.8],
							"lerp_mode": "catmullrom"
						},
						"4.4167": [0, 0, 0]
					},
					"position": {
						"0.0": [0, 0, 0],
						"0.125": {
							"pre": [0.6, -1.075, -0.575],
							"post": [0.6, -1.075, -0.575],
							"lerp_mode": "catmullrom"
						},
						"0.25": [-0.3, -0.225, -1.3],
						"0.375": [-0.675, 0.7, -1.9],
						"0.5": [-0.78, 2.3, -2.2],
						"0.625": {
							"pre": [-0.78, 4.3, -2.125],
							"post": [-0.78, 4.3, -2.125],
							"lerp_mode": "catmullrom"
						},
						"0.75": [-0.78, 5.125, -1],
						"1.0": {
							"pre": [-0.78, 5.25, 0.5],
							"post": [-0.78, 5.25, 0.5],
							"lerp_mode": "catmullrom"
						},
						"1.3333": [-0.78, 5.2, 0.8],
						"1.5": {
							"pre": [-0.78, 4.7, -0.1],
							"post": [-0.78, 4.7, -0.1],
							"lerp_mode": "catmullrom"
						},
						"1.5833": [-0.98, 4.5, 0.1],
						"1.6667": [-1.58, 4.4, 0.4],
						"1.75": [-1.58, 4.4, 0.7],
						"1.8333": {
							"pre": [-0.83, 4.325, 1],
							"post": [-0.83, 4.325, 1],
							"lerp_mode": "catmullrom"
						},
						"1.9583": [-0.33, 3.825, 1.3],
						"2.125": {
							"pre": [0.17, 3, 0.4],
							"post": [0.17, 3, 0.4],
							"lerp_mode": "catmullrom"
						},
						"2.1667": [0.645, 2.7, 0.4],
						"2.25": [3.17, 2.2, 0.9],
						"2.3333": {
							"pre": [4.57, 2.1, 1.4],
							"post": [4.57, 2.1, 1.4],
							"lerp_mode": "catmullrom"
						},
						"2.5": [4.97, 2.2, 1.8],
						"2.625": [5.07, 2.2, 1.6],
						"2.75": [4.97, 2.2, 2],
						"2.9167": [4.97, 2.2, 2.4],
						"3.25": [4.97, 2.2, 2.4],
						"3.4167": {
							"pre": [4.87, 2.2, 2.4],
							"post": [4.87, 2.2, 2.4],
							"lerp_mode": "catmullrom"
						},
						"3.4583": [4.84, 1.4, 1.1],
						"3.5": [4.77, 1.3, 1.1],
						"3.5417": {
							"pre": [4.38, 2.17, 2.43],
							"post": [4.38, 2.17, 2.43],
							"lerp_mode": "catmullrom"
						},
						"3.625": [3.595, 2.1, 1.3],
						"3.7917": [3.37, 1.95, 0.425],
						"3.8333": {
							"pre": [3.37, 1.85, 0.31],
							"post": [3.37, 1.85, 0.31],
							"lerp_mode": "catmullrom"
						},
						"3.875": {
							"post": [3.37, -0.4, -2.1],
							"lerp_mode": "catmullrom"
						},
						"3.9583": [3.37, -0.5, -0.5],
						"4.0417": [3.145, -1, -0.5],
						"4.125": [2.47, -1.1, -0.5],
						"4.2917": {
							"pre": [-0.03, -1, -0.5],
							"post": [-0.03, -1, -0.5],
							"lerp_mode": "catmullrom"
						},
						"4.4167": [0, 0, 0]
					},
					"scale": 1
				},
				"lefthand": {
					"rotation": {
						"0.0": [105.99321, -16.94388, -182.2556],
						"0.25": [76.94485, -19.26575, -102.63844],
						"0.375": [76.10376, -18.68721, -100.06909],
						"0.4583": [76.38635, -14.80464, -101.06315],
						"0.5417": [76.38635, -14.80464, -101.06315],
						"0.75": [77.45289, -15.70554, -105.09852],
						"1.0": [78.13618, -14.56943, -100.05939],
						"1.375": [78.14, -14.57, -100.06],
						"1.5": [78.39635, -14.77334, -101.07211],
						"1.5417": [79.18864, -15.35657, -104.11965],
						"1.625": [77.27456, -13.82459, -96.5325],
						"1.75": [75.49351, -11.93816, -88.55665],
						"1.8333": [74.90038, -11.17149, -85.59623],
						"1.875": [74.9, -11.17, -85.6],
						"1.9583": [74.44871, -9.41256, -82.92811],
						"2.0417": [75.12636, -10.45997, -86.84858],
						"2.0833": [79.3013, -14.70475, -105.83323],
						"2.125": [92.18939, -17.98377, -144.28564],
						"2.1667": [101.61536, -30.22432, -165.91686],
						"2.2083": [100.37621, -43.84093, -170.97109],
						"2.25": [93.75193, -47.44573, -172.16608],
						"2.2917": [73.77342, -46.02138, -173.87263],
						"2.3333": [48.729, -30.40201, -167.28848],
						"2.4167": [51.12263, -33.62281, -171.80042],
						"2.4583": [49.53205, -32.84207, -172.54747],
						"2.5417": [44.53, -32.84, -172.55],
						"2.7083": [44.53, -32.84, -172.55],
						"3.3333": [44.53, -32.84, -172.55],
						"3.4167": [51.57367, -36.60685, -162.62072],
						"3.5": [60.61113, -52.2597, -159.36102],
						"3.625": [68.17295, -57.00269, -164.80565],
						"3.8333": [62.73948, -55.3387, -158.2677],
						"4.2083": [105.99321, -16.94388, -182.2556]
					},
					"position": {
						"0.0": [5.975, -17.8125, 1.03125],
						"0.25": [5.98, -21.81, 2.23],
						"0.375": [5.98, -23.41, 2.83],
						"0.4583": [6.58, -25.61, 4.53],
						"0.5417": [8.105, -26.81, 4.23],
						"0.625": [10.78, -27.11, 4.23],
						"0.75": [14.655, -24.635, 4.105],
						"0.8333": [15.385, -22.73, 2.31],
						"1.0": [14.74, -22.53, 1.635],
						"1.2917": [14.74, -22.53, 1.64],
						"1.375": [14.74, -22.53, 1.64],
						"1.5": [11.815, -26.38, 1.74],
						"1.5417": [11.02, -27.58, 1.64],
						"1.5833": [8.595, -27.48, 2.04],
						"1.625": [5.72, -26.805, 2.765],
						"1.6667": [5.77, -26.48, 2.94],
						"1.7083": [5.845, -26.48, 2.94],
						"1.75": [5.65, -26.48, 2.94],
						"1.7917": [5.65, -26.48, 2.94],
						"1.8333": [5.55, -25.605, 2.94],
						"1.875": [5.475, -23.705, 2.665],
						"1.9167": [5.58, -22.35, 2.67],
						"1.9583": [5.58, -21.2, 2.77],
						"2.0417": [5.88, -21.2, 2.77],
						"2.0833": [7.38, -21.075, 2.245],
						"2.125": [10.78, -20.1, 1.97],
						"2.1667": [12.13, -18, 0.87],
						"2.2083": [11.88, -15.8, -0.48],
						"2.25": [10.43, -14.65, -2.055],
						"2.2917": [9.68, -14.225, -2.905],
						"2.3333": [9.38, -14.1, -3.18],
						"2.375": [8.78, -14.1, -2.98],
						"2.4167": [8.28, -14.1, -2.98],
						"2.5": [8.28, -13.9, -2.98],
						"2.7083": [8.28, -13.9, -2.98],
						"2.75": [8.28, -13.9, -2.98],
						"2.8333": [8.28, -13.9, -1.68],
						"3.0833": [8.28, -13.9, -1.48],
						"3.25": [8.28, -13.9, -1.88],
						"3.4167": [9.28, -13.975, -1.88],
						"3.5": [9.78, -14.8, -0.68],
						"3.5833": [9.78, -14.8, 3.895],
						"3.6667": [6.555, -14.8, 7.32],
						"3.75": [5.68, -15, 7.82],
						"3.7917": [5.58, -14.95, 7.37],
						"3.8333": [5.78, -14.7, 6.12],
						"3.875": [5.78, -14.3, 6.12],
						"3.9167": [5.78, -14.3, 6.12],
						"3.9583": [5.78, -14.3, 6.12],
						"4.0417": [9.63, -15.3, 4.045],
						"4.125": [9.53, -16.56, 4.88],
						"4.2083": [5.975, -17.8125, 1.03125]
					},
					"scale": [1, 1.5, 1]
				},
				"righthand": {
					"rotation": [-264.97476, 6.2574, -176.94134],
					"position": [-6.9125, -17.15, 1.0625],
					"scale": [1, 1.5, 1]
				},
				"constraint": {
					"rotation": [0.2, 0.2, 0.2],
					"position": [0.025, 0.2, 0.2]
				},
				"bone10": {
					"position": [0, -4.575, 1.95]
				},
				"slide": {
					"position": {
						"2.75": [0, 0, 0],
						"2.8333": [0, 0, 1.1],
						"3.0833": [0, 0, 1.2],
						"3.25": [0, 0, 1.1],
						"3.4167": [0, 0, 1],
						"3.4583": [0, 0, 0]
					}
				},
				"mag_and_bullet": {
					"rotation": {
						"0.2917": [0, 0, 0],
						"0.375": [0, 0, 0],
						"0.4583": [0, 0, -6.5],
						"0.5417": [-5.1, 0, -16.1],
						"0.625": [-11.3, 0, -22.8],
						"0.75": [-19.69075, 1.15117, -24.37742],
						"0.8333": [-26.49178, 2.90092, -21.38012],
						"1.0": [-26.49, 2.9, -8.38],
						"1.2917": [-26.49, 2.9, -8.38],
						"1.375": [-26.56668, 2.00665, -10.17105],
						"1.5": [-26.57, 2.01, -20.37],
						"1.5417": [-26.57, 1.61, -25.37],
						"1.5833": [-20.67, 0.61, -15.57],
						"1.625": [-19.77, -0.39, -0.17],
						"1.6667": [-18.97, -0.39, 0.23],
						"1.7083": [-18.96088, -0.71501, -0.71576],
						"1.875": [-18.96, -0.72, -0.72],
						"1.9167": [0, 0, 0]
					},
					"position": {
						"0.2917": [0, 0, 0],
						"0.375": [0, -2, 1],
						"0.4583": [0.4, -4.4, 2],
						"0.5417": [1.8, -5.9, 2],
						"0.625": [4.1, -6, 2],
						"0.75": [7.8, -3.5, 1.3],
						"0.8333": [8.6, -1.5, 0.2],
						"1.0": [8.6, -1.5, -0.4],
						"1.2917": [8.6, -1.5, -0.4],
						"1.375": [8.575, -1.5, -0.4],
						"1.5417": [5.17, -6.4, -0.4],
						"1.5833": [2.12, -6.1, 0],
						"1.625": [-0.03, -5.4, 0.675],
						"1.6667": [-0.03, -5.15, 0.83],
						"1.7083": [0.02, -5.15, 0.83],
						"1.75": [0.02, -5.15, 0.83],
						"1.7917": [0.02, -5.15, 0.83],
						"1.8333": [0.02, -5.15, 0.83],
						"1.9167": [0, 0, 0]
					}
				},
				"bone11": {
					"position": [0, -4.575, 1.95]
				},
				"camera": {
					"rotation": {
						"0.0": {
							"post": [0, 0, 0],
							"lerp_mode": "catmullrom"
						},
						"0.125": {
							"post": [-0.4, 0, 0],
							"lerp_mode": "catmullrom"
						},
						"0.25": {
							"post": [-0.3, 0, 0],
							"lerp_mode": "catmullrom"
						},
						"0.5": {
							"post": [2.7, -0.8, 0],
							"lerp_mode": "catmullrom"
						},
						"0.75": {
							"post": [3.9, -2.8, 0],
							"lerp_mode": "catmullrom"
						},
						"1.0": {
							"post": [3.4, -3.3, 0],
							"lerp_mode": "catmullrom"
						},
						"1.25": {
							"post": [3.7, -2.9, 0],
							"lerp_mode": "catmullrom"
						},
						"1.5": {
							"post": [2.9, 0.8, 0],
							"lerp_mode": "catmullrom"
						},
						"1.6667": {
							"post": [2.52, 1.97, 1.2],
							"lerp_mode": "catmullrom"
						},
						"1.75": {
							"post": [2.4, 3.1, -1.9],
							"lerp_mode": "catmullrom"
						},
						"1.8333": {
							"post": [2.4, 2, 0.9],
							"lerp_mode": "catmullrom"
						},
						"1.9167": {
							"post": [2.5, 2.9, -0.9],
							"lerp_mode": "catmullrom"
						},
						"2.0": {
							"post": [2.5, 2.3, 1.6],
							"lerp_mode": "catmullrom"
						},
						"2.25": {
							"post": [2, 0.6, 0],
							"lerp_mode": "catmullrom"
						},
						"2.625": {
							"post": [1.6, -1.1, 0],
							"lerp_mode": "catmullrom"
						},
						"3.0": {
							"post": [4.7, -1.5, 0],
							"lerp_mode": "catmullrom"
						},
						"3.5": {
							"post": [4, -1.5, 0],
							"lerp_mode": "catmullrom"
						},
						"3.7917": {
							"post": [0.3, 1.5, 0],
							"lerp_mode": "catmullrom"
						},
						"3.8333": {
							"post": [0.3, 1.5, 2],
							"lerp_mode": "catmullrom"
						},
						"3.875": {
							"post": [0.3, 1.5, -1.9],
							"lerp_mode": "catmullrom"
						},
						"3.9167": {
							"post": [0.3, 1.5, 1.3],
							"lerp_mode": "catmullrom"
						},
						"3.9583": {
							"post": [0.3, 1.5, -0.4],
							"lerp_mode": "catmullrom"
						},
						"4.125": {
							"post": [-0.4, -0.2, 0.2],
							"lerp_mode": "catmullrom"
						},
						"4.4167": {
							"post": [0, 0, 0],
							"lerp_mode": "catmullrom"
						}
					}
				}
			},
			"sound_effects": {
				"0.0": {
					"effect": "ex:hotek/hotek_inspect"
				}
			}
		},
		"inspect_empty": {
			"loop": "hold_on_last_frame",
			"animation_length": 4.125,
			"bones": {
				"root": {
					"rotation": {
						"0.0": [0, 0, 0],
						"0.1667": {
							"pre": [3.6, -3.6, 12.1],
							"post": [3.6, -3.6, 12.1],
							"lerp_mode": "catmullrom"
						},
						"0.375": {
							"post": [0.37111, -15.26908, -22.88707],
							"lerp_mode": "catmullrom"
						},
						"0.5": [-5.655, -16.36516, -25.68855],
						"0.625": [-12.01538, -26.84499, -25.16673],
						"0.75": [-17.02, -29.54, -23.07],
						"1.0": [-18.15702, -30.24112, -21.04806],
						"1.125": [-20.54121, -32.13833, -20.81398],
						"1.25": [-19.94656, -32.48602, -21.92015],
						"1.4583": {
							"pre": [-20.54, -32.14, -22.91],
							"post": [-20.54, -32.14, -22.91],
							"lerp_mode": "catmullrom"
						},
						"1.5833": [-13.115, -31.84, -35.91],
						"1.6667": [-1.92706, -30.72615, -59.30173],
						"1.75": {
							"pre": [10.36688, -28.37233, -84.57098],
							"post": [10.36688, -28.37233, -84.57098],
							"lerp_mode": "catmullrom"
						},
						"1.875": [-1.40826, -30.71469, -57.74666],
						"1.9167": [2.94187, -30.20912, -66.20857],
						"1.9583": [-5.9838, -29.18816, -54.13553],
						"2.0": {
							"pre": [-5.87808, -29.20945, -57.40232],
							"post": [-5.87808, -29.20945, -57.40232],
							"lerp_mode": "catmullrom"
						},
						"2.125": [-12.1, -13.38, -11.74],
						"2.25": [-20.36351, 2.33597, 37.01493],
						"2.3333": {
							"pre": [-24.29053, 9.64197, 52.69434],
							"post": [-24.29053, 9.64197, 52.69434],
							"lerp_mode": "catmullrom"
						},
						"2.4167": [-26.29, 9.64, 58.39],
						"2.7083": {
							"pre": [-26.29, 9.64, 58.39],
							"post": [-26.29, 9.64, 58.39],
							"lerp_mode": "catmullrom"
						},
						"2.875": [-25.89309, 9.62159, 60.65787],
						"3.0": [-26.13405, 10.0817, 59.30062],
						"3.125": [-26.43862, 9.19591, 57.48177],
						"3.375": {
							"pre": [-26.21842, 8.74316, 58.8381],
							"post": [-26.21842, 8.74316, 58.8381],
							"lerp_mode": "catmullrom"
						},
						"3.5": [-31.2145, 2.11455, 51.53619],
						"3.625": [-21.98355, -9.08, 38.61466],
						"3.8333": {
							"pre": [2.7, -2.53, 3.54],
							"post": [2.7, -2.53, 3.54],
							"lerp_mode": "catmullrom"
						},
						"3.9583": {
							"post": [0, 0, -3.8],
							"lerp_mode": "catmullrom"
						},
						"4.0833": [0, 0, 0]
					},
					"position": {
						"0.0": [0, 0, 0],
						"0.125": {
							"pre": [0.6, -1.075, -0.575],
							"post": [0.6, -1.075, -0.575],
							"lerp_mode": "catmullrom"
						},
						"0.25": [-0.3, -0.225, -1.3],
						"0.375": [-0.675, 0.7, -1.9],
						"0.5": [-0.78, 2.3, -2.2],
						"0.625": {
							"pre": [-0.78, 4.3, -2.125],
							"post": [-0.78, 4.3, -2.125],
							"lerp_mode": "catmullrom"
						},
						"0.75": [-0.78, 5.125, -1],
						"1.0": {
							"pre": [-0.78, 5.25, 0.5],
							"post": [-0.78, 5.25, 0.5],
							"lerp_mode": "catmullrom"
						},
						"1.3333": [-0.78, 5.2, 0.8],
						"1.5": {
							"pre": [-0.78, 4.7, -0.1],
							"post": [-0.78, 4.7, -0.1],
							"lerp_mode": "catmullrom"
						},
						"1.5833": [-0.98, 4.5, 0.1],
						"1.6667": [-1.58, 4.4, 0.4],
						"1.75": [-1.58, 4.4, 0.7],
						"1.8333": {
							"pre": [-0.83, 4.325, 1],
							"post": [-0.83, 4.325, 1],
							"lerp_mode": "catmullrom"
						},
						"1.9583": [-0.33, 3.825, 1.3],
						"2.125": {
							"pre": [0.17, 3, 0.4],
							"post": [0.17, 3, 0.4],
							"lerp_mode": "catmullrom"
						},
						"2.1667": [0.645, 2.7, 0.4],
						"2.25": [3.17, 2.2, 0.9],
						"2.3333": {
							"pre": [4.57, 2.1, 1.4],
							"post": [4.57, 2.1, 1.4],
							"lerp_mode": "catmullrom"
						},
						"2.5": [4.97, 2.2, 1.8],
						"2.625": [5.07, 2.2, 2],
						"2.75": [4.97, 2.2, 2],
						"2.9167": [4.97, 2.2, 2],
						"3.25": [4.97, 2.2, 2],
						"3.5": {
							"pre": [4.77, 2.2, 1.6],
							"post": [4.77, 2.2, 1.6],
							"lerp_mode": "catmullrom"
						},
						"3.625": [3.895, 1.7, 0.9],
						"3.75": {
							"pre": [2.47, -1.1, -0.3],
							"post": [2.47, -1.1, -0.3],
							"lerp_mode": "catmullrom"
						},
						"3.9167": {
							"post": [-0.03, -1, -0.5],
							"lerp_mode": "catmullrom"
						},
						"4.0833": [0, 0, 0]
					},
					"scale": 1
				},
				"lefthand": {
					"rotation": {
						"0.0": [105.99321, -16.94388, -182.2556],
						"0.25": [76.94485, -19.26575, -102.63844],
						"0.375": [76.10376, -18.68721, -100.06909],
						"0.4583": [76.38635, -14.80464, -101.06315],
						"0.5417": [76.38635, -14.80464, -101.06315],
						"0.75": [77.45289, -15.70554, -105.09852],
						"1.0": [78.13618, -14.56943, -100.05939],
						"1.375": [78.14, -14.57, -100.06],
						"1.5": [78.39635, -14.77334, -101.07211],
						"1.5417": [79.18864, -15.35657, -104.11965],
						"1.625": [77.27456, -13.82459, -96.5325],
						"1.75": [75.49351, -11.93816, -88.55665],
						"1.8333": [74.90038, -11.17149, -85.59623],
						"1.875": [74.9, -11.17, -85.6],
						"1.9583": [74.44871, -9.41256, -82.92811],
						"2.0417": [75.12636, -10.45997, -86.84858],
						"2.0833": [79.3013, -14.70475, -105.83323],
						"2.125": [92.18939, -17.98377, -144.28564],
						"2.1667": [101.61536, -30.22432, -165.91686],
						"2.2083": [100.37621, -43.84093, -170.97109],
						"2.25": [93.75193, -47.44573, -172.16608],
						"2.2917": [73.77342, -46.02138, -173.87263],
						"2.3333": [48.729, -30.40201, -167.28848],
						"2.375": [45.69152, -10.53941, -157.15557],
						"2.4167": [45.69152, -10.53941, -157.15557],
						"2.4583": [45.69152, -10.53941, -157.15557],
						"2.5417": [45.69152, -10.53941, -157.15557],
						"3.4167": [45.69152, -10.53941, -157.15557],
						"3.5": [60.61113, -52.2597, -159.36102],
						"3.6667": [105.99321, -16.94388, -182.2556]
					},
					"position": {
						"0.0": [5.975, -17.8125, 1.03125],
						"0.25": [5.98, -21.81, 2.23],
						"0.375": [5.98, -23.41, 2.83],
						"0.4583": [6.58, -25.61, 4.53],
						"0.5417": [8.105, -26.81, 4.23],
						"0.625": [10.78, -27.11, 4.23],
						"0.75": [14.655, -24.635, 4.105],
						"0.8333": [15.385, -22.73, 2.31],
						"1.0": [14.74, -22.53, 1.635],
						"1.2917": [14.74, -22.53, 1.64],
						"1.375": [14.74, -22.53, 1.64],
						"1.5": [11.815, -26.38, 1.74],
						"1.5417": [11.02, -27.58, 1.64],
						"1.5833": [8.595, -27.48, 2.04],
						"1.625": [5.72, -26.805, 2.765],
						"1.6667": [5.77, -26.48, 2.94],
						"1.7083": [5.845, -26.48, 2.94],
						"1.75": [5.65, -26.48, 2.94],
						"1.7917": [5.65, -26.48, 2.94],
						"1.8333": [5.55, -25.605, 2.94],
						"1.875": [5.475, -23.705, 2.665],
						"1.9167": [5.58, -22.35, 2.67],
						"1.9583": [5.58, -21.2, 2.77],
						"2.0417": [5.88, -21.2, 2.77],
						"2.0833": [7.38, -21.075, 2.245],
						"2.125": [10.78, -20.1, 1.97],
						"2.1667": [12.13, -18, 0.87],
						"2.2083": [11.88, -16.6, -0.48],
						"2.25": [10.43, -15.95, -2.055],
						"2.2917": [9.68, -16.325, -2.905],
						"2.3333": [9.38, -15.7, -3.18],
						"2.375": [9.08, -14.9, -2.98],
						"2.4167": [9.08, -14.9, -2.98],
						"2.5": [9.08, -14.9, -2.98],
						"3.4167": [9.08, -14.9, -2.98],
						"3.5": [9.78, -14.8, -0.68],
						"3.6667": [5.975, -17.8125, 1.03125]
					},
					"scale": [1, 1.5, 1]
				},
				"righthand": {
					"rotation": [-264.97476, 6.2574, -176.94134],
					"position": [-6.9125, -17.15, 1.0625],
					"scale": [1, 1.5, 1]
				},
				"constraint": {
					"rotation": [0.2, 0.2, 0.2],
					"position": [0.025, 0.2, 0.2]
				},
				"slide": {
					"position": [0, 0, 1.628]
				},
				"mag_and_bullet": {
					"rotation": {
						"0.2917": [0, 0, 0],
						"0.375": [0, 0, 0],
						"0.4583": [0, 0, -6.5],
						"0.5417": [-5.1, 0, -16.1],
						"0.625": [-11.3, 0, -22.8],
						"0.75": [-19.69075, 1.15117, -24.37742],
						"0.8333": [-26.49178, 2.90092, -21.38012],
						"1.0": [-26.49, 2.9, -8.38],
						"1.2917": [-26.49, 2.9, -8.38],
						"1.375": [-26.56668, 2.00665, -10.17105],
						"1.5": [-26.57, 2.01, -20.37],
						"1.5417": [-26.57, 1.61, -25.37],
						"1.5833": [-20.67, 0.61, -15.57],
						"1.625": [-19.77, -0.39, -0.17],
						"1.6667": [-18.97, -0.39, 0.23],
						"1.7083": [-18.96088, -0.71501, -0.71576],
						"1.875": [-18.96, -0.72, -0.72],
						"1.9167": [0, 0, 0]
					},
					"position": {
						"0.2917": [0, 0, 0],
						"0.375": [0, -2, 1],
						"0.4583": [0.4, -4.4, 2],
						"0.5417": [1.8, -5.9, 2],
						"0.625": [4.1, -6, 2],
						"0.75": [7.8, -3.5, 1.3],
						"0.8333": [8.6, -1.5, 0.2],
						"1.0": [8.6, -1.5, -0.4],
						"1.2917": [8.6, -1.5, -0.4],
						"1.375": [8.575, -1.5, -0.4],
						"1.5417": [5.17, -6.4, -0.4],
						"1.5833": [2.12, -6.1, 0],
						"1.625": [-0.03, -5.4, 0.675],
						"1.6667": [-0.03, -5.15, 0.83],
						"1.7083": [0.02, -5.15, 0.83],
						"1.75": [0.02, -5.15, 0.83],
						"1.7917": [0.02, -5.15, 0.83],
						"1.8333": [0.02, -5.15, 0.83],
						"1.9167": [0, 0, 0]
					}
				},
				"bone11": {
					"position": [0, 0, 0]
				},
				"bullet": {
					"scale": 0
				},
				"bullet_in_mag": {
					"scale": 0
				},
				"camera": {
					"rotation": {
						"0.0": {
							"post": [0, 0, 0],
							"lerp_mode": "catmullrom"
						},
						"0.125": {
							"post": [-0.4, 0, 0],
							"lerp_mode": "catmullrom"
						},
						"0.25": {
							"post": [-0.3, 0, 0],
							"lerp_mode": "catmullrom"
						},
						"0.5": {
							"post": [2.7, -0.8, 0],
							"lerp_mode": "catmullrom"
						},
						"0.75": {
							"post": [3.9, -2.8, 0],
							"lerp_mode": "catmullrom"
						},
						"1.0": {
							"post": [3.4, -3.3, 0],
							"lerp_mode": "catmullrom"
						},
						"1.25": {
							"post": [3.7, -2.9, 0],
							"lerp_mode": "catmullrom"
						},
						"1.5": {
							"post": [2.9, 0.8, 0],
							"lerp_mode": "catmullrom"
						},
						"1.6667": {
							"post": [2.52, 1.97, 1.2],
							"lerp_mode": "catmullrom"
						},
						"1.75": {
							"post": [2.4, 3.1, -1.9],
							"lerp_mode": "catmullrom"
						},
						"1.8333": {
							"post": [2.4, 2, 0.9],
							"lerp_mode": "catmullrom"
						},
						"1.9167": {
							"post": [2.5, 2.9, -0.9],
							"lerp_mode": "catmullrom"
						},
						"2.0": {
							"post": [2.5, 2.3, 1.6],
							"lerp_mode": "catmullrom"
						},
						"2.25": {
							"post": [2, 0.6, 0],
							"lerp_mode": "catmullrom"
						},
						"2.625": {
							"post": [1.6, -1.1, 0],
							"lerp_mode": "catmullrom"
						},
						"3.0": {
							"post": [1.9, -1.6, 0],
							"lerp_mode": "catmullrom"
						},
						"3.25": {
							"post": [1.94, -1.66, -0.01],
							"lerp_mode": "catmullrom"
						},
						"3.5": {
							"post": [1, -1.5, 0],
							"lerp_mode": "catmullrom"
						},
						"3.75": {
							"post": [-0.4, -0.2, -1.1],
							"lerp_mode": "catmullrom"
						},
						"3.9167": {
							"post": [-0.49, 0.18, -1.52],
							"lerp_mode": "catmullrom"
						},
						"4.0417": {
							"post": [0, 0, 0],
							"lerp_mode": "catmullrom"
						},
						"4.0833": {
							"post": [0, 0, 0],
							"lerp_mode": "catmullrom"
						}
					}
				},
				"bone10": {
					"position": [0, 0, 0]
				},
				"barrel2": {
					"rotation": [-2.5, 0, 0],
					"position": [0, 0, 0.325]
				},
				"bullet_in_barrel": {
					"scale": 0
				}
			},
			"sound_effects": {
				"0.0": {
					"effect": "ex:hotek/hotek_inspect_empty"
				}
			}
		},
		"run": {
			"loop": true,
			"animation_length": 0.8,
			"bones": {
				"root": {
					"rotation": {
						"0.0": [-68.73, -5.5, -3.14],
						"0.05": [-68.99, -7.39, -3.57],
						"0.1": [-69.36, -9.11, -3.81],
						"0.15": [-69.45, -10.1, -3.75],
						"0.2": [-68.82, -9.82, -3.09],
						"0.25": [-67.92, -8.81, -2.13],
						"0.3": [-67.68, -8.15, -1.7],
						"0.35": [-68.9, -8.72, -2.46],
						"0.4": [-70.77, -9.63, -3.74],
						"0.45": [-71.87, -9.32, -4.34],
						"0.5": [-71.58, -7.25, -3.75],
						"0.55": [-70.7, -4.07, -2.59],
						"0.6": [-69.68, -1.04, -1.42],
						"0.65": [-68.98, 0.57, -0.8],
						"0.7": [-68.67, -0.33, -1.21],
						"0.75": [-68.65, -3, -2.27],
						"0.8": [-68.73, -5.5, -3.14]
					},
					"position": {
						"0.0": [-3.64, 6.02, 6.26],
						"0.05": [-3.63, 5.58, 6.36],
						"0.1": [-3.66, 5.23, 6.36],
						"0.15": [-3.67, 4.87, 6.36],
						"0.2": [-3.64, 4.72, 6.36],
						"0.25": [-3.52, 4.92, 6.36],
						"0.3": [-3.34, 5.32, 6.36],
						"0.35": [-3.19, 5.71, 6.36],
						"0.4": [-3.14, 5.87, 6.36],
						"0.45": [-3.26, 5.63, 6.36],
						"0.5": [-3.5, 5.16, 6.36],
						"0.55": [-3.74, 4.68, 6.36],
						"0.6": [-3.89, 4.46, 6.36],
						"0.65": [-3.89, 4.64, 6.36],
						"0.7": [-3.81, 5.06, 6.36],
						"0.75": [-3.71, 5.5, 6.36],
						"0.8": [-3.64, 6.02, 6.26]
					}
				},
				"lefthand_pos": {
					"position": [-14, -25, 15.5],
					"scale": 0
				},
				"camera": {
					"rotation": {
						"0.0": [0, 0, 0],
						"0.05": [0.09, 0, 0.15],
						"0.1": [0.13, 0, 0.25],
						"0.15": [-0.07, 0, 0.07],
						"0.2": [-0.25, 0, -0.12],
						"0.25": [-0.15, 0, -0.09],
						"0.3": [0, 0, 0],
						"0.35": [0.02, 0, 0.02],
						"0.4": [0, 0, 0],
						"0.45": [-0.01, 0, -0.08],
						"0.5": [0, 0, -0.12],
						"0.55": [0.08, 0, 0],
						"0.6": [0.13, 0, 0.13],
						"0.65": [0, 0, 0.08],
						"0.7": [-0.12, 0, 0],
						"0.75": [-0.09, 0, -0.02],
						"0.8": [0, 0, 0]
					}
				}
			}
		},
		"run_start": {
			"animation_length": 0.55,
			"bones": {
				"root": {
					"rotation": {
						"0.0": [0, 0, 0],
						"0.05": [2.8, -0.48, 3.97],
						"0.1": [5.79, -1.19, 9.23],
						"0.15": [1.73, -2.05, 11.57],
						"0.2": [-10.48, -2.9, 9.39],
						"0.25": [-28.47, -3.91, 4.94],
						"0.3": [-46.79, -4.85, 0.12],
						"0.35": [-59.98, -5.5, -3.14],
						"0.4": [-66.1, -5.75, -4.18],
						"0.45": [-68.22, -5.72, -4.06],
						"0.5": [-68.4, -5.59, -3.49],
						"0.55": [-68.73, -5.5, -3.14]
					},
					"position": {
						"0.0": [0, 0, 0],
						"0.05": [0.06, -0.14, 0.48],
						"0.1": [0.17, -0.08, 0.01],
						"0.15": [0.17, 0.36, -0.42],
						"0.2": [-0.09, 0.97, -0.25],
						"0.25": [-1.13, 1.45, 0.82],
						"0.3": [-2.54, 2.14, 1.97],
						"0.35": [-3.57, 3.06, 3.19],
						"0.4": [-3.83, 3.985, 4.28],
						"0.45": [-3.82, 5.055, 5.29],
						"0.5": [-3.71, 5.67, 5.96],
						"0.55": [-3.64, 6.02, 6.26]
					}
				},
				"lefthand_pos": {
					"position": {
						"0.0": [0, 0, 0],
						"0.1": [-7.17, -3.67, 0],
						"0.2": [-11.83, -12.08, 2],
						"0.3": [-14, -25, 15.5]
					},
					"scale": {
						"0.2": [1, 1, 1],
						"0.3": [0, 0, 0]
					}
				},
				"camera": {
					"rotation": {
						"0.0": {
							"post": [0, 0, 0],
							"lerp_mode": "catmullrom"
						},
						"0.1": {
							"post": [0.75, 0, -0.5],
							"lerp_mode": "catmullrom"
						},
						"0.2": {
							"post": [-0.25, 0, 0.1875],
							"lerp_mode": "catmullrom"
						},
						"0.3": {
							"post": [0, 0, 0],
							"lerp_mode": "catmullrom"
						},
						"0.4": {
							"post": [0, 0, 0],
							"lerp_mode": "catmullrom"
						}
					}
				}
			}
		},
		"run_hold": {
			"animation_length": 0.2917,
			"bones": {
				"root": {
					"rotation": [-68.73, -5.5, -3.14],
					"position": [-3.64, 6.02, 6.26]
				},
				"lefthand_pos": {
					"position": [-14, -25, 15.5],
					"scale": 0
				}
			}
		},
		"run_end": {
			"animation_length": 0.65,
			"bones": {
				"root": {
					"rotation": {
						"0.0": [-68.73, -5.5, -3.14],
						"0.05": [-55.61, -4.21, 0.37],
						"0.1": [-36.44, -2.32, 5.59],
						"0.15": [-17.16, -0.44, 10.34],
						"0.2": [-3.66, 0.81, 12.47],
						"0.25": [1.72, 1.17, 10.52],
						"0.3": [2.4, 1, 5.92],
						"0.35": [1.03, 0.62, 0.91],
						"0.4": [0.28, 0.35, -2.3],
						"0.45": [0.49, 0.21, -2.71],
						"0.5": [0.23, 0.09, -1.23],
						"0.55": [0, 0, 0],
						"0.6": [-0.02, -0.02, 0.14],
						"0.65": [0, 0, 0]
					},
					"position": {
						"0.0": [-3.64, 6.02, 6.26],
						"0.05": [-2.73, 1.89, 2.19],
						"0.1": [-1.47, -0.08, -0.26],
						"0.15": [-0.5, -1.1, -0.95],
						"0.2": [-0.17, -1.16, -1.34],
						"0.25": [-0.04, -1.17, -1.06],
						"0.3": [-0.01, -0.24, -0.23],
						"0.35": [0.02, 0.37, 0.3],
						"0.4": [0.06, 0.47, 0.4],
						"0.45": [0.05, 0.22, 0.18],
						"0.5": [0.03, 0.01, -0.01],
						"0.55": [0.02, -0.02, -0.03],
						"0.6": [0.01, -0.01, -0.01],
						"0.65": [0, 0, 0]
					}
				},
				"camera": {
					"rotation": {
						"0.25": {
							"pre": [0, 0, 0],
							"post": [0, 0, 0],
							"lerp_mode": "catmullrom"
						},
						"0.3": {
							"post": [0, 0, 0.3],
							"lerp_mode": "catmullrom"
						},
						"0.35": {
							"post": [0, 0, -0.125],
							"lerp_mode": "catmullrom"
						},
						"0.45": {
							"post": [0, 0, 0],
							"lerp_mode": "catmullrom"
						}
					}
				},
				"lefthand_pos": {
					"position": {
						"0.0": [-14, -25, 15.5],
						"0.1": [-11.83, -12.08, 2],
						"0.2": [-7.17, -3.67, 0],
						"0.3": [0, 0, 0]
					},
					"scale": {
						"0.15": [0, 0, 0],
						"0.2": [1, 1, 1]
					}
				}
			}
		},
		"melee_stock": {
			"loop": true,
			"bones": {
				"root": {
					"rotation": [0, 0, 0],
					"position": [0, 0, 0]
				}
			},
			"sound_effects": {
				"0.0": {
					"effect": "ex:inspect/kuiji_ping"
				}
			}
		}
	}
}