{
	"format_version": "1.8.0",
	"animations": {
		"static_idle": {
			"loop": true,
			"bones": {
				"lefthand": {
					"rotation": [89.52779, -393.457, -128.79941],
					"position": [6.85, -12.7, -2.325],
					"scale": [1, 1.5, 1]
				},
				"constraint": {
					"rotation": [0.05, 0.05, 0.05],
					"position": [0.2, 0.2, 0.2]
				},
				"righthand": {
					"rotation": [92.95715, -348.33003, -179.8124],
					"position": [-7.125, -14.15, 6.95],
					"scale": [1, 1.5, 1]
				},
				"root": {
					"rotation": [0, 0, 0],
					"position": [0, 0, 0]
				}
			}
		},
		"draw": {
			"loop": "hold_on_last_frame",
			"animation_length": 1,
			"bones": {
				"lefthand": {
					"rotation": [89.52779, -393.457, -128.79941],
					"position": [6.85, -12.7, -2.325],
					"scale": [1, 1.5, 1]
				},
				"constraint": {
					"rotation": [0.05, 0.05, 0.05],
					"position": [0.2, 0.2, 0.2]
				},
				"righthand": {
					"rotation": [92.95715, -348.33003, -179.8124],
					"position": [-7.125, -14.15, 6.95],
					"scale": [1, 1.5, 1]
				},
				"root": {
					"rotation": {
						"0.0": {
							"post": [-103.12, 0, 0],
							"lerp_mode": "catmullrom"
						},
						"0.0833": {
							"post": [-77.22, 0, 0],
							"lerp_mode": "catmullrom"
						},
						"0.1667": {
							"post": [-71.52, 0, 0],
							"lerp_mode": "catmullrom"
						},
						"0.25": {
							"post": [-67.82, 0, 0],
							"lerp_mode": "catmullrom"
						},
						"0.3333": {
							"post": [-60.22, 0, 0],
							"lerp_mode": "catmullrom"
						},
						"0.4167": {
							"post": [-46.32, 0, 0],
							"lerp_mode": "catmullrom"
						},
						"0.5": {
							"post": [-28.02, 0, 0],
							"lerp_mode": "catmullrom"
						},
						"0.5833": {
							"post": [-10.49, 0, 0],
							"lerp_mode": "catmullrom"
						},
						"0.625": {
							"post": [-0.22, 0, 4.3],
							"lerp_mode": "catmullrom"
						},
						"0.6667": {
							"post": [5.98, 0, 7.8],
							"lerp_mode": "catmullrom"
						},
						"0.7083": {
							"post": [8.48, 0, 10.7],
							"lerp_mode": "catmullrom"
						},
						"0.75": {
							"post": [8.38, 0, 11.4],
							"lerp_mode": "catmullrom"
						},
						"0.7917": {
							"post": [7.5, 0, 10.6],
							"lerp_mode": "catmullrom"
						},
						"0.8333": {
							"post": [4.1, 0, 9.2],
							"lerp_mode": "catmullrom"
						},
						"0.875": {
							"post": [1, 0, 6.4],
							"lerp_mode": "catmullrom"
						},
						"0.9167": {
							"post": [-0.3, 0, 0],
							"lerp_mode": "catmullrom"
						},
						"0.9583": {
							"post": [-0.52, 0, -0.4],
							"lerp_mode": "catmullrom"
						},
						"1.0": {
							"post": [0, 0, 0],
							"lerp_mode": "catmullrom"
						}
					},
					"position": {
						"0.0": {
							"post": [-11.2, -10.9, 13],
							"lerp_mode": "catmullrom"
						},
						"0.0417": {
							"post": [-11.1, -3.95, 10.8],
							"lerp_mode": "catmullrom"
						},
						"0.0833": {
							"post": [-11, 0.8, 6],
							"lerp_mode": "catmullrom"
						},
						"0.1667": {
							"post": [-10.1, 0, -0.2],
							"lerp_mode": "catmullrom"
						},
						"0.25": {
							"post": [-8.2, -0.8, -2.4],
							"lerp_mode": "catmullrom"
						},
						"0.3333": {
							"post": [-5.9, -1.1, -3.2],
							"lerp_mode": "catmullrom"
						},
						"0.4167": {
							"post": [-3, -1, -3.1],
							"lerp_mode": "catmullrom"
						},
						"0.5": {
							"post": [-0.5, -0.45, -1.6],
							"lerp_mode": "catmullrom"
						},
						"0.5833": {
							"post": [0.03, -0.5, -0.8],
							"lerp_mode": "catmullrom"
						},
						"0.625": {
							"post": [0, -0.7, -0.5],
							"lerp_mode": "catmullrom"
						},
						"0.6667": {
							"post": [0, -0.925, -0.3],
							"lerp_mode": "catmullrom"
						},
						"0.7083": {
							"post": [0, -1.025, -0.075],
							"lerp_mode": "catmullrom"
						},
						"0.75": {
							"post": [0, -1.05, 0.075],
							"lerp_mode": "catmullrom"
						},
						"0.7917": {
							"post": [0, -0.975, 0.225],
							"lerp_mode": "catmullrom"
						},
						"0.8333": {
							"post": [0, -0.76, 0.305],
							"lerp_mode": "catmullrom"
						},
						"0.875": {
							"post": [0, -0.4, 0.25],
							"lerp_mode": "catmullrom"
						},
						"0.9167": {
							"post": [0, 0, 0.03],
							"lerp_mode": "catmullrom"
						},
						"1.0": {
							"post": [0, 0, 0],
							"lerp_mode": "catmullrom"
						}
					}
				},
				"camera": {
					"rotation": {
						"0.0": {
							"post": [0, 0, 0],
							"lerp_mode": "catmullrom"
						},
						"0.0833": {
							"post": [-1.175, 0.325, -0.7],
							"lerp_mode": "catmullrom"
						},
						"0.2083": {
							"post": [0.88, -0.025, -0.925],
							"lerp_mode": "catmullrom"
						},
						"0.4167": {
							"post": [-0.245, 0.025, 0.175],
							"lerp_mode": "catmullrom"
						},
						"0.5": {
							"post": [0.15, 0, -0.2],
							"lerp_mode": "catmullrom"
						},
						"0.5833": {
							"post": [-0.08, 0, -0.08],
							"lerp_mode": "catmullrom"
						},
						"0.6667": {
							"post": [0.45, 0, 0.3],
							"lerp_mode": "catmullrom"
						},
						"0.75": {
							"post": [0.54, 0, -0.205],
							"lerp_mode": "catmullrom"
						},
						"0.9167": {
							"post": [0, 0, 0],
							"lerp_mode": "catmullrom"
						}
					}
				}
			}
		},
		"put_away": {
			"loop": "hold_on_last_frame",
			"animation_length": 0.25,
			"bones": {
				"constraint": {
					"rotation": [0, 0, 0],
					"position": [0.1, 0, 0.25]
				},
				"root": {
					"rotation": {
						"0.0": [0, 0, 0],
						"0.0833": [-2.2, -8.6, 17],
						"0.1667": [-4.34996, -26.12626, 41.90797],
						"0.25": [-4.35, -50.53, 41.91]
					},
					"position": {
						"0.0": {
							"post": [0, 0, 0],
							"lerp_mode": "catmullrom"
						},
						"0.0833": {
							"post": [1.8, 0.2, 0],
							"lerp_mode": "catmullrom"
						},
						"0.1667": {
							"post": [5.4, -2.7, 0],
							"lerp_mode": "catmullrom"
						},
						"0.25": {
							"post": [8.4, -12.5, 0],
							"lerp_mode": "catmullrom"
						}
					}
				},
				"righthand": {
					"rotation": [92.95715, -348.33003, -179.8124],
					"position": [-7.125, -14.15, 6.95],
					"scale": [1, 1.5, 1]
				},
				"lefthand": {
					"rotation": [89.52779, -393.457, -128.79941],
					"position": [6.85, -12.7, -2.325],
					"scale": [1, 1.5, 1]
				},
				"camera": {
					"rotation": {
						"0.0": {
							"post": [0, 0, 0],
							"lerp_mode": "catmullrom"
						},
						"0.0833": {
							"post": [0.6, 0, 0],
							"lerp_mode": "catmullrom"
						},
						"0.1667": {
							"post": [-0.36, 0, 0],
							"lerp_mode": "catmullrom"
						},
						"0.25": {
							"post": [0, 0, 0],
							"lerp_mode": "catmullrom"
						}
					}
				}
			}
		},
		"shoot": {
			"animation_length": 0.6,
			"bones": {
				"root": {
					"position": {
						"0.0": {
							"post": [0, 0, 0],
							"lerp_mode": "catmullrom"
						},
						"0.0333": {
							"post": [0, -0.09, 3],
							"lerp_mode": "catmullrom"
						},
						"0.0667": {
							"post": [0, 0.32, 3.5],
							"lerp_mode": "catmullrom"
						},
						"0.1": {
							"post": [0, 0.74, 3.14],
							"lerp_mode": "catmullrom"
						},
						"0.1333": {
							"post": [0, 0.73, 1.84],
							"lerp_mode": "catmullrom"
						},
						"0.1667": {
							"post": [0, 0.61, 1],
							"lerp_mode": "catmullrom"
						},
						"0.2": {
							"post": [0, 0.42, 0.27],
							"lerp_mode": "catmullrom"
						},
						"0.2333": {
							"post": [0, 0.32, 0.11],
							"lerp_mode": "catmullrom"
						},
						"0.2667": {
							"post": [0, 0.19, 0.01],
							"lerp_mode": "catmullrom"
						},
						"0.3": {
							"post": [0, 0.06, -0.06],
							"lerp_mode": "catmullrom"
						},
						"0.3333": {
							"post": [0, -0.05, -0.09],
							"lerp_mode": "catmullrom"
						},
						"0.3667": {
							"post": [0, -0.12, -0.12],
							"lerp_mode": "catmullrom"
						},
						"0.4": {
							"post": [0, -0.13, -0.13],
							"lerp_mode": "catmullrom"
						},
						"0.4333": {
							"post": [0, -0.12, -0.11],
							"lerp_mode": "catmullrom"
						},
						"0.4667": {
							"post": [0, -0.09, -0.08],
							"lerp_mode": "catmullrom"
						},
						"0.5": {
							"post": [0, -0.05, -0.05],
							"lerp_mode": "catmullrom"
						},
						"0.5333": {
							"post": [0, -0.02, -0.02],
							"lerp_mode": "catmullrom"
						},
						"0.5667": {
							"post": [0, 0, 0],
							"lerp_mode": "catmullrom"
						}
					}
				},
				"m95_barrel": {
					"position": {
						"0.0": [0, 0, 0],
						"0.0667": [0, 0, 6],
						"0.1333": [0, 0, 0],
						"0.2": [0, 0, 0.55],
						"0.2667": [0, 0, 0]
					}
				},
				"camera": {
					"rotation": {
						"0.0": {
							"post": [0, 0, 0],
							"lerp_mode": "catmullrom"
						},
						"0.1667": {
							"post": [0, 0, -2.055],
							"lerp_mode": "catmullrom"
						},
						"0.2333": {
							"post": [0, 0, 1.37],
							"lerp_mode": "catmullrom"
						},
						"0.3": {
							"post": [0, 0, -0.85],
							"lerp_mode": "catmullrom"
						},
						"0.3667": {
							"post": [0, 0, 0.525],
							"lerp_mode": "catmullrom"
						},
						"0.4333": {
							"post": [0, 0, -0.125],
							"lerp_mode": "catmullrom"
						},
						"0.5333": {
							"post": [0, 0, 0],
							"lerp_mode": "catmullrom"
						}
					}
				},
				"constraint": {
					"rotation": {
						"0.0": [0, 0, 0],
						"0.0333": [0.4, 0.1, 0.1],
						"0.5667": [0, 0, 0],
						"0.6": [0, 0, 0]
					},
					"position": {
						"0.0": [0, 0, 0],
						"0.0333": [0.2, 0.3, 0.2],
						"0.5667": [0, 0, 0],
						"0.6": [0, 0, 0]
					}
				},
				"trigger": {
					"rotation": {
						"0.0": [0, 0, 0],
						"0.0333": [25, 0, 0],
						"0.1333": [0, 0, 0]
					},
					"position": {
						"0.0": [0, 0, 0],
						"0.0333": [0, 0.1, 0],
						"0.1333": [0, 0, 0]
					}
				},
				"bone8": {
					"rotation": [0, 0, 0],
					"position": [0, 0, 0]
				}
			}
		},
		"bolt": {
			"animation_length": 0.9,
			"bones": {
				"lefthand": {
					"rotation": [89.52779, -393.457, -128.79941],
					"position": [6.85, -12.7, -2.325],
					"scale": [1, 1.5, 1]
				},
				"righthand": {
					"rotation": {
						"0.0": [92.95715, -348.33003, -179.8124],
						"0.0333": [92.96, -348.33, -179.81],
						"0.0667": [92.96, -348.33, -179.81],
						"0.1": [92.96, -348.33, -179.81],
						"0.1333": [89.36863, -347.98184, -197.17902],
						"0.1667": [87.7306, -348.17832, -205.09754],
						"0.2": [86.13757, -348.5935, -212.99845],
						"0.2333": [86.14, -348.59, -213],
						"0.2667": [85.88931, -348.67688, -214.27193],
						"0.3": [85.89, -348.68, -214.27],
						"0.3333": [91.29645, -348.02669, -206.53438],
						"0.3667": [91.3, -348.03, -195.13],
						"0.4": [91.3, -348.03, -195.13],
						"0.4333": [91.3, -348.03, -195.13],
						"0.4667": [91.3, -348.03, -195.13],
						"0.5": [91.3, -348.03, -195.13],
						"0.5333": [102.7, -348.03, -195.13],
						"0.5667": [107.51533, -350.34357, -187.33261],
						"0.6": [107.52, -350.34, -187.33],
						"0.6333": [107.52, -350.34, -187.33],
						"0.6667": [107.52, -350.34, -187.33],
						"0.7": [107.52, -350.34, -187.33],
						"0.7333": [108.16169, -351.64265, -183.23392],
						"0.7667": [109.53195, -355.94039, -170.62298],
						"0.8": [109.53195, -355.94039, -170.62298],
						"0.8333": [104.01, -353.4, -173.69],
						"0.8667": [98.48, -350.87, -176.75],
						"0.9": [92.95715, -348.33003, -179.8124]
					},
					"position": {
						"0.0": [-7.125, -14.15, 6.95],
						"0.0333": [-7.12, -14.15, 6.95],
						"0.0667": [-7.12, -14.15, 6.95],
						"0.1": [-8.32, -15.175, 6.95],
						"0.1333": [-10.02, -13.995, 7.175],
						"0.1667": [-10.27, -13.44, 6.605],
						"0.2": [-10.27, -13.44, 6.61],
						"0.2333": [-10.27, -13.265, 6.61],
						"0.2667": [-10.27, -12.765, 6.61],
						"0.3": [-10.27, -10.83, 6.61],
						"0.3333": [-10.12, -9.615, 6.71],
						"0.3667": [-10.12, -9.61, 9.11],
						"0.4": [-10.12, -9.61, 12.96],
						"0.4333": [-10.12, -9.61, 12.96],
						"0.4667": [-10.12, -9.61, 12.96],
						"0.5": [-10.12, -9.61, 12.96],
						"0.5333": [-10.12, -9.61, 12.96],
						"0.5667": [-10.12, -9.61, 12.96],
						"0.6": [-10.12, -9.61, 12.96],
						"0.6333": [-10.12, -9.61, 12.96],
						"0.6667": [-10.12, -9.61, 12.96],
						"0.7": [-10.12, -9.61, 12.96],
						"0.7333": [-9.99, -9.51, 11.365],
						"0.7667": [-9.99, -9.435, 7.27],
						"0.8": [-10.415, -11.705, 7.175],
						"0.8333": [-9.32, -12.52, 7.1],
						"0.8667": [-8.22, -13.33, 7.03],
						"0.9": [-7.125, -14.15, 6.95]
					},
					"scale": [1, 1.5, 1]
				},
				"root": {
					"rotation": {
						"0.0": [0, 0, 0],
						"0.0333": [0, 0, 0],
						"0.0667": [0, 0, 0],
						"0.1": [0, 0, 0],
						"0.1333": [0.3, 0, 0],
						"0.1667": [0.6, 0, 0],
						"0.2": [0.7, 0, 0],
						"0.2333": [0.8, 0, 0],
						"0.2667": [0.9, 0, 0],
						"0.3": [1, 0, 0],
						"0.3333": [1.1, 0, 0],
						"0.3667": [0.8, 0, 0],
						"0.4": [0.3, 0, 0],
						"0.4333": [-0.3, 0, 0],
						"0.4667": [-0.3, 0, -0.3],
						"0.5": [-0.3, 0, -0.6],
						"0.5333": [-0.3, 0, -0.6],
						"0.5667": [-0.3, 0, -0.6],
						"0.6": [-0.3, 0, -0.6],
						"0.6333": [-0.3, 0, -0.6],
						"0.6667": [-0.3, 0, -0.6],
						"0.7": [-0.3, 0, -0.6],
						"0.7333": [-0.2, 0, -0.5],
						"0.7667": [-0.1, 0, -0.3],
						"0.8": [0, 0, -0.2],
						"0.8333": [0, 0, -0.1],
						"0.8667": [0, 0, 0],
						"0.9": [0, 0, 0]
					},
					"position": {
						"0.0": [0, 0, 0],
						"0.0333": [0, 0, 0],
						"0.0667": [0, 0, 0],
						"0.1": [0, 0, 0],
						"0.1333": [0, -0.1, 0],
						"0.1667": [0, -0.2, 0],
						"0.2": [0, -0.2, 0],
						"0.2333": [0, -0.2, 0],
						"0.2667": [0, -0.2, 0],
						"0.3": [0, -0.2, 0],
						"0.3333": [0, -0.2, 0.1],
						"0.3667": [0, -0.2, 0.2],
						"0.4": [0, -0.2, 0.3],
						"0.4333": [0, -0.2, 0.425],
						"0.4667": [0, -0.2, 0.6],
						"0.5": [0, -0.2, 0.8],
						"0.5333": [0, -0.2, 0.9],
						"0.5667": [0, -0.2, 1],
						"0.6": [0, -0.2, 0.99],
						"0.6333": [0, -0.2, 0.99],
						"0.6667": [0, -0.3, 1],
						"0.7": [0, -0.3, 0.99],
						"0.7333": [0, -0.3, 0.9],
						"0.7667": [0, -0.2, 0.9],
						"0.8": [0, -0.2, 0.9],
						"0.8333": [0, -0.2, 0.6],
						"0.8667": [0, -0.1, 0.3],
						"0.9": [0, 0, 0]
					}
				},
				"m200_bolt": {
					"position": {
						"0.3": [0, 0, 0],
						"0.3333": [0, 0, 0],
						"0.3667": [0, 0, 2.275],
						"0.4": [0, 0, 5.895],
						"0.6667": [0, 0, 5.895],
						"0.7": [0, 0, 5.895],
						"0.7333": [0, 0, 4.15],
						"0.7667": [0, 0, 0]
					}
				},
				"rotate": {
					"rotation": {
						"0.2667": [0, 0, 0],
						"0.3": [0, 0, 30],
						"0.3333": [0, 0, 60],
						"0.7333": [0, 0, 60],
						"0.7667": [0, 0, 30],
						"0.8": [0, 0, 0]
					}
				},
				"camera": {
					"rotation": {
						"0.2333": {
							"pre": [0, 0, 0],
							"post": [0, 0, 0],
							"lerp_mode": "catmullrom"
						},
						"0.2667": {
							"post": [-0.3, 0, 0.2],
							"lerp_mode": "catmullrom"
						},
						"0.3": {
							"post": [-0.6, 0, 0.4],
							"lerp_mode": "catmullrom"
						},
						"0.3333": {
							"post": [-0.9, 0, 0.6],
							"lerp_mode": "catmullrom"
						},
						"0.6": {
							"post": [-0.9, 0, 0.4],
							"lerp_mode": "catmullrom"
						},
						"0.6333": {
							"post": [-0.6, 0, 0.3],
							"lerp_mode": "catmullrom"
						},
						"0.6667": {
							"post": [-0.3, 0, 0.2],
							"lerp_mode": "catmullrom"
						},
						"0.7": {
							"post": [0, 0, 0.1],
							"lerp_mode": "catmullrom"
						},
						"0.7333": {
							"post": [0, 0, 0],
							"lerp_mode": "catmullrom"
						}
					}
				},
				"bullet_in_magazine": {
					"rotation": {
						"0.4333": [0, 0, 0],
						"0.4667": [-5, 0, 0],
						"0.5": [0, 0, 0]
					},
					"position": {
						"0.4667": [0, 0, 0.04],
						"0.5": [0, 0.4981, 0.04358],
						"0.7": [0, 0.625, 0.04358],
						"0.7333": [0, 0.625, -1.495],
						"0.8333": [0, 0.5, -8]
					}
				},
				"shell_ejection": {
					"rotation": {
						"0.3333": [0, 0, 0],
						"0.3667": [0, 0, 0],
						"0.4": [0, -135.42, 0],
						"0.4333": [0, -270.83, 0],
						"0.5": [0, -406.25, 0],
						"0.5667": [0, -541.67, 0],
						"0.6333": [0, -677.08, 0],
						"0.6667": [0, -812.5, 0],
						"0.7": [0, 0, 0]
					},
					"position": {
						"0.3333": [0, 0, 0],
						"0.3667": [0, 0.0875, 2.21875],
						"0.4": {
							"pre": [-9.1, 1.0875, 8.51875],
							"post": [-9.1, 1.0875, 8.51875],
							"lerp_mode": "catmullrom"
						},
						"0.4333": {
							"post": [-18.3, 1.0875, 13.21875],
							"lerp_mode": "catmullrom"
						},
						"0.5": {
							"post": [-24.4, -2.9125, 15.21875],
							"lerp_mode": "catmullrom"
						},
						"0.6": {
							"post": [-31.8, -8.9125, 13.91875],
							"lerp_mode": "catmullrom"
						},
						"0.6333": {
							"post": [-37.8, -16.9125, 8.61875],
							"lerp_mode": "catmullrom"
						},
						"0.6667": {
							"post": [-42, -25.3125, 5.61875],
							"lerp_mode": "catmullrom"
						},
						"0.7": [-46.1, -35.0125, 2.41875],
						"0.7667": [0, 0, 0]
					},
					"scale": {
						"0.0": [1, 1, 1],
						"0.6667": {
							"pre": [1, 1, 1],
							"post": [0, 0, 0]
						},
						"0.9": {
							"pre": [0, 0, 0],
							"post": [1, 1, 1]
						}
					}
				}
			},
			"sound_effects": {
				"0.1": {
					"effect": "ex:intervention/intervention_bolt"
				}
			}
		},
		"reload_tactical": {
			"animation_length": 1.2,
			"bones": {
				"root": {
					"rotation": {
						"0.0": [0, 0, 0],
						"0.0417": [0, 0, 0],
						"0.0833": [-0.75, 0, -0.7],
						"0.125": [-1.75, 0, -1.7],
						"0.1667": [-4.73201, -0.41352, -6.68291],
						"0.2083": [-8.64053, -0.31685, -12.61181],
						"0.25": [-8.64, -1.32, -22.71],
						"0.2917": [-7.7865, -3.8386, -31.70145],
						"0.3333": [-7.29, -4.84, -37.3],
						"0.375": [-6.265, -4.84, -40.2],
						"0.4167": [-5.69, -4.84, -40.2],
						"0.4583": [-4.19, -4.84, -40.2],
						"0.5": [-3.19, -4.84, -40.2],
						"0.5417": [-3.19, -4.84, -40.2],
						"0.5833": [-3.69, -4.84, -40.2],
						"0.625": [-3.69, -4.84, -40.2],
						"0.6667": [-4.79, -4.84, -40.2],
						"0.7083": [-6.79, -4.84, -40.2],
						"0.75": [-8.39, -4.84, -40.2],
						"0.7917": [-8.39, -4.84, -40.2],
						"0.8333": [-10.39, -4.84, -40.2],
						"0.875": [-13.59, -4.84, -38.7],
						"0.9167": [-12.49, -4.84, -32.1],
						"0.9583": [-6.29, -4.84, -21.7],
						"1.0": [-3.19, -4.84, -11.9],
						"1.0417": [-2.39, -3.63, -6.97],
						"1.0833": [-1.59, -2.42, -4.65],
						"1.125": [-0.79, -1.21, -2.33],
						"1.1667": [0, 0, 0]
					},
					"position": {
						"0.0": [0, 0, 0],
						"0.0417": [0, 0, 0],
						"0.0833": [0, 0.2, -0.2],
						"0.125": [-0.3, 0.5, -0.6],
						"0.1667": [-0.8, 0.875, -0.8],
						"0.2083": [-1.675, 1.055, -0.925],
						"0.25": [-2.48, 0.96, -0.92],
						"0.2917": [-3.03, 0.535, -0.92],
						"0.3333": [-3.33, 0.04, -0.92],
						"0.375": [-3.53, -0.26, -0.92],
						"0.4167": [-3.53, -0.46, -0.92],
						"0.4583": [-3.53, -0.56, -0.92],
						"0.5": [-3.53, -0.56, -0.92],
						"0.5417": [-3.53, -0.56, -0.92],
						"0.5833": [-3.53, -0.56, -0.92],
						"0.625": [-3.53, -0.56, -0.92],
						"0.6667": [-3.53, -0.56, -0.92],
						"0.7083": [-3.53, -0.36, -0.92],
						"0.75": [-3.53, -0.36, -0.92],
						"0.7917": [-3.53, -0.36, -0.92],
						"0.8333": [-3.53, -0.36, -0.92],
						"0.875": [-3.53, -0.36, -0.92],
						"0.9167": [-3.03, -0.36, -0.92],
						"0.9583": [-2.33, -0.36, -0.92],
						"1.0": [-1.83, -0.36, -0.92],
						"1.0417": [-1.23, -0.36, -0.92],
						"1.0833": [-0.83, -0.36, -0.72],
						"1.125": [-0.43, -0.36, -0.52],
						"1.1667": [0, 0, 0]
					}
				},
				"righthand": {
					"rotation": [92.95715, -348.33003, -179.8124],
					"position": [-7.125, -14.15, 6.95],
					"scale": [1, 1.5, 1]
				},
				"lefthand": {
					"rotation": {
						"0.0": [89.52779, -393.457, -128.79941],
						"0.0417": [89.53, -393.46, -128.8],
						"0.0833": [89.53, -393.46, -128.8],
						"0.125": [89.53, -393.46, -128.8],
						"0.1667": [89.53, -393.46, -128.8],
						"0.2083": [89.53, -393.46, -128.8],
						"0.25": [89.53, -393.46, -128.8],
						"0.2917": [89.53, -393.46, -128.8],
						"0.3333": [89.53, -393.46, -128.8],
						"0.375": [89.59682, -373.46057, -128.96529],
						"0.4167": [113.01344, -372.87262, -113.3173],
						"0.4583": [135.13962, -354.58045, -108.42431],
						"0.5": [144.50666, -351.59109, -105.37608],
						"0.5417": [133.04681, -363.09584, -110.97078],
						"0.5833": [156.19197, -401.84122, -164.60109],
						"0.625": [99.31805, -384.20729, -128.88263],
						"0.6667": [99.32, -384.21, -128.88],
						"0.7083": [99.32, -384.21, -128.88],
						"0.75": [99.32, -384.21, -128.88],
						"0.7917": [99.32, -384.21, -128.88],
						"0.8333": [99.32, -384.21, -128.88],
						"0.875": [99.32, -384.21, -128.88],
						"0.9167": [99.32, -384.21, -128.88],
						"0.9583": [99.32, -384.21, -128.88],
						"1.0": [94.42, -388.83, -128.84],
						"1.0417": [89.52779, -393.457, -128.79941]
					},
					"position": {
						"0.0": [6.85, -12.7, -2.325],
						"0.0417": [6.85, -12.7, -2.33],
						"0.0833": [7.65, -13.05, -0.88],
						"0.125": [7.65, -13.05, 0.945],
						"0.1667": [7.65, -13.35, 1.55],
						"0.2083": [7.35, -14.225, 1.35],
						"0.25": [6.875, -14.22, 1.05],
						"0.2917": [6.88, -14.445, 1.05],
						"0.3333": [6.88, -14.44, 1.05],
						"0.375": [7.455, -14.79, 1.05],
						"0.4167": [8.205, -15.785, 0.225],
						"0.4583": [10.935, -16.63, -0.17],
						"0.5": [13.265, -19.805, -0.17],
						"0.5417": [11.47, -16.9, -0.17],
						"0.5833": [6.57, -14.3, 0.305],
						"0.625": [7.275, -23.275, 1.35],
						"0.6667": [7.28, -27.37, 1.35],
						"0.7083": [7.28, -27.37, 1.35],
						"0.75": [7.28, -27.37, 1.35],
						"0.7917": [7.28, -27.37, 1.35],
						"0.8333": [7.28, -27.37, 1.35],
						"0.875": [7.28, -16.37, 1.35],
						"0.9167": [8.805, -16.37, 1.2],
						"0.9583": [9.335, -15.97, -0.55],
						"1.0": [8.165, -14.82, -0.975],
						"1.0417": [6.85, -12.7, -2.325]
					},
					"scale": [1, 1.5, 1]
				},
				"mag_and_lefthand": {
					"rotation": {
						"0.0": [0, 0, 0],
						"0.0417": [0, 0, 0],
						"0.0833": [0, 0, 0],
						"0.125": [0, 0, 0],
						"0.1667": [0, 0, 0],
						"0.2083": [0, 0, 0],
						"0.25": [0, 0, 0],
						"0.2917": [0, 0, 0],
						"0.3333": [0, 0, 0],
						"0.375": [0, 0, -12.85],
						"0.4167": [0, 0, -24.75],
						"0.4583": [0, 0, -24.75],
						"0.5": [0, 0, -24.75],
						"0.5417": [0, 0, -24.75],
						"0.5833": [0, 0, -24.75],
						"0.625": [0, 0, 0],
						"0.6667": [0, 0, 0],
						"0.7083": [0, 0, 0],
						"0.75": [0, 0, 0],
						"0.7917": [0, 0, 0],
						"0.8333": [0, 0, 0],
						"0.875": [0, 0, 0]
					},
					"position": {
						"0.0": [0, 0, 0],
						"0.0417": [0, 0, 0],
						"0.0833": [0, 0, 0],
						"0.125": [0, 0, 0],
						"0.1667": [0, 0, 0],
						"0.2083": [0, 0, 0],
						"0.25": [0, 0, 0],
						"0.2917": [0, 0, 0],
						"0.3333": [0, 0, 0],
						"0.375": [5.5, -7, 0],
						"0.4167": [5.5, -7, 0],
						"0.4583": [5.5, -7, 0],
						"0.5": [5.5, -7, 0],
						"0.5417": [5.5, -7, 0],
						"0.5833": [5.5, -7, 0],
						"0.625": [0, 0, 0],
						"0.6667": [0, 0, 0],
						"0.7083": [0, 0, 0],
						"0.75": [0, 2.825, 0],
						"0.7917": [0, 6.805, 0],
						"0.8333": [0, 9.235, 0],
						"0.875": [0, 0, 0]
					}
				},
				"mag_and_bullet": {
					"rotation": {
						"0.0": [0, 0, 0],
						"0.0417": [0, 0, 0],
						"0.0833": [0, 0, 0],
						"0.125": [0, 0, 0],
						"0.1667": [0, 0, 0],
						"0.2083": [0, 0, 0],
						"0.25": [0, 0, 0],
						"0.2917": [0, 0, 0],
						"0.3333": [0, 0, 0],
						"0.375": [0, 0, -41.1],
						"0.4167": [94.1, -36, -135.4],
						"0.4583": [180, -67.5, -197.5],
						"0.5": [274.1, -49.8, -150.3],
						"0.5417": [0, 0, 0],
						"0.5833": [0, 0, 0],
						"0.625": [0, 0, 0],
						"0.6667": [0, 0, 0],
						"0.7083": [0, 0, 0],
						"0.75": [0, 0, 0],
						"0.7917": [0, 0, 0],
						"0.8333": [0, 0, 0],
						"0.875": [0, 0, 0]
					},
					"position": {
						"0.0": [0, 0, 0],
						"0.0417": [0, 0, 0],
						"0.0833": [0, 0, 0],
						"0.125": [0, 0, 0],
						"0.1667": [0, 0, 0],
						"0.2083": [0, 0, 0],
						"0.25": [0, 0, 0],
						"0.2917": [0, 0, 0],
						"0.3333": [0, 0, 0],
						"0.375": [0, 0, 0],
						"0.4167": [0.625, -2.45, -3.025],
						"0.4583": [4.875, -14.9, -7.225],
						"0.5": [5.65, -26.45, -7.23],
						"0.5417": [-14.25, -6, 7.47],
						"0.5833": [-14.25, -6, 7.47],
						"0.625": [0, -12.4, 0],
						"0.6667": [0, -12.4, 0],
						"0.7083": [0, -12.4, 0],
						"0.75": [0, -12.4, 0],
						"0.7917": [0, -12.4, 0],
						"0.8333": [0, -12.4, 0],
						"0.875": [0, 0, 0]
					}
				},
				"camera": {
					"rotation": {
						"0.0": {
							"post": [0, 0, 0],
							"lerp_mode": "catmullrom"
						},
						"0.0833": {
							"post": [-0.04, 0, 0.01],
							"lerp_mode": "catmullrom"
						},
						"0.1667": {
							"post": [-0.3, 0, 0.03],
							"lerp_mode": "catmullrom"
						},
						"0.25": {
							"post": [-0.9, 0, 0.05],
							"lerp_mode": "catmullrom"
						},
						"0.3333": {
							"post": [-1.6, 0, 0.07],
							"lerp_mode": "catmullrom"
						},
						"0.4167": {
							"post": [-2, 0, 0.09],
							"lerp_mode": "catmullrom"
						},
						"0.5833": {
							"post": [-2.56, 0, 0.14],
							"lerp_mode": "catmullrom"
						},
						"0.8333": {
							"post": [-1.41, 0, 0.26],
							"lerp_mode": "catmullrom"
						},
						"0.9167": {
							"post": [-0.56, 0, 0.29],
							"lerp_mode": "catmullrom"
						},
						"1.0": {
							"post": [0.42, 0, 0.32],
							"lerp_mode": "catmullrom"
						},
						"1.0833": {
							"post": [-0.98, 0, 0.37],
							"lerp_mode": "catmullrom"
						},
						"1.1667": {
							"post": [0, 0, 0],
							"lerp_mode": "catmullrom"
						}
					}
				},
				"mag_release": {
					"rotation": {
						"0.2917": [0, 0, 0],
						"0.3333": [-9, 0, 0],
						"0.4583": [0, 0, 0],
						"0.8333": [0, 0, 0],
						"0.875": [-9, 0, 0],
						"0.9583": [0, 0, 0]
					},
					"position": {
						"0.2917": [0, 0, 0],
						"0.3333": [0, 0, 0],
						"0.4583": [0, 0, 0],
						"0.8333": [0, 0, 0],
						"0.875": [0, 0, 0],
						"0.9583": [0, 0, 0]
					}
				}
			},
			"sound_effects": {
				"0.0": {
					"effect": "ex:intervention/intervention_fastmags_tactical"
				}
			}
		},
		"reload_empty": {
			"animation_length": 2,
			"bones": {
				"root": {
					"rotation": {
						"0.0": [0, 0, 0],
						"0.0417": [0, 0, 0],
						"0.0833": [0, -1.5, 0],
						"0.125": [0, -7.56, 0],
						"0.1667": [0, -13.62, 0],
						"0.2083": [1.24751, -12.9063, 1.62735],
						"0.25": [2.43563, -10.8, 3.32052],
						"0.2917": [2.72, -6.2, 2.21],
						"0.3333": [2.94, -4.5, 1.77],
						"0.375": [3.66, -4.5, 1.33],
						"0.4167": [4.14, -4.5, 0.89],
						"0.4583": [4.27, -4.5, 0.45],
						"0.5": [5.01168, -4.5, 0.18782],
						"0.5417": [5.61, -3, 0.13],
						"0.5833": [0, 0, 0],
						"0.625": [-0.75, 0, -0.7],
						"0.6667": [-1.75, 0, -1.7],
						"0.7083": [-4.73201, -0.41352, -6.68291],
						"0.75": [-8.64053, -0.31685, -12.61181],
						"0.7917": [-8.64, -1.32, -22.71],
						"0.8333": [-7.7865, -3.8386, -31.70145],
						"0.875": [-7.29, -4.84, -37.3],
						"0.9167": [-6.265, -4.84, -40.2],
						"0.9583": [-5.69, -4.84, -40.2],
						"1.0": [-4.19, -4.84, -40.2],
						"1.0417": [-3.19, -4.84, -40.2],
						"1.0833": [-3.19, -4.84, -40.2],
						"1.125": [-3.69, -4.84, -40.2],
						"1.1667": [-3.69, -4.84, -40.2],
						"1.2083": [-4.79, -4.84, -40.2],
						"1.25": [-6.29, -4.84, -40.2],
						"1.2917": [-8.39, -4.84, -40.2],
						"1.3333": [-8.39, -4.84, -40.2],
						"1.375": [-10.39, -4.84, -40.2],
						"1.4167": [-13.59, -4.84, -38.7],
						"1.4583": [-12.49, -4.84, -32.1],
						"1.5": [-6.29, -4.84, -21.7],
						"1.5417": [-3.19, -4.84, -11.4],
						"1.5833": [-0.19, -3.63, -6.97],
						"1.625": [5.47925, -3.22723, 3.06729],
						"1.6667": [7.88, -3.23, 3.07],
						"1.7083": [6.68, -3.23, -0.53],
						"1.75": [6.16201, -1.30836, -10.3037],
						"1.7917": [6.16, -1.31, -10.3],
						"1.8333": [3.76, -1.31, -7.3],
						"1.875": [3.76, -1.31, -5.5],
						"1.9167": [2.51, -0.87, -3.67],
						"1.9583": [1.26, -0.44, -1.84],
						"2.0": [0, 0, 0]
					},
					"position": {
						"0.0": [0, 0, 0],
						"0.0417": [0, 0, 0],
						"0.0833": [0, 0.2, -0.2],
						"0.125": [0.17, 0.26, -0.28],
						"0.1667": [0.54, 0.26, -0.465],
						"0.2083": [0.61, 0.25, -0.57],
						"0.25": [0.48, 0.265, -0.58],
						"0.2917": [0.32, 0.08, -0.59],
						"0.3333": [0.26, -0.16, -0.61],
						"0.375": [0.2, -0.29, -0.53],
						"0.4167": [0.13, -0.26, -0.45],
						"0.4583": [0.07, -0.23, -0.48],
						"0.5": [0.05, -0.35, -0.285],
						"0.5417": [0.03, -0.63, 0.28],
						"0.5833": [0, 0, 0],
						"0.625": [0, 0.2, -0.2],
						"0.6667": [-0.3, 0.5, -0.6],
						"0.7083": [-0.8, 0.875, -0.8],
						"0.75": [-1.675, 1.055, -0.925],
						"0.7917": [-2.48, 0.96, -0.92],
						"0.8333": [-3.03, 0.535, -0.92],
						"0.875": [-3.33, 0.04, -0.92],
						"0.9167": [-3.53, -0.26, -0.92],
						"0.9583": [-3.53, -0.46, -0.92],
						"1.0": [-3.53, -0.56, -0.92],
						"1.0417": [-3.53, -0.56, -0.92],
						"1.0833": [-3.53, -0.56, -0.92],
						"1.125": [-3.53, -0.56, -0.92],
						"1.1667": [-3.53, -0.56, -0.92],
						"1.2083": [-3.53, -0.56, -0.92],
						"1.25": [-3.53, -0.36, -0.92],
						"1.2917": [-3.53, -0.36, -0.92],
						"1.3333": [-3.53, -0.36, -0.92],
						"1.375": [-3.53, -0.36, -0.92],
						"1.4167": [-3.53, -0.36, -0.92],
						"1.4583": [-3.03, -0.36, -0.92],
						"1.5": [-2.43, -0.36, -0.92],
						"1.5417": [-1.83, -0.36, -0.92],
						"1.5833": [-1.23, -0.56, -1.22],
						"1.625": [-0.93, -1.06, -1.445],
						"1.6667": [-0.83, -1.16, -1.64],
						"1.7083": [-0.83, -1.26, -1.74],
						"1.75": [-0.83, -1.26, -1.74],
						"1.7917": [-0.83, -1.26, -1.74],
						"1.8333": [-0.83, -1.26, -1.44],
						"1.875": [-0.83, -1.26, -1.44],
						"1.9167": [-0.55, -0.84, -0.96],
						"1.9583": [-0.28, -0.42, -0.48],
						"2.0": [0, 0, 0]
					}
				},
				"righthand": {
					"rotation": {
						"0.0": [92.95715, -348.33003, -179.8124],
						"0.0417": [92.96, -348.33, -179.81],
						"0.0833": [92.96, -348.33, -179.81],
						"0.125": [92.96, -348.33, -179.81],
						"0.1667": [88.6783, -348.03724, -200.50105],
						"0.2083": [91.4432, -348.05109, -187.21152],
						"0.25": [91.44, -348.05, -187.21],
						"0.2917": [91.44, -348.05, -187.21],
						"0.3333": [91.44, -348.05, -187.21],
						"0.375": [91.44, -348.05, -187.21],
						"0.4167": [92.95715, -348.33003, -179.8124],
						"1.5417": [92.96, -348.33, -179.81],
						"1.5833": [92.96, -348.33, -179.81],
						"1.625": [92.96, -348.33, -179.81],
						"1.6667": [133.71, -348.33, -179.81],
						"1.7083": [133.71, -348.33, -179.81],
						"1.75": [132.4817, -343.71515, -184.88805],
						"1.7917": [128.73, -343.72, -184.89],
						"1.8333": [133.48, -343.72, -184.89],
						"1.875": [133.48, -343.72, -184.89],
						"1.9167": [119.97, -345.26, -183.2],
						"1.9583": [106.46, -346.8, -181.51],
						"2.0": [92.95715, -348.33003, -179.8124]
					},
					"position": {
						"0.0": [-7.125, -14.15, 6.95],
						"0.0417": [-7.12, -14.15, 6.95],
						"0.0833": [-7.945, -14.725, 6.95],
						"0.125": [-10.465, -14.52, 6.875],
						"0.1667": [-9.91, -12.37, 6.88],
						"0.2083": [-10.585, -9.445, 6.88],
						"0.25": [-10.53, -9.265, 8.88],
						"0.2917": [-10.53, -9.26, 13.105],
						"0.3333": [-10.53, -9.26, 12.48],
						"0.375": [-10.68, -12.11, 9.63],
						"0.4167": [-7.125, -14.15, 6.95],
						"1.5417": [-7.12, -14.15, 6.95],
						"1.5833": [-7.12, -14.15, 6.95],
						"1.625": [-8.49, -12.55, 9],
						"1.6667": [-9.79, -9.3, 12.475],
						"1.7083": [-10.59, -8.8, 8.655],
						"1.75": [-10.09, -12, 6.925],
						"1.7917": [-10.09, -12, 6.93],
						"1.8333": [-10.09, -12.45, 6.93],
						"1.875": [-11.315, -13.7, 7.23],
						"1.9167": [-9.92, -13.85, 7.14],
						"1.9583": [-8.52, -14, 7.05],
						"2.0": [-7.125, -14.15, 6.95]
					},
					"scale": [1, 1.5, 1]
				},
				"lefthand": {
					"rotation": {
						"0.0": [89.52779, -393.457, -128.79941],
						"0.5833": [89.53, -393.46, -128.8],
						"0.625": [89.53, -393.46, -128.8],
						"0.6667": [89.53, -393.46, -128.8],
						"0.7083": [89.53, -393.46, -128.8],
						"0.75": [89.53, -393.46, -128.8],
						"0.7917": [89.53, -393.46, -128.8],
						"0.8333": [89.53, -393.46, -128.8],
						"0.875": [89.53, -393.46, -128.8],
						"0.9167": [89.59682, -373.46057, -128.96529],
						"0.9583": [113.01344, -372.87262, -113.3173],
						"1.0": [135.13962, -354.58045, -108.42431],
						"1.0417": [144.50666, -351.59109, -105.37608],
						"1.0833": [133.04681, -363.09584, -110.97078],
						"1.125": [156.19197, -401.84122, -164.60109],
						"1.1667": [99.31805, -384.20729, -128.88263],
						"1.2083": [99.32, -384.21, -128.88],
						"1.25": [99.32, -384.21, -128.88],
						"1.2917": [99.32, -384.21, -128.88],
						"1.3333": [99.32, -384.21, -128.88],
						"1.375": [99.32, -384.21, -128.88],
						"1.4167": [99.32, -384.21, -128.88],
						"1.4583": [99.32, -384.21, -128.88],
						"1.5": [99.32, -384.21, -128.88],
						"1.5417": [94.42, -388.83, -128.84],
						"1.5833": [89.52779, -393.457, -128.79941]
					},
					"position": {
						"0.0": [6.85, -12.7, -2.325],
						"0.5833": [6.85, -12.7, -2.33],
						"0.625": [7.65, -13.05, -0.88],
						"0.6667": [7.65, -13.05, 0.945],
						"0.7083": [7.65, -13.35, 1.55],
						"0.75": [7.35, -14.225, 1.35],
						"0.7917": [6.875, -14.22, 1.05],
						"0.8333": [6.88, -14.445, 1.05],
						"0.875": [6.88, -14.44, 1.05],
						"0.9167": [7.455, -14.79, 1.05],
						"0.9583": [8.205, -15.785, 0.225],
						"1.0": [10.935, -16.63, -0.17],
						"1.0417": [13.265, -19.805, -0.17],
						"1.0833": [11.47, -16.9, -0.17],
						"1.125": [6.57, -14.3, 0.305],
						"1.1667": [7.275, -23.275, 1.35],
						"1.2083": [7.28, -27.37, 1.35],
						"1.25": [7.28, -27.37, 1.35],
						"1.2917": [7.28, -27.37, 1.35],
						"1.3333": [7.28, -27.37, 1.35],
						"1.375": [7.28, -27.37, 1.35],
						"1.4167": [7.28, -16.37, 1.35],
						"1.4583": [8.805, -16.37, 1.2],
						"1.5": [9.335, -15.97, -0.55],
						"1.5417": [8.165, -14.82, -0.975],
						"1.5833": [6.85, -12.7, -2.325]
					},
					"scale": [1, 1.5, 1]
				},
				"m200_bolt": {
					"position": {
						"0.2083": [0, 0, 0],
						"0.25": [0, 0, 2.175],
						"0.2917": [0, 0, 5.87],
						"1.6667": [0, 0, 5.87],
						"1.7083": [0, 0, 1.9],
						"1.75": [0, 0, 0]
					}
				},
				"rotate": {
					"rotation": {
						"0.1667": [0, 0, 0],
						"0.2083": [0, 0, 60],
						"1.7083": [0, 0, 60],
						"1.75": [0, 0, 0]
					}
				},
				"mag_and_lefthand": {
					"rotation": {
						"0.0": [0, 0, 0],
						"0.5833": [0, 0, 0],
						"0.625": [0, 0, 0],
						"0.6667": [0, 0, 0],
						"0.7083": [0, 0, 0],
						"0.75": [0, 0, 0],
						"0.7917": [0, 0, 0],
						"0.8333": [0, 0, 0],
						"0.875": [0, 0, 0],
						"0.9167": [0, 0, -12.85],
						"0.9583": [0, 0, -24.75],
						"1.0": [0, 0, -24.75],
						"1.0417": [0, 0, -24.75],
						"1.0833": [0, 0, -24.75],
						"1.125": [0, 0, -24.75],
						"1.1667": [0, 0, 0],
						"1.2083": [0, 0, 0],
						"1.25": [0, 0, 0],
						"1.2917": [0, 0, 0],
						"1.3333": [0, 0, 0],
						"1.375": [0, 0, 0],
						"1.4167": [0, 0, 0]
					},
					"position": {
						"0.0": [0, 0, 0],
						"0.5833": [0, 0, 0],
						"0.625": [0, 0, 0],
						"0.6667": [0, 0, 0],
						"0.7083": [0, 0, 0],
						"0.75": [0, 0, 0],
						"0.7917": [0, 0, 0],
						"0.8333": [0, 0, 0],
						"0.875": [0, 0, 0],
						"0.9167": [5.5, -7, 0],
						"0.9583": [5.5, -7, 0],
						"1.0": [5.5, -7, 0],
						"1.0417": [5.5, -7, 0],
						"1.0833": [5.5, -7, 0],
						"1.125": [5.5, -7, 0],
						"1.1667": [0, 0, 0],
						"1.2083": [0, 0, 0],
						"1.25": [0, 0, 0],
						"1.2917": [0, 2.825, 0],
						"1.3333": [0, 6.805, 0],
						"1.375": [0, 9.235, 0],
						"1.4167": [0, 0, 0]
					}
				},
				"mag_and_bullet": {
					"rotation": {
						"0.0": [0, 0, 0],
						"0.5833": [0, 0, 0],
						"0.625": [0, 0, 0],
						"0.6667": [0, 0, 0],
						"0.7083": [0, 0, 0],
						"0.75": [0, 0, 0],
						"0.7917": [0, 0, 0],
						"0.8333": [0, 0, 0],
						"0.875": [0, 0, 0],
						"0.9167": [0, 0, -41.1],
						"0.9583": [94.1, -36, -135.4],
						"1.0": [180, -67.5, -197.5],
						"1.0417": [274.1, -49.8, -150.3],
						"1.0833": [0, 0, 0],
						"1.125": [0, 0, 0],
						"1.1667": [0, 0, 0],
						"1.2083": [0, 0, 0],
						"1.25": [0, 0, 0],
						"1.2917": [0, 0, 0],
						"1.3333": [0, 0, 0],
						"1.375": [0, 0, 0],
						"1.4167": [0, 0, 0]
					},
					"position": {
						"0.0": [0, 0, 0],
						"0.5833": [0, 0, 0],
						"0.625": [0, 0, 0],
						"0.6667": [0, 0, 0],
						"0.7083": [0, 0, 0],
						"0.75": [0, 0, 0],
						"0.7917": [0, 0, 0],
						"0.8333": [0, 0, 0],
						"0.875": [0, 0, 0],
						"0.9167": [0, 0, 0],
						"0.9583": [0.625, -2.45, -3.025],
						"1.0": [4.875, -14.9, -7.225],
						"1.0417": [5.65, -26.45, -7.23],
						"1.0833": [-14.25, -6, 7.47],
						"1.125": [-14.25, -6, 7.47],
						"1.1667": [0, -12.4, 0],
						"1.2083": [0, -12.4, 0],
						"1.25": [0, -12.4, 0],
						"1.2917": [0, -12.4, 0],
						"1.3333": [0, -12.4, 0],
						"1.375": [0, -12.4, 0],
						"1.4167": [0, 0, 0]
					}
				},
				"camera": {
					"rotation": {
						"0.0": {
							"post": [0, 0, 0],
							"lerp_mode": "catmullrom"
						},
						"0.125": {
							"post": [0, 0, 0],
							"lerp_mode": "catmullrom"
						},
						"0.1667": {
							"post": [-0.3, 0, 0.2],
							"lerp_mode": "catmullrom"
						},
						"0.2083": {
							"post": [-0.6, 0, 0.4],
							"lerp_mode": "catmullrom"
						},
						"0.25": {
							"post": [-0.9, 0, 0.6],
							"lerp_mode": "catmullrom"
						},
						"0.4167": {
							"post": [0, 0, 0],
							"lerp_mode": "catmullrom"
						},
						"0.5": {
							"post": [-0.04, 0, 0.01],
							"lerp_mode": "catmullrom"
						},
						"0.5833": {
							"post": [-0.3, 0, 0.03],
							"lerp_mode": "catmullrom"
						},
						"0.6667": {
							"post": [-0.9, 0, 0.05],
							"lerp_mode": "catmullrom"
						},
						"0.75": {
							"post": [-1.6, 0, 0.07],
							"lerp_mode": "catmullrom"
						},
						"0.8333": {
							"post": [-2, 0, 0.09],
							"lerp_mode": "catmullrom"
						},
						"1.0": {
							"post": [-2.56, 0, 0.14],
							"lerp_mode": "catmullrom"
						},
						"1.25": {
							"post": [-1.41, 0, 0.26],
							"lerp_mode": "catmullrom"
						},
						"1.3333": {
							"post": [-0.56, 0, 0.29],
							"lerp_mode": "catmullrom"
						},
						"1.4167": {
							"post": [0.42, 0, 0.32],
							"lerp_mode": "catmullrom"
						},
						"1.5417": {
							"post": [-0.98, 0, 0.37],
							"lerp_mode": "catmullrom"
						},
						"1.6667": {
							"post": [-0.9, 0, 0.4],
							"lerp_mode": "catmullrom"
						},
						"1.7083": {
							"post": [-0.6, 0, 0.3],
							"lerp_mode": "catmullrom"
						},
						"1.75": {
							"post": [-0.3, 0, 0.2],
							"lerp_mode": "catmullrom"
						},
						"1.7917": {
							"post": [0, 0, 0.1],
							"lerp_mode": "catmullrom"
						},
						"1.8333": {
							"post": [0, 0, 0],
							"lerp_mode": "catmullrom"
						}
					}
				},
				"shell_ejection": {
					"rotation": {
						"0.25": [0, 0, 0],
						"0.2917": [0, 0, 0],
						"0.3333": [0, -135.42, 0],
						"0.4167": [0, -270.83, 0],
						"0.5": [0, -406.25, 0],
						"0.5833": [0, -541.67, 0],
						"0.625": [0, -677.08, 0],
						"0.6667": [0, -812.5, 0],
						"0.7083": [0, 0, 0]
					},
					"position": {
						"0.2083": [0, 0, 0],
						"0.2917": [0, 0.0875, 9.21875],
						"0.3333": {
							"pre": [-9.1, 1.0875, 13.21875],
							"post": [-9.1, 1.0875, 13.21875],
							"lerp_mode": "catmullrom"
						},
						"0.4167": {
							"post": [-18.3, 1.0875, 13.21875],
							"lerp_mode": "catmullrom"
						},
						"0.5": {
							"post": [-24.4, -2.9125, 15.21875],
							"lerp_mode": "catmullrom"
						},
						"0.5833": {
							"post": [-31.8, -8.9125, 13.91875],
							"lerp_mode": "catmullrom"
						},
						"0.625": {
							"post": [-37.8, -16.9125, 8.61875],
							"lerp_mode": "catmullrom"
						},
						"0.6667": {
							"post": [-42, -25.3125, 5.61875],
							"lerp_mode": "catmullrom"
						},
						"0.7083": [-46.1, -35.0125, 2.41875],
						"0.75": [0, 0, 0]
					},
					"scale": {
						"0.0": [1, 1, 1],
						"0.6667": {
							"pre": [1, 1, 1],
							"post": [0, 0, 0]
						},
						"0.9167": {
							"pre": [0, 0, 0],
							"post": [1, 1, 1]
						}
					}
				},
				"mag_release": {
					"rotation": {
						"0.8333": [0, 0, 0],
						"0.875": [-9, 0, 0],
						"1.0": [0, 0, 0],
						"1.375": [0, 0, 0],
						"1.4167": [-9, 0, 0],
						"1.5": [0, 0, 0]
					},
					"position": {
						"0.8333": [0, 0, 0],
						"0.875": [0, 0, 0],
						"1.0": [0, 0, 0],
						"1.375": [0, 0, 0],
						"1.4167": [0, 0, 0],
						"1.5": [0, 0, 0]
					}
				},
				"bullet": {
					"scale": {
						"0.0": [0, 0, 0],
						"1.125": [0, 0, 0],
						"1.1667": [1, 1, 1]
					}
				},
				"bullet_in_magazine": {
					"scale": {
						"0.0": [0, 0, 0],
						"1.125": [0, 0, 0],
						"1.1667": [1, 1, 1]
					}
				}
			},
			"sound_effects": {
				"0.0": {
					"effect": "ex:intervention/intervention_fastmags_empty"
				}
			}
		},
		"inspect": {
			"loop": "hold_on_last_frame",
			"animation_length": 4.72,
			"bones": {
				"lefthand": {
					"rotation": {
						"0.0": [89.52779, -393.457, -128.79941],
						"0.5": [86.13815, -410.45109, -128.25575],
						"1.5": [86.14, -410.45, -128.26],
						"2.0": [39.14, -410.45, -128.26],
						"2.5": [58.23473, -380.26065, -159.61217],
						"3.2083": [58.23473, -380.26065, -159.61217],
						"3.7083": [89.52779, -393.457, -128.79941]
					},
					"position": {
						"0.0": [6.85, -12.7, -2.325],
						"0.5": [7.15, -13.8, -6.63],
						"1.0": [7.15, -13.8, -6.63],
						"1.5": [7.15, -13.8, -5.33],
						"2.0": [6.65, -13.8, -7.03],
						"2.5": [7.62, -13.8, -7.03],
						"3.2083": [7.62, -13.8, -7.03],
						"3.7083": [6.85, -12.7, -2.325]
					},
					"scale": {
						"0.0": [1, 1.5, 1],
						"2.5": [1, 2.1767, 1],
						"3.2083": [1, 2.1767, 1],
						"3.7083": [1, 1.5, 1]
					}
				},
				"constraint": {
					"rotation": [0.05, 0.05, 0.05],
					"position": [0.2, 0.2, 0.2]
				},
				"righthand": {
					"rotation": {
						"0.0": [92.95715, -348.33003, -179.8124],
						"1.25": [92.96, -348.33, -179.81],
						"1.5": [92.96, -348.33, -179.81],
						"1.75": [82.61167, -350.47393, -232.22902],
						"1.9167": [88.41389, -348.06896, -201.77831],
						"3.1667": [88.41, -348.07, -201.78],
						"3.25": [85.83354, -348.70032, -214.52622],
						"3.3333": [86.8457, -348.3809, -209.43487],
						"3.75": [92.95715, -348.33003, -179.8124]
					},
					"position": {
						"0.0": [-7.125, -14.15, 6.95],
						"1.25": [-7.12, -14.15, 6.95],
						"1.5": [-7.12, -14.15, 6.95],
						"1.75": [-8.72, -12.25, 6.95],
						"1.9167": [-9.22, -9.95, 6.95],
						"2.0833": [-9.22, -9.95, 8.95],
						"2.25": [-9.22, -9.95, 10.95],
						"2.3333": [-9.22, -9.95, 10.7],
						"3.1667": [-9.22, -9.95, 10.7],
						"3.25": [-9.22, -9.95, 7.7],
						"3.3333": [-9.22, -11.85, 7.7],
						"3.75": [-7.125, -14.15, 6.95]
					},
					"scale": [1, 1.5, 1]
				},
				"root": {
					"rotation": {
						"0.0": [0, 0, 0],
						"0.125": [1, -1, 0.3],
						"0.25": [1.5, -6.9, -0.5],
						"0.5": {
							"pre": [-0.5, -21.6, -7.2],
							"post": [-0.5, -21.6, -7.2],
							"lerp_mode": "catmullrom"
						},
						"0.75": [-2.4, -28.5, -9.7],
						"1.0": [-3.9, -32.6, -8.4],
						"1.25": [-8.83959, -33.2386, -2.60937],
						"1.5": {
							"pre": [-23.48729, -28.70215, 13.98796],
							"post": [-23.48729, -28.70215, 13.98796],
							"lerp_mode": "catmullrom"
						},
						"1.6667": {
							"post": [-37.2265, -18.88067, 38.78479],
							"lerp_mode": "catmullrom"
						},
						"2.0": {
							"post": [-48.65315, 0.83687, 57.43049],
							"lerp_mode": "catmullrom"
						},
						"2.5": {
							"post": [-63.81526, 43.33995, 73.28271],
							"lerp_mode": "catmullrom"
						},
						"2.75": {
							"post": [-63.56593, 52.16613, 72.89906],
							"lerp_mode": "catmullrom"
						},
						"2.7917": [-63.44, 51.63, 71.78],
						"3.0": {
							"pre": [-66.24, 48.83, 67.58],
							"post": [-66.24, 48.83, 67.58],
							"lerp_mode": "catmullrom"
						},
						"3.25": {
							"post": [-51.59, 38.23, 66.21],
							"lerp_mode": "catmullrom"
						},
						"3.4167": [-68.9398, 22.25242, 56.40953],
						"3.5417": {
							"pre": [-54.89209, -4.93592, 41.37191],
							"post": [-54.89209, -4.93592, 41.37191],
							"lerp_mode": "catmullrom"
						},
						"3.75": {
							"post": [-0.19, -1.04, -7.23],
							"lerp_mode": "catmullrom"
						},
						"4.0": {
							"post": [0, 0, 0],
							"lerp_mode": "catmullrom"
						},
						"4.3333": {
							"post": [-2.09, 0.07, 6.18],
							"lerp_mode": "catmullrom"
						},
						"4.7083": [0, 0, 0]
					},
					"position": {
						"0.0": [0, 0, 0],
						"0.25": [0.5, 0.1, -0.625],
						"0.5": {
							"pre": [0.9, 2.2, -1.4],
							"post": [0.9, 2.2, -1.4],
							"lerp_mode": "catmullrom"
						},
						"0.75": {
							"post": [1.2, 2.725, -1.5],
							"lerp_mode": "catmullrom"
						},
						"1.0": [1.4, 2.9, -1.5],
						"1.25": {
							"pre": [2.75, 3.1, -1.3],
							"post": [2.75, 3.1, -1.3],
							"lerp_mode": "catmullrom"
						},
						"1.5": {
							"post": [6, 3.4, -0.6],
							"lerp_mode": "catmullrom"
						},
						"1.8333": {
							"post": [8.4, 2.7, 0.3],
							"lerp_mode": "catmullrom"
						},
						"2.5": [8.675, 4, 1.1],
						"2.75": [8.6, 4.9, 1.1],
						"3.25": {
							"pre": [8.3, 5, 1.1],
							"post": [8.3, 5, 1.1],
							"lerp_mode": "catmullrom"
						},
						"3.4167": [6.7, 4.2, 0.8],
						"3.75": {
							"pre": [-0.7, -0.2, -0.3],
							"post": [-0.7, -0.2, -0.3],
							"lerp_mode": "catmullrom"
						},
						"4.0": {
							"post": [0, -0.7, -0.3],
							"lerp_mode": "catmullrom"
						},
						"4.2917": {
							"post": [0.02, 0.64, 1.55],
							"lerp_mode": "catmullrom"
						},
						"4.4583": [0.01, 0.4, -0.51],
						"4.5417": [0, 0, 0],
						"4.7083": [0, 0, 0]
					}
				},
				"m200_bolt": {
					"rotation": {
						"1.75": [0, 0, 0],
						"1.9167": [0, 0, 60],
						"3.25": [0, 0, 60],
						"3.3333": [0, 0, 0]
					},
					"position": {
						"1.75": [0, 0, 0],
						"1.9167": [0, 0, 0],
						"2.0833": [0, 0, 1],
						"2.25": [0, 0, 3],
						"2.4167": [0, 0, 2.75],
						"3.1667": [0, 0, 2.75],
						"3.25": [0, 0, 0]
					}
				},
				"shell_ejection": {
					"position": {
						"1.9167": [0, 0, 0],
						"2.0833": [0, 0, 1],
						"2.25": [0, 0, 2.8],
						"2.4167": [0, 0, 2.65],
						"3.1667": [0, 0, 2.65],
						"3.25": [0, 0, 0]
					}
				},
				"camera": {
					"rotation": {
						"0.0": {
							"post": [0, 0, 0],
							"lerp_mode": "catmullrom"
						},
						"0.5": {
							"post": [-1.6, 1.2, -0.9],
							"lerp_mode": "catmullrom"
						},
						"1.0": {
							"post": [-3.2, 1.9, -1],
							"lerp_mode": "catmullrom"
						},
						"1.5": {
							"post": [-2.4, 0.1, 0],
							"lerp_mode": "catmullrom"
						},
						"2.0": {
							"post": [-2.2, 0.3, -0.9],
							"lerp_mode": "catmullrom"
						},
						"2.5": {
							"post": [-0.6, 0.3, -3.1],
							"lerp_mode": "catmullrom"
						},
						"3.0": {
							"post": [-2.7, -0.6, -1.5],
							"lerp_mode": "catmullrom"
						},
						"3.2083": {
							"post": [-2.95, 0.02, 0.85],
							"lerp_mode": "catmullrom"
						},
						"3.25": {
							"post": [-2.96, 0.16, -0.52],
							"lerp_mode": "catmullrom"
						},
						"3.375": {
							"post": [-3, 0.65, 0.5],
							"lerp_mode": "catmullrom"
						},
						"3.5": {
							"post": [-2.7, 1, -0.3],
							"lerp_mode": "catmullrom"
						},
						"3.75": {
							"post": [-1.23, 0.45, 0.2],
							"lerp_mode": "catmullrom"
						},
						"4.0": {
							"post": [0, 0, 0],
							"lerp_mode": "catmullrom"
						},
						"4.2917": {
							"post": [-1.41, 1.07, -0.41],
							"lerp_mode": "catmullrom"
						},
						"4.6667": {
							"post": [0, 0, 0],
							"lerp_mode": "catmullrom"
						}
					}
				}
			},
			"sound_effects": {
				"0.0": {
					"effect": "ex:intervention/intervention_inspect"
				}
			}
		},
		"inspect_empty": {
			"loop": true,
			"animation_length": 4.72,
			"bones": {
				"lefthand": {
					"rotation": {
						"0.0": [89.52779, -393.457, -128.79941],
						"0.5": [86.13815, -410.45109, -128.25575],
						"1.5": [86.14, -410.45, -128.26],
						"2.0": [39.14, -410.45, -128.26],
						"2.5": [58.23473, -380.26065, -159.61217],
						"3.2083": [58.23473, -380.26065, -159.61217],
						"3.7083": [89.52779, -393.457, -128.79941]
					},
					"position": {
						"0.0": [6.85, -12.7, -2.325],
						"0.5": [7.15, -13.8, -6.63],
						"1.0": [7.15, -13.8, -6.63],
						"1.5": [7.15, -13.8, -5.33],
						"2.0": [6.65, -13.8, -7.03],
						"2.5": [7.62, -13.8, -7.03],
						"3.2083": [7.62, -13.8, -7.03],
						"3.7083": [6.85, -12.7, -2.325]
					},
					"scale": {
						"0.0": [1, 1.5, 1],
						"2.5": [1, 2.1767, 1],
						"3.2083": [1, 2.1767, 1],
						"3.7083": [1, 1.5, 1]
					}
				},
				"constraint": {
					"rotation": [0.05, 0.05, 0.05],
					"position": [0.2, 0.2, 0.2]
				},
				"righthand": {
					"rotation": {
						"0.0": [92.95715, -348.33003, -179.8124],
						"1.25": [92.96, -348.33, -179.81],
						"1.5": [92.96, -348.33, -179.81],
						"1.75": [82.61167, -350.47393, -232.22902],
						"1.9167": [88.41389, -348.06896, -201.77831],
						"3.1667": [88.41, -348.07, -201.78],
						"3.25": [85.83354, -348.70032, -214.52622],
						"3.3333": [86.8457, -348.3809, -209.43487],
						"3.75": [92.95715, -348.33003, -179.8124]
					},
					"position": {
						"0.0": [-7.125, -14.15, 6.95],
						"1.25": [-7.12, -14.15, 6.95],
						"1.5": [-7.12, -14.15, 6.95],
						"1.75": [-8.72, -12.25, 6.95],
						"1.9167": [-9.22, -9.95, 6.95],
						"2.0833": [-9.22, -9.95, 8.95],
						"2.25": [-9.22, -9.95, 10.95],
						"2.3333": [-9.22, -9.95, 10.7],
						"3.1667": [-9.22, -9.95, 10.7],
						"3.25": [-9.22, -9.95, 7.7],
						"3.3333": [-9.22, -11.85, 7.7],
						"3.75": [-7.125, -14.15, 6.95]
					},
					"scale": [1, 1.5, 1]
				},
				"root": {
					"rotation": {
						"0.0": [0, 0, 0],
						"0.125": [1, -1, 0.3],
						"0.25": [1.5, -6.9, -0.5],
						"0.5": {
							"pre": [-0.5, -21.6, -7.2],
							"post": [-0.5, -21.6, -7.2],
							"lerp_mode": "catmullrom"
						},
						"0.75": [-2.4, -28.5, -9.7],
						"1.0": [-3.9, -32.6, -8.4],
						"1.25": [-8.83959, -33.2386, -2.60937],
						"1.5": {
							"pre": [-23.48729, -28.70215, 13.98796],
							"post": [-23.48729, -28.70215, 13.98796],
							"lerp_mode": "catmullrom"
						},
						"1.6667": {
							"post": [-37.2265, -18.88067, 38.78479],
							"lerp_mode": "catmullrom"
						},
						"2.0": {
							"post": [-48.65315, 0.83687, 57.43049],
							"lerp_mode": "catmullrom"
						},
						"2.5": {
							"post": [-63.81526, 43.33995, 73.28271],
							"lerp_mode": "catmullrom"
						},
						"2.75": {
							"post": [-63.56593, 52.16613, 72.89906],
							"lerp_mode": "catmullrom"
						},
						"2.7917": [-63.44, 51.63, 71.78],
						"3.0": {
							"pre": [-66.24, 48.83, 67.58],
							"post": [-66.24, 48.83, 67.58],
							"lerp_mode": "catmullrom"
						},
						"3.25": {
							"post": [-51.59, 38.23, 66.21],
							"lerp_mode": "catmullrom"
						},
						"3.4167": [-68.9398, 22.25242, 56.40953],
						"3.5417": {
							"pre": [-54.89209, -4.93592, 41.37191],
							"post": [-54.89209, -4.93592, 41.37191],
							"lerp_mode": "catmullrom"
						},
						"3.75": {
							"post": [-0.19, -1.04, -7.23],
							"lerp_mode": "catmullrom"
						},
						"4.0": {
							"post": [0, 0, 0],
							"lerp_mode": "catmullrom"
						},
						"4.3333": {
							"post": [-2.09, 0.07, 6.18],
							"lerp_mode": "catmullrom"
						},
						"4.7083": [0, 0, 0]
					},
					"position": {
						"0.0": [0, 0, 0],
						"0.25": [0.5, 0.1, -0.625],
						"0.5": {
							"pre": [0.9, 2.2, -1.4],
							"post": [0.9, 2.2, -1.4],
							"lerp_mode": "catmullrom"
						},
						"0.75": {
							"post": [1.2, 2.725, -1.5],
							"lerp_mode": "catmullrom"
						},
						"1.0": [1.4, 2.9, -1.5],
						"1.25": {
							"pre": [2.75, 3.1, -1.3],
							"post": [2.75, 3.1, -1.3],
							"lerp_mode": "catmullrom"
						},
						"1.5": {
							"post": [6, 3.4, -0.6],
							"lerp_mode": "catmullrom"
						},
						"1.8333": {
							"post": [8.4, 2.7, 0.3],
							"lerp_mode": "catmullrom"
						},
						"2.5": [8.675, 4, 1.1],
						"2.75": [8.6, 4.9, 1.1],
						"3.25": {
							"pre": [8.3, 5, 1.1],
							"post": [8.3, 5, 1.1],
							"lerp_mode": "catmullrom"
						},
						"3.4167": [6.7, 4.2, 0.8],
						"3.75": {
							"pre": [-0.7, -0.2, -0.3],
							"post": [-0.7, -0.2, -0.3],
							"lerp_mode": "catmullrom"
						},
						"4.0": {
							"post": [0, -0.7, -0.3],
							"lerp_mode": "catmullrom"
						},
						"4.2917": {
							"post": [0.02, 0.64, 1.55],
							"lerp_mode": "catmullrom"
						},
						"4.4583": [0.01, 0.4, -0.51],
						"4.5417": [0, 0, 0],
						"4.7083": [0, 0, 0]
					}
				},
				"m200_bolt": {
					"rotation": {
						"1.75": [0, 0, 0],
						"1.9167": [0, 0, 60],
						"3.25": [0, 0, 60],
						"3.3333": [0, 0, 0]
					},
					"position": {
						"1.75": [0, 0, 0],
						"1.9167": [0, 0, 0],
						"2.0833": [0, 0, 1],
						"2.25": [0, 0, 3],
						"2.4167": [0, 0, 2.75],
						"3.1667": [0, 0, 2.75],
						"3.25": [0, 0, 0]
					}
				},
				"shell_ejection": {
					"position": {
						"1.9167": [0, 0, 0],
						"2.0833": [0, 0, 1],
						"2.25": [0, 0, 2.8],
						"2.4167": [0, 0, 2.65],
						"3.1667": [0, 0, 2.65],
						"3.25": [0, 0, 0]
					}
				},
				"camera": {
					"rotation": {
						"0.0": {
							"post": [0, 0, 0],
							"lerp_mode": "catmullrom"
						},
						"0.5": {
							"post": [-1.6, 1.2, -0.9],
							"lerp_mode": "catmullrom"
						},
						"1.0": {
							"post": [-3.2, 1.9, -1],
							"lerp_mode": "catmullrom"
						},
						"1.5": {
							"post": [-2.4, 0.1, 0],
							"lerp_mode": "catmullrom"
						},
						"2.0": {
							"post": [-2.2, 0.3, -0.9],
							"lerp_mode": "catmullrom"
						},
						"2.5": {
							"post": [-0.6, 0.3, -3.1],
							"lerp_mode": "catmullrom"
						},
						"3.0": {
							"post": [-2.7, -0.6, -1.5],
							"lerp_mode": "catmullrom"
						},
						"3.2083": {
							"post": [-2.95, 0.02, 0.85],
							"lerp_mode": "catmullrom"
						},
						"3.25": {
							"post": [-2.96, 0.16, -0.52],
							"lerp_mode": "catmullrom"
						},
						"3.375": {
							"post": [-3, 0.65, 0.5],
							"lerp_mode": "catmullrom"
						},
						"3.5": {
							"post": [-2.7, 1, -0.3],
							"lerp_mode": "catmullrom"
						},
						"3.75": {
							"post": [-1.23, 0.45, 0.2],
							"lerp_mode": "catmullrom"
						},
						"4.0": {
							"post": [0, 0, 0],
							"lerp_mode": "catmullrom"
						},
						"4.2917": {
							"post": [-1.41, 1.07, -0.41],
							"lerp_mode": "catmullrom"
						},
						"4.6667": {
							"post": [0, 0, 0],
							"lerp_mode": "catmullrom"
						}
					}
				},
				"bullet": {
					"scale": 0
				},
				"bullet_in_magazine": {
					"scale": 0
				}
			},
			"sound_effects": {
				"0.0": {
					"effect": "ex:intervention/intervention_inspect"
				}
			}
		},
		"run": {
			"loop": true,
			"animation_length": 1,
			"bones": {
				"root": {
					"rotation": {
						"0.0": {
							"post": [-20.19774, -62.19456, 44.56047],
							"lerp_mode": "catmullrom"
						},
						"0.25": {
							"post": [-18.39024, -59.38193, 40.99674],
							"lerp_mode": "catmullrom"
						},
						"0.5": {
							"post": [-13.71375, -52.49066, 29.30105],
							"lerp_mode": "catmullrom"
						},
						"0.75": {
							"post": [-18.39024, -59.38193, 40.99674],
							"lerp_mode": "catmullrom"
						},
						"1.0": {
							"post": [-20.19774, -62.19456, 44.56047],
							"lerp_mode": "catmullrom"
						}
					},
					"position": {
						"0.0": {
							"post": [6.985, -6.86, 1.3],
							"lerp_mode": "catmullrom"
						},
						"0.25": {
							"post": [3.86, -4.46, -1],
							"lerp_mode": "catmullrom"
						},
						"0.5": {
							"post": [0.6, -6.355, 1],
							"lerp_mode": "catmullrom"
						},
						"0.75": {
							"post": [3.86, -4.46, -1],
							"lerp_mode": "catmullrom"
						},
						"1.0": {
							"post": [6.985, -6.86, 1.3],
							"lerp_mode": "catmullrom"
						}
					}
				}
			}
		},
		"run_hold": {
			"loop": true,
			"bones": {
				"constraint": {
					"rotation": [0, 0, 0],
					"position": [0.1, 0, 0.25]
				},
				"root": {
					"rotation": [-0.57138, -22.27273, 32.90075],
					"position": [2.685, -2.235, -1.7]
				}
			}
		},
		"run_start": {
			"loop": true,
			"animation_length": 0.3333,
			"bones": {
				"constraint": {
					"rotation": [0, 0, 0],
					"position": [0.1, 0, 0.25]
				},
				"root": {
					"rotation": {
						"0.0": [0, 0, 0],
						"0.1667": [-8.50872, -29.79441, 24.73003],
						"0.3333": [-20.19774, -62.19456, 44.56047]
					},
					"position": {
						"0.0": [0, 0, 0],
						"0.1667": [3.43, -3.085, 0.45],
						"0.3333": [6.985, -6.86, 1.3]
					}
				}
			}
		},
		"run_end": {
			"loop": true,
			"animation_length": 0.5,
			"bones": {
				"constraint": {
					"rotation": [0, 0, 0],
					"position": [0.1, 0, 0.25]
				},
				"root": {
					"rotation": {
						"0.0": [-20.19774, -62.19456, 44.56047],
						"0.0833": [-9.17702, -45.27592, 27.30309],
						"0.1667": [-0.04592, -29.98835, 14.62533],
						"0.25": [2.97, -14.19, 6.89],
						"0.3333": [0.83, -3.31, 1.78],
						"0.4167": [0, 0, 0],
						"0.5": [0, 0, 0]
					},
					"position": {
						"0.0": [6.985, -6.86, 1.3],
						"0.0833": [4.185, -4.51, 0.625],
						"0.1667": [2.14, -2.47, 0.25],
						"0.25": [1.095, -1.12, 0],
						"0.3333": [0.355, -0.33, 0],
						"0.4167": [0, 0, 0],
						"0.5": [0, 0, 0]
					}
				}
			}
		}
	}
}