{
	"format_version": "1.8.0",
	"animations": {
		"static_idle": {
			"loop": true,
			"bones": {
				"lefthand": {
					"rotation": [100.82143, -379.94211, -144.50477],
					"position": [8.375, -14.6, -4.825],
					"scale": [1, 1.5, 1]
				},
				"constraint": {
					"rotation": [0, 0, 0],
					"position": [0, 0, 0]
				},
				"righthand": {
					"rotation": [92.96, -348.33, -179.81],
					"position": [-6.025, -15.3, 10.155],
					"scale": [1, 1.5, 1]
				},
				"root": {
					"rotation": [0, 0, 0],
					"position": [0, 0, 0]
				}
			}
		},
		"reload_intro_empty": {
			"animation_length": 0.5,
			"bones": {
				"lefthand": {
					"rotation": [100.82143, -379.94211, -144.50477],
					"position": [8.375, -14.6, -4.825],
					"scale": [1, 1.5, 1]
				},
				"constraint": {
					"rotation": [0, 0, 0],
					"position": [0, 0, 0]
				},
				"righthand": {
					"rotation": {
						"0.0": [92.95715, -348.33003, -179.8124],
						"0.4167": [92.95715, -348.33003, -179.8124]
					},
					"position": {
						"0.0": [-6.025, -15.3, 10.155],
						"0.0417": [-7.345, -14.675, 9.575],
						"0.0833": [-7.37, -13.2, 9.575],
						"0.125": [-7.395, -12.9, 11],
						"0.1667": [-7.47, -12.9, 13.57],
						"0.4167": [-10.775, -11.3, 11.5]
					},
					"scale": [1, 1.5, 1]
				},
				"root": {
					"rotation": {
						"0.0": [0, 0, 0],
						"0.0833": [1.77, -3.33, 3.19],
						"0.25": [-1.73, -7.43, 3.89],
						"0.2917": [-2.7675, -8.14232, 3.53887],
						"0.375": [-9.32, -8.97, 3.03]
					},
					"position": {
						"0.0": [0, 0, 0],
						"0.0417": [0.07, -0.1, -0.27],
						"0.125": [0.33, -0.52, -1.375],
						"0.1667": [0.73, -0.32, 1.21],
						"0.3333": [1.18, 0.33, 0.53],
						"0.375": [1.18, 0.33, 0.53]
					}
				},
				"kar98k_bolt": {
					"position": {
						"0.0": [0, 0, 0],
						"0.0417": [0, -0.075, 0],
						"0.0833": [0, -0.07, 0],
						"0.125": [0, -0.07, 1.64],
						"0.1667": [0, -0.07, 3.345]
					}
				},
				"camera": {
					"rotation": {
						"0.0": {
							"post": [0, 0, 0],
							"lerp_mode": "catmullrom"
						},
						"0.0833": {
							"post": [-0.25, -0.3425, -0.1075],
							"lerp_mode": "catmullrom"
						},
						"0.1667": {
							"post": [0.31, 0, 0.42],
							"lerp_mode": "catmullrom"
						},
						"0.25": {
							"post": [1.2725, 0.4725, 0.745],
							"lerp_mode": "catmullrom"
						}
					}
				},
				"shell_ejection": {
					"rotation": {
						"0.125": [0, 0, 0],
						"0.1667": [0, 0, 0],
						"0.2083": [0, -135.42, 0],
						"0.25": [0, -406.25, 0],
						"0.2917": [0, -541.67, 0],
						"0.3333": [0, -812.5, 0],
						"0.375": [0, 0, 0]
					},
					"position": {
						"0.125": [0, 0, 0],
						"0.1667": [0, 0.0875, -0.03125],
						"0.2083": [-4.7, -6.8125, -1.98125],
						"0.25": [-6.175, -29.8875, -7.03125],
						"0.2917": [-4.8, -40.4125, -6.98125],
						"0.3333": [-0.8, -40.8125, -27.28125],
						"0.375": [0, -39.9375, -30.28125],
						"0.4167": [-0.1, -35.0125, -33.48125],
						"0.4583": [0, 0, 0]
					},
					"scale": {
						"0.0": [1, 1, 1],
						"0.2917": {
							"pre": [1, 1, 1],
							"post": [0, 0, 0]
						}
					}
				},
				"rotate": {
					"rotation": {
						"0.0": [0, 0, 0],
						"0.0417": [0, 0, 30],
						"0.0833": [0, 0, 60]
					}
				},
				"lock": {
					"rotation": {
						"0.0": [0, 0, 0],
						"0.0417": [0, 0, 8],
						"0.0833": [0, 0, 0],
						"0.125": [0, 0, -8],
						"0.1667": [0, 0, 0]
					}
				}
			},
			"sound_effects": {
				"0.0": {
					"effect": "ex:kar98k/kar98k_reload_scope_start_cloth"
				},
				"0.0417": {
					"effect": "ex:kar98k/kar98k_reload_start_boltopen"
				}
			}
		},
		"reload_intro": {
			"animation_length": 0.38,
			"bones": {
				"lefthand": {
					"rotation": [100.82143, -379.94211, -144.50477],
					"position": [8.375, -14.6, -4.825],
					"scale": [1, 1.5, 1]
				},
				"constraint": {
					"rotation": [0, 0, 0],
					"position": [0, 0, 0]
				},
				"righthand": {
					"rotation": {
						"0.0": [92.95715, -348.33003, -179.8124],
						"0.0417": [117.95715, -348.33003, -179.8124],
						"0.25": [117.95715, -348.33003, -179.8124],
						"0.375": [92.95715, -348.33003, -179.8124]
					},
					"position": {
						"0.0": [-6.025, -15.3, 10.155],
						"0.0417": [-7.345, -14.675, 9.575],
						"0.0833": [-7.37, -13.2, 9.575],
						"0.125": [-7.395, -12.9, 11],
						"0.1667": [-7.47, -12.9, 13.57],
						"0.375": [-10.775, -11.3, 11.5]
					},
					"scale": [1, 1.5, 1]
				},
				"root": {
					"rotation": {
						"0.0": [0, 0, 0],
						"0.0833": {
							"pre": [1.77, -2.93, 3.19],
							"post": [1.77, -2.93, 3.19],
							"lerp_mode": "catmullrom"
						},
						"0.2917": {
							"post": [-1.73, -7.43, 3.89],
							"lerp_mode": "catmullrom"
						},
						"0.375": [-9.32, -8.97, 3.03]
					},
					"position": {
						"0.0": [0, 0, 0],
						"0.0417": [0.07, -0.1, -0.27],
						"0.125": {
							"pre": [0.33, -0.52, -1.375],
							"post": [0.33, -0.52, -1.375],
							"lerp_mode": "catmullrom"
						},
						"0.1667": [0.53, -0.32, 2],
						"0.3333": [1.18, 0.33, 0.53],
						"0.375": [1.18, 0.33, 0.53]
					}
				},
				"kar98k_bolt": {
					"position": {
						"0.0": [0, 0, 0],
						"0.0417": [0, -0.075, 0],
						"0.0833": [0, -0.07, 0],
						"0.125": [0, -0.07, 1.64],
						"0.1667": [0, -0.07, 3.345]
					}
				},
				"camera": {
					"rotation": {
						"0.0": {
							"post": [0, 0, 0],
							"lerp_mode": "catmullrom"
						},
						"0.0833": {
							"post": [-0.25, -0.3425, -0.1075],
							"lerp_mode": "catmullrom"
						},
						"0.1667": {
							"post": [0.31, 0, 0.42],
							"lerp_mode": "catmullrom"
						},
						"0.25": {
							"post": [1.2725, 0.4725, 0.745],
							"lerp_mode": "catmullrom"
						}
					}
				},
				"shell_ejection": {
					"scale": 0
				},
				"lock": {
					"rotation": {
						"0.0": [0, 0, 0],
						"0.0417": [0, 0, 8],
						"0.0833": [0, 0, 0],
						"0.125": [0, 0, -8],
						"0.1667": [0, 0, 0]
					}
				},
				"rotate": {
					"rotation": {
						"0.0": [0, 0, 0],
						"0.0417": [0, 0, 30],
						"0.0833": [0, 0, 60]
					}
				}
			},
			"sound_effects": {
				"0.0": {
					"effect": "ex:kar98k/kar98k_reload_scope_start_cloth"
				},
				"0.0417": {
					"effect": "ex:kar98k/kar98k_reload_start_boltopen"
				}
			}
		},
		"reload_loop": {
			"loop": true,
			"animation_length": 0.6667,
			"bones": {
				"lefthand": {
					"rotation": [100.82143, -379.94211, -144.50477],
					"position": [8.375, -14.6, -4.825],
					"scale": [1, 1.5, 1]
				},
				"constraint": {
					"rotation": [0, 0, 0],
					"position": [0, 0, 0]
				},
				"righthand": {
					"rotation": {
						"0.0": [92.95715, -348.33003, -179.8124],
						"0.0417": [94.11084, -349.93251, -174.04487],
						"0.0833": [94.67905, -350.18163, -170.755],
						"0.125": [95.52266, -350.62488, -165.70908],
						"0.1667": [96.28249, -351.11364, -160.92361],
						"0.2083": [96.28, -339.91, -160.92],
						"0.25": [86.01064, -337.22782, -162.80967],
						"0.2917": [86.01, -337.23, -162.81],
						"0.3333": [86.01, -337.23, -162.81],
						"0.375": [86.01, -337.23, -162.81],
						"0.4167": [86.01, -337.23, -162.81],
						"0.4583": [81.76, -337.23, -162.81],
						"0.5": [88.51, -337.23, -162.81],
						"0.5417": [88.51, -337.23, -162.81],
						"0.5833": [89.99, -340.93, -168.48],
						"0.625": [91.47, -344.63, -174.15],
						"0.6667": [92.95715, -348.33003, -179.8124]
					},
					"position": {
						"0.0": [-10.775, -11.3, 11.5],
						"0.0417": [-10.77, -13.8, 11.5],
						"0.0833": [-11.02, -14, 11.5],
						"0.125": [-11.12, -14, 11.5],
						"0.1667": [-11.17, -14, 11.5],
						"0.2083": [-11.17, -14, 11.5],
						"0.25": [-11.22, -14, 11.5],
						"0.2917": [-11.22, -14, 11.5],
						"0.3333": [-11.22, -14, 11.5],
						"0.375": [-11.22, -14, 11.5],
						"0.4167": [-11.22, -14.125, 11.5],
						"0.4583": [-11.22, -14.12, 11.5],
						"0.5": [-11.67, -13.72, 11.5],
						"0.5417": [-12.195, -13.545, 11.5],
						"0.5833": [-11.72, -12.8, 11.5],
						"0.625": [-11.25, -12.05, 11.5],
						"0.6667": [-10.775, -11.3, 11.5]
					},
					"scale": [1, 1.5, 1]
				},
				"root": {
					"rotation": {
						"0.0": [-9.32, -8.97, 3.03],
						"0.0833": [-10.18009, -10.34306, 2.94899],
						"0.2917": [-9.42, -9.87, 2.73],
						"0.375": [-9.52, -9.87, 3.13],
						"0.4167": [-10.07, -9.87, 3.23],
						"0.4583": [-9.82, -9.87, 3.33],
						"0.6667": [-9.32, -8.97, 3.03]
					},
					"position": {
						"0.0": [1.18, 0.33, 0.53],
						"0.125": [1.245, 0.29, 0.55],
						"0.2083": [1.135, 0.59, 0.71],
						"0.25": [1.24, 0.69, 0.71],
						"0.2917": [1.24, 0.69, 0.71],
						"0.3333": [1.24, 0.69, 0.71],
						"0.375": [1.24, 0.64, 0.71],
						"0.4167": {
							"pre": [1.24, 0.54, 0.71],
							"post": [1.24, 0.54, 0.71],
							"lerp_mode": "catmullrom"
						},
						"0.4583": [1.24, 0.64, 0.71],
						"0.5": [1.24, 0.59, 0.71],
						"0.5833": [1.245, 0.29, 0.55],
						"0.6667": [1.18, 0.33, 0.53]
					}
				},
				"kar98k_bolt": {
					"position": [0, -0.07, 3.345]
				},
				"righthand_and_clip": {
					"rotation": {
						"0.0": [0, 0, 0],
						"0.0417": [0, 0, 0],
						"0.0833": [0, 0, 0],
						"0.125": [0, 0, 0],
						"0.1667": [0, 0, 0],
						"0.2083": [0, 0, 0],
						"0.25": [0, 0, 0],
						"0.2917": [0, 0, 0],
						"0.3333": [0, 0, 0],
						"0.375": [0, 0, 0],
						"0.4167": [0, 0, 0],
						"0.4583": [0, 0, 0],
						"0.5": [0, 0, 0],
						"0.5417": [0, 0, 0],
						"0.5833": [0, 0, 0],
						"0.625": [0, 0, 0],
						"0.6667": [0, 0, 0]
					},
					"position": {
						"0.0": [0, 0, 0],
						"0.0417": [1.5, 1.1, -2.8],
						"0.0833": [2.65, 2, -5.325],
						"0.125": [3.175, 2.5, -5.935],
						"0.1667": [3.65, 3.175, -5.935],
						"0.2083": [3.65, 2.675, -5.935],
						"0.25": [3.65, 1.705, -5.935],
						"0.2917": [3.65, 1.585, -5.93],
						"0.3333": [3.67, 1.43, -5.98],
						"0.375": [3.68, 1.27, -6.03],
						"0.4167": [3.7, 1.115, -6.08],
						"0.4583": [3.7, 1.12, -6.08],
						"0.5": [2.96, 0.9, -4.86],
						"0.5417": [2.22, 0.68, -3.65],
						"0.5833": [1.48, 0.45, -2.43],
						"0.625": [0.74, 0.23, -1.22],
						"0.6667": [0, 0, 0]
					}
				},
				"bullet": {
					"rotation": {
						"0.0": [0, 0, 0],
						"0.0417": [0, 0, 0],
						"0.0833": [0, 0, 0],
						"0.125": [0, 0, 0],
						"0.1667": [0, 0, 0],
						"0.2083": [0, 0, 0],
						"0.25": [0, 0, 0],
						"0.2917": [0, 0, 0],
						"0.3333": [0, 0, 0],
						"0.375": [0, 0, 0],
						"0.4167": [0, 0, 0],
						"0.4583": [0, 0, 0]
					},
					"position": {
						"0.0": [0, 0, 0],
						"0.0417": [-3.575, 3.6, -9.275],
						"0.0833": [-3.57, 3.075, -9.32],
						"0.125": [-3.57, 3.08, -9.32],
						"0.1667": [-3.57, 3.08, -9.32],
						"0.2083": [-3.57, 3.08, -9.32],
						"0.25": [-3.545, 3.08, -9.545],
						"0.2917": [-3.545, 3.08, -9.545],
						"0.3333": [-3.545, 3.08, -9.545],
						"0.375": [-3.545, 3.08, -9.545],
						"0.4167": [-3.545, 3.08, -9.545],
						"0.4583": [-3.545, 3.08, -9.545]
					},
					"scale": {
						"0.4583": [1, 1, 1],
						"0.5": [0, 0, 0]
					}
				},
				"camera": {
					"rotation": {
						"0.0": {
							"post": [1.125, 0.5, 0.75],
							"lerp_mode": "catmullrom"
						},
						"0.125": {
							"post": [0.98, 0.5, 0.79],
							"lerp_mode": "catmullrom"
						},
						"0.1667": {
							"post": [1.255, 0.5, 0.78],
							"lerp_mode": "catmullrom"
						},
						"0.25": {
							"post": [1.26, 0.5, 0.61],
							"lerp_mode": "catmullrom"
						},
						"0.2917": {
							"post": [1.255, 0.5, 1.125],
							"lerp_mode": "catmullrom"
						},
						"0.3333": {
							"post": [1.255, 0.5, 0.375],
							"lerp_mode": "catmullrom"
						},
						"0.375": {
							"post": [1.255, 0.5, 1.1925],
							"lerp_mode": "catmullrom"
						},
						"0.4583": {
							"post": [0.9425, 0.5, 0.5025],
							"lerp_mode": "catmullrom"
						},
						"0.5833": {
							"post": [1.125, 0.5, 0.75],
							"lerp_mode": "catmullrom"
						}
					}
				},
				"shell_ejection": {
					"scale": 0
				},
				"rotate": {
					"rotation": [0, 0, 60]
				},
				"bullet2": {
					"position": {
						"0.0": [0, 0, 0],
						"0.0417": [0, 0, 0],
						"0.0833": [0, 0, 0],
						"0.125": [0, 0, 0],
						"0.1667": [0, 0, 0],
						"0.2083": [0, 0, 0],
						"0.25": [0, 0, 0],
						"0.2917": [0, 0, 0],
						"0.3333": [0, 0, 0],
						"0.375": [0, -0.2, 0],
						"0.4167": [0, -0.5, 0],
						"0.4583": [0, 0, 0],
						"0.5": [0, 0, 0],
						"0.5417": [0, 0, 0],
						"0.5833": [0, 0, 0],
						"0.625": [0, 0, 0],
						"0.6667": [0, 0, 0]
					}
				}
			},
			"sound_effects": {
				"0.1667": {
					"effect": "ex:kar98k/kar98k_reload_load_loop"
				}
			}
		},
		"reload_end": {
			"animation_length": 0.75,
			"bones": {
				"lefthand": {
					"rotation": [100.82143, -379.94211, -144.50477],
					"position": [8.375, -14.6, -4.825],
					"scale": [1, 1.5, 1]
				},
				"constraint": {
					"rotation": [0, 0, 0],
					"position": [0, 0, 0]
				},
				"righthand": {
					"rotation": {
						"0.0": [92.95715, -348.33003, -179.8124],
						"0.0417": [115.76, -348.33, -179.81],
						"0.0833": [138.55715, -348.33003, -179.8124],
						"0.125": [138.55715, -346.73, -164.82],
						"0.1667": [138.55715, -346.73, -164.82],
						"0.2083": [138.55715, -346.73, -164.82],
						"0.25": [138.55715, -346.73, -164.82],
						"0.2917": [138.55715, -359.33, -164.82],
						"0.3333": [138.55715, -363.43, -164.82],
						"0.375": [138.55715, -363.43, -164.82],
						"0.4167": [138.55715, -363.43, -164.82],
						"0.4583": [138.55715, -363.43, -164.82],
						"0.5": [118.59, -363.43, -164.82],
						"0.5417": [102.29, -346.73, -164.82],
						"0.5833": [90.09, -346.73, -164.82],
						"0.625": [90.09, -346.73, -177.02],
						"0.6667": [92.95715, -348.33003, -179.8124]
					},
					"position": {
						"0.0": [-10.775, -11.3, 11.5],
						"0.0417": [-11.59, -12.295, 12.935],
						"0.0833": [-10.23, -13.055, 14.06],
						"0.125": [-9.7, -12.825, 14.38],
						"0.1667": [-8.945, -11.75, 13.96],
						"0.2083": [-8.855, -11.605, 13.16],
						"0.25": [-8.825, -11.45, 10.96],
						"0.2917": [-8.825, -11.45, 8.96],
						"0.3333": [-8.65, -11.765, 7.835],
						"0.375": [-8.65, -11.765, 7.835],
						"0.4167": [-8.8, -14.2, 7.46],
						"0.4583": [-8.89, -15.7, 7.4],
						"0.5": [-9.29, -17.71, 8.05],
						"0.5417": [-9.39, -20.03, 8.53],
						"0.5833": [-8.07, -17.68, 9.18],
						"0.625": [-6.025, -15.3, 10.155]
					},
					"scale": [1, 1.5, 1]
				},
				"root": {
					"rotation": {
						"0.0": [-9.32, -8.97, 3.03],
						"0.0833": [-3.55, -3.54, 3.03],
						"0.25": [-1.62, -1.27, 2.53],
						"0.4167": [-0.32, -0.17, 2.03],
						"0.5833": [0, 0, 0],
						"0.7083": [0, 0, 0]
					},
					"position": {
						"0.0": [1.18, 0.33, 0.53],
						"0.0417": [0.99, 0.29, 0.31],
						"0.125": [0.39, 0.29, 0.21],
						"0.2083": {
							"pre": [0.29, 0.5, -1],
							"post": [0.29, 0.5, -1],
							"lerp_mode": "catmullrom"
						},
						"0.3333": [0.19, 0.29, 0.5],
						"0.5": {
							"pre": [0, 0, 0.2],
							"post": [0, 0, 0.2],
							"lerp_mode": "catmullrom"
						},
						"0.5833": [0, 0, 0]
					}
				},
				"kar98k_bolt": {
					"position": {
						"0.2083": [0, -0.07, 3.345],
						"0.25": [0, -0.04, 1.67],
						"0.2917": [0, 0, 0]
					}
				},
				"camera": {
					"rotation": {
						"0.0": {
							"post": [1.125, 0.5, 0.75],
							"lerp_mode": "catmullrom"
						},
						"0.1667": {
							"post": [0.9075, 0.3825, 0.48],
							"lerp_mode": "catmullrom"
						},
						"0.25": {
							"post": [0.36, -0.1675, 0.12],
							"lerp_mode": "catmullrom"
						},
						"0.375": {
							"post": [-0.1375, -0.275, -0.1625],
							"lerp_mode": "catmullrom"
						},
						"0.4167": {
							"post": [0.12, 0.1, 0.205],
							"lerp_mode": "catmullrom"
						},
						"0.5417": {
							"post": [0, 0, 0],
							"lerp_mode": "catmullrom"
						}
					}
				},
				"shell_ejection": {
					"scale": {
						"0.0": [0, 0, 0],
						"0.2917": {
							"pre": [0, 0, 0],
							"post": [1, 1, 1]
						}
					}
				},
				"rotate": {
					"rotation": {
						"0.3333": [0, 0, 60],
						"0.375": [0, 0, 30],
						"0.4167": [0, 0, 0]
					}
				},
				"lock": {
					"rotation": {
						"0.2917": [0, 0, 0],
						"0.3333": [0, 0, 8],
						"0.375": [0, 0, 0],
						"0.4167": [0, 0, -8],
						"0.4583": [0, 0, 0]
					}
				}
			},
			"sound_effects": {
				"0.0": {
					"effect": "ex:kar98k/kar98k_reload_end_cloth"
				},
				"0.2083": {
					"effect": "ex:kar98k/kar98k_reload_boltclose"
				}
			}
		},
		"draw": {
			"animation_length": 0.8,
			"bones": {
				"lefthand": {
					"rotation": {
						"0.2333": [100.82, -379.94, -144.5],
						"0.2667": [94.58141, -382.13517, -127.23909],
						"0.3": [97.7, -381.04, -135.87],
						"0.3333": [100.82143, -379.94211, -144.50477]
					},
					"position": {
						"0.0": [12.98, -19.15, 5.06],
						"0.2": [12.98, -19.15, 5.06],
						"0.2333": [12.98, -19.15, 3.505],
						"0.2667": [10.78, -17.55, -2.49],
						"0.3": [8.58, -15.475, -5.59],
						"0.3333": [8.375, -14.6, -4.825]
					},
					"scale": [1, 1.5, 1]
				},
				"righthand": {
					"rotation": {
						"0.0": [93.82697, -348.58169, -175.47982],
						"0.0333": [93.83, -348.58, -175.48],
						"0.0667": [93.83, -348.58, -175.48],
						"0.1": [93.83, -348.58, -175.48],
						"0.1333": [93.83, -348.58, -175.48],
						"0.1667": [93.82697, -348.58169, -175.47982],
						"0.2": [93.83, -348.58, -175.48],
						"0.2333": [93.83, -348.58, -175.48],
						"0.2667": [93.83, -348.58, -175.48],
						"0.3": [93.83, -348.58, -175.48],
						"0.3333": [93.83, -348.58, -175.48],
						"0.3667": [93.83, -348.58, -175.48],
						"0.4": [93.83, -348.58, -175.48],
						"0.4333": [93.83, -348.58, -175.48],
						"0.4667": [93.83, -348.58, -175.48],
						"0.5": [93.83, -348.58, -175.48],
						"0.5333": [93.54, -348.5, -176.92],
						"0.5667": [93.25, -348.42, -178.37],
						"0.6": [92.95715, -348.33003, -179.8124]
					},
					"position": {
						"0.0": [-7.32, -12.375, -4.75],
						"0.0333": [-7.32, -12.37, -4.75],
						"0.0667": [-7.32, -12.37, -4.75],
						"0.1": [-7.32, -12.37, -4.75],
						"0.1333": [-7.32, -12.37, -4.75],
						"0.1667": [-7.32, -12.375, -4.75],
						"0.2": [-7.32, -12.37, -4.75],
						"0.2333": [-7.32, -12.37, -4.75],
						"0.2667": [-7.32, -12.37, -4.75],
						"0.3": [-7.32, -12.37, -4.75],
						"0.3333": [-7.32, -12.37, -4.75],
						"0.3667": [-8.02, -12.37, -4.75],
						"0.4": [-9.57, -12.37, -3.125],
						"0.4333": [-9.57, -12.37, 0.555],
						"0.4667": [-9.57, -12.695, 6.735],
						"0.5": [-9.57, -13.565, 8.115],
						"0.5333": [-8.39, -14.14, 8.8],
						"0.5667": [-7.21, -14.72, 9.48],
						"0.6": [-6.025, -15.3, 10.155]
					},
					"scale": [1, 1.5, 1]
				},
				"root": {
					"rotation": {
						"0.0": [0, 0, 0],
						"0.0333": [0, 0, -2.97],
						"0.0667": [0, 0, -5.95],
						"0.1": [0, 0, -8.93],
						"0.1333": [0, 0, -11.9],
						"0.1667": [0, 0, -14.45],
						"0.2": [0, 0, -15.75],
						"0.2333": {
							"pre": [-0.1, 0, -16.15],
							"post": [-0.1, 0, -16.15],
							"lerp_mode": "catmullrom"
						},
						"0.2667": [-1.5, 0, -16.35],
						"0.3": [-1.9, 0, -15.95],
						"0.3333": [-1.9, 0, -14.75],
						"0.3667": [-1.9, 0, -12.65],
						"0.4": [-1.9, 0, -9.85],
						"0.4333": [-1.27, 0, -6.5],
						"0.4667": [-0.63, 0, -3.05],
						"0.5": [0, 0, 0],
						"0.5333": [0, 0, 2],
						"0.5667": [0, 0, -1],
						"0.6": [0, 0, -1.5],
						"0.6333": [0, 0, -2],
						"0.6667": [0, 0, -2],
						"0.7": [0, 0, -2],
						"0.7333": [0, 0, -1.5],
						"0.7667": [0, 0, -0.5],
						"0.8": [0, 0, 0]
					},
					"position": {
						"0.0": [-33.25, -22.875, 22.215],
						"0.0333": [-27.52, -18.82, 18.31],
						"0.0667": [-21.79, -14.76, 14.4],
						"0.1": [-16.05, -10.7, 10.49],
						"0.1333": [-10.32, -6.64, 6.58],
						"0.1667": [-6.565, -2.585, 4.075],
						"0.2": [-5.16, -0.43, 3.205],
						"0.2333": [-3.735, 0.72, 2.555],
						"0.2667": [-2.48, 1.1, 2.035],
						"0.3": [-1.3, 1.325, 1.66],
						"0.3333": [-0.6, 1.33, 1.51],
						"0.3667": [-0.4, 1.21, 1.51],
						"0.4": [-0.3, 1.11, 1.41],
						"0.4333": [-0.2, 0.81, 0.91],
						"0.4667": [-0.1, 0.41, 0.01],
						"0.5": [0, -0.4, 0.5],
						"0.5333": [0, -0.8, 0.5],
						"0.5667": [0, -0.9, 0.4],
						"0.6": [0, -0.7, 0.3],
						"0.6333": [0, -0.3, 0],
						"0.6667": [0, 0, 0],
						"0.7": [0, 0, 0],
						"0.7333": [0, 0, 0],
						"0.7667": [0, 0, -0.06],
						"0.8": [0, 0, 0]
					}
				},
				"camera": {
					"rotation": {
						"0.0": {
							"post": [0, 0, 0],
							"lerp_mode": "catmullrom"
						},
						"0.2333": {
							"post": [-1.175, 0.325, -0.7],
							"lerp_mode": "catmullrom"
						},
						"0.3333": {
							"post": [0.88, -0.025, -0.925],
							"lerp_mode": "catmullrom"
						},
						"0.5": {
							"post": [-0.245, 0.025, 0.175],
							"lerp_mode": "catmullrom"
						},
						"0.5667": {
							"post": [0.15, 0, -0.2],
							"lerp_mode": "catmullrom"
						},
						"0.6": {
							"post": [0.02, 0, -0.08],
							"lerp_mode": "catmullrom"
						},
						"0.6333": {
							"post": [-0.15, 0, 0.3],
							"lerp_mode": "catmullrom"
						},
						"0.7333": {
							"post": [-0.06, 0, -0.205],
							"lerp_mode": "catmullrom"
						},
						"0.7667": {
							"post": [0, 0, 0],
							"lerp_mode": "catmullrom"
						}
					}
				}
			}
		},
		"put_away": {
			"animation_length": 0.7,
			"bones": {
				"lefthand": {
					"rotation": [100.82143, -379.94211, -144.50477],
					"position": [8.375, -14.6, -4.825],
					"scale": [1, 1.5, 1]
				},
				"righthand": {
					"rotation": {
						"0.0": [92.95715, -348.33003, -179.8124],
						"0.0333": [92.96, -348.33, -179.81],
						"0.0667": [92.96, -348.33, -179.81],
						"0.1": [92.96, -348.33, -179.81],
						"0.1333": [95.77, -348.33, -179.81],
						"0.1667": [98.58, -348.33, -179.81],
						"0.2": [101.39, -348.33, -179.81],
						"0.2333": [104.2, -348.33, -179.81],
						"0.2667": [107.02, -348.33, -179.81],
						"0.3": [109.83, -348.33, -179.81],
						"0.3333": [112.65, -348.33, -179.81],
						"0.3667": [117.45649, -350.98915, -181.22192],
						"0.4": [117.46, -350.99, -137.12],
						"0.4333": [78.60561, -383.72576, -66.6977],
						"0.4667": [43.63136, -361.80291, 5.74811],
						"0.5": [43.63, -361.8, 5.75],
						"0.5333": [39.76, -361.8, 5.75],
						"0.5667": [35.88, -361.8, 5.75],
						"0.6": [35.9183, -359.74732, 2.91472],
						"0.6333": [35.92, -359.75, 2.91],
						"0.6667": [35.92, -359.75, 2.91],
						"0.7": [35.92, -359.75, 2.91]
					},
					"position": {
						"0.0": [-6.025, -15.3, 10.155],
						"0.0333": [-6.02, -15.17, 10.59],
						"0.0667": [-6.02, -15.05, 11.02],
						"0.1": [-7.52, -14.925, 11.95],
						"0.1333": [-7.87, -14.92, 12.75],
						"0.1667": [-7.87, -14.92, 13.75],
						"0.2": [-7.87, -14.92, 14.25],
						"0.2333": [-7.87, -14.92, 14.55],
						"0.2667": [-6.77, -15.72, 12.75],
						"0.3": [-5.32, -16.825, 11],
						"0.3333": [-4.14, -16.92, 9.25],
						"0.3667": [-3.02, -15.37, 7.5],
						"0.4": [-1.92, -13.67, 4.975],
						"0.4333": [-0.22, -11.57, 1.58],
						"0.4667": [0.93, -8.545, -0.095],
						"0.5": [2.605, -6.62, 0.605],
						"0.5333": [3.07, -0.74, 1.62],
						"0.5667": [4.755, 3.725, 2.935],
						"0.6": [1.885, 5.28, 3.49],
						"0.6333": [-0.61, 2.355, 3.615],
						"0.6667": [-3.16, -3.39, 3.62],
						"0.7": [-1.535, -11.015, 3.62]
					},
					"scale": [1, 1.5, 1]
				},
				"root": {
					"rotation": {
						"0.0": [0, 0, 0],
						"0.0333": [0, 0, 0],
						"0.0667": [0, 0, 0],
						"0.1": [0, 0, 0],
						"0.1333": [0, 0, 0.2],
						"0.1667": [0, 0, 0.5],
						"0.2": [0, 0, -0.7],
						"0.2333": [0, 0, -2],
						"0.2667": [0, 0, -3],
						"0.3": [1.8, 1, -3],
						"0.3333": [7.3, 0.3, -3.2],
						"0.3667": [11.50883, -2.70958, -3.54582],
						"0.4": [14.26, -2.71, -3.55],
						"0.4333": [16.86, -2.71, -3.55],
						"0.4667": [20.01, -2.71, -3.55],
						"0.5": [24.01, -2.71, -3.55],
						"0.5333": [27.01, -2.71, -3.55],
						"0.5667": [27.01, -2.71, -3.55],
						"0.6": [27.01, -2.71, -3.55],
						"0.6333": [27.01, -2.71, -3.55],
						"0.6667": [27.01, -2.71, -3.55]
					},
					"position": {
						"0.0": [0, 0, 0],
						"0.0333": [-0.2, 0, 0],
						"0.0667": [-0.4, 0, 0],
						"0.1": [-0.6, 0, 0],
						"0.1333": [-1, 0, 0],
						"0.1667": [-1, 0, 0],
						"0.2": [-1.1, 0, 0],
						"0.2333": [-1.2, 0, 0],
						"0.2667": [-1, -0.1, 0],
						"0.3": [-1.2, -0.3, 0],
						"0.3333": [-1.5, -0.475, 0],
						"0.3667": [-2.725, -0.445, 0],
						"0.4": [-4.395, -0.24, 0],
						"0.4333": [-7.19, -0.065, 0],
						"0.4667": [-9.69, -0.64, 0],
						"0.5": [-11.94, -1.76, 0],
						"0.5333": [-14.46, -5.11, 0],
						"0.5667": [-17.91, -10.635, 0],
						"0.6": [-17.91, -14.33, 0],
						"0.6333": [-17.91, -14.33, 0],
						"0.6667": [-17.91, -14.33, 0],
						"0.7": [-17.91, -14.33, 0]
					}
				},
				"camera": {
					"rotation": {
						"0.0": {
							"post": [0, 0, 0],
							"lerp_mode": "catmullrom"
						},
						"0.2333": {
							"post": [0, 1, 1.5],
							"lerp_mode": "catmullrom"
						},
						"0.3333": {
							"post": [0, 0.5, -1.5],
							"lerp_mode": "catmullrom"
						},
						"0.4": {
							"post": [0, -0.5, -2],
							"lerp_mode": "catmullrom"
						},
						"0.5": {
							"post": [0, -2, -2],
							"lerp_mode": "catmullrom"
						},
						"0.6667": {
							"post": [0, 0, 0],
							"lerp_mode": "catmullrom"
						}
					}
				}
			}
		},
		"bolt": {
			"animation_length": 1.25,
			"bones": {
				"root": {
					"rotation": {
						"0.0": [0, 0, 0],
						"0.0167": [0.13, -0.1, 0.48],
						"0.0333": [0.31, -0.22, 1.14],
						"0.05": [0.52, -0.37, 1.94],
						"0.0667": [0.76, -0.55, 2.79],
						"0.0833": [1.01, -0.74, 3.63],
						"0.1": [1.27, -0.95, 4.39],
						"0.1167": [1.54, -1.16, 5.02],
						"0.1333": [1.88, -1.46, 5.6],
						"0.15": [2.27, -1.81, 6.1],
						"0.1667": [2.67, -2.18, 6.54],
						"0.1833": [3.06, -2.55, 6.9],
						"0.2": [3.41, -2.88, 7.2],
						"0.2167": [3.7, -3.15, 7.45],
						"0.2333": [4.07, -3.51, 7.52],
						"0.25": [4.29, -3.74, 7.34],
						"0.2667": [4.44, -3.93, 7.61],
						"0.2833": [4.55, -4.23, 9.9],
						"0.3": [4.56, -4.43, 11.87],
						"0.3167": [4.59, -4.48, 10.9],
						"0.3333": [4.54, -4.46, 9.53],
						"0.35": [4.26, -4.48, 10.03],
						"0.3667": [3.99, -4.39, 10.7],
						"0.3833": [4, -4.13, 10.55],
						"0.4": [4.09, -3.79, 10.17],
						"0.4167": [4.07, -3.53, 9.79],
						"0.4333": [3.67, -3.44, 9.35],
						"0.45": [3.22, -3.46, 8.87],
						"0.4667": [2.84, -3.45, 7.61],
						"0.4833": [2.68, -3.38, 7.99],
						"0.5": [2.54, -3.28, 8.68],
						"0.5167": [2.58, -3.22, 9.1],
						"0.5333": [2.83, -3.21, 8.99],
						"0.55": [3.22, -3.23, 8.66],
						"0.5667": [3.63, -3.26, 8.3],
						"0.5833": [3.94, -3.29, 8.12],
						"0.6": [4.1, -3.31, 8.18],
						"0.6167": [4.22, -3.33, 8.36],
						"0.6333": [4.3, -3.35, 8.58],
						"0.65": [4.35, -3.36, 8.77],
						"0.6667": [4.37, -3.38, 8.84],
						"0.6833": [4.3, -3.39, 8.58],
						"0.7": [4.13, -3.4, 8.14],
						"0.7167": [3.98, -3.4, 7.96],
						"0.7333": [3.71, -3.37, 9.37],
						"0.75": [3.42, -3.33, 8.28],
						"0.7667": [3.13, -3.2, 7],
						"0.7833": [2.99, -2.86, 6.9],
						"0.8": [2.87, -2.48, 6.97],
						"0.8167": [2.67, -2.21, 6.41],
						"0.8333": [2.44, -1.99, 5.93],
						"0.85": [2.18, -1.77, 6.29],
						"0.8667": [1.93, -1.59, 6.48],
						"0.8833": [1.81, -1.51, 5.85],
						"0.9": [1.71, -1.45, 4.9],
						"0.9167": [1.6, -1.38, 4.16],
						"0.9333": [1.5, -1.32, 3.99],
						"0.95": [1.39, -1.24, 4.02],
						"0.9667": [1.21, -1.1, 3.68],
						"0.9833": [1.08, -0.99, 3.27],
						"1.0": [0.92, -0.85, 2.7],
						"1.0167": [0.73, -0.69, 2.04],
						"1.0333": [0.55, -0.53, 1.35],
						"1.05": [0.37, -0.38, 0.71],
						"1.0667": [0.22, -0.25, 0.19],
						"1.0833": [0.11, -0.15, -0.16],
						"1.1": [-0.02, -0.03, -0.08],
						"1.1167": [-0.01, -0.04, 0.41],
						"1.1333": [-0.02, -0.03, 0.27],
						"1.15": [-0.01, -0.04, 0],
						"1.1667": [0, -0.04, -0.18],
						"1.1833": [0, -0.03, -0.19],
						"1.2": [0, -0.02, -0.15],
						"1.2167": [0, -0.02, -0.1],
						"1.2333": [0, -0.01, -0.04],
						"1.25": [0, 0, 0]
					},
					"position": {
						"0.0": [0, 0, 0],
						"0.0167": [0, -0.02, 0],
						"0.0333": [0, -0.06, 0.01],
						"0.05": [0, -0.1, 0.02],
						"0.0667": [0, -0.14, 0.03],
						"0.0833": [0, -0.19, 0.04],
						"0.1": [0, -0.23, 0.04],
						"0.1167": [0, -0.28, 0.05],
						"0.1333": [0, -0.4, 0.06],
						"0.15": [0, -0.53, 0.06],
						"0.1667": [0, -0.61, 0.06],
						"0.1833": [0, -0.61, 0.07],
						"0.2": [0, -0.56, 0.08],
						"0.2167": [0, -0.53, 0.09],
						"0.2333": [0, -0.53, 0.08],
						"0.25": [0, -0.54, 0.07],
						"0.2667": [0, -0.55, 0.05],
						"0.2833": [0, -0.54, 0.04],
						"0.3": [0, -0.44, 0.03],
						"0.3167": [0, -0.34, 0.01],
						"0.3333": [0, -0.34, 0],
						"0.35": [0, -0.33, -0.02],
						"0.3667": [0, -0.34, -0.04],
						"0.3833": [0, -0.35, -0.06],
						"0.4": [0, -0.37, -0.08],
						"0.4167": [0, -0.39, -0.1],
						"0.4333": [0, -0.48, -0.12],
						"0.45": [0, -0.59, -0.14],
						"0.4667": [0, -0.67, -0.17],
						"0.4833": [0, -0.68, -0.17],
						"0.5": [0, -0.69, -0.18],
						"0.5167": [0, -0.69, -0.19],
						"0.5333": [0, -0.7, -0.2],
						"0.55": [0, -0.7, -0.2],
						"0.5667": [0, -0.7, -0.21],
						"0.5833": [0, -0.7, -0.22],
						"0.6": [0, -0.7, -0.23],
						"0.6167": [0, -0.7, -0.24],
						"0.6333": [0, -0.7, -0.24],
						"0.65": [0, -0.7, -0.25],
						"0.6667": [0, -0.7, -0.25],
						"0.6833": [0, -0.71, -0.26],
						"0.7": [0, -0.76, -0.28],
						"0.7167": [0, -0.8, -0.29],
						"0.7333": [0, -0.8, -0.3],
						"0.75": [0, -0.77, -0.3],
						"0.7667": [0, -0.71, -0.31],
						"0.7833": [0, -0.66, -0.32],
						"0.8": [0, -0.6, -0.33],
						"0.8167": [0, -0.54, -0.34],
						"0.8333": [0, -0.47, -0.35],
						"0.85": [0, -0.4, -0.36],
						"0.8667": [0, -0.35, -0.36],
						"0.8833": [0, -0.29, -0.37],
						"0.9": [0, -0.25, -0.37],
						"0.9167": [0, -0.21, -0.33],
						"0.9333": [0, -0.2, -0.31],
						"0.95": [0, -0.19, -0.27],
						"0.9667": [0, -0.17, -0.23],
						"0.9833": [0, -0.16, -0.19],
						"1.0": [0, -0.15, -0.14],
						"1.0167": [0, -0.14, -0.09],
						"1.0333": [0, -0.13, -0.05],
						"1.05": [0, -0.11, -0.01],
						"1.0667": [0, -0.1, 0.03],
						"1.0833": [0, -0.09, 0.05],
						"1.1": [0, -0.07, 0.08],
						"1.1167": [0, -0.05, 0.08],
						"1.1333": [0, -0.03, 0.07],
						"1.15": [0, -0.02, 0.06],
						"1.1667": [0, -0.01, 0.05],
						"1.1833": [0, 0, 0.04],
						"1.2": [0, 0, 0.03],
						"1.2167": [0, 0, 0.02],
						"1.2333": [0, 0, 0.01],
						"1.25": [0, 0, 0]
					}
				},
				"righthand": {
					"rotation": {
						"0.0": [92.95715, -348.33003, -179.8124],
						"0.0167": [92.37, -336.89, -168.53],
						"0.0333": [100.21, -336.76, -168.56],
						"0.05": [99.92, -337.02, -168.5],
						"0.0667": [99.09, -337.54, -167.8],
						"0.0833": [97.88, -338.26, -166.68],
						"0.1": [96.71, -339.24, -166.25],
						"0.1167": [96.02, -340.56, -167.65],
						"0.1333": [95.49, -341.43, -169.61],
						"0.15": [94.46, -342.5, -172.56],
						"0.1667": [93.28, -343.69, -176.13],
						"0.1833": [92.3, -344.93, -179.94],
						"0.2": [91.87, -346.16, -183.6],
						"0.2167": [92.34, -347.3, -186.74],
						"0.2333": [94.06, -348.27, -188.99],
						"0.25": [97.39, -349.01, -189.96],
						"0.2667": [105.49, -349.64, -188.97],
						"0.2833": [117.23, -349.99, -185.99],
						"0.3": [130.78, -350.13, -181.87],
						"0.3167": [144.31, -350.16, -177.44],
						"0.3333": [156, -350.15, -173.53],
						"0.35": [164, -350.2, -170.99],
						"0.3667": [164, -350.2, -170.99],
						"0.3833": [166.08, -350.2, -170.99],
						"0.4": [168.16, -350.2, -170.99],
						"0.4167": [170.25, -350.2, -170.99],
						"0.4333": [172.33, -350.2, -170.99],
						"0.45": [172.89, -350.2, -170.99],
						"0.4667": [173.44, -350.2, -170.99],
						"0.4833": [174, -350.2, -170.99],
						"0.5": [175.61, -350.15, -169.98],
						"0.5167": [177.22, -350.1, -168.98],
						"0.5333": [175.77, -350.11, -169.26],
						"0.55": [174.32, -350.12, -169.54],
						"0.5667": [172.87, -350.14, -169.82],
						"0.5833": [171.43, -350.15, -170.1],
						"0.6": [153.45, -367.8, -150.19],
						"0.6167": [135.47, -385.44, -130.28],
						"0.6333": [117.49, -403.08, -110.38],
						"0.65": [99.52, -420.72, -90.47],
						"0.6667": [81.54, -438.37, -70.56],
						"0.6833": [84.62, -431.22, -69.78],
						"0.7": [87.7, -424.07, -68.99],
						"0.7167": [90.79, -416.91, -68.21],
						"0.7333": [93.87, -409.76, -67.42],
						"0.75": [91.82, -415.13, -64.87],
						"0.7667": [89.77, -420.5, -62.32],
						"0.7833": [88.1, -419.58, -60.26],
						"0.8": [86.43, -418.65, -58.2],
						"0.8167": [84.76, -417.72, -56.14],
						"0.8333": [94.75, -407.64, -83.75],
						"0.85": [104.74, -397.55, -111.37],
						"0.8667": [111.4, -390.82, -129.78],
						"0.8833": [118.05, -384.1, -148.19],
						"0.9": [116.69, -381, -151.88],
						"0.9167": [114.12, -377.28, -155.43],
						"0.9333": [110.71, -373.16, -158.8],
						"0.95": [106.86, -368.85, -161.93],
						"0.9667": [102.96, -364.56, -164.8],
						"0.9833": [99.4, -360.5, -167.36],
						"1.0": [96.56, -356.88, -169.56],
						"1.0167": [94.85, -353.91, -171.37],
						"1.0333": [95.2, -348.64, -174],
						"1.05": [98.89, -345.51, -174.33],
						"1.0667": [101.63, -342.93, -173.79],
						"1.0833": [101.76, -340.96, -172.89],
						"1.1": [101.2, -339.29, -171.3],
						"1.1167": [100.43, -337.96, -169.63],
						"1.1333": [99.92, -337.02, -168.5],
						"1.15": [99.79, -336.58, -168.11],
						"1.1667": [99.86, -336.8, -168.3],
						"1.1833": [92.95715, -348.33003, -179.8124]
					},
					"position": {
						"0.0": [-6.025, -15.3, 10.155],
						"0.0167": [-5.56, -14.63, 11.36],
						"0.0333": [-5.92, -14.64, 11.37],
						"0.05": [-6, -14.62, 11.35],
						"0.0667": [-6.21, -14.58, 11.34],
						"0.0833": [-6.51, -14.54, 11.33],
						"0.1": [-6.83, -14.46, 11.26],
						"0.1167": [-7.12, -14.35, 11.04],
						"0.1333": [-7.25, -14.3, 10.84],
						"0.15": [-7.37, -14.26, 10.59],
						"0.1667": [-7.48, -14.22, 10.3],
						"0.1833": [-7.59, -14.17, 9.98],
						"0.2": [-7.7, -14.09, 9.66],
						"0.2167": [-7.8, -13.97, 9.34],
						"0.2333": [-7.9, -13.79, 9.05],
						"0.25": [-8, -13.54, 8.8],
						"0.2667": [-8.13, -13.44, 8.51],
						"0.2833": [-8.26, -12.75, 8.23],
						"0.3": [-8.38, -11.98, 7.99],
						"0.3167": [-8.49, -11.22, 7.77],
						"0.3333": [-8.58, -10.57, 7.59],
						"0.35": [-8.65, -11.32, 7.45],
						"0.3667": [-8.65, -11.32, 7.45],
						"0.3833": [-8.65, -11.26, 8.41],
						"0.4": [-8.65, -11.2, 9.36],
						"0.4167": [-8.65, -11.15, 10.32],
						"0.4333": [-8.65, -11.09, 11.28],
						"0.45": [-8.65, -11.07, 11.54],
						"0.4667": [-8.65, -11.06, 12.99],
						"0.4833": [-8.65, -11.04, 14.05],
						"0.5": [-8.65, -11.04, 14.05],
						"0.5167": [-8.65, -11.04, 14.05],
						"0.5333": [-8.65, -11.04, 14.05],
						"0.55": [-8.65, -11.04, 14.05],
						"0.5667": [-8.65, -11.04, 14.05],
						"0.5833": [-8.65, -10.96, 13.98],
						"0.6": [-8.65, -10.88, 14.11],
						"0.6167": [-8.65, -10.8, 14.24],
						"0.6333": [-8.65, -10.71, 14.97],
						"0.65": [-8.65, -10.63, 15.7],
						"0.6667": [-8.65, -10.54, 16.43],
						"0.6833": [-8.58, -10.43, 15.04],
						"0.7": [-8.51, -10.32, 13.65],
						"0.7167": [-8.44, -10.21, 12.26],
						"0.7333": [-8.38, -10.09, 10.88],
						"0.75": [-8.38, -10.09, 10.88],
						"0.7667": [-8.38, -10.09, 10.88],
						"0.7833": [-8.38, -10.09, 10.88],
						"0.8": [-8.38, -10.09, 10.88],
						"0.8167": [-8.38, -10.09, 10.88],
						"0.8333": [-9.08, -12.17, 9.4],
						"0.85": [-9.78, -14.25, 7.93],
						"0.8667": [-9.85, -13.37, 7.92],
						"0.8833": [-9.92, -14.09, 7.91],
						"0.9": [-9.99, -14.81, 7.9],
						"0.9167": [-9.89, -15.23, 7.9],
						"0.9333": [-9.8, -15.64, 7.89],
						"0.95": [-9.7, -16.06, 7.89],
						"0.9667": [-9.6, -16.48, 7.88],
						"0.9833": [-9.18, -16.52, 8.18],
						"1.0": [-8.65, -16.34, 8.6],
						"1.0167": [-8.17, -16.09, 9.01],
						"1.0333": [-7.83, -15.79, 9.33],
						"1.05": [-7.55, -15.43, 9.63],
						"1.0667": [-7.24, -15.12, 9.97],
						"1.0833": [-6.92, -14.95, 10.32],
						"1.1": [-6.56, -14.81, 10.72],
						"1.1167": [-6.23, -14.7, 11.09],
						"1.1333": [-6, -14.62, 11.35],
						"1.15": [-5.91, -14.58, 11.45],
						"1.1667": [-5.95, -14.6, 11.4],
						"1.1833": [-6.025, -15.3, 10.155]
					},
					"scale": [1, 1.5, 1]
				},
				"lefthand": {
					"rotation": [100.82143, -379.94211, -144.50477],
					"position": [8.375, -14.6, -4.825],
					"scale": [1, 1.5, 1]
				},
				"camera": {
					"rotation": {
						"0.0": [0, 0, 0.01],
						"0.0167": [0.02, -0.01, 0.07],
						"0.0333": [0.05, -0.03, 0.17],
						"0.05": [0.09, -0.05, 0.3],
						"0.0667": [0.12, -0.07, 0.43],
						"0.0833": [0.17, -0.1, 0.56],
						"0.1": [0.21, -0.13, 0.68],
						"0.1167": [0.26, -0.16, 0.79],
						"0.1333": [0.31, -0.2, 0.87],
						"0.15": [0.36, -0.24, 0.91],
						"0.1667": [0.42, -0.29, 0.94],
						"0.1833": [0.48, -0.35, 0.95],
						"0.2": [0.54, -0.41, 0.96],
						"0.2167": [0.6, -0.47, 0.95],
						"0.2333": [0.67, -0.52, 0.95],
						"0.25": [0.72, -0.57, 0.96],
						"0.2667": [0.78, -0.62, 0.97],
						"0.2833": [0.82, -0.65, 1],
						"0.3": [1, -0.68, 1.34],
						"0.3167": [1.07, -0.66, 1.56],
						"0.3333": [1.01, -0.66, 1.32],
						"0.35": [0.89, -0.66, 0.92],
						"0.3667": [0.78, -0.66, 0.67],
						"0.3833": [0.72, -0.66, 0.72],
						"0.4": [0.67, -0.66, 0.92],
						"0.4167": [0.65, -0.66, 1.08],
						"0.4333": [0.78, -0.66, 1.18],
						"0.45": [0.86, -0.66, 1.62],
						"0.4667": [0.87, -0.66, 1.91],
						"0.4833": [0.73, -0.66, 1.33],
						"0.5": [0.55, -0.66, 0.74],
						"0.5167": [0.45, -0.64, 0.88],
						"0.5333": [0.37, -0.61, 1.22],
						"0.55": [0.33, -0.58, 1.45],
						"0.5667": [0.36, -0.55, 1.43],
						"0.5833": [0.43, -0.51, 1.32],
						"0.6": [0.51, -0.48, 1.2],
						"0.6167": [0.56, -0.46, 1.14],
						"0.6333": [0.58, -0.45, 1.15],
						"0.65": [0.59, -0.45, 1.19],
						"0.6667": [0.59, -0.45, 1.25],
						"0.6833": [0.6, -0.46, 1.33],
						"0.7": [0.62, -0.46, 1.41],
						"0.7167": [0.77, -0.46, 1.74],
						"0.7333": [0.93, -0.46, 1.94],
						"0.75": [1.02, -0.46, 1.58],
						"0.7667": [1.04, -0.46, 1.15],
						"0.7833": [0.98, -0.46, 1.1],
						"0.8": [0.88, -0.46, 1.13],
						"0.8167": [0.77, -0.46, 1.17],
						"0.8333": [0.7, -0.46, 1.15],
						"0.85": [0.73, -0.47, 1.03],
						"0.8667": [0.8, -0.48, 0.85],
						"0.8833": [0.76, -0.45, 0.66],
						"0.9": [0.68, -0.42, 0.57],
						"0.9167": [0.56, -0.37, 0.48],
						"0.9333": [0.42, -0.32, 0.38],
						"0.95": [0.26, -0.26, 0.29],
						"0.9667": [0.12, -0.21, 0.2],
						"0.9833": [0.01, -0.16, 0.12],
						"1.0": [-0.06, -0.13, 0.05],
						"1.0167": [-0.03, -0.11, -0.06],
						"1.0333": [0.12, -0.13, -0.12],
						"1.05": [0.22, -0.13, -0.13],
						"1.0667": [0.19, -0.11, -0.1],
						"1.0833": [0.13, -0.07, -0.04],
						"1.1": [0.05, -0.03, 0.03],
						"1.1167": [0, 0, 0.07],
						"1.1333": [-0.01, 0.01, 0.08],
						"1.15": [-0.02, 0.01, 0.07],
						"1.1667": [-0.02, 0.01, 0.06],
						"1.1833": [-0.01, 0.01, 0.05],
						"1.2": [-0.01, 0.01, 0.03],
						"1.2167": [-0.01, 0, 0.02],
						"1.2333": [0, 0, 0.01],
						"1.25": [0, 0, 0.01]
					}
				},
				"kar98k_bolt": {
					"position": {
						"0.25": [0, 0, 0],
						"0.2667": [0, 0, 0],
						"0.2833": [0, -0.04, 0],
						"0.3": [0, -0.075, 0],
						"0.3167": [0, -0.075, 0],
						"0.3333": [0, -0.075, 0],
						"0.35": [0, -0.075, 0],
						"0.3667": [0, -0.075, 0],
						"0.3833": [0, -0.075, 0.96],
						"0.4": [0, -0.075, 1.92],
						"0.4167": [0, -0.075, 3.27],
						"0.4333": [0, -0.075, 3.27],
						"0.45": [0, -0.075, 3.27],
						"0.4667": [0, -0.075, 3.27],
						"0.4833": [0, -0.075, 3.27],
						"0.5": [0, -0.075, 3.27],
						"0.5167": [0, -0.075, 3.27],
						"0.5333": [0, -0.075, 3.27],
						"0.55": [0, -0.075, 3.27],
						"0.5667": [0, -0.075, 3.27],
						"0.5833": [0, -0.075, 3.27],
						"0.6": [0, -0.075, 3.27],
						"0.6167": [0, -0.075, 3.27],
						"0.6333": [0, -0.075, 3.27],
						"0.65": [0, -0.075, 3.27],
						"0.6667": [0, -0.075, 3.27],
						"0.6833": [0, -0.075, 3.27],
						"0.7": [0, -0.075, 2.42],
						"0.7167": [0, -0.075, 2.3],
						"0.7333": [0, 0, 0]
					}
				},
				"shell_ejection": {
					"rotation": {
						"0.3667": [0, 0, 0],
						"0.4333": [0, 0, 0],
						"0.4667": [0, -135.42, 0],
						"0.5333": [0, -270.83, 0],
						"0.5667": [0, -406.25, 0],
						"0.6333": [0, -541.67, 0],
						"0.7": [0, -677.08, 0],
						"0.7333": [0, -812.5, 0],
						"0.7667": [0, 0, 0]
					},
					"position": {
						"0.3667": [0, 0, 0],
						"0.4333": [0, 0.0875, -0.03125],
						"0.4667": [-5.9, -0.9125, -2.18125],
						"0.5333": [-10.25, -2.6125, -3.35625],
						"0.5667": [-15.975, -4.8875, -4.83125],
						"0.6333": [-27.3, -11.0125, -4.68125],
						"0.7167": [-59.4, -40.8125, 4.71875],
						"0.75": [-2.3, -19.9375, 7.21875],
						"0.7833": [2.2, -16.1125, 0.01875],
						"0.8333": [0, 0, 0]
					},
					"scale": {
						"0.3": [1, 1, 1],
						"0.7167": {
							"pre": [1, 1, 1],
							"post": [0, 0, 0]
						},
						"0.9667": {
							"pre": [0, 0, 0],
							"post": [1, 1, 1]
						}
					}
				},
				"rotate": {
					"rotation": {
						"0.25": [0, 0, 0],
						"0.2667": [0, 0, 10],
						"0.2833": [0, 0, 20],
						"0.3": [0, 0, 30],
						"0.3167": [0, 0, 40],
						"0.3333": [0, 0, 50],
						"0.35": [0, 0, 60],
						"0.3667": [0, 0, 60],
						"0.3833": [0, 0, 60],
						"0.4": [0, 0, 60],
						"0.4167": [0, 0, 60],
						"0.4333": [0, 0, 60],
						"0.45": [0, 0, 60],
						"0.4667": [0, 0, 60],
						"0.4833": [0, 0, 60],
						"0.5": [0, 0, 60],
						"0.5167": [0, 0, 60],
						"0.5333": [0, 0, 60],
						"0.55": [0, 0, 60],
						"0.5667": [0, 0, 60],
						"0.5833": [0, 0, 60],
						"0.6": [0, 0, 60],
						"0.6167": [0, 0, 60],
						"0.6333": [0, 0, 60],
						"0.65": [0, 0, 60],
						"0.6667": [0, 0, 60],
						"0.6833": [0, 0, 60],
						"0.7": [0, 0, 60],
						"0.7167": [0, 0, 60],
						"0.7333": [0, 0, 60],
						"0.75": [0, 0, 60],
						"0.7667": [0, 0, 60],
						"0.7833": [0, 0, 60],
						"0.8": [0, 0, 60],
						"0.8167": [0, 0, 60],
						"0.8333": [0, 0, 30],
						"0.85": [0, 0, 0]
					}
				},
				"lock": {
					"rotation": {
						"0.3": [0, 0, 0],
						"0.3167": [0, 0, 8],
						"0.3333": [0, 0, 0],
						"0.35": [0, 0, -8],
						"0.3667": [0, 0, 0],
						"0.45": [0, 0, 0],
						"0.4667": [0, 0, -8],
						"0.4833": [0, 0, -10],
						"0.5": [0, 0, -10],
						"0.5167": [0, 0, -10],
						"0.5333": [0, 0, -5],
						"0.55": [0, 0, 0],
						"0.8": [0, 0, 0],
						"0.8167": [0, 0, -8],
						"0.8333": [0, 0, -10],
						"0.85": [0, 0, -8],
						"0.8667": [0, 0, 0],
						"0.8833": [0, 0, 8],
						"0.9": [0, 0, 10],
						"0.9167": [0, 0, 8],
						"0.9333": [0, 0, 0]
					}
				}
			},
			"sound_effects": {
				"0.2833": {
					"effect": "ex:kar98k/kar98k_boltopen"
				},
				"0.6": {
					"effect": "ex:kar98k/kar98k_boltclose"
				}
			}
		},
		"shoot": {
			"animation_length": 0.7,
			"bones": {
				"root": {
					"rotation": {
						"0.0": {
							"post": [0, 0, 0],
							"lerp_mode": "catmullrom"
						},
						"0.0333": {
							"post": [-5, 0, 0],
							"lerp_mode": "catmullrom"
						},
						"0.4333": {
							"post": [0, 0, 0],
							"lerp_mode": "catmullrom"
						}
					},
					"position": {
						"0.0": {
							"post": [0, 0, 0],
							"lerp_mode": "catmullrom"
						},
						"0.0333": {
							"post": [0, -0.09, 2],
							"lerp_mode": "catmullrom"
						},
						"0.0667": {
							"post": [0, 0.32, 1.76],
							"lerp_mode": "catmullrom"
						},
						"0.1333": {
							"post": [0, 0.74, 1.14],
							"lerp_mode": "catmullrom"
						},
						"0.1667": {
							"post": [0, 0.73, 0.84],
							"lerp_mode": "catmullrom"
						},
						"0.2": {
							"post": [0, 0.61, 0.6],
							"lerp_mode": "catmullrom"
						},
						"0.2667": {
							"post": [0, 0.42, 0.27],
							"lerp_mode": "catmullrom"
						},
						"0.3": {
							"post": [0, 0.32, 0.11],
							"lerp_mode": "catmullrom"
						},
						"0.3333": {
							"post": [0, 0.19, 0.01],
							"lerp_mode": "catmullrom"
						},
						"0.3667": {
							"post": [0, 0.06, -0.06],
							"lerp_mode": "catmullrom"
						},
						"0.4333": {
							"post": [0, -0.05, -0.09],
							"lerp_mode": "catmullrom"
						},
						"0.4667": {
							"post": [0, -0.12, -0.12],
							"lerp_mode": "catmullrom"
						},
						"0.5": {
							"post": [0, -0.13, -0.13],
							"lerp_mode": "catmullrom"
						},
						"0.5333": {
							"post": [0, -0.12, -0.11],
							"lerp_mode": "catmullrom"
						},
						"0.5667": {
							"post": [0, -0.09, -0.08],
							"lerp_mode": "catmullrom"
						},
						"0.6333": {
							"post": [0, -0.05, -0.05],
							"lerp_mode": "catmullrom"
						},
						"0.6667": {
							"post": [0, -0.02, -0.02],
							"lerp_mode": "catmullrom"
						},
						"0.7": {
							"post": [0, 0, 0],
							"lerp_mode": "catmullrom"
						}
					}
				},
				"camera": {
					"rotation": {
						"0.0": {
							"post": [0, 0, 0],
							"lerp_mode": "catmullrom"
						},
						"0.0333": {
							"post": [0, 0, -2],
							"lerp_mode": "catmullrom"
						},
						"0.1": {
							"post": [0, 0, 2],
							"lerp_mode": "catmullrom"
						},
						"0.1667": {
							"post": [0, 0, -1],
							"lerp_mode": "catmullrom"
						},
						"0.2333": {
							"post": [0, 0, 1],
							"lerp_mode": "catmullrom"
						},
						"0.3": {
							"post": [0, 0, -0.45],
							"lerp_mode": "catmullrom"
						},
						"0.3667": {
							"post": [0, 0, 0.53],
							"lerp_mode": "catmullrom"
						},
						"0.4333": {
							"post": [0, 0, -0.125],
							"lerp_mode": "catmullrom"
						},
						"0.5333": {
							"post": [0, 0, 0],
							"lerp_mode": "catmullrom"
						}
					}
				},
				"constraint": {
					"rotation": {
						"0.0": [0.1, 0.2, 0.3],
						"0.5667": [0, 0, 0],
						"0.6": [0, 0, 0]
					},
					"position": {
						"0.0": [0.1, 0.1, 0.3],
						"0.5667": [0, 0, 0],
						"0.6": [0, 0, 0]
					}
				}
			}
		},
		"inspect": {
			"animation_length": 5.7917,
			"bones": {
				"root": {
					"rotation": {
						"0.0": [0, 0, 0],
						"0.0417": [-5.79, 0.13, 1.95],
						"0.1667": [-17.59, -10.78, -12.86],
						"0.25": [-25.6, -24.52, -35.41],
						"0.2917": [-27.59976, -27.22756, -41.19159],
						"0.3333": [-29.18247, -28.58725, -44.21775],
						"0.4167": [-31.13848, -27.68974, -42.19082],
						"0.5": [-30.66598, -28.14222, -43.20004],
						"0.5833": [-31.42, -28.14, -43.2],
						"0.7083": [-32.01, -27.44, -41.92],
						"0.9167": [-31.74, -28, -42.94],
						"1.0": [-31.76, -28.22, -43.36],
						"1.5": [-31.20393, -28.6466, -44.18009],
						"1.5417": [-29.85, -30.65, -48.19],
						"1.6667": [-29.18045, -31.65513, -50.18764],
						"1.7917": [-29.71221, -31.16351, -49.16731],
						"1.9583": [-29.71, -31.16, -49.17],
						"2.2083": [-29.1733, -31.63628, -50.20015],
						"2.2917": [-28.77, -30.86, -48.82],
						"2.4167": [-27.89, -26.22, -40.22],
						"2.4583": [-26.12, -16.94, -23.01],
						"2.5": [-29.22851, -1.49811, -0.30357],
						"2.6667": [-31.54133, 15.17175, 51.5761],
						"2.7917": [-31.45942, 20.18741, 63.81913],
						"2.9167": [-30.53512, 21.213, 66.0211],
						"3.0833": [-30.95095, 20.76144, 65.03672],
						"3.2917": [-31.08, 20.27, 64.74],
						"3.5": [-31.2, 20.11, 64.44],
						"3.75": [-31.33825, 20.30227, 64.06287],
						"3.9583": [-31.03612, 23.9047, 67.02256],
						"4.125": [-31.50586, 23.4605, 66.01082],
						"4.3333": [-31.15, 23.82, 66.79],
						"4.5417": [-31, 23.74, 67.11],
						"4.7083": [-30.85, 23.21, 67.42],
						"4.7917": [-30.4, 21.14, 65.4],
						"4.9167": [-24.69, 17.35, 55.37],
						"5.0": [-19.7, 13.18, 43.14],
						"5.25": [0.11515, -1.03643, 9.2118],
						"5.375": [1.9612, -0.55625, -0.21924],
						"5.5": [0.66898, -0.48139, 1.31942],
						"5.5833": [-1.00521, -0.46117, 2.73757],
						"5.75": [0, 0, 0]
					},
					"position": {
						"0.0": [0, 0, 0],
						"0.0833": [-0.07, 0.63, -0.6],
						"0.1667": [-0.13, 1.6, -0.8],
						"0.2917": [-0.51, 4.07, -0.7],
						"0.375": [-0.6, 4, 0],
						"0.5": [-0.8, 4, 0.3],
						"0.5833": [-0.8, 4.1, 0.3],
						"0.7083": [-0.8, 4.5, 0.3],
						"0.7917": [-0.8, 4.5, 0.3],
						"0.875": [-0.8, 4.5, 0.3],
						"1.0417": [-0.8, 4.5, 0.3],
						"1.2917": [-0.8, 4.5, 0.3],
						"1.5417": [-0.8, 4.5, 0.3],
						"1.625": [-0.8, 4.5, 0.3],
						"2.0": [-0.8, 4.5, 0.3],
						"2.0833": [-0.8, 4.5, 0.3],
						"2.2917": [-0.8, 4.5, 0.3],
						"2.375": [-0.4, 4.5, 0.3],
						"2.5": [1.15, 4.2, -0.9],
						"2.625": [3.85, 3.1, -1.2],
						"2.75": [4.4, 2.78, -1.3],
						"2.8333": [4.6, 2.78, -1.3],
						"3.0": [4.6, 2.78, -1.3],
						"3.2083": [4.6, 2.78, -1.3],
						"3.75": [4.6, 2.78, -1.3],
						"4.0417": [4.6, 2.78, -1.3],
						"4.3333": [4.6, 2.78, -1.3],
						"4.8333": [4.6, 2.58, -1.3],
						"4.9583": [2.6, 1.28, -1.3],
						"5.0833": [1.28, 0.355, -0.92],
						"5.2083": [0.4, -0.1, -0.1],
						"5.5417": [0, -0.1, -0.28],
						"5.625": [0, 0.1, 0.33],
						"5.7917": [0, 0, 0]
					}
				},
				"lefthand": {
					"rotation": {
						"0.0": [100.82143, -379.94211, -144.50477],
						"5.25": [100.82143, -379.94211, -144.50477]
					},
					"position": {
						"0.0": [8.38, -14.6, -4.82],
						"0.5": [10.89, -15.62, 25.26],
						"2.25": [-3.11, -29.62, 25.26],
						"2.5": [9.89, -12.62, -1.74],
						"4.9583": [9.89, -12.62, -1.74],
						"5.25": [8.375, -14.6, -4.825]
					},
					"scale": {
						"0.0": [1, 1.5, 1],
						"0.5": [0, 0, 0],
						"2.25": [0, 0, 0],
						"2.4583": [1, 1, 1],
						"2.5": [1, 1.5, 1],
						"4.9583": [1, 1.5, 1]
					}
				},
				"righthand": {
					"rotation": [92.95715, -348.33003, -179.8124],
					"position": [-6.025, -15.3, 10.155],
					"scale": [1, 1.5, 1]
				},
				"camera": {
					"rotation": {
						"0.0": {
							"post": [0, 0, 0],
							"lerp_mode": "catmullrom"
						},
						"0.0833": {
							"post": [2.38, 0.54, 0],
							"lerp_mode": "catmullrom"
						},
						"0.2083": {
							"post": [2.43, 0.89, 0],
							"lerp_mode": "catmullrom"
						},
						"0.2917": {
							"post": [1.29, 1.16, 0],
							"lerp_mode": "catmullrom"
						},
						"0.4167": {
							"post": [-1, 1.1, 0],
							"lerp_mode": "catmullrom"
						},
						"0.5833": {
							"post": [-2.00275, 1.09939, -0.03503],
							"lerp_mode": "catmullrom"
						},
						"0.9167": {
							"post": [-1.25, 1.1, -0.04],
							"lerp_mode": "catmullrom"
						},
						"1.2083": {
							"post": [-1.53, 1.64, -0.05],
							"lerp_mode": "catmullrom"
						},
						"1.4167": {
							"post": [-1.9, 1.87, -0.05],
							"lerp_mode": "catmullrom"
						},
						"1.7083": {
							"post": [-2.6, 2.1, -0.05],
							"lerp_mode": "catmullrom"
						},
						"1.9167": {
							"post": [-2.45, 2.1, -0.05],
							"lerp_mode": "catmullrom"
						},
						"2.0833": {
							"post": [-2.62, 2.1, -0.05],
							"lerp_mode": "catmullrom"
						},
						"2.25": {
							"post": [-3, 2.1, -0.05],
							"lerp_mode": "catmullrom"
						},
						"2.4167": {
							"post": [-0.74, 1.55, 0.02],
							"lerp_mode": "catmullrom"
						},
						"2.5": {
							"post": [0.26, 1.85, 0.06],
							"lerp_mode": "catmullrom"
						},
						"2.5833": {
							"post": [0.76, 1.75, 0.08],
							"lerp_mode": "catmullrom"
						},
						"2.7917": {
							"post": [1.76, 1.75, 0.08],
							"lerp_mode": "catmullrom"
						},
						"2.9167": {
							"post": [1.47, 1.75, 0.08],
							"lerp_mode": "catmullrom"
						},
						"3.0": {
							"post": [1.4, 1.75, 0.08],
							"lerp_mode": "catmullrom"
						},
						"3.1667": {
							"post": [1.32, 1.75, 0.08],
							"lerp_mode": "catmullrom"
						},
						"3.3333": {
							"post": [1.06, 1.75, 0.08],
							"lerp_mode": "catmullrom"
						},
						"3.7083": {
							"post": [0.36, 1.75, 0.08],
							"lerp_mode": "catmullrom"
						},
						"3.7917": {
							"post": [0.04, 1.75, 0.08],
							"lerp_mode": "catmullrom"
						},
						"3.9167": {
							"post": [-0.41, 1.75, 0.08],
							"lerp_mode": "catmullrom"
						},
						"4.0417": {
							"post": [-0.82, 1.75, 0.08],
							"lerp_mode": "catmullrom"
						},
						"4.4167": {
							"post": [-0.77, 1.75, 0.08],
							"lerp_mode": "catmullrom"
						},
						"4.5833": {
							"post": [-0.75, 1.75, 0.08],
							"lerp_mode": "catmullrom"
						},
						"4.7917": {
							"post": [-0.74, 1.75, 0.08],
							"lerp_mode": "catmullrom"
						},
						"4.9167": {
							"post": [1.29018, 1.7103, 1.07967],
							"lerp_mode": "catmullrom"
						},
						"5.0": {
							"post": [2.13, 1.06, 0.67],
							"lerp_mode": "catmullrom"
						},
						"5.125": {
							"post": [1.91, 0.55, 0.35],
							"lerp_mode": "catmullrom"
						},
						"5.25": {
							"post": [-1, 0, 0],
							"lerp_mode": "catmullrom"
						},
						"5.375": {
							"post": [0.4, 0, 0],
							"lerp_mode": "catmullrom"
						},
						"5.5": {
							"post": [0, 0, 0],
							"lerp_mode": "catmullrom"
						}
					}
				}
			},
			"sound_effects": {
				"0.0": {
					"effect": "ex:kar98k/kar98k_inspect1"
				},
				"1.5417": {
					"effect": "ex:kar98k/kar98k_inspect2"
				},
				"2.2917": {
					"effect": "ex:kar98k/kar98k_inspect3"
				},
				"3.75": {
					"effect": "ex:kar98k/kar98k_inspect4"
				},
				"4.8333": {
					"effect": "ex:kar98k/kar98k_inspect5"
				}
			}
		},
		"inspect_01": {
			"animation_length": 5.7917,
			"bones": {
				"root": {
					"rotation": {
						"0.0": [0, 0, 0],
						"0.0417": [-5.79, 0.13, 1.95],
						"0.1667": [-17.59, -10.78, -12.86],
						"0.25": [-25.6, -24.52, -35.41],
						"0.2917": [-27.59976, -27.22756, -41.19159],
						"0.3333": [-29.18247, -28.58725, -44.21775],
						"0.4167": [-31.13848, -27.68974, -42.19082],
						"0.5": [-30.66598, -28.14222, -43.20004],
						"0.5833": [-31.42, -28.14, -43.2],
						"0.7083": [-32.01, -27.44, -41.92],
						"0.9167": [-31.74, -28, -42.94],
						"1.0": [-31.76, -28.22, -43.36],
						"1.5": [-31.20393, -28.6466, -44.18009],
						"1.5417": [-29.85, -30.65, -48.19],
						"1.6667": [-29.18045, -31.65513, -50.18764],
						"1.7917": [-29.71221, -31.16351, -49.16731],
						"1.9583": [-29.71, -31.16, -49.17],
						"2.2083": [-29.1733, -31.63628, -50.20015],
						"2.2917": [-28.77, -30.86, -48.82],
						"2.4167": [-27.89, -26.22, -40.22],
						"2.4583": [-26.12, -16.94, -23.01],
						"2.5": [-29.22851, -1.49811, -0.30357],
						"2.6667": [-31.54133, 15.17175, 51.5761],
						"2.7917": [-31.45942, 20.18741, 63.81913],
						"2.9167": [-30.53512, 21.213, 66.0211],
						"3.0833": [-30.95095, 20.76144, 65.03672],
						"3.2917": [-31.08, 20.27, 64.74],
						"3.5": [-31.2, 20.11, 64.44],
						"3.75": [-31.33825, 20.30227, 64.06287],
						"3.9583": [-31.03612, 23.9047, 67.02256],
						"4.125": [-31.50586, 23.4605, 66.01082],
						"4.3333": [-31.15, 23.82, 66.79],
						"4.5417": [-31, 23.74, 67.11],
						"4.7083": [-30.85, 23.21, 67.42],
						"4.7917": [-30.4, 21.14, 65.4],
						"4.9167": [-24.69, 17.35, 55.37],
						"5.0": [-19.7, 13.18, 43.14],
						"5.25": [0.11515, -1.03643, 9.2118],
						"5.375": [1.9612, -0.55625, -0.21924],
						"5.5": [0.66898, -0.48139, 1.31942],
						"5.5833": [-1.00521, -0.46117, 2.73757],
						"5.75": [0, 0, 0]
					},
					"position": {
						"0.0": [0, 0, 0],
						"0.0833": [-0.07, 0.63, -0.6],
						"0.1667": [-0.13, 1.6, -0.8],
						"0.2917": [-0.51, 4.07, -0.7],
						"0.375": [-0.6, 4, 0],
						"0.5": [-0.8, 4, 0.3],
						"0.5833": [-0.8, 4.1, 0.3],
						"0.7083": [-0.8, 4.5, 0.3],
						"0.7917": [-0.8, 4.5, 0.3],
						"0.875": [-0.8, 4.5, 0.3],
						"1.0417": [-0.8, 4.5, 0.3],
						"1.2917": [-0.8, 4.5, 0.3],
						"1.5417": [-0.8, 4.5, 0.3],
						"1.625": [-0.8, 4.5, 0.3],
						"2.0": [-0.8, 4.5, 0.3],
						"2.0833": [-0.8, 4.5, 0.3],
						"2.2917": [-0.8, 4.5, 0.3],
						"2.375": [-0.4, 4.5, 0.3],
						"2.5": [1.15, 4.2, -0.9],
						"2.625": [3.85, 3.1, -1.2],
						"2.75": [4.4, 2.78, -1.3],
						"2.8333": [4.6, 2.78, -1.3],
						"3.0": [4.6, 2.78, -1.3],
						"3.2083": [4.6, 2.78, -1.3],
						"3.75": [4.6, 2.78, -1.3],
						"4.0417": [4.6, 2.78, -1.3],
						"4.3333": [4.6, 2.78, -1.3],
						"4.8333": [4.6, 2.58, -1.3],
						"4.9583": [2.6, 1.28, -1.3],
						"5.0833": [1.28, 0.355, -0.92],
						"5.2083": [0.4, -0.1, -0.1],
						"5.5417": [0, -0.1, -0.28],
						"5.625": [0, 0.1, 0.33],
						"5.7917": [0, 0, 0]
					}
				},
				"lefthand": {
					"rotation": {
						"0.0": [100.82143, -379.94211, -144.50477],
						"5.25": [100.82143, -379.94211, -144.50477]
					},
					"position": {
						"0.0": [8.375, -14.6, -4.825],
						"0.5": [10.89, -15.62, 25.26],
						"2.25": [-3.11, -29.62, 25.26],
						"2.5": [9.89, -12.62, -1.74],
						"4.9583": [9.89, -12.62, -1.74],
						"5.25": [8.375, -14.6, -4.825]
					},
					"scale": {
						"0.0": [1, 1.5, 1],
						"0.5": [0, 0, 0],
						"2.25": [0, 0, 0],
						"2.4583": [1, 1, 1],
						"2.5": [1, 1.5, 1],
						"4.9583": [1, 1.5, 1]
					}
				},
				"righthand": {
					"rotation": [92.95715, -348.33003, -179.8124],
					"position": [-6.025, -15.3, 10.155],
					"scale": [1, 1.5, 1]
				},
				"camera": {
					"rotation": {
						"0.0": {
							"post": [0, 0, 0],
							"lerp_mode": "catmullrom"
						},
						"0.0833": {
							"post": [2.38, 0.54, 0],
							"lerp_mode": "catmullrom"
						},
						"0.2083": {
							"post": [2.43, 0.89, 0],
							"lerp_mode": "catmullrom"
						},
						"0.2917": {
							"post": [1.29, 1.16, 0],
							"lerp_mode": "catmullrom"
						},
						"0.4167": {
							"post": [-1, 1.1, 0],
							"lerp_mode": "catmullrom"
						},
						"0.5833": {
							"post": [-2.00275, 1.09939, -0.03503],
							"lerp_mode": "catmullrom"
						},
						"0.9167": {
							"post": [-1.25, 1.1, -0.04],
							"lerp_mode": "catmullrom"
						},
						"1.2083": {
							"post": [-1.53, 1.64, -0.05],
							"lerp_mode": "catmullrom"
						},
						"1.4167": {
							"post": [-1.9, 1.87, -0.05],
							"lerp_mode": "catmullrom"
						},
						"1.7083": {
							"post": [-2.6, 2.1, -0.05],
							"lerp_mode": "catmullrom"
						},
						"1.9167": {
							"post": [-2.45, 2.1, -0.05],
							"lerp_mode": "catmullrom"
						},
						"2.0833": {
							"post": [-2.62, 2.1, -0.05],
							"lerp_mode": "catmullrom"
						},
						"2.25": {
							"post": [-3, 2.1, -0.05],
							"lerp_mode": "catmullrom"
						},
						"2.4167": {
							"post": [-0.74, 1.55, 0.02],
							"lerp_mode": "catmullrom"
						},
						"2.5": {
							"post": [0.26, 1.85, 0.06],
							"lerp_mode": "catmullrom"
						},
						"2.5833": {
							"post": [0.76, 1.75, 0.08],
							"lerp_mode": "catmullrom"
						},
						"2.7917": {
							"post": [1.76, 1.75, 0.08],
							"lerp_mode": "catmullrom"
						},
						"2.9167": {
							"post": [1.47, 1.75, 0.08],
							"lerp_mode": "catmullrom"
						},
						"3.0": {
							"post": [1.4, 1.75, 0.08],
							"lerp_mode": "catmullrom"
						},
						"3.1667": {
							"post": [1.32, 1.75, 0.08],
							"lerp_mode": "catmullrom"
						},
						"3.3333": {
							"post": [1.06, 1.75, 0.08],
							"lerp_mode": "catmullrom"
						},
						"3.7083": {
							"post": [0.36, 1.75, 0.08],
							"lerp_mode": "catmullrom"
						},
						"3.7917": {
							"post": [0.04, 1.75, 0.08],
							"lerp_mode": "catmullrom"
						},
						"3.9167": {
							"post": [-0.41, 1.75, 0.08],
							"lerp_mode": "catmullrom"
						},
						"4.0417": {
							"post": [-0.82, 1.75, 0.08],
							"lerp_mode": "catmullrom"
						},
						"4.4167": {
							"post": [-0.77, 1.75, 0.08],
							"lerp_mode": "catmullrom"
						},
						"4.5833": {
							"post": [-0.75, 1.75, 0.08],
							"lerp_mode": "catmullrom"
						},
						"4.7917": {
							"post": [-0.74, 1.75, 0.08],
							"lerp_mode": "catmullrom"
						},
						"4.9167": {
							"post": [1.29018, 1.7103, 1.07967],
							"lerp_mode": "catmullrom"
						},
						"5.0": {
							"post": [2.13, 1.06, 0.67],
							"lerp_mode": "catmullrom"
						},
						"5.125": {
							"post": [1.91, 0.55, 0.35],
							"lerp_mode": "catmullrom"
						},
						"5.25": {
							"post": [-1, 0, 0],
							"lerp_mode": "catmullrom"
						},
						"5.375": {
							"post": [0.4, 0, 0],
							"lerp_mode": "catmullrom"
						},
						"5.5": {
							"post": [0, 0, 0],
							"lerp_mode": "catmullrom"
						}
					}
				}
			},
			"sound_effects": {
				"0.0": {
					"effect": "ex:kar98k/kar98k_inspect1"
				},
				"1.5417": {
					"effect": "ex:kar98k/kar98k_inspect2"
				},
				"2.2917": {
					"effect": "ex:kar98k/kar98k_inspect3"
				},
				"3.75": {
					"effect": "ex:kar98k/kar98k_inspect4"
				},
				"4.8333": {
					"effect": "ex:kar98k/kar98k_inspect5"
				}
			}
		},
		"inspect_empty": {
			"animation_length": 5.7917,
			"bones": {
				"root": {
					"rotation": {
						"0.0": [0, 0, 0],
						"0.0417": [-5.79, 0.13, 1.95],
						"0.1667": [-17.59, -10.78, -12.86],
						"0.25": [-25.6, -24.52, -35.41],
						"0.2917": [-27.59976, -27.22756, -41.19159],
						"0.3333": [-29.18247, -28.58725, -44.21775],
						"0.4167": [-31.13848, -27.68974, -42.19082],
						"0.5": [-30.66598, -28.14222, -43.20004],
						"0.5833": [-31.42, -28.14, -43.2],
						"0.7083": [-32.01, -27.44, -41.92],
						"0.9167": [-31.74, -28, -42.94],
						"1.0": [-31.76, -28.22, -43.36],
						"1.5": [-31.20393, -28.6466, -44.18009],
						"1.5417": [-29.85, -30.65, -48.19],
						"1.6667": [-29.18045, -31.65513, -50.18764],
						"1.7917": [-29.71221, -31.16351, -49.16731],
						"1.9583": [-29.71, -31.16, -49.17],
						"2.2083": [-29.1733, -31.63628, -50.20015],
						"2.2917": [-28.77, -30.86, -48.82],
						"2.4167": [-27.89, -26.22, -40.22],
						"2.4583": [-26.12, -16.94, -23.01],
						"2.5": [-29.22851, -1.49811, -0.30357],
						"2.6667": [-31.54133, 15.17175, 51.5761],
						"2.7917": [-31.45942, 20.18741, 63.81913],
						"2.9167": [-30.53512, 21.213, 66.0211],
						"3.0833": [-30.95095, 20.76144, 65.03672],
						"3.2917": [-31.08, 20.27, 64.74],
						"3.5": [-31.2, 20.11, 64.44],
						"3.75": [-31.33825, 20.30227, 64.06287],
						"3.9583": [-31.03612, 23.9047, 67.02256],
						"4.125": [-31.50586, 23.4605, 66.01082],
						"4.3333": [-31.15, 23.82, 66.79],
						"4.5417": [-31, 23.74, 67.11],
						"4.7083": [-30.85, 23.21, 67.42],
						"4.7917": [-30.4, 21.14, 65.4],
						"4.9167": [-24.69, 17.35, 55.37],
						"5.0": [-19.7, 13.18, 43.14],
						"5.25": [0.11515, -1.03643, 9.2118],
						"5.375": [1.9612, -0.55625, -0.21924],
						"5.5": [0.66898, -0.48139, 1.31942],
						"5.5833": [-1.00521, -0.46117, 2.73757],
						"5.75": [0, 0, 0]
					},
					"position": {
						"0.0": [0, 0, 0],
						"0.0833": [-0.07, 0.63, -0.6],
						"0.1667": [-0.13, 1.6, -0.8],
						"0.2917": [-0.51, 4.07, -0.7],
						"0.375": [-0.6, 4, 0],
						"0.5": [-0.8, 4, 0.3],
						"0.5833": [-0.8, 4.1, 0.3],
						"0.7083": [-0.8, 4.5, 0.3],
						"0.7917": [-0.8, 4.5, 0.3],
						"0.875": [-0.8, 4.5, 0.3],
						"1.0417": [-0.8, 4.5, 0.3],
						"1.2917": [-0.8, 4.5, 0.3],
						"1.5417": [-0.8, 4.5, 0.3],
						"1.625": [-0.8, 4.5, 0.3],
						"2.0": [-0.8, 4.5, 0.3],
						"2.0833": [-0.8, 4.5, 0.3],
						"2.2917": [-0.8, 4.5, 0.3],
						"2.375": [-0.4, 4.5, 0.3],
						"2.5": [1.15, 4.2, -0.9],
						"2.625": [3.85, 3.1, -1.2],
						"2.75": [4.4, 2.78, -1.3],
						"2.8333": [4.6, 2.78, -1.3],
						"3.0": [4.6, 2.78, -1.3],
						"3.2083": [4.6, 2.78, -1.3],
						"3.75": [4.6, 2.78, -1.3],
						"4.0417": [4.6, 2.78, -1.3],
						"4.3333": [4.6, 2.78, -1.3],
						"4.8333": [4.6, 2.58, -1.3],
						"4.9583": [2.6, 1.28, -1.3],
						"5.0833": [1.28, 0.355, -0.92],
						"5.2083": [0.4, -0.1, -0.1],
						"5.5417": [0, -0.1, -0.28],
						"5.625": [0, 0.1, 0.33],
						"5.7917": [0, 0, 0]
					}
				},
				"lefthand": {
					"rotation": {
						"0.0": [100.82143, -379.94211, -144.50477],
						"5.25": [100.82143, -379.94211, -144.50477]
					},
					"position": {
						"0.0": [8.375, -14.6, -4.825],
						"0.5": [10.89, -15.62, 25.26],
						"2.25": [-3.11, -29.62, 25.26],
						"2.5": [9.89, -12.62, -1.74],
						"4.9583": [9.89, -12.62, -1.74],
						"5.25": [8.375, -14.6, -4.825]
					},
					"scale": {
						"0.0": [1, 1.5, 1],
						"0.5": [0, 0, 0],
						"2.25": [0, 0, 0],
						"2.4583": [1, 1, 1],
						"2.5": [1, 1.5, 1],
						"4.9583": [1, 1.5, 1]
					}
				},
				"righthand": {
					"rotation": [92.95715, -348.33003, -179.8124],
					"position": [-6.025, -15.3, 10.155],
					"scale": [1, 1.5, 1]
				},
				"camera": {
					"rotation": {
						"0.0": {
							"post": [0, 0, 0],
							"lerp_mode": "catmullrom"
						},
						"0.0833": {
							"post": [2.38, 0.54, 0],
							"lerp_mode": "catmullrom"
						},
						"0.2083": {
							"post": [2.43, 0.89, 0],
							"lerp_mode": "catmullrom"
						},
						"0.2917": {
							"post": [1.29, 1.16, 0],
							"lerp_mode": "catmullrom"
						},
						"0.4167": {
							"post": [-1, 1.1, 0],
							"lerp_mode": "catmullrom"
						},
						"0.5833": {
							"post": [-2.00275, 1.09939, -0.03503],
							"lerp_mode": "catmullrom"
						},
						"0.9167": {
							"post": [-1.25, 1.1, -0.04],
							"lerp_mode": "catmullrom"
						},
						"1.2083": {
							"post": [-1.53, 1.64, -0.05],
							"lerp_mode": "catmullrom"
						},
						"1.4167": {
							"post": [-1.9, 1.87, -0.05],
							"lerp_mode": "catmullrom"
						},
						"1.7083": {
							"post": [-2.6, 2.1, -0.05],
							"lerp_mode": "catmullrom"
						},
						"1.9167": {
							"post": [-2.45, 2.1, -0.05],
							"lerp_mode": "catmullrom"
						},
						"2.0833": {
							"post": [-2.62, 2.1, -0.05],
							"lerp_mode": "catmullrom"
						},
						"2.25": {
							"post": [-3, 2.1, -0.05],
							"lerp_mode": "catmullrom"
						},
						"2.4167": {
							"post": [-0.74, 1.55, 0.02],
							"lerp_mode": "catmullrom"
						},
						"2.5": {
							"post": [0.26, 1.85, 0.06],
							"lerp_mode": "catmullrom"
						},
						"2.5833": {
							"post": [0.76, 1.75, 0.08],
							"lerp_mode": "catmullrom"
						},
						"2.7917": {
							"post": [1.76, 1.75, 0.08],
							"lerp_mode": "catmullrom"
						},
						"2.9167": {
							"post": [1.47, 1.75, 0.08],
							"lerp_mode": "catmullrom"
						},
						"3.0": {
							"post": [1.4, 1.75, 0.08],
							"lerp_mode": "catmullrom"
						},
						"3.1667": {
							"post": [1.32, 1.75, 0.08],
							"lerp_mode": "catmullrom"
						},
						"3.3333": {
							"post": [1.06, 1.75, 0.08],
							"lerp_mode": "catmullrom"
						},
						"3.7083": {
							"post": [0.36, 1.75, 0.08],
							"lerp_mode": "catmullrom"
						},
						"3.7917": {
							"post": [0.04, 1.75, 0.08],
							"lerp_mode": "catmullrom"
						},
						"3.9167": {
							"post": [-0.41, 1.75, 0.08],
							"lerp_mode": "catmullrom"
						},
						"4.0417": {
							"post": [-0.82, 1.75, 0.08],
							"lerp_mode": "catmullrom"
						},
						"4.4167": {
							"post": [-0.77, 1.75, 0.08],
							"lerp_mode": "catmullrom"
						},
						"4.5833": {
							"post": [-0.75, 1.75, 0.08],
							"lerp_mode": "catmullrom"
						},
						"4.7917": {
							"post": [-0.74, 1.75, 0.08],
							"lerp_mode": "catmullrom"
						},
						"4.9167": {
							"post": [1.29018, 1.7103, 1.07967],
							"lerp_mode": "catmullrom"
						},
						"5.0": {
							"post": [2.13, 1.06, 0.67],
							"lerp_mode": "catmullrom"
						},
						"5.125": {
							"post": [1.91, 0.55, 0.35],
							"lerp_mode": "catmullrom"
						},
						"5.25": {
							"post": [-1, 0, 0],
							"lerp_mode": "catmullrom"
						},
						"5.375": {
							"post": [0.4, 0, 0],
							"lerp_mode": "catmullrom"
						},
						"5.5": {
							"post": [0, 0, 0],
							"lerp_mode": "catmullrom"
						}
					}
				}
			},
			"sound_effects": {
				"0.0": {
					"effect": "ex:kar98k/kar98k_inspect1"
				},
				"1.5417": {
					"effect": "ex:kar98k/kar98k_inspect2"
				},
				"2.2917": {
					"effect": "ex:kar98k/kar98k_inspect3"
				},
				"3.75": {
					"effect": "ex:kar98k/kar98k_inspect4"
				},
				"4.8333": {
					"effect": "ex:kar98k/kar98k_inspect5"
				}
			}
		},
		"run": {
			"loop": true,
			"animation_length": 0.8,
			"bones": {
				"root": {
					"rotation": {
						"0.0": [-68.73, -5.5, -3.14],
						"0.05": [-68.99, -7.39, -3.57],
						"0.1": [-69.36, -9.11, -3.81],
						"0.15": [-69.45, -10.1, -3.75],
						"0.2": [-68.82, -9.82, -3.09],
						"0.25": [-67.92, -8.81, -2.13],
						"0.3": [-67.68, -8.15, -1.7],
						"0.35": [-68.9, -8.72, -2.46],
						"0.4": [-70.77, -9.63, -3.74],
						"0.45": [-71.87, -9.32, -4.34],
						"0.5": [-71.58, -7.25, -3.75],
						"0.55": [-70.7, -4.07, -2.59],
						"0.6": [-69.68, -1.04, -1.42],
						"0.65": [-68.98, 0.57, -0.8],
						"0.7": [-68.67, -0.33, -1.21],
						"0.75": [-68.65, -3, -2.27],
						"0.8": [-68.73, -5.5, -3.14]
					},
					"position": {
						"0.0": [-3.64, -1.58, 4.46],
						"0.05": [-3.63, -1.72, 4.46],
						"0.1": [-3.66, -2.07, 4.46],
						"0.15": [-3.67, -2.43, 4.46],
						"0.2": [-3.64, -2.58, 4.46],
						"0.25": [-3.52, -2.38, 4.46],
						"0.3": [-3.34, -1.98, 4.46],
						"0.35": [-3.19, -1.59, 4.46],
						"0.4": [-3.14, -1.43, 4.46],
						"0.45": [-3.26, -1.67, 4.46],
						"0.5": [-3.5, -2.14, 4.46],
						"0.55": [-3.74, -2.62, 4.46],
						"0.6": [-3.89, -2.84, 4.46],
						"0.65": [-3.89, -2.66, 4.46],
						"0.7": [-3.81, -2.24, 4.46],
						"0.75": [-3.71, -1.8, 4.46],
						"0.8": [-3.64, -1.58, 4.46]
					}
				},
				"camera": {
					"rotation": {
						"0.0": [0, 0, 0],
						"0.05": [0.09, 0, 0.15],
						"0.1": [0.13, 0, 0.25],
						"0.15": [-0.07, 0, 0.07],
						"0.2": [-0.25, 0, -0.12],
						"0.25": [-0.15, 0, -0.09],
						"0.3": [0, 0, 0],
						"0.35": [0.02, 0, 0.02],
						"0.4": [0, 0, 0],
						"0.45": [-0.01, 0, -0.08],
						"0.5": [0, 0, -0.12],
						"0.55": [0.08, 0, 0],
						"0.6": [0.13, 0, 0.13],
						"0.65": [0, 0, 0.08],
						"0.7": [-0.12, 0, 0],
						"0.75": [-0.09, 0, -0.02],
						"0.8": [0, 0, 0]
					}
				}
			}
		},
		"run_start": {
			"animation_length": 0.55,
			"bones": {
				"root": {
					"rotation": {
						"0.0": [0, 0, 0],
						"0.05": [2.8, -0.48, 3.97],
						"0.1": [5.79, -1.19, 9.23],
						"0.15": [1.73, -2.05, 11.57],
						"0.2": [-10.48, -2.9, 9.39],
						"0.25": [-28.47, -3.91, 4.94],
						"0.3": [-46.79, -4.85, 0.12],
						"0.35": [-59.98, -5.5, -3.14],
						"0.4": [-66.1, -5.75, -4.18],
						"0.45": [-68.22, -5.72, -4.06],
						"0.5": [-68.4, -5.59, -3.49],
						"0.55": [-68.73, -5.5, -3.14]
					},
					"position": {
						"0.0": [0, 0, 0],
						"0.05": [0.06, -0.44, -0.32],
						"0.1": [0.17, -0.98, -0.79],
						"0.15": [0.17, -1.54, -1.22],
						"0.2": [-0.09, -1.93, -1.45],
						"0.25": [-1.13, -2.15, -1.28],
						"0.3": [-2.54, -2.36, -0.83],
						"0.35": [-3.57, -2.39, -0.21],
						"0.4": [-3.83, -2.34, 0.73],
						"0.45": [-3.82, -2.12, 1.99],
						"0.5": [-3.71, -1.78, 3.31],
						"0.55": [-3.64, -1.58, 4.46]
					}
				},
				"camera": {
					"rotation": {
						"0.0": {
							"post": [0, 0, 0],
							"lerp_mode": "catmullrom"
						},
						"0.1": {
							"post": [0.75, 0, -0.5],
							"lerp_mode": "catmullrom"
						},
						"0.2": {
							"post": [-0.25, 0, 0.1875],
							"lerp_mode": "catmullrom"
						},
						"0.3": {
							"post": [0, 0, 0],
							"lerp_mode": "catmullrom"
						},
						"0.4": {
							"post": [0, 0, 0],
							"lerp_mode": "catmullrom"
						}
					}
				}
			}
		},
		"run_end": {
			"animation_length": 0.65,
			"bones": {
				"root": {
					"rotation": {
						"0.0": [-68.73, -5.5, -3.14],
						"0.05": [-55.61, -4.21, 0.37],
						"0.1": [-36.44, -2.32, 5.59],
						"0.15": [-17.16, -0.44, 10.34],
						"0.2": [-3.66, 0.81, 12.47],
						"0.25": [1.72, 1.17, 10.52],
						"0.3": [2.4, 1, 5.92],
						"0.35": [1.03, 0.62, 0.91],
						"0.4": [0.28, 0.35, -2.3],
						"0.45": [0.49, 0.21, -2.71],
						"0.5": [0.23, 0.09, -1.23],
						"0.55": [0, 0, 0],
						"0.6": [-0.02, -0.02, 0.14],
						"0.65": [0, 0, 0]
					},
					"position": {
						"0.0": [-3.64, -1.58, 4.46],
						"0.05": [-2.73, -1.96, -0.71],
						"0.1": [-1.47, -2.28, -1.96],
						"0.15": [-0.5, -2.5, -2.25],
						"0.2": [-0.17, -2.06, -1.84],
						"0.25": [-0.04, -1.17, -1.06],
						"0.3": [-0.01, -0.24, -0.23],
						"0.35": [0.02, 0.37, 0.3],
						"0.4": [0.06, 0.47, 0.4],
						"0.45": [0.05, 0.22, 0.18],
						"0.5": [0.03, 0.01, -0.01],
						"0.55": [0.02, -0.02, -0.03],
						"0.6": [0.01, -0.01, -0.01],
						"0.65": [0, 0, 0]
					}
				},
				"camera": {
					"rotation": {
						"0.25": {
							"pre": [0, 0, 0],
							"post": [0, 0, 0],
							"lerp_mode": "catmullrom"
						},
						"0.3": {
							"post": [0, 0, 0.3],
							"lerp_mode": "catmullrom"
						},
						"0.35": {
							"post": [0, 0, -0.125],
							"lerp_mode": "catmullrom"
						},
						"0.45": {
							"post": [0, 0, 0],
							"lerp_mode": "catmullrom"
						}
					}
				}
			}
		},
		"run_hold": {
			"animation_length": 0.2917,
			"bones": {
				"root": {
					"rotation": [-68.73, -5.5, -3.14],
					"position": [-3.64, -1.58, 4.46]
				}
			}
		}
	}
}