{
	"format_version": "1.8.0",
	"animations": {
		"static_idle": {
			"animation_length": 0.0417,
			"bones": {
				"lefthand": {
					"rotation": [75.29797, -16.92775, -109.02766],
					"position": [7.475, -15.85, -3.65],
					"scale": [1, 2, 1]
				},
				"righthand": {
					"rotation": [92.04998, -352.12555, -179.46804],
					"position": [-6.7, -15.25, 9.05],
					"scale": [1, 1.5, 1]
				},
				"full": {
					"position": [0, 0, 0]
				},
				"empty": {
					"position": [0, 0, -1]
				},
				"root": {
					"rotation": [0, 0, 0],
					"position": [0, 0, 0]
				}
			}
		},
		"static_bolt_caught": {
			"animation_length": 0.0417,
			"bones": {
				"lefthand": {
					"rotation": [75.29797, -16.92775, -109.02766],
					"position": [7.475, -15.85, -3.65],
					"scale": [1, 2, 1]
				},
				"righthand": {
					"rotation": [92.04998, -352.12555, -179.46804],
					"position": [-6.7, -15.25, 9.05],
					"scale": [1, 1.5, 1]
				},
				"full": {
					"scale": 0
				},
				"empty": {
					"position": [0, 0, 0.06]
				}
			}
		},
		"draw_idk": {
			"animation_length": 1,
			"bones": {
				"root": {
					"rotation": {
						"0.0": [27.48, 10.45, -21.64],
						"0.0417": [27.47639, 10.44543, -21.63553],
						"0.0833": [27.48, 10.45, -21.64],
						"0.125": [22.98, 10.45, -21.64],
						"0.1667": [16.77995, 7.80046, -12.45901],
						"0.2083": [10.88, 3.9, -7.56],
						"0.25": [5.68, 1.3, -4.36],
						"0.2917": [1.78, 0, -2.36],
						"0.3333": [-1.82, 0, -0.36],
						"0.375": [-3.42, 0, 1.24],
						"0.4167": [-3.42, 0, 2.84],
						"0.4583": [-3.42, 0, 3.315],
						"0.5": [-2.77, 0, 2.84],
						"0.5417": [-1.42, 0, 0.84],
						"0.5833": [0.21, 0, -0.975],
						"0.625": [1.185, 0, -1.65],
						"0.6667": [1.585, 0, -1.775],
						"0.7083": [1.61, 0, -1.325],
						"0.75": [1.49, 0, -0.52],
						"0.7917": [0.84, 0, -0.025],
						"0.8333": [0, 0, 0],
						"0.875": [0, 0, 0],
						"0.9167": [0, 0, 0],
						"0.9583": [0, 0, 0],
						"1.0": [0, 0, 0]
					},
					"position": {
						"0.0": [-5.8, -19.895, 0],
						"0.0417": [-5.8, -14.65, 0],
						"0.0833": [-5.8, -10.775, 0],
						"0.125": [-5.8, -7.445, 0],
						"0.1667": [-5.8, -4.765, 0],
						"0.2083": [-5.15, -2.81, 0],
						"0.25": [-4.3, -1.36, 0],
						"0.2917": [-3.525, 0.14, 0],
						"0.3333": [-2.35, 0.94, 0],
						"0.375": [-1.1, 0.94, 0],
						"0.4167": [0, 0.94, 0],
						"0.4583": [0.25, 0.94, 0.425],
						"0.5": [0.3, 0.34, 0.6],
						"0.5417": [0.2, -0.085, 0.45],
						"0.5833": [0, -0.405, 0],
						"0.625": [0, -0.48, 0],
						"0.6667": [0, -0.425, 0],
						"0.7083": [0, -0.3, 0],
						"0.75": [0, -0.125, 0],
						"0.7917": [0, 0.025, 0],
						"0.8333": [0, 0.125, 0],
						"0.875": [0, 0.105, 0],
						"0.9167": [0, 0, 0],
						"0.9583": [0, 0, 0],
						"1.0": [0, 0, 0]
					}
				},
				"lefthand": {
					"rotation": [75.29797, -16.92775, -109.02766],
					"position": [7.475, -15.85, -3.65],
					"scale": [1, 2, 1]
				},
				"righthand": {
					"rotation": [95, 5, -180],
					"position": [-7.06, -15.28, 8.94],
					"scale": [1, 1.45, 1]
				},
				"camera": {
					"rotation": {
						"0.0": {
							"post": [0, 0, 0],
							"lerp_mode": "catmullrom"
						},
						"0.1667": {
							"post": [-1.175, 0.325, -0.7],
							"lerp_mode": "catmullrom"
						},
						"0.2917": {
							"post": [0.88, -0.025, -0.925],
							"lerp_mode": "catmullrom"
						},
						"0.5833": {
							"post": [-0.245, 0.025, 0.175],
							"lerp_mode": "catmullrom"
						},
						"0.7083": {
							"post": [0.15, 0, -0.2],
							"lerp_mode": "catmullrom"
						},
						"0.75": {
							"post": [0.02, 0, -0.08],
							"lerp_mode": "catmullrom"
						},
						"0.7917": {
							"post": [-0.15, 0, 0.3],
							"lerp_mode": "catmullrom"
						},
						"0.9167": {
							"post": [-0.06, 0, -0.205],
							"lerp_mode": "catmullrom"
						},
						"1.0": {
							"post": [0, 0, 0],
							"lerp_mode": "catmullrom"
						}
					}
				}
			}
		},
		"draw": {
			"animation_length": 1.25,
			"bones": {
				"root": {
					"rotation": {
						"0.0": [27.48, 10.45, -21.64],
						"0.125": [27.47639, 10.44543, -21.63553],
						"0.25": [27.48, 10.45, -21.64],
						"0.3333": [22.98, 10.45, -21.64],
						"0.375": [16.77995, 7.80046, -12.45901],
						"0.4167": [10.88, 3.9, -7.56],
						"0.4583": [5.68, 1.3, -4.36],
						"0.5": [1.78, 0, -2.36],
						"0.5417": [-1.82, 0, -0.36],
						"0.5833": [-3.42, 0, 1.24],
						"0.625": [-3.42, 0, 2.84],
						"0.6667": [-3.42, 0, 3.315],
						"0.7083": [-2.77, 0, 2.84],
						"0.75": [-1.42, 0, 0.84],
						"0.7917": [0.21, 0, -0.975],
						"0.8333": [1.185, 0, -1.65],
						"0.875": [1.585, 0, -1.775],
						"0.9167": [1.61, 0, -1.325],
						"0.9583": [1.49, 0, -0.52],
						"1.0": [0.84, 0, -0.025],
						"1.0417": [0, 0, 0],
						"1.0833": [0, 0, 0],
						"1.125": [0, 0, 0],
						"1.1667": [0, 0, 0],
						"1.25": [0, 0, 0]
					},
					"position": {
						"0.0": [-5.8, -19.895, 0],
						"0.125": [-5.8, -14.65, 0],
						"0.25": [-5.8, -10.775, 0],
						"0.3333": [-5.8, -7.445, 0],
						"0.375": [-5.8, -4.765, 0],
						"0.4167": [-5.15, -2.81, 0],
						"0.4583": [-4.3, -1.36, 0],
						"0.5": [-3.525, 0.14, 0],
						"0.5417": [-2.35, 0.94, 0],
						"0.5833": [-1.1, 0.94, 0],
						"0.625": [0, 0.94, 0],
						"0.6667": [0.25, 0.94, 0.425],
						"0.7083": [0.3, 0.34, 0.6],
						"0.75": [0.2, -0.085, 0.45],
						"0.7917": [0, -0.405, 0],
						"0.8333": [0, -0.48, 0],
						"0.875": [0, -0.425, 0],
						"0.9167": [0, -0.3, 0],
						"0.9583": [0, -0.125, 0],
						"1.0": [0, 0.025, 0],
						"1.0417": [0, 0.125, 0],
						"1.0833": [0, 0.105, 0],
						"1.125": [0, 0, 0],
						"1.1667": [0, 0, 0],
						"1.25": [0, 0, 0]
					}
				},
				"lefthand": {
					"rotation": [75.29797, -16.92775, -109.02766],
					"position": [7.475, -15.85, -3.65],
					"scale": [1, 2, 1]
				},
				"righthand": {
					"rotation": [95, 5, -180],
					"position": [-7.06, -15.28, 8.94],
					"scale": [1, 1.45, 1]
				},
				"camera": {
					"rotation": {
						"0.0": {
							"post": [0, 0, 0],
							"lerp_mode": "catmullrom"
						},
						"0.1667": {
							"post": [-1.075, 0.325, -0.4],
							"lerp_mode": "catmullrom"
						},
						"0.4167": {
							"post": [0.88, -0.025, -0.525],
							"lerp_mode": "catmullrom"
						},
						"0.5833": {
							"post": [-0.245, 0.025, 0.175],
							"lerp_mode": "catmullrom"
						},
						"0.7083": {
							"post": [0.25, 0, -0.2],
							"lerp_mode": "catmullrom"
						},
						"0.7917": {
							"post": [-0.28, 0, -0.08],
							"lerp_mode": "catmullrom"
						},
						"0.875": {
							"post": [0.29, 0, 0.23],
							"lerp_mode": "catmullrom"
						},
						"0.9167": {
							"post": [-0.15, 0, 0.3],
							"lerp_mode": "catmullrom"
						},
						"1.0833": {
							"post": [0.14, 0, -0.205],
							"lerp_mode": "catmullrom"
						},
						"1.25": {
							"post": [0, 0, 0],
							"lerp_mode": "catmullrom"
						}
					}
				}
			}
		},
		"put_away": {
			"animation_length": 0.5,
			"bones": {
				"root": {
					"rotation": {
						"0.0": {
							"post": [0, 0, 0],
							"lerp_mode": "catmullrom"
						},
						"0.125": {
							"post": [5.55, 0, 0],
							"lerp_mode": "catmullrom"
						},
						"0.2083": {
							"post": [10.625, 0.9, -0.9],
							"lerp_mode": "catmullrom"
						},
						"0.2917": {
							"post": [16.57244, 5.87172, -4.83894],
							"lerp_mode": "catmullrom"
						},
						"0.3333": {
							"post": [25.45064, 15.38317, -10.5042],
							"lerp_mode": "catmullrom"
						},
						"0.375": {
							"post": [26.59384, 27.50544, -17.73761],
							"lerp_mode": "catmullrom"
						}
					},
					"position": {
						"0.0": {
							"post": [0, 0, 0],
							"lerp_mode": "catmullrom"
						},
						"0.125": {
							"post": [-1.5, -1.45, 0.4],
							"lerp_mode": "catmullrom"
						},
						"0.2083": {
							"post": [-5.075, -3.325, 0.9],
							"lerp_mode": "catmullrom"
						},
						"0.2917": {
							"post": [-9.87, -6.87, 1.8],
							"lerp_mode": "catmullrom"
						},
						"0.3333": {
							"post": [-12.17, -10.945, 2.5],
							"lerp_mode": "catmullrom"
						},
						"0.375": {
							"post": [-14.57, -15.74, 2.9],
							"lerp_mode": "catmullrom"
						},
						"0.4167": {
							"post": [-15.315, -19.035, 2.9],
							"lerp_mode": "catmullrom"
						},
						"0.5": {
							"post": [-16.165, -19.71, 2.6],
							"lerp_mode": "catmullrom"
						}
					}
				},
				"lefthand": {
					"rotation": {
						"0.0": [75.29797, -16.92775, -109.02766],
						"0.4167": [67.80321, -1.96004, -65.84271]
					},
					"position": {
						"0.0": [7.475, -15.85, -3.65],
						"0.5": [26.635, -39.77, 7.64]
					},
					"scale": [1, 2, 1]
				},
				"righthand": {
					"rotation": [95, 5, -180],
					"position": [-7.06, -15.28, 8.94],
					"scale": [1, 1.45, 1]
				},
				"camera": {
					"rotation": {
						"0.0": {
							"post": [0, 0, 0],
							"lerp_mode": "catmullrom"
						},
						"0.125": {
							"post": [1, 0, 0],
							"lerp_mode": "catmullrom"
						},
						"0.3333": {
							"post": [1, 0, 0],
							"lerp_mode": "catmullrom"
						},
						"0.5": {
							"post": [0, 0, 0],
							"lerp_mode": "catmullrom"
						}
					}
				}
			}
		},
		"shoot": {
			"animation_length": 0.875,
			"bones": {
				"root": {
					"rotation": {
						"0.0": [0, 0, 0],
						"0.0417": [-0.6, 0.16, 4.24],
						"0.0833": [-7.17, 0.44, -0.42],
						"0.125": [-7.95, 0.78, -0.49],
						"0.1667": [-7.57, 0.79, -1.56],
						"0.2083": [-6.52, 0.59, 0.58],
						"0.25": [-6.07, 0.37, 0.87],
						"0.2917": [-5.76, -0.1, -0.41],
						"0.3333": [-5.71, -0.3, -0.66],
						"0.375": [-5.89, -0.44, -0.12],
						"0.4167": [-5.56, -0.45, -0.05],
						"0.4583": [-4.39, -0.34, -0.38],
						"0.5": [-3.74, -0.29, -0.38],
						"0.5417": [-2.5, -0.2, -0.11],
						"0.5833": [-1.09, -0.09, -0.04],
						"0.625": [0.15, 0.01, 0.01],
						"0.6667": [0.22, 0.02, 0.01],
						"0.7083": [0.07, 0.01, 0],
						"0.75": [0, 0, 0],
						"0.7917": [0, 0, 0],
						"0.8333": [0, 0, 0],
						"0.875": [0, 0, 0]
					},
					"position": {
						"0.0": [0, 0, 0],
						"0.0417": [-0.14, 0.45, 2],
						"0.0833": [-0.13, 1.14, 3],
						"0.125": [-0.06, 1.18, 2.8],
						"0.1667": [-0.01, 1.16, 2.22],
						"0.2083": [0.01, 1.12, 1.86],
						"0.25": [0.01, 1.08, 1.81],
						"0.2917": [0, 0.98, 1.78],
						"0.3333": [0, 0.89, 1.68],
						"0.375": [0, 0.7, 1.34],
						"0.4167": [0, 0.54, 1.05],
						"0.4583": [0, 0.31, 0.64],
						"0.5": [0, 0.17, 0.4],
						"0.5417": [0, -0.04, 0.05],
						"0.5833": [0, -0.15, -0.14],
						"0.625": [0, -0.22, -0.27],
						"0.6667": [0, -0.17, -0.23],
						"0.7083": [0, -0.05, -0.1],
						"0.75": [0, 0, -0.04],
						"0.7917": [0, 0.02, -0.01],
						"0.8333": [0, 0.01, 0],
						"0.875": [0, 0, 0]
					}
				},
				"barrel": {
					"position": {
						"0.0": [0, 0, 0],
						"0.0417": [0, 0, 12],
						"0.0833": [0, 0, 8.95],
						"0.125": [0, 0, 7.52],
						"0.1667": [0, 0, 6.3],
						"0.2083": [0, 0, 5.45],
						"0.25": [0, 0, 4.85],
						"0.2917": [0, 0, 4.25],
						"0.3333": [0, 0, 3.65],
						"0.375": [0, 0, 2.67],
						"0.4167": [0, 0, 1.7],
						"0.4583": [0, 0, 0.72],
						"0.5": [0, 0, 0]
					}
				},
				"constraint": {
					"rotation": {
						"0.0": [0.4, 0.1, 0.1],
						"0.0417": [0.38, 0.1, 0.1],
						"0.0833": [0.36, 0.09, 0.09],
						"0.125": [0.33, 0.08, 0.08],
						"0.1667": [0.3, 0.08, 0.08],
						"0.2083": [0.27, 0.07, 0.07],
						"0.25": [0.24, 0.06, 0.06],
						"0.2917": [0.2, 0.05, 0.05],
						"0.3333": [0.16, 0.04, 0.04],
						"0.375": [0.13, 0.03, 0.03],
						"0.4167": [0.1, 0.02, 0.02],
						"0.4583": [0.07, 0.02, 0.02],
						"0.5": [0.04, 0.01, 0.01],
						"0.5417": [0.02, 0, 0],
						"0.5833": [0, 0, 0]
					},
					"position": {
						"0.0": [0.2, 0.3, 0.2],
						"0.0417": [0.19, 0.29, 0.19],
						"0.0833": [0.18, 0.27, 0.18],
						"0.125": [0.17, 0.25, 0.17],
						"0.1667": [0.15, 0.23, 0.15],
						"0.2083": [0.14, 0.2, 0.14],
						"0.25": [0.12, 0.18, 0.12],
						"0.2917": [0.1, 0.15, 0.1],
						"0.3333": [0.08, 0.12, 0.08],
						"0.375": [0.06, 0.1, 0.06],
						"0.4167": [0.05, 0.07, 0.05],
						"0.4583": [0.03, 0.05, 0.03],
						"0.5": [0.02, 0.03, 0.02],
						"0.5417": [0.01, 0.01, 0.01],
						"0.5833": [0, 0, 0]
					}
				},
				"camera": {
					"rotation": {
						"0.0": [0, 0, 0],
						"0.0417": [0, 0, 1.43],
						"0.0833": [0, 0, -0.14],
						"0.125": [0, 0, -0.46],
						"0.1667": [0, 0, 0.55],
						"0.2083": [0, 0, 0.31],
						"0.25": [0, 0, -0.25],
						"0.2917": [0, 0, -0.17],
						"0.3333": [0, 0, 0.15],
						"0.375": [0, 0, 0.2],
						"0.4167": [0, 0, 0.13],
						"0.4583": [0, 0, 0.05],
						"0.5": [0, 0, 0.01]
					}
				}
			}
		},
		"bolt": {
			"animation_length": 1.8,
			"bones": {
				"lefthand": {
					"rotation": [75.29797, -16.92775, -109.02766],
					"position": [7.475, -15.85, -3.65],
					"scale": [1, 2, 1]
				},
				"righthand": {
					"rotation": {
						"0.0": [92.04998, -352.12555, -179.46804],
						"0.1667": [96.60045, -352.99643, -224.86318],
						"0.2083": [99.08891, -355.58558, -197.31733],
						"0.25": [99.78966, -357.51924, -185.70589],
						"0.3333": [99.79, -357.52, -185.71],
						"0.375": [99.49, -356.75, -190.41],
						"0.4583": [98.8903, -355.19554, -199.79872],
						"0.5417": [109.64, -355.2, -199.8],
						"0.5833": [109.64, -355.2, -199.8],
						"0.7083": [92.04998, -352.12555, -179.46804]
					},
					"position": {
						"0.0": [-6.7, -15.25, 9.05],
						"0.1667": [-10.4, -13.7, 0.55],
						"0.2083": [-10.4, -11.775, 0.55],
						"0.25": [-10.4, -11.77, 6.125],
						"0.3333": [-10.4, -11.77, 9.53],
						"0.375": [-10.4, -11.77, 9.73],
						"0.4583": [-10.4, -11.775, 0.55],
						"0.5417": [-10.4, -11.77, -0.5],
						"0.5833": [-10.4, -13.7, 0.55],
						"0.7083": [-6.7, -15.25, 9.05]
					},
					"scale": [1, 1.5, 1]
				},
				"root": {
					"rotation": {
						"0.0": [0, 0, 0.01],
						"0.0417": [0.2, 0, 1.025],
						"0.0833": [0.7, 0, 3.725],
						"0.125": [1.85, 0, 6.85],
						"0.1667": [3.55, 0, 10.3],
						"0.2083": [4.525, 0, 13.125],
						"0.25": [5.9225, 0, 16.36724],
						"0.2917": [6.68, 0, 19.795],
						"0.3333": [7.49, 0, 22.575],
						"0.375": [7.675, 0, 25],
						"0.4167": [6.95, 0, 25.5],
						"0.4583": [5.95, 0, 25.5],
						"0.5": [5.95, 1, 25.5],
						"0.5417": [5.95, 2, 25.5],
						"0.5833": [7, 3.5, 25.5],
						"0.625": [5.95, 4, 25.5],
						"0.6667": [5.95, 4, 25],
						"0.7083": [5.95, 4.325, 22],
						"0.75": [5.95, 5, 20],
						"0.7917": [2.85, 5, 20],
						"0.8333": [-1, 7.6, 20],
						"0.875": [-1, 8, 20],
						"0.9167": [-1, 6.575, 19.75],
						"0.9583": [-1.5, 6.575, 17.375],
						"1.0": [-5, 8, 15],
						"1.0417": [-6, 9.5, 13.4],
						"1.0833": [-6, 9.5, 11.1],
						"1.125": [-3.3, 6.5, 7.7],
						"1.1667": [0, 3.5, 3],
						"1.2083": [0, 1, 1],
						"1.25": [0, 1, 1],
						"1.2917": [0, 1, 1],
						"1.3333": [0, 1, 0.6],
						"1.375": [0, 0, 0],
						"1.4167": [0, 0, -0.2],
						"1.4583": [-1, 0, -1],
						"1.5": [-1, 0, -1],
						"1.5417": [-1, 0, -1],
						"1.5833": [-0.67, 0, -1],
						"1.625": [-0.33, 0, 0],
						"1.6667": [0, 0, 1.5],
						"1.7083": [0, 0, 1],
						"1.75": [0, 0, 0.5],
						"1.7917": [0, 0, 0]
					},
					"position": {
						"0.0": [0, 0, 0],
						"0.0417": [0.2, -0.1, 0],
						"0.0833": [0.4, -0.225, 0],
						"0.125": [0.6, -0.5, 0],
						"0.1667": [0.8, -0.775, 0],
						"0.2083": [0.8, -0.975, 0],
						"0.25": [0.8, -1, 0],
						"0.2917": [0.8, -1, 0],
						"0.3333": [0.8, -1, 0],
						"0.375": [0.8, -1, 0.5],
						"0.4167": [0.8, -1, 1],
						"0.4583": [0.8, -1, 1.5],
						"0.5": [0.8, -1, 2],
						"0.5417": [0.8, -1, 2.275],
						"0.5833": [0.8, -1, 2.5],
						"0.625": [0.8, -1, 2.5],
						"0.6667": [0.8, -1, 2.5],
						"0.7083": [0.8, -1, 2.5],
						"0.75": [0.8, -1, 2.5],
						"0.7917": [0.8, -0.675, 2.5],
						"0.8333": [0.8, -0.35, 2.5],
						"0.875": [0.5, -0.05, 2.5],
						"0.9167": [0.5, 0.2, 2.5],
						"0.9583": [0.5, 0.5, 2.5],
						"1.0": [0.5, 0.825, 2],
						"1.0417": [0.5, 1.075, 1.5],
						"1.0833": [0, 0.4, 1],
						"1.125": [-0.5, -0.6, 0.5],
						"1.1667": [-0.5, -1.8, 0.25],
						"1.2083": [-0.5, -2.5, 0],
						"1.25": [-0.5, -2.5, 0],
						"1.2917": [-0.5, -1.9, 0],
						"1.3333": [-0.3, -1, 0],
						"1.375": [0, -0.6, 0],
						"1.4167": [0, -0.175, 0],
						"1.4583": [0, 0.1, 0],
						"1.5": [0, 0.3, 0],
						"1.5417": [0, 0.43, 0],
						"1.5833": [0, 0.36, 0],
						"1.625": [0, 0.29, 0],
						"1.6667": [0, 0.22, 0],
						"1.7083": [0, 0.15, 0],
						"1.75": [0, 0.08, 0],
						"1.7917": [0, 0, 0]
					}
				},
				"kraber_bolt": {
					"position": {
						"0.1667": [0, 0, 0],
						"0.2083": [0, 0, 0],
						"0.25": [0, 0, 5],
						"0.375": [0, 0, 9],
						"0.4167": [0, 0, 4.1],
						"0.4583": [0, 0, 0]
					}
				},
				"rotate": {
					"rotation": {
						"0.1667": [0, 0, 0],
						"0.2083": [0, 0, 25],
						"0.5417": [0, 0, 25],
						"0.5833": [0, 0, 0]
					}
				},
				"camera": {
					"rotation": {
						"0.0": {
							"post": [0, 0, 0],
							"lerp_mode": "catmullrom"
						},
						"0.25": {
							"post": [0.5, -0.5, -2],
							"lerp_mode": "catmullrom"
						},
						"0.5": {
							"post": [2, -0.4375, -0.75],
							"lerp_mode": "catmullrom"
						},
						"0.625": {
							"post": [1.22, 0.14, -1.31],
							"lerp_mode": "catmullrom"
						},
						"0.7083": {
							"post": [1.25, 0.1875, -1.25],
							"lerp_mode": "catmullrom"
						},
						"0.9167": {
							"post": [-0.25, -0.1875, 0.1875],
							"lerp_mode": "catmullrom"
						},
						"1.2083": {
							"post": [2.5, 0, -0.25],
							"lerp_mode": "catmullrom"
						},
						"1.5417": {
							"post": [0.19, 0.01, 0.0375],
							"lerp_mode": "catmullrom"
						},
						"1.7917": {
							"post": [0, 0, 0],
							"lerp_mode": "catmullrom"
						}
					}
				},
				"octagon2": {
					"position": {
						"0.1667": [0, 0, 0],
						"0.2083": [0, 0, 0],
						"0.25": [0, 0, 3],
						"0.375": [0, 0, 3],
						"0.4167": [0, 0, 1.5],
						"0.4583": [0, 0, 0]
					}
				},
				"shell_ejection": {
					"rotation": {
						"0.25": [0, 0, 0],
						"0.2917": [0, 0, 0],
						"0.3333": [0, 0, 0],
						"0.4167": [0, -135.42, 0],
						"0.4583": [0, -270.83, 0],
						"0.5": [0, -406.25, 0],
						"0.5833": [0, -541.67, 0],
						"0.625": [0, -677.08, 0],
						"0.7083": [0, -812.5, 0],
						"0.75": [0, 0, 0]
					},
					"position": {
						"0.25": [0, 0, 0],
						"0.2917": [0, 0.0875, -0.18125],
						"0.4167": [-13.1, 1.0875, -2.18125],
						"0.4583": [-25.17, -5.58, 13.31],
						"0.5": [-34.4, -22.8125, 22.01875],
						"0.5833": [-35.6, -31.9125, 20.01875],
						"0.625": [-35.6, -31.9125, 20.01875],
						"0.7083": [-35.6, -31.9125, 20.01875],
						"0.75": [-35.6, -31.9125, 20.01875],
						"0.7917": [0, 0, 0]
					},
					"scale": {
						"0.1667": [1, 1, 1],
						"0.5417": [1, 1, 1],
						"1.0": [0, 0, 0]
					}
				}
			},
			"sound_effects": {
				"0.0": {
					"effect": "ex:kraber/kraber_bolt"
				}
			}
		},
		"reload_tactical": {
			"loop": true,
			"animation_length": 3,
			"bones": {
				"lefthand": {
					"rotation": {
						"0.0": [75.29797, -16.92775, -109.02766],
						"0.0417": [63.92, -28.58, -95.7],
						"0.0833": [52.55, -40.23, -82.38],
						"0.125": [41.17, -51.88, -69.06],
						"0.1667": [29.8, -63.53, -55.74],
						"0.2083": [18.42245, -75.17466, -60.91063],
						"0.25": [32.32, -75.17, -70.21],
						"0.2917": [97.22, -75.17, -125.91],
						"0.3333": [155.66548, -52.35646, -198.52543],
						"0.375": [192.23842, -3.70321, -253.88846],
						"0.4167": [188.12148, -3.22365, -256.09078],
						"0.4583": [183.12, -3.22, -256.09],
						"0.5": [175.37, -3.22, -256.09],
						"0.5417": [175.37, -3.22, -256.09],
						"0.5833": [173.87, -3.22, -250.49],
						"0.625": [173.28323, -1.67437, -242.4142],
						"0.6667": [173.28, -1.67, -242.41],
						"0.7083": [173.28, -1.67, -242.41],
						"0.75": [173.28, -1.67, -242.41],
						"0.7917": [173.28, -1.67, -242.41],
						"0.8333": [162.03, -1.67, -242.41],
						"0.875": [165.79188, 12.63888, -224.27073],
						"0.9167": [156.29188, 12.63888, -224.27073],
						"0.9583": [156.29, 12.64, -224.27],
						"1.0": [156.29, 12.64, -224.27],
						"1.0417": [156.29, 12.64, -224.27],
						"1.0833": [156.29, 12.64, -224.27],
						"1.125": [156.29, 12.64, -224.27],
						"1.1667": [181.04, 12.64, -224.27],
						"1.2083": [181.04, 12.64, -224.27],
						"1.25": [181.04, 12.27, -224.28],
						"1.2917": [181.03704, 11.89012, -224.28391],
						"1.3333": [179.81798, -3.05424, -206.10639],
						"1.375": [179.82, -3.05, -206.11],
						"1.4167": [179.82, -3.05, -206.11],
						"1.4583": [179.82, -3.05, -206.11],
						"1.5": [167.32, -3.05, -206.11],
						"1.5417": [167.32, -3.05, -206.11],
						"1.5833": [167.32, -3.05, -206.11],
						"1.625": [167.32, -3.05, -206.11],
						"1.6667": [167.32, -3.05, -206.11],
						"1.7083": [167.32, -3.05, -206.11],
						"1.75": [167.32, -3.05, -206.11],
						"1.7917": [167.32, -3.05, -206.11],
						"1.8333": [167.32, -3.05, -206.11],
						"1.875": [167.32, -3.05, -206.11],
						"1.9167": [167.32, -3.05, -206.11],
						"1.9583": [167.32, -3.05, -206.11],
						"2.0": [167.32, -3.05, -206.11],
						"2.0417": [167.07612, -1.71935, -200.2542],
						"2.0833": [167.08, -1.72, -200.25],
						"2.125": [167.00094, -0.93485, -196.83826],
						"2.1667": [167, -0.93, -196.84],
						"2.2083": [167, -0.93, -196.84],
						"2.25": [167, -0.93, -196.84],
						"2.2917": [167, -0.93, -196.84],
						"2.3333": [167, -0.93, -196.84],
						"2.375": [167, -0.93, -196.84],
						"2.4167": [160.89, -2, -190.99],
						"2.4583": [154.78, -3.07, -185.14],
						"2.5": [148.67, -4.14, -179.29],
						"2.5417": [142.56, -5.21, -173.43],
						"2.5833": [136.45, -6.28, -167.58],
						"2.625": [130.33, -7.35, -161.73],
						"2.6667": [124.22, -8.41, -155.87],
						"2.7083": [118.1, -9.47, -150.01],
						"2.75": [109.54, -10.96, -141.81],
						"2.7917": [100.98, -12.45, -133.61],
						"2.8333": [92.42, -13.94, -125.42],
						"2.875": [83.86, -15.43, -117.22],
						"2.9167": [75.29797, -16.92775, -109.02766]
					},
					"position": {
						"0.0": [7.475, -15.85, -3.65],
						"0.0417": [9.71, -15.89, -1.22],
						"0.0833": [11.94, -15.93, 1.2],
						"0.125": [14.17, -15.97, 3.63],
						"0.1667": [16.4, -16.01, 6.06],
						"0.2083": [18.985, -16.05, 7.005],
						"0.25": [21.59, -16.05, 8.41],
						"0.2917": [21.59, -13.2, 8.885],
						"0.3333": [19.465, -11.575, 9.81],
						"0.375": [15.345, -11.82, 9.535],
						"0.4167": [15.475, -11.79, 9.64],
						"0.4583": [15.48, -11.79, 9.64],
						"0.5": [14.48, -11.79, 10.09],
						"0.5417": [14.23, -11.79, 10.09],
						"0.5833": [14.23, -11.79, 10.24],
						"0.625": [14.23, -11.79, 10.24],
						"0.6667": [14.23, -11.79, 10.24],
						"0.7083": [14.23, -11.79, 10.24],
						"0.75": [14.23, -11.79, 10.24],
						"0.7917": [14.23, -11.79, 10.24],
						"0.8333": [16.505, -11.79, 10.84],
						"0.875": [19.53, -12.89, 11.065],
						"0.9167": [24.16, -17.165, 9.82],
						"0.9583": [27.585, -27.31, 9.82],
						"1.0": [27.59, -27.31, 9.82],
						"1.0417": [27.59, -27.31, 9.82],
						"1.0833": [21.015, -24.01, 9.82],
						"1.125": [15.54, -18.585, 10.37],
						"1.1667": [9.19, -19.005, 9.595],
						"1.2083": [0.465, -25.53, 7.175],
						"1.25": [0.47, -25.53, 7.18],
						"1.2917": [0.47, -25.53, 7.18],
						"1.3333": [0.845, -25.53, 7.18],
						"1.375": [0.85, -25.53, 7.18],
						"1.4167": [0.85, -25.53, 7.18],
						"1.4583": [0.85, -25.53, 7.18],
						"1.5": [0.85, -25.53, 7.18],
						"1.5417": [0.85, -25.53, 7.18],
						"1.5833": [0.85, -25.53, 7.18],
						"1.625": [0.85, -25.53, 7.18],
						"1.6667": [0.85, -25.53, 7.18],
						"1.7083": [1.425, -26.43, 7.18],
						"1.75": [1.43, -27.555, 7.18],
						"1.7917": [1.83, -28.505, 7.18],
						"1.8333": [1.83, -28.86, 7.18],
						"1.875": [1.83, -11.15, 7.18],
						"1.9167": [13.155, -11.6, 7.18],
						"1.9583": [13.91, -11.42, 7.18],
						"2.0": [13.91, -11.42, 7.18],
						"2.0417": [13.91, -11.42, 7.18],
						"2.0833": [13.91, -11.42, 7.18],
						"2.125": [13.91, -11.42, 7.18],
						"2.1667": [15.335, -11.445, 7.18],
						"2.2083": [16.515, -11.44, 8.93],
						"2.25": [17.915, -11.115, 9.605],
						"2.2917": [17.92, -12.985, 9.61],
						"2.3333": [17.92, -14.73, 9.61],
						"2.375": [17.92, -16.255, 9.61],
						"2.4167": [17.22, -16.23, 8.73],
						"2.4583": [16.52, -16.2, 7.85],
						"2.5": [15.82, -16.17, 6.97],
						"2.5417": [15.12, -16.14, 6.09],
						"2.5833": [14.42, -16.11, 5.2],
						"2.625": [13.73, -16.08, 4.32],
						"2.6667": [13.03, -16.06, 3.43],
						"2.7083": [12.34, -16.03, 2.54],
						"2.75": [11.37, -15.99, 1.3],
						"2.7917": [10.4, -15.95, 0.06],
						"2.8333": [9.42, -15.92, -1.18],
						"2.875": [8.45, -15.88, -2.41],
						"2.9167": [7.475, -15.85, -3.65]
					},
					"scale": [1, 2, 1]
				},
				"righthand": {
					"rotation": [92.04998, -352.12555, -179.46804],
					"position": [-6.7, -15.25, 9.05],
					"scale": [1, 1.5, 1]
				},
				"root": {
					"rotation": {
						"0.0": [0, 0, 0],
						"0.0417": [0, 0.05, -0.1],
						"0.0833": [0, 0.1, -0.2],
						"0.125": [0, 0.15, -0.3],
						"0.1667": [0, 0.2, -0.4],
						"0.2083": [0, 0.4, -1.4],
						"0.25": [1, 0.6, -2.4],
						"0.2917": [2.2, 0.8, -4.05],
						"0.3333": [3.2, 1, -5.2],
						"0.375": [4.05, 1.25, -6.59],
						"0.4167": [4.91, 1.49, -8.28],
						"0.4583": [5.41, 1.74, -9.87],
						"0.5": [5.91994, 1.98299, -11.86072],
						"0.5417": [5.83, 2.04, -13.63],
						"0.5833": [5.74, 2.09, -15.835],
						"0.625": [5.65661, 2.14178, -17.98214],
						"0.6667": [5.59, 2.3, -19.955],
						"0.7083": [5.53014, 2.45695, -20.17212],
						"0.75": [5.53, 2.46, -20.17],
						"0.7917": [5.53, 2.785, -20.17],
						"0.8333": [5.5381, 2.92801, -20.02512],
						"0.875": [5.89, 3.275, -20.03],
						"0.9167": [6.54, 3.95, -20.03],
						"0.9583": [6.89, 3.95, -20.03],
						"1.0": [7.24, 3.95, -20.03],
						"1.0417": [7.59, 3.95, -19.33],
						"1.0833": [7.64, 3.95, -17.93],
						"1.125": [7.64, 3.95, -15.83],
						"1.1667": [7.64, 3.95, -13.43],
						"1.2083": [7.765, 3.95, -11.33],
						"1.25": [6.64, 3.95, -9.205],
						"1.2917": [5.565, 3.95, -7.8],
						"1.3333": [3.645, 3.95, -7.8],
						"1.375": [1.015, 3.95, -7.8],
						"1.4167": [-1.265, 3.95, -7.8],
						"1.4583": [-3.51, 3.95, -7.8],
						"1.5": [-5.61, 3.95, -7.8],
						"1.5417": [-7.71, 3.95, -7.8],
						"1.5833": [-9.11, 3.95, -8.85],
						"1.625": [-10.51, 3.95, -9.95],
						"1.6667": [-11.91, 3.95, -11.95],
						"1.7083": [-12.61, 3.95, -14.05],
						"1.75": [-12.96, 3.95, -15.8],
						"1.7917": [-12.96, 3.95, -17.55],
						"1.8333": [-12.96, 3.95, -19.65],
						"1.875": [-12.56, 2.9, -21.475],
						"1.9167": [-11.91, 1.85, -22.25],
						"1.9583": [-11.91, 1.5, -22.625],
						"2.0": [-11.91, 2.625, -23.3],
						"2.0417": [-13.81, 4.905, -23.295],
						"2.0833": [-12.26, 4.91, -23.295],
						"2.125": [-11.56, 4.91, -22.115],
						"2.1667": [-10.71, 4.51, -20.935],
						"2.2083": [-9.61, 4.51, -19.53],
						"2.25": [-8.26, 4.51, -18.13],
						"2.2917": [-6.705, 4.51, -16.205],
						"2.3333": [-5.15, 4.51, -14.275],
						"2.375": [-3.97, 4.51, -11.92],
						"2.4167": [-2.095, 4.835, -9.97],
						"2.4583": [-1.325, 4.885, -8.345],
						"2.5": [-0.145, 4.89, -5.695],
						"2.5417": [0, 4.015, -2.915],
						"2.5833": [0, 2.185, 0.43],
						"2.625": [0, 2.19, 2.38],
						"2.6667": [0, 2.19, 4.48],
						"2.7083": [0, 4.09, 4.48],
						"2.75": [0, 4.865, 2.555],
						"2.7917": [0, 4.87, 1.38],
						"2.8333": [0, 4.87, 1.38],
						"2.875": [0, 3.22, 1.38],
						"2.9167": [0, 1.61, 0.69],
						"2.9583": [0, 0, 0],
						"3.0": [0, 0, 0]
					},
					"position": {
						"0.0": [0, 0, 0],
						"0.0417": [0.03, -0.05, 0],
						"0.0833": [0.07, -0.1, 0],
						"0.125": [0.1, -0.15, 0],
						"0.1667": [0.14, -0.21, 0],
						"0.2083": [0.28, -0.43, 0],
						"0.25": [0.42, -0.79, 0],
						"0.2917": [0.56, -1.185, 0],
						"0.3333": [0.6, -1.475, 0],
						"0.375": [0.715, -1.85, -0.1],
						"0.4167": [0.665, -2.22, -0.2],
						"0.4583": [0.43, -2.59, -0.3],
						"0.5": [0.05, -2.97, -0.4],
						"0.5417": [-0.39, -3.27, -0.62],
						"0.5833": [-0.83, -3.67, -0.85],
						"0.625": [-1.27, -3.97, -1.075],
						"0.6667": [-1.71, -4.34, -1.47],
						"0.7083": [-2.145, -4.795, -1.97],
						"0.75": [-2.49, -5.345, -2.27],
						"0.7917": [-2.765, -5.74, -2.62],
						"0.8333": [-2.765, -5.915, -2.72],
						"0.875": [-2.765, -6.085, -2.72],
						"0.9167": [-2.765, -5.91, -2.72],
						"0.9583": [-2.765, -5.46, -2.72],
						"1.0": [-2.765, -4.855, -2.72],
						"1.0417": [-2.765, -4.33, -2.72],
						"1.0833": [-2.765, -3.635, -2.72],
						"1.125": [-2.765, -3.11, -2.72],
						"1.1667": [-2.765, -2.51, -2.72],
						"1.2083": [-2.765, -2.08, -2.72],
						"1.25": [-2.765, -1.705, -2.72],
						"1.2917": [-2.765, -1.255, -2.72],
						"1.3333": [-2.76, -0.905, -2.48],
						"1.375": [-2.76, -0.57, -2.24],
						"1.4167": [-2.76, -0.41, -2],
						"1.4583": [-2.765, -0.355, -1.77],
						"1.5": [-2.76, -0.35, -1.595],
						"1.5417": [-2.76, -0.35, -1.595],
						"1.5833": [-2.81, -0.25, -1.595],
						"1.625": [-3.08, -0.175, -1.595],
						"1.6667": [-3.3, -0.175, -1.595],
						"1.7083": [-3.575, -0.345, -1.59],
						"1.75": [-4.02, -0.62, -1.59],
						"1.7917": [-4.47, -0.965, -1.59],
						"1.8333": [-4.82, -1.315, -1.59],
						"1.875": [-4.815, -1.81, -1.59],
						"1.9167": [-4.815, -1.81, -1.59],
						"1.9583": [-4.815, -1.81, -1.59],
						"2.0": [-4.82, -1.81, -1.59],
						"2.0417": [-4.82, -1.81, -1.59],
						"2.0833": [-4.82, -1.81, -1.59],
						"2.125": [-4.82, -1.81, -1.59],
						"2.1667": [-4.82, -1.81, -1.59],
						"2.2083": [-4.82, -1.96, -1.59],
						"2.25": [-4.82, -2.21, -1.59],
						"2.2917": [-4.82, -2.31, -1.59],
						"2.3333": [-4.82, -2.485, -1.59],
						"2.375": [-4.82, -2.76, -1.59],
						"2.4167": [-4.82, -2.935, -1.59],
						"2.4583": [-4.745, -3.31, -1.69],
						"2.5": [-4.295, -3.38, -1.59],
						"2.5417": [-3.495, -2.905, -1.59],
						"2.5833": [-2.59, -2.205, -1.59],
						"2.625": [-1.745, -1.5, -1.59],
						"2.6667": [-1.04, -0.97, -1.24],
						"2.7083": [-0.59, -0.44, -0.915],
						"2.75": [-0.015, 0.14, -0.36],
						"2.7917": [0.435, 0.565, 0.415],
						"2.8333": [0.265, 0.29, 0.415],
						"2.875": [0.27, 0.29, 0.42],
						"2.9167": [0.14, 0.15, 0.21],
						"2.9583": [0, 0, 0],
						"3.0": [0, 0, 0]
					}
				},
				"mag_and_lefthand": {
					"rotation": {
						"0.0": [0, 0, 0],
						"0.0417": [0, 0, 0],
						"0.0833": [0, 0, 0],
						"0.125": [0, 0, 0],
						"0.1667": [0, 0, 0],
						"0.2083": [0, 0, 0],
						"0.25": [0, 0, 0],
						"0.2917": [0, 0, 0],
						"0.3333": [0, 0, 0],
						"0.375": [0, 0, 0],
						"0.4167": [0, 0, 0],
						"0.4583": [0, 0, 0],
						"0.5": [0, 0, 0],
						"0.5417": [0, 0, 0],
						"0.5833": [0, 0, 0],
						"0.625": [0, 0, 0],
						"0.6667": [0, 0, 0],
						"0.7083": [0, 0, 0],
						"0.75": [0, 0, 0],
						"0.7917": [0, 0, 0],
						"0.8333": [0, 0, 0],
						"0.875": [0, 0, 0],
						"0.9167": [0, 0, 0],
						"0.9583": [0, 0, 0],
						"1.0": [0, 0, 0],
						"1.0417": [0, 0, 0],
						"1.0833": [0, 0, 0],
						"1.125": [0, 0, 0],
						"1.1667": [0, 0, 0],
						"1.2083": [0, 0, 0],
						"1.25": [0, 0, 0],
						"1.2917": [0, 0, 0],
						"1.3333": [0, 0, 0],
						"1.375": [0, 0, 0],
						"1.4167": [0, 0, 0],
						"1.4583": [0, 0, 0],
						"1.5": [0, 0, 0],
						"1.5417": [0, 0, 0],
						"1.5833": [0, 0, 0],
						"1.625": [0, 0, 0],
						"1.6667": [0, 0, 0],
						"1.7083": [0, 0, 0],
						"1.75": [0, 0, 0],
						"1.7917": [0, 0, 0],
						"1.8333": [0, 0, 0],
						"1.875": [0, 0, 0],
						"1.9167": [0, 0, 0],
						"1.9583": [0, 0, 0],
						"2.0": [0, 0, 0]
					},
					"position": {
						"0.0": [0, 0, 0],
						"0.0417": [0, 0, 0],
						"0.0833": [0, 0, 0],
						"0.125": [0, 0, 0],
						"0.1667": [0, 0, 0],
						"0.2083": [0, 0, 0],
						"0.25": [0, 0, 0],
						"0.2917": [0, 0, 0],
						"0.3333": [0, 0, 0],
						"0.375": [0, 0, 0],
						"0.4167": [0, 0, 0],
						"0.4583": [0, 0, 0],
						"0.5": [0, 0, 0],
						"0.5417": [0, 0, 0],
						"0.5833": [0, 0, 0],
						"0.625": [0, 0, 0],
						"0.6667": [0, 0, 0],
						"0.7083": [1.975, 0, 0],
						"0.75": [6.005, 0, 0],
						"0.7917": [10.235, 0, 0],
						"0.8333": [14.39, -1.375, 0],
						"0.875": [17.295, -3.17, 0],
						"0.9167": [17.575, -3.17, 0],
						"0.9583": [17.58, -3.17, 0],
						"1.0": [17.58, -3.17, 0],
						"1.0417": [17.58, -3.17, 0],
						"1.0833": [17.58, -3.17, 0],
						"1.125": [17.58, -3.17, 0],
						"1.1667": [17.58, -3.17, 0],
						"1.2083": [17.58, -3.17, 0],
						"1.25": [17.58, -2.395, 0],
						"1.2917": [16, 0, 0],
						"1.3333": [16, 0.75, 0],
						"1.375": [16, 0.75, 0],
						"1.4167": [16, 0.75, 0],
						"1.4583": [16, 2.575, 0],
						"1.5": [22.6, 5.855, -1.3],
						"1.5417": [21.575, 10.71, -1.3],
						"1.5833": [19.005, 16.16, -1.3],
						"1.625": [16.71, 17.735, -0.8],
						"1.6667": [15.585, 18.99, -0.8],
						"1.7083": [14.29, 19.465, -0.8],
						"1.75": [15.065, 19.145, -0.8],
						"1.7917": [15.07, 19.15, -0.8],
						"1.8333": [14.845, 19.05, -0.675],
						"1.875": [14.85, 1, -0.67],
						"1.9167": [3.35, 1, -0.67],
						"1.9583": [2.15, 0, 0],
						"2.0": [0, 0, 0]
					}
				},
				"mag_and_bullet": {
					"rotation": {
						"0.0": [0, 0, 0],
						"0.0417": [0, 0, 0],
						"0.0833": [0, 0, 0],
						"0.125": [0, 0, 0],
						"0.1667": [0, 0, 0],
						"0.2083": [0, 0, 0],
						"0.25": [0, 0, 0],
						"0.2917": [0, 0, 0],
						"0.3333": [0, 0, 0],
						"0.375": [0, 0, 0],
						"0.4167": [0, 0, 0],
						"0.4583": [0, 0, 0],
						"0.5": [0, 0, 0],
						"0.5417": [0, 0, 0],
						"0.5833": [0, 0, 0],
						"0.625": [0, 0, 0],
						"0.6667": [0, 0, 0],
						"0.7083": [0, 0, 0],
						"0.75": [0, -6.85, 0],
						"0.7917": [0, -14.75, 0],
						"0.8333": [0, -29.15, 0],
						"0.875": [-69.175, -57.55, 59.7],
						"0.9167": [-124.51204, -55.12979, 126.99043],
						"0.9583": [-127.28, -47.53, 140.36],
						"1.0": [-130.05, -39.93, 153.73],
						"1.0417": [-130.05, -39.93, 153.73],
						"1.0833": [-130.05, -39.93, 153.73],
						"1.125": [-130.05, -39.93, 153.73],
						"1.1667": [-130.05, -39.93, 153.73],
						"1.2083": [-130.05, -39.93, 153.73],
						"1.25": [-130.05, -39.93, 153.73],
						"1.2917": [0, 0, -36.75],
						"1.3333": [8.12289, 2.51217, -53.8216],
						"1.375": [8.12, 2.51, -53.82],
						"1.4167": [8.12, 2.51, -53.82],
						"1.4583": [8.12, 2.51, -53.82],
						"1.5": [20.12, 2.51, -53.82],
						"1.5417": [20.12, 2.51, -53.82],
						"1.5833": [20.12, 2.51, -53.82],
						"1.625": [20.12, 2.51, -53.82],
						"1.6667": [13.02, 2.51, -53.82],
						"1.7083": [0, 0, -50],
						"1.75": [0, 0, -38.3],
						"1.7917": [0, 0, -25.05],
						"1.8333": [0, 0, -9.35],
						"1.875": [0, 0, -5],
						"1.9167": [0, 0, 0],
						"1.9583": [0, 0, 0],
						"2.0": [0, 0, 0]
					},
					"position": {
						"0.0": [0, 0, 0],
						"0.0417": [0, 0, 0],
						"0.0833": [0, 0, 0],
						"0.125": [0, 0, 0],
						"0.1667": [0, 0, 0],
						"0.2083": [0, 0, 0],
						"0.25": [0, 0, 0],
						"0.2917": [0, 0, 0],
						"0.3333": [0, 0, 0],
						"0.375": [0, 0, 0],
						"0.4167": [0, 0, 0],
						"0.4583": [0, 0, 0],
						"0.5": [0, 0, 0],
						"0.5417": [0, 0, 0],
						"0.5833": [0, 0, 0],
						"0.625": [0, 0, 0],
						"0.6667": [0, 0, 0],
						"0.7083": [0, 0, 0],
						"0.75": [0, 0, -0.3],
						"0.7917": [0.625, 0, -0.725],
						"0.8333": [4.1, 0, -2.025],
						"0.875": [19.325, -2.425, -5.895],
						"0.9167": [38.6, -8.445, -11.615],
						"0.9583": [42.5, -9.95, -11.61],
						"1.0": [46.4, -11.46, -11.61],
						"1.0417": [51.38, -17.1, -11.61],
						"1.0833": [56.35, -22.735, -11.61],
						"1.125": [60.95, -34.055, -11.61],
						"1.1667": [64.85, -46.705, -11.61],
						"1.2083": [51.85, -42.25, -13.335],
						"1.25": [27.25, -38.65, -13.33],
						"1.2917": [-13.625, -16.675, 0],
						"1.3333": [-12.57, -17.97, 0],
						"1.375": [-12.57, -17.97, 0],
						"1.4167": [-12.57, -17.97, 0],
						"1.4583": [-12.57, -17.97, 0],
						"1.5": [-11.81, -18.46, 0],
						"1.5417": [-11.81, -18.46, 0],
						"1.5833": [-11.81, -18.46, 0],
						"1.625": [-11.81, -18.46, 0],
						"1.6667": [-11.81, -18.46, 0],
						"1.7083": [-11.81, -18.46, 0],
						"1.75": [-11.81, -18.46, 0],
						"1.7917": [-11.81, -18.46, 0],
						"1.8333": [-11.81, -18.46, 0],
						"1.875": [-11.81, -1, 0],
						"1.9167": [-1, -1, 0],
						"1.9583": [0, 0, 0],
						"2.0": [0, 0, 0]
					}
				},
				"camera": {
					"rotation": {
						"0.0": {
							"post": [0, 0, 0],
							"lerp_mode": "catmullrom"
						},
						"0.4167": {
							"post": [2, 0, 0],
							"lerp_mode": "catmullrom"
						},
						"0.625": {
							"post": [0.13, -2, 2],
							"lerp_mode": "catmullrom"
						},
						"0.8333": {
							"post": [2, -4, 3],
							"lerp_mode": "catmullrom"
						},
						"1.0417": {
							"post": [3, 0, 0],
							"lerp_mode": "catmullrom"
						},
						"1.4583": {
							"post": [-1, 2, 0],
							"lerp_mode": "catmullrom"
						},
						"1.7083": {
							"post": [-2, 2, 0],
							"lerp_mode": "catmullrom"
						},
						"1.8333": {
							"post": [-2.82, 1, -1],
							"lerp_mode": "catmullrom"
						},
						"1.875": {
							"post": [-3, 1, 1],
							"lerp_mode": "catmullrom"
						},
						"1.9167": {
							"post": [-3, 1, -1],
							"lerp_mode": "catmullrom"
						},
						"1.9583": {
							"post": [-3, 1, 0],
							"lerp_mode": "catmullrom"
						},
						"2.0": {
							"post": [-3, 1, -1],
							"lerp_mode": "catmullrom"
						},
						"2.0833": {
							"post": [-3, 1, -1],
							"lerp_mode": "catmullrom"
						},
						"2.2917": {
							"post": [-3, 0, -1],
							"lerp_mode": "catmullrom"
						},
						"2.5": {
							"post": [1, 0, -1],
							"lerp_mode": "catmullrom"
						},
						"2.625": {
							"post": [-2, 0, -1],
							"lerp_mode": "catmullrom"
						},
						"2.7917": {
							"post": [1.15, 0, -0.83],
							"lerp_mode": "catmullrom"
						},
						"3.0": {
							"post": [0, 0, 0],
							"lerp_mode": "catmullrom"
						}
					}
				},
				"release": {
					"rotation": {
						"0.5": [0, 0, 0],
						"0.5417": [0, 0, 0],
						"0.5833": [0, 3.5, 0],
						"0.625": [0, 4, 0],
						"0.75": [0, 0, 0],
						"1.875": [0, 0, 0],
						"1.9167": [0, 0, 0],
						"1.9583": [0, 3.5, 0],
						"2.0": [0, 4, 0],
						"2.125": [0, 0, 0]
					}
				}
			},
			"sound_effects": {
				"0.0": {
					"effect": "ex:kraber/kraber_reload"
				}
			}
		},
		"reload_empty": {
			"loop": true,
			"animation_length": 4.3,
			"bones": {
				"lefthand": {
					"rotation": {
						"0.0": [75.29797, -16.92775, -109.02766],
						"0.0417": [63.92, -28.58, -95.7],
						"0.0833": [52.55, -40.23, -82.38],
						"0.125": [41.17, -51.88, -69.06],
						"0.1667": [29.8, -63.53, -55.74],
						"0.2083": [18.42245, -75.17466, -60.91063],
						"0.25": [32.32, -75.17, -70.21],
						"0.2917": [97.22, -75.17, -125.91],
						"0.3333": [155.66548, -52.35646, -198.52543],
						"0.375": [192.23842, -3.70321, -253.88846],
						"0.4167": [188.12148, -3.22365, -256.09078],
						"0.4583": [183.12, -3.22, -256.09],
						"0.5": [175.37, -3.22, -256.09],
						"0.5417": [175.37, -3.22, -256.09],
						"0.5833": [173.87, -3.22, -250.49],
						"0.625": [173.28323, -1.67437, -242.4142],
						"0.6667": [173.28, -1.67, -242.41],
						"0.7083": [173.28, -1.67, -242.41],
						"0.75": [173.28, -1.67, -242.41],
						"0.7917": [173.28, -1.67, -242.41],
						"0.8333": [162.03, -1.67, -242.41],
						"0.875": [165.79188, 12.63888, -224.27073],
						"0.9167": [156.29188, 12.63888, -224.27073],
						"0.9583": [156.29, 12.64, -224.27],
						"1.0": [156.29, 12.64, -224.27],
						"1.0417": [156.29, 12.64, -224.27],
						"1.0833": [156.29, 12.64, -224.27],
						"1.125": [156.29, 12.64, -224.27],
						"1.1667": [181.04, 12.64, -224.27],
						"1.2083": [181.04, 12.64, -224.27],
						"1.25": [181.04, 12.27, -224.28],
						"1.2917": [181.03704, 11.89012, -224.28391],
						"1.3333": [179.81798, -3.05424, -206.10639],
						"1.375": [179.82, -3.05, -206.11],
						"1.4167": [179.82, -3.05, -206.11],
						"1.4583": [179.82, -3.05, -206.11],
						"1.5": [167.32, -3.05, -206.11],
						"1.5417": [167.32, -3.05, -206.11],
						"1.5833": [167.32, -3.05, -206.11],
						"1.625": [167.32, -3.05, -206.11],
						"1.6667": [167.32, -3.05, -206.11],
						"1.7083": [167.32, -3.05, -206.11],
						"1.75": [167.32, -3.05, -206.11],
						"1.7917": [167.32, -3.05, -206.11],
						"1.8333": [167.32, -3.05, -206.11],
						"1.875": [167.32, -3.05, -206.11],
						"1.9167": [167.32, -3.05, -206.11],
						"1.9583": [167.32, -3.05, -206.11],
						"2.0": [167.32, -3.05, -206.11],
						"2.0417": [167.07612, -1.71935, -200.2542],
						"2.0833": [167.08, -1.72, -200.25],
						"2.125": [167.00094, -0.93485, -196.83826],
						"2.1667": [167, -0.93, -196.84],
						"2.2083": [167, -0.93, -196.84],
						"2.25": [167, -0.93, -196.84],
						"2.2917": [167, -0.93, -196.84],
						"2.3333": [167, -0.93, -196.84],
						"2.375": [167, -0.93, -196.84],
						"2.4167": [160.89, -2, -190.99],
						"2.4583": [154.78, -3.07, -185.14],
						"2.5": [148.67, -4.14, -179.29],
						"2.5417": [142.56, -5.21, -173.43],
						"2.5833": [136.45, -6.28, -167.58],
						"2.625": [130.33, -7.35, -161.73],
						"2.6667": [124.22, -8.41, -155.87],
						"2.7083": [118.1, -9.47, -150.01],
						"2.75": [109.54, -10.96, -141.81],
						"2.7917": [100.98, -12.45, -133.61],
						"2.8333": [92.42, -13.94, -125.42],
						"2.875": [83.86, -15.43, -117.22],
						"2.9167": [75.29797, -16.92775, -109.02766]
					},
					"position": {
						"0.0": [7.475, -15.85, -3.65],
						"0.0417": [9.71, -15.89, -1.22],
						"0.0833": [11.94, -15.93, 1.2],
						"0.125": [14.17, -15.97, 3.63],
						"0.1667": [16.4, -16.01, 6.06],
						"0.2083": [18.985, -16.05, 7.005],
						"0.25": [21.59, -16.05, 8.41],
						"0.2917": [21.59, -13.2, 8.885],
						"0.3333": [19.465, -11.575, 9.81],
						"0.375": [15.345, -11.82, 9.535],
						"0.4167": [15.475, -11.79, 9.64],
						"0.4583": [15.48, -11.79, 9.64],
						"0.5": [14.48, -11.79, 10.09],
						"0.5417": [14.23, -11.79, 10.09],
						"0.5833": [14.23, -11.79, 10.24],
						"0.625": [14.23, -11.79, 10.24],
						"0.6667": [14.23, -11.79, 10.24],
						"0.7083": [14.23, -11.79, 10.24],
						"0.75": [14.23, -11.79, 10.24],
						"0.7917": [14.23, -11.79, 10.24],
						"0.8333": [16.505, -11.79, 10.84],
						"0.875": [19.53, -12.89, 11.065],
						"0.9167": [24.16, -17.165, 9.82],
						"0.9583": [27.585, -27.31, 9.82],
						"1.0": [27.59, -27.31, 9.82],
						"1.0417": [27.59, -27.31, 9.82],
						"1.0833": [21.015, -24.01, 9.82],
						"1.125": [15.54, -18.585, 10.37],
						"1.1667": [9.19, -19.005, 9.595],
						"1.2083": [0.465, -25.53, 7.175],
						"1.25": [0.47, -25.53, 7.18],
						"1.2917": [0.47, -25.53, 7.18],
						"1.3333": [0.845, -25.53, 7.18],
						"1.375": [0.85, -25.53, 7.18],
						"1.4167": [0.85, -25.53, 7.18],
						"1.4583": [0.85, -25.53, 7.18],
						"1.5": [0.85, -25.53, 7.18],
						"1.5417": [0.85, -25.53, 7.18],
						"1.5833": [0.85, -25.53, 7.18],
						"1.625": [0.85, -25.53, 7.18],
						"1.6667": [0.85, -25.53, 7.18],
						"1.7083": [1.425, -26.43, 7.18],
						"1.75": [1.43, -27.555, 7.18],
						"1.7917": [1.83, -28.505, 7.18],
						"1.8333": [1.83, -28.86, 7.18],
						"1.875": [1.83, -11.15, 7.18],
						"1.9167": [13.155, -11.6, 7.18],
						"1.9583": [13.91, -11.42, 7.18],
						"2.0": [13.91, -11.42, 7.18],
						"2.0417": [13.91, -11.42, 7.18],
						"2.0833": [13.91, -11.42, 7.18],
						"2.125": [13.91, -11.42, 7.18],
						"2.1667": [15.335, -11.445, 7.18],
						"2.2083": [16.515, -11.44, 8.93],
						"2.25": [17.915, -11.115, 9.605],
						"2.2917": [17.92, -12.985, 9.61],
						"2.3333": [17.92, -14.73, 9.61],
						"2.375": [17.92, -16.255, 9.61],
						"2.4167": [17.22, -16.23, 8.73],
						"2.4583": [16.52, -16.2, 7.85],
						"2.5": [15.82, -16.17, 6.97],
						"2.5417": [15.12, -16.14, 6.09],
						"2.5833": [14.42, -16.11, 5.2],
						"2.625": [13.73, -16.08, 4.32],
						"2.6667": [13.03, -16.06, 3.43],
						"2.7083": [12.34, -16.03, 2.54],
						"2.75": [11.37, -15.99, 1.3],
						"2.7917": [10.4, -15.95, 0.06],
						"2.8333": [9.42, -15.92, -1.18],
						"2.875": [8.45, -15.88, -2.41],
						"2.9167": [7.475, -15.85, -3.65]
					},
					"scale": [1, 2, 1]
				},
				"righthand": {
					"rotation": {
						"0.0": [92.04998, -352.12555, -179.46804],
						"2.5833": [92.04998, -352.12555, -179.46804],
						"2.9167": [96.60045, -352.99643, -224.86318],
						"2.9583": [99.08891, -355.58558, -197.31733],
						"3.0": [99.78966, -357.51924, -185.70589],
						"3.2083": [99.79, -357.52, -185.71],
						"3.25": [99.49, -356.75, -190.41],
						"3.3333": [98.8903, -355.19554, -199.79872],
						"3.4167": [109.64, -355.2, -199.8],
						"3.4583": [109.64, -355.2, -199.8],
						"3.5833": [92.04998, -352.12555, -179.46804]
					},
					"position": {
						"0.0": [-6.7, -15.25, 9.05],
						"2.5833": [-6.7, -15.25, 9.05],
						"2.9167": [-10.4, -13.7, 0.55],
						"2.9583": [-10.4, -11.775, 0.55],
						"3.0": [-10.4, -11.77, 6.125],
						"3.2083": [-10.4, -11.77, 9.53],
						"3.25": [-10.4, -11.77, 9.73],
						"3.3333": [-10.4, -11.775, 0.55],
						"3.4167": [-10.4, -11.77, -0.5],
						"3.4583": [-10.4, -13.7, 0.55],
						"3.5833": [-6.7, -15.25, 9.05]
					},
					"scale": [1, 1.5, 1]
				},
				"root": {
					"rotation": {
						"0.0": [0, 0, 0],
						"0.0417": [0, 0.05, -0.1],
						"0.0833": [0, 0.1, -0.2],
						"0.125": [0, 0.15, -0.3],
						"0.1667": [0, 0.2, -0.4],
						"0.2083": [0, 0.4, -1.4],
						"0.25": [1, 0.6, -2.4],
						"0.2917": [2.2, 0.8, -4.05],
						"0.3333": [3.2, 1, -5.2],
						"0.375": [4.05, 1.25, -6.59],
						"0.4167": [4.91, 1.49, -8.28],
						"0.4583": [5.41, 1.74, -9.87],
						"0.5": [5.91994, 1.98299, -11.86072],
						"0.5417": [5.83, 2.04, -13.63],
						"0.5833": [5.74, 2.09, -15.835],
						"0.625": [5.65661, 2.14178, -17.98214],
						"0.6667": [5.59, 2.3, -19.955],
						"0.7083": [5.53014, 2.45695, -20.17212],
						"0.75": [5.53, 2.46, -20.17],
						"0.7917": [5.53, 2.785, -20.17],
						"0.8333": [5.5381, 2.92801, -20.02512],
						"0.875": [5.89, 3.275, -20.03],
						"0.9167": [6.54, 3.95, -20.03],
						"0.9583": [6.89, 3.95, -20.03],
						"1.0": [7.24, 3.95, -20.03],
						"1.0417": [7.59, 3.95, -19.33],
						"1.0833": [7.64, 3.95, -17.93],
						"1.125": [7.64, 3.95, -15.83],
						"1.1667": [7.64, 3.95, -13.43],
						"1.2083": [7.765, 3.95, -11.33],
						"1.25": [6.64, 3.95, -9.205],
						"1.2917": [5.565, 3.95, -7.8],
						"1.3333": [3.645, 3.95, -7.8],
						"1.375": [1.015, 3.95, -7.8],
						"1.4167": [-1.265, 3.95, -7.8],
						"1.4583": [-3.51, 3.95, -7.8],
						"1.5": [-5.61, 3.95, -7.8],
						"1.5417": [-7.71, 3.95, -7.8],
						"1.5833": [-9.11, 3.95, -8.85],
						"1.625": [-10.51, 3.95, -9.95],
						"1.6667": [-11.91, 3.95, -11.95],
						"1.7083": [-12.61, 3.95, -14.05],
						"1.75": [-12.96, 3.95, -15.8],
						"1.7917": [-12.96, 3.95, -17.55],
						"1.8333": [-12.96, 3.95, -19.65],
						"1.875": [-12.56, 2.9, -21.475],
						"1.9167": [-11.91, 1.85, -22.25],
						"1.9583": [-11.91, 1.5, -22.625],
						"2.0": [-11.91, 2.625, -23.3],
						"2.0417": [-13.81, 4.905, -23.295],
						"2.0833": [-12.26, 4.91, -23.295],
						"2.125": [-11.56, 4.91, -22.115],
						"2.1667": [-10.71, 4.51, -20.935],
						"2.2083": [-9.61, 4.51, -19.53],
						"2.25": [-8.26, 4.51, -18.13],
						"2.2917": [-6.705, 4.51, -16.205],
						"2.3333": [-5.15, 4.51, -14.275],
						"2.375": [-3.97, 4.51, -11.92],
						"2.4167": [-2.095, 4.835, -9.97],
						"2.4583": [-1.325, 2.435, -7.745],
						"2.5": [0, 0, -4.89],
						"2.5417": [0.2, 0, -2.575],
						"2.5833": [0.7, 0, -0.55],
						"2.625": [1.85, 0, 1.975],
						"2.6667": [3.55, 0, 5.425],
						"2.7083": [4.525, 0, 8.25],
						"2.75": [5.9225, 0, 11.49224],
						"2.7917": [6.68, 0, 14.92],
						"2.8333": [7.49, 0, 17.7],
						"2.875": [7.675, 0, 20.125],
						"2.9167": [6.95, 0, 23.1],
						"2.9583": [5.95, 0, 25.5],
						"3.0": [5.95, 1, 25.5],
						"3.0417": [5.95, 2, 25.5],
						"3.0833": [7, 3.5, 25.5],
						"3.125": [5.95, 4, 25.5],
						"3.1667": [5.95, 4, 25],
						"3.2083": [5.95, 4.325, 22],
						"3.25": [5.95, 5, 20],
						"3.2917": [2.85, 5, 20],
						"3.3333": [-1, 7.6, 20],
						"3.375": [-1, 8, 20],
						"3.4167": [-1, 6.575, 19.75],
						"3.4583": [-1.5, 6.575, 17.375],
						"3.5": [-5, 8, 15],
						"3.5417": [-6, 9.5, 13.4],
						"3.5833": [-6, 9.5, 11.1],
						"3.625": [-3.3, 6.5, 7.7],
						"3.6667": [0, 3.5, 3],
						"3.7083": [0, 1, 1],
						"3.75": [0, 1, 1],
						"3.7917": [0, 1, 1],
						"3.8333": [0, 1, 0.6],
						"3.875": [0, 0, 0],
						"3.9167": [0, 0, -0.2],
						"3.9583": [-1, 0, -2],
						"4.0": [-1, 0, -3],
						"4.0417": [-1, 0, -3],
						"4.0833": [-0.67, 0, -1.5],
						"4.125": [-0.33, 0, 0],
						"4.1667": [0, 0, 1.5],
						"4.2083": [0, 0, 1],
						"4.25": [0, 0, 0.5],
						"4.2917": [0, 0, 0]
					},
					"position": {
						"0.0": [0, 0, 0],
						"0.0417": [0.03, -0.05, 0],
						"0.0833": [0.07, -0.1, 0],
						"0.125": [0.1, -0.15, 0],
						"0.1667": [0.14, -0.21, 0],
						"0.2083": [0.28, -0.43, 0],
						"0.25": [0.42, -0.79, 0],
						"0.2917": [0.56, -1.185, 0],
						"0.3333": [0.6, -1.475, 0],
						"0.375": [0.715, -1.85, -0.1],
						"0.4167": [0.665, -2.22, -0.2],
						"0.4583": [0.43, -2.59, -0.3],
						"0.5": [0.05, -2.97, -0.4],
						"0.5417": [-0.39, -3.27, -0.62],
						"0.5833": [-0.83, -3.67, -0.85],
						"0.625": [-1.27, -3.97, -1.075],
						"0.6667": [-1.71, -4.34, -1.47],
						"0.7083": [-2.145, -4.795, -1.97],
						"0.75": [-2.49, -5.345, -2.27],
						"0.7917": [-2.765, -5.74, -2.62],
						"0.8333": [-2.765, -5.915, -2.72],
						"0.875": [-2.765, -6.085, -2.72],
						"0.9167": [-2.765, -5.91, -2.72],
						"0.9583": [-2.765, -5.46, -2.72],
						"1.0": [-2.765, -4.855, -2.72],
						"1.0417": [-2.765, -4.33, -2.72],
						"1.0833": [-2.765, -3.635, -2.72],
						"1.125": [-2.765, -3.11, -2.72],
						"1.1667": [-2.765, -2.51, -2.72],
						"1.2083": [-2.765, -2.08, -2.72],
						"1.25": [-2.765, -1.705, -2.72],
						"1.2917": [-2.765, -1.255, -2.72],
						"1.3333": [-2.76, -0.905, -2.48],
						"1.375": [-2.76, -0.57, -2.24],
						"1.4167": [-2.76, -0.41, -2],
						"1.4583": [-2.765, -0.355, -1.77],
						"1.5": [-2.76, -0.35, -1.595],
						"1.5417": [-2.76, -0.35, -1.595],
						"1.5833": [-2.81, -0.25, -1.595],
						"1.625": [-3.08, -0.175, -1.595],
						"1.6667": [-3.3, -0.175, -1.595],
						"1.7083": [-3.575, -0.345, -1.59],
						"1.75": [-4.02, -0.62, -1.59],
						"1.7917": [-4.47, -0.965, -1.59],
						"1.8333": [-4.82, -1.315, -1.59],
						"1.875": [-4.815, -1.81, -1.59],
						"1.9167": [-4.815, -1.81, -1.59],
						"1.9583": [-4.815, -1.81, -1.59],
						"2.0": [-4.82, -1.81, -1.59],
						"2.0417": [-4.82, -1.81, -1.59],
						"2.0833": [-4.82, -1.81, -1.59],
						"2.125": [-4.82, -1.81, -1.59],
						"2.1667": [-4.82, -1.81, -1.59],
						"2.2083": [-4.82, -1.96, -1.59],
						"2.25": [-4.82, -2.21, -1.59],
						"2.2917": [-4.82, -2.31, -1.59],
						"2.3333": [-4.82, -2.485, -1.59],
						"2.375": [-4.82, -2.76, -1.59],
						"2.4167": [-4.82, -2.935, -1.59],
						"2.4583": [-4.745, -3.31, -1.69],
						"2.5": [-4.3, -3, -1.3],
						"2.5417": [-3.8, -2.6, -0.9],
						"2.5833": [-3.3, -2.025, -0.4],
						"2.625": [-2.9, -1.5, 0],
						"2.6667": [-2.3, -1.175, 0],
						"2.7083": [-1.9, -0.975, 0],
						"2.75": [-1.4, -1, 0],
						"2.7917": [-0.9, -1, 0],
						"2.8333": [-0.45, -1, 0],
						"2.875": [-0.45, -1, 0.5],
						"2.9167": [-0.45, -1, 1],
						"2.9583": [-0.45, -1, 1.5],
						"3.0": [-0.45, -1, 2],
						"3.0417": [-0.45, -1, 2.275],
						"3.0833": [-0.45, -1, 2.5],
						"3.125": [-0.45, -1, 2.5],
						"3.1667": [-0.45, -1, 2.5],
						"3.2083": [-0.45, -1, 2.5],
						"3.25": [-0.45, -1, 2.5],
						"3.2917": [-0.45, -0.675, 2.5],
						"3.3333": [-0.45, -0.35, 2.5],
						"3.375": [-0.75, -0.05, 2.5],
						"3.4167": [-0.75, 0.2, 2.5],
						"3.4583": [-0.75, 0.5, 2.5],
						"3.5": [-0.75, 0.825, 2],
						"3.5417": [-0.75, 1.075, 1.5],
						"3.5833": [-0.5, 0.4, 1],
						"3.625": [-0.5, -0.6, 0.5],
						"3.6667": [-0.5, -1.8, 0.25],
						"3.7083": [-0.5, -2.5, 0],
						"3.75": [-0.5, -2.1, 0],
						"3.7917": [-0.5, -1.1, 0],
						"3.8333": [-0.3, -0.4, 0],
						"3.875": [0, 0, 0],
						"3.9167": [0, -0.175, 0],
						"3.9583": [0, 0.1, 0],
						"4.0": [0, 0.5, 0],
						"4.0417": [0, 0.43, 0],
						"4.0833": [0, 0.36, 0],
						"4.125": [0, 0.29, 0],
						"4.1667": [0, 0.22, 0],
						"4.2083": [0, 0.15, 0],
						"4.25": [0, 0.08, 0],
						"4.2917": [0, 0, 0]
					}
				},
				"mag_and_lefthand": {
					"rotation": {
						"0.0": [0, 0, 0],
						"0.0417": [0, 0, 0],
						"0.0833": [0, 0, 0],
						"0.125": [0, 0, 0],
						"0.1667": [0, 0, 0],
						"0.2083": [0, 0, 0],
						"0.25": [0, 0, 0],
						"0.2917": [0, 0, 0],
						"0.3333": [0, 0, 0],
						"0.375": [0, 0, 0],
						"0.4167": [0, 0, 0],
						"0.4583": [0, 0, 0],
						"0.5": [0, 0, 0],
						"0.5417": [0, 0, 0],
						"0.5833": [0, 0, 0],
						"0.625": [0, 0, 0],
						"0.6667": [0, 0, 0],
						"0.7083": [0, 0, 0],
						"0.75": [0, 0, 0],
						"0.7917": [0, 0, 0],
						"0.8333": [0, 0, 0],
						"0.875": [0, 0, 0],
						"0.9167": [0, 0, 0],
						"0.9583": [0, 0, 0],
						"1.0": [0, 0, 0],
						"1.0417": [0, 0, 0],
						"1.0833": [0, 0, 0],
						"1.125": [0, 0, 0],
						"1.1667": [0, 0, 0],
						"1.2083": [0, 0, 0],
						"1.25": [0, 0, 0],
						"1.2917": [0, 0, 0],
						"1.3333": [0, 0, 0],
						"1.375": [0, 0, 0],
						"1.4167": [0, 0, 0],
						"1.4583": [0, 0, 0],
						"1.5": [0, 0, 0],
						"1.5417": [0, 0, 0],
						"1.5833": [0, 0, 0],
						"1.625": [0, 0, 0],
						"1.6667": [0, 0, 0],
						"1.7083": [0, 0, 0],
						"1.75": [0, 0, 0],
						"1.7917": [0, 0, 0],
						"1.8333": [0, 0, 0],
						"1.875": [0, 0, 0],
						"1.9167": [0, 0, 0],
						"1.9583": [0, 0, 0],
						"2.0": [0, 0, 0]
					},
					"position": {
						"0.0": [0, 0, 0],
						"0.0417": [0, 0, 0],
						"0.0833": [0, 0, 0],
						"0.125": [0, 0, 0],
						"0.1667": [0, 0, 0],
						"0.2083": [0, 0, 0],
						"0.25": [0, 0, 0],
						"0.2917": [0, 0, 0],
						"0.3333": [0, 0, 0],
						"0.375": [0, 0, 0],
						"0.4167": [0, 0, 0],
						"0.4583": [0, 0, 0],
						"0.5": [0, 0, 0],
						"0.5417": [0, 0, 0],
						"0.5833": [0, 0, 0],
						"0.625": [0, 0, 0],
						"0.6667": [0, 0, 0],
						"0.7083": [1.975, 0, 0],
						"0.75": [6.005, 0, 0],
						"0.7917": [10.235, 0, 0],
						"0.8333": [14.39, -1.375, 0],
						"0.875": [17.295, -3.17, 0],
						"0.9167": [17.575, -3.17, 0],
						"0.9583": [17.58, -3.17, 0],
						"1.0": [17.58, -3.17, 0],
						"1.0417": [17.58, -3.17, 0],
						"1.0833": [17.58, -3.17, 0],
						"1.125": [17.58, -3.17, 0],
						"1.1667": [17.58, -3.17, 0],
						"1.2083": [17.58, -3.17, 0],
						"1.25": [17.58, -2.395, 0],
						"1.2917": [16, 0, 0],
						"1.3333": [16, 0.75, 0],
						"1.375": [16, 0.75, 0],
						"1.4167": [16, 0.75, 0],
						"1.4583": [16, 2.575, 0],
						"1.5": [22.6, 5.855, -1.3],
						"1.5417": [21.575, 10.71, -1.3],
						"1.5833": [19.005, 16.16, -1.3],
						"1.625": [16.71, 17.735, -0.8],
						"1.6667": [15.585, 18.99, -0.8],
						"1.7083": [14.29, 19.465, -0.8],
						"1.75": [15.065, 19.145, -0.8],
						"1.7917": [15.07, 19.15, -0.8],
						"1.8333": [14.845, 19.05, -0.675],
						"1.875": [14.85, 1, -0.67],
						"1.9167": [3.35, 1, -0.67],
						"1.9583": [2.15, 0, 0],
						"2.0": [0, 0, 0]
					}
				},
				"mag_and_bullet": {
					"rotation": {
						"0.0": [0, 0, 0],
						"0.0417": [0, 0, 0],
						"0.0833": [0, 0, 0],
						"0.125": [0, 0, 0],
						"0.1667": [0, 0, 0],
						"0.2083": [0, 0, 0],
						"0.25": [0, 0, 0],
						"0.2917": [0, 0, 0],
						"0.3333": [0, 0, 0],
						"0.375": [0, 0, 0],
						"0.4167": [0, 0, 0],
						"0.4583": [0, 0, 0],
						"0.5": [0, 0, 0],
						"0.5417": [0, 0, 0],
						"0.5833": [0, 0, 0],
						"0.625": [0, 0, 0],
						"0.6667": [0, 0, 0],
						"0.7083": [0, 0, 0],
						"0.75": [0, -6.85, 0],
						"0.7917": [0, -14.75, 0],
						"0.8333": [0, -29.15, 0],
						"0.875": [-69.175, -57.55, 59.7],
						"0.9167": [-124.51204, -55.12979, 126.99043],
						"0.9583": [-127.28, -47.53, 140.36],
						"1.0": [-130.05, -39.93, 153.73],
						"1.0417": [-130.05, -39.93, 153.73],
						"1.0833": [-130.05, -39.93, 153.73],
						"1.125": [-130.05, -39.93, 153.73],
						"1.1667": [-130.05, -39.93, 153.73],
						"1.2083": [-130.05, -39.93, 153.73],
						"1.25": [-130.05, -39.93, 153.73],
						"1.2917": [0, 0, -36.75],
						"1.3333": [8.12289, 2.51217, -53.8216],
						"1.375": [8.12, 2.51, -53.82],
						"1.4167": [8.12, 2.51, -53.82],
						"1.4583": [8.12, 2.51, -53.82],
						"1.5": [20.12, 2.51, -53.82],
						"1.5417": [20.12, 2.51, -53.82],
						"1.5833": [20.12, 2.51, -53.82],
						"1.625": [20.12, 2.51, -53.82],
						"1.6667": [13.02, 2.51, -53.82],
						"1.7083": [0, 0, -50],
						"1.75": [0, 0, -38.3],
						"1.7917": [0, 0, -25.05],
						"1.8333": [0, 0, -9.35],
						"1.875": [0, 0, -5],
						"1.9167": [0, 0, 0],
						"1.9583": [0, 0, 0],
						"2.0": [0, 0, 0]
					},
					"position": {
						"0.0": [0, 0, 0],
						"0.0417": [0, 0, 0],
						"0.0833": [0, 0, 0],
						"0.125": [0, 0, 0],
						"0.1667": [0, 0, 0],
						"0.2083": [0, 0, 0],
						"0.25": [0, 0, 0],
						"0.2917": [0, 0, 0],
						"0.3333": [0, 0, 0],
						"0.375": [0, 0, 0],
						"0.4167": [0, 0, 0],
						"0.4583": [0, 0, 0],
						"0.5": [0, 0, 0],
						"0.5417": [0, 0, 0],
						"0.5833": [0, 0, 0],
						"0.625": [0, 0, 0],
						"0.6667": [0, 0, 0],
						"0.7083": [0, 0, 0],
						"0.75": [0, 0, -0.3],
						"0.7917": [0.625, 0, -0.725],
						"0.8333": [4.1, 0, -2.025],
						"0.875": [19.325, -2.425, -5.895],
						"0.9167": [38.6, -8.445, -11.615],
						"0.9583": [42.5, -9.95, -11.61],
						"1.0": [46.4, -11.46, -11.61],
						"1.0417": [51.38, -17.1, -11.61],
						"1.0833": [56.35, -22.735, -11.61],
						"1.125": [60.95, -34.055, -11.61],
						"1.1667": [64.85, -46.705, -11.61],
						"1.2083": [51.85, -42.25, -13.335],
						"1.25": [27.25, -38.65, -13.33],
						"1.2917": [-13.625, -16.675, 0],
						"1.3333": [-12.57, -17.97, 0],
						"1.375": [-12.57, -17.97, 0],
						"1.4167": [-12.57, -17.97, 0],
						"1.4583": [-12.57, -17.97, 0],
						"1.5": [-11.81, -18.46, 0],
						"1.5417": [-11.81, -18.46, 0],
						"1.5833": [-11.81, -18.46, 0],
						"1.625": [-11.81, -18.46, 0],
						"1.6667": [-11.81, -18.46, 0],
						"1.7083": [-11.81, -18.46, 0],
						"1.75": [-11.81, -18.46, 0],
						"1.7917": [-11.81, -18.46, 0],
						"1.8333": [-11.81, -18.46, 0],
						"1.875": [-11.81, -1, 0],
						"1.9167": [-1, -1, 0],
						"1.9583": [0, 0, 0],
						"2.0": [0, 0, 0]
					}
				},
				"camera": {
					"rotation": {
						"0.0": {
							"post": [0, 0, 0],
							"lerp_mode": "catmullrom"
						},
						"0.4167": {
							"post": [2, 0, 0],
							"lerp_mode": "catmullrom"
						},
						"0.625": {
							"post": [0.13, -2, 2],
							"lerp_mode": "catmullrom"
						},
						"0.8333": {
							"post": [2, -4, 3],
							"lerp_mode": "catmullrom"
						},
						"1.0417": {
							"post": [3, 0, 0],
							"lerp_mode": "catmullrom"
						},
						"1.4583": {
							"post": [-1, 2, 0],
							"lerp_mode": "catmullrom"
						},
						"1.7083": {
							"post": [-2, 2, 0],
							"lerp_mode": "catmullrom"
						},
						"1.8333": {
							"post": [-2.82, 1, -1],
							"lerp_mode": "catmullrom"
						},
						"1.875": {
							"post": [-3, 1, 1],
							"lerp_mode": "catmullrom"
						},
						"1.9167": {
							"post": [-3, 1, -1],
							"lerp_mode": "catmullrom"
						},
						"1.9583": {
							"post": [-3, 1, 0],
							"lerp_mode": "catmullrom"
						},
						"2.0": {
							"post": [-3, 1, -1],
							"lerp_mode": "catmullrom"
						},
						"2.0833": {
							"post": [-3, 1, -1],
							"lerp_mode": "catmullrom"
						},
						"2.2917": {
							"post": [-3, 0, -1],
							"lerp_mode": "catmullrom"
						},
						"2.5": {
							"post": [1, 0, -1],
							"lerp_mode": "catmullrom"
						},
						"2.625": {
							"post": [-2, 0, -1],
							"lerp_mode": "catmullrom"
						},
						"2.8333": {
							"post": [-2.85, 0, 0.17],
							"lerp_mode": "catmullrom"
						},
						"2.9583": {
							"post": [-2.14, 0.5, -1.12],
							"lerp_mode": "catmullrom"
						},
						"3.0417": {
							"post": [-1, -0.5, 1],
							"lerp_mode": "catmullrom"
						},
						"3.125": {
							"post": [-2, 0.5, 0],
							"lerp_mode": "catmullrom"
						},
						"3.2917": {
							"post": [2, 0.5, 0],
							"lerp_mode": "catmullrom"
						},
						"3.75": {
							"post": [-2, 0.5, 0],
							"lerp_mode": "catmullrom"
						},
						"4.0": {
							"post": [0, 0, 0],
							"lerp_mode": "catmullrom"
						}
					}
				},
				"full": {
					"scale": {
						"0.0": [0, 0, 0],
						"3.25": [0, 0, 0],
						"3.2917": [1, 1, 1]
					}
				},
				"kraber_bolt": {
					"position": {
						"2.9167": [0, 0, 0],
						"2.9583": [0, 0, 0],
						"3.0": [0, 0, 5],
						"3.25": [0, 0, 9],
						"3.2917": [0, 0, 4.1],
						"3.3333": [0, 0, 0]
					}
				},
				"rotate": {
					"rotation": {
						"2.9167": [0, 0, 0],
						"2.9583": [0, 0, 25],
						"3.4167": [0, 0, 25],
						"3.4583": [0, 0, 0]
					}
				},
				"empty": {
					"position": {
						"0.0": [0, 0, 0.06],
						"3.2083": [0, 0, 0.06],
						"3.25": [0, 0, 0]
					}
				},
				"bullet": {
					"scale": {
						"0.0": [0, 0, 0],
						"1.4167": [0, 0, 0],
						"1.4583": [1, 1, 1]
					}
				},
				"release": {
					"rotation": {
						"0.5": [0, 0, 0],
						"0.5417": [0, 0, 0],
						"0.5833": [0, 3.5, 0],
						"0.625": [0, 4, 0],
						"0.75": [0, 0, 0],
						"1.875": [0, 0, 0],
						"1.9167": [0, 0, 0],
						"1.9583": [0, 3.5, 0],
						"2.0": [0, 4, 0],
						"2.125": [0, 0, 0]
					}
				},
				"octagon2": {
					"position": {
						"2.9167": [0, 0, 0],
						"2.9583": [0, 0, 0],
						"3.0": [0, 0, 3],
						"3.25": [0, 0, 3],
						"3.2917": [0, 0, 1.5],
						"3.3333": [0, 0, 0]
					}
				},
				"shell_ejection": {
					"rotation": {
						"2.9583": [0, 0, 0],
						"3.0": [0, 0, 0],
						"3.0417": [0, 0, 0],
						"3.125": [0, -135.42, 0],
						"3.1667": [0, -270.83, 0],
						"3.2083": [0, -406.25, 0],
						"3.2917": [0, -541.67, 0],
						"3.3333": [0, -677.08, 0],
						"3.4167": [0, -812.5, 0],
						"3.4583": [0, 0, 0]
					},
					"position": {
						"2.9583": [0, 0, 0],
						"3.0": [0, 0.0875, -0.18125],
						"3.125": [-13.1, 1.0875, -2.18125],
						"3.1667": [-25.17, -5.58, 13.31],
						"3.2083": [-34.4, -22.8125, 22.01875],
						"3.2917": [-35.6, -31.9125, 20.01875],
						"3.3333": [-35.6, -31.9125, 20.01875],
						"3.4167": [-35.6, -31.9125, 20.01875],
						"3.4583": [-35.6, -31.9125, 20.01875],
						"3.5": [0, 0, 0]
					},
					"scale": {
						"2.875": [1, 1, 1],
						"3.25": [1, 1, 1],
						"3.7083": [0, 0, 0]
					}
				}
			},
			"sound_effects": {
				"0.0": {
					"effect": "ex:kraber/kraber_reload_empty"
				}
			}
		},
		"inspect": {
			"animation_length": 9.3,
			"bones": {
				"lefthand": {
					"rotation": {
						"0.0": [75.29797, -16.92775, -109.02766],
						"8.9583": [75.29797, -16.92775, -109.02766]
					},
					"position": {
						"0.0": [7.475, -15.85, -3.65],
						"0.5": [10.89, -15.62, 25.26],
						"8.25": [10.89, -15.62, 25.26],
						"8.9583": [7.475, -15.85, -3.65]
					},
					"scale": {
						"0.0": [1, 2, 1],
						"0.5": [0, 0, 0],
						"8.25": [0, 0, 0],
						"8.2917": [1, 1, 1],
						"8.3333": [1, 2, 1]
					}
				},
				"righthand": {
					"rotation": [92.04998, -352.12555, -179.46804],
					"position": [-6.7, -15.25, 9.05],
					"scale": [1, 1.5, 1]
				},
				"full": {
					"position": [0, 0, 0]
				},
				"empty": {
					"position": [0, 0, -1]
				},
				"root": {
					"rotation": {
						"0.0": [0, 0, 0],
						"0.0833": [-5.79, 0.13, 1.95],
						"0.2083": [-17.59, -10.78, -7.26],
						"0.3333": [-25.6, -24.52, -16.01],
						"0.4583": [-27.59976, -27.22756, -21.79159],
						"0.5833": [-29.18247, -28.58725, -24.81775],
						"0.75": [-31.13848, -27.68974, -22.79082],
						"0.8333": [-30.66598, -28.14222, -23.80004],
						"0.9583": [-31.42, -28.14, -23.8],
						"1.0417": [-32.01, -27.44, -22.52],
						"1.3333": [-31.74, -28, -23.54],
						"1.4167": [-31.76, -28.22, -23.96],
						"1.5833": [-31.20393, -28.6466, -24.78009],
						"1.8333": [-31.74, -28, -23.54],
						"2.0833": [-31.76, -28.22, -23.96],
						"2.25": [-31.74, -28, -23.54],
						"2.4167": [-31.20393, -28.6466, -24.78009],
						"2.625": [-27.89, -26.22, -20.82],
						"2.7917": [-26.12, -16.94, -3.61],
						"3.0": [-27.22851, -1.49811, 18.89643],
						"3.25": [-27.64133, 24.07175, 55.7761],
						"3.5": [-27.55942, 24.18741, 56.01913],
						"3.75": [-26.63512, 25.213, 58.2211],
						"4.0": [-27.05095, 24.76144, 57.23672],
						"4.25": [-27.18, 24.27, 56.94],
						"4.4583": [-27.3, 24.11, 56.64],
						"4.6667": [-27.43825, 24.30227, 56.26287],
						"5.0": [-27.3, 24.11, 56.64],
						"5.2917": [-27.05095, 24.76144, 57.23672],
						"5.5": [-26.63512, 25.213, 58.2211],
						"5.6667": [-27.43825, 19.20227, 48.56287],
						"5.875": [-27.79, -4.38, 23.94],
						"6.0833": [-25.6, -21.12, -5.96],
						"6.2083": [-27.59976, -27.22756, -17.44159],
						"6.3333": [-29.18247, -28.58725, -24.96775],
						"6.5": [-31.13848, -27.68974, -22.94082],
						"6.5833": [-30.66598, -28.14222, -23.95004],
						"6.7083": [-31.42, -28.14, -23.95],
						"6.7917": [-32.01, -27.44, -22.67],
						"7.0833": [-31.74, -28, -23.69],
						"7.1667": [-31.76, -28.22, -24.11],
						"7.3333": [-31.20393, -28.6466, -24.93009],
						"7.5833": [-31.74, -28, -23.69],
						"7.8333": [-31.76, -28.22, -24.11],
						"8.0": [-31.74, -28, -23.69],
						"8.1667": [-31.20393, -28.6466, -24.93009],
						"8.375": [-31.20393, -28.6466, -24.93009],
						"8.5": [-31.74, -28, -23.69],
						"8.6667": [-24.34, -16.2, -19.04],
						"8.8333": [-4.78485, -1.03643, -3.3882],
						"8.9583": [0.5, -0.5, 0.5],
						"9.0833": [0.66898, -0.48139, 0],
						"9.1667": [0, 0, 0],
						"9.25": [0, 0, 0],
						"9.2917": [0, 0, 0]
					},
					"position": {
						"0.0": [0, 0, 0],
						"0.125": [0.38, 1, 0],
						"0.25": [0.52, 4, 0],
						"0.4167": [0.74, 7, 0],
						"0.6667": [0.65, 8, 0],
						"0.8333": [0.45, 8, 0],
						"0.9583": [0.45, 8, 0],
						"1.0417": [0.45, 8, 0],
						"1.1667": [0.45, 8, 0],
						"1.25": [0.45, 8, 0],
						"1.5": [0.45, 8, 0],
						"1.6667": [0.45, 8, 0],
						"1.9583": [0.45, 8, 0],
						"2.1667": [0.45, 8, 0],
						"2.5": [0.45, 8, -0.3],
						"2.875": [1.6, 5, -0.9],
						"3.125": [2.35, 5, -1.3],
						"3.375": [2.85, 5, -1.3],
						"3.7917": [2.85, 5, -1.3],
						"4.125": [2.85, 5, -1.3],
						"4.8333": [2.85, 5, -1.3],
						"5.1667": [2.85, 5, -1.3],
						"5.5833": [2.75, 5, -0.9],
						"6.0": [1.25, 6, 0],
						"6.25": [0.65, 7, 0],
						"6.5833": [0.45, 8, 0],
						"6.7083": [0.45, 8, 0],
						"6.7917": [0.45, 8, 0],
						"6.9167": [0.45, 8, 0],
						"7.0": [0.45, 8, 0],
						"7.25": [0.45, 8, 0],
						"7.4167": [0.45, 8, 0],
						"7.7083": [0.45, 8, 0],
						"7.9167": [0.45, 8, 0],
						"8.25": [0.45, 8, -0.3],
						"8.4167": [0.55, 7, -0.6],
						"8.5417": [0.65, 4.98, -0.6],
						"8.6667": [0.43, 2.155, -0.42],
						"8.7917": [0.25, 0.4, -0.3],
						"8.9583": [0.12, -0.5, -0.15],
						"9.125": [0, -0.4, -0.08],
						"9.2083": [0, -0.2, -0.1],
						"9.2917": [0, 0, 0]
					}
				},
				"camera": {
					"rotation": {
						"0.0": {
							"post": [0, 0, 0],
							"lerp_mode": "catmullrom"
						},
						"0.0833": {
							"post": [2.38, 0.54, 0],
							"lerp_mode": "catmullrom"
						},
						"0.2083": {
							"post": [2.43, 0.89, 0],
							"lerp_mode": "catmullrom"
						},
						"0.2917": {
							"post": [1.29, 1.16, 0],
							"lerp_mode": "catmullrom"
						},
						"0.4167": {
							"post": [-1, 1.1, 0],
							"lerp_mode": "catmullrom"
						},
						"0.5833": {
							"post": [-2.00275, 1.09939, -0.03503],
							"lerp_mode": "catmullrom"
						},
						"0.9167": {
							"post": [-1.25, 1.1, -0.04],
							"lerp_mode": "catmullrom"
						},
						"1.2083": {
							"post": [-1.53, 1.64, -0.05],
							"lerp_mode": "catmullrom"
						},
						"1.4167": {
							"post": [-1.9, 1.87, -0.05],
							"lerp_mode": "catmullrom"
						},
						"1.7083": {
							"post": [-2.6, 2.1, -0.05],
							"lerp_mode": "catmullrom"
						},
						"1.9167": {
							"post": [-2.45, 2.1, -0.05],
							"lerp_mode": "catmullrom"
						},
						"2.0833": {
							"post": [-2.62, 2.1, -0.05],
							"lerp_mode": "catmullrom"
						},
						"2.25": {
							"post": [-3, 2.1, -0.05],
							"lerp_mode": "catmullrom"
						},
						"2.5": {
							"post": [-2.62, 2.1, -0.05],
							"lerp_mode": "catmullrom"
						},
						"2.6667": {
							"post": [0.26, 1.85, 0.06],
							"lerp_mode": "catmullrom"
						},
						"2.9167": {
							"post": [0.76, 1.75, 0.08],
							"lerp_mode": "catmullrom"
						},
						"3.125": {
							"post": [1.76, 1.75, 0.08],
							"lerp_mode": "catmullrom"
						},
						"3.375": {
							"post": [1.47, 1.75, 0.08],
							"lerp_mode": "catmullrom"
						},
						"3.625": {
							"post": [1.4, 1.75, 0.08],
							"lerp_mode": "catmullrom"
						},
						"3.9167": {
							"post": [1.32, 1.75, 0.08],
							"lerp_mode": "catmullrom"
						},
						"4.25": {
							"post": [1.06, 1.75, 0.08],
							"lerp_mode": "catmullrom"
						},
						"5.0833": {
							"post": [-0.62, 2.1, -0.05],
							"lerp_mode": "catmullrom"
						},
						"5.6667": {
							"post": [-0.74, 1.85, 0.06],
							"lerp_mode": "catmullrom"
						},
						"5.9583": {
							"post": [0.76, 1.75, 0.08],
							"lerp_mode": "catmullrom"
						},
						"6.6667": {
							"post": [1.76, 1.75, 0.08],
							"lerp_mode": "catmullrom"
						},
						"7.5": {
							"post": [-0.77, 1.75, 0.08],
							"lerp_mode": "catmullrom"
						},
						"8.0": {
							"post": [-0.75, 1.75, 0.08],
							"lerp_mode": "catmullrom"
						},
						"8.375": {
							"post": [-0.74, 1.75, 0.08],
							"lerp_mode": "catmullrom"
						},
						"8.5": {
							"post": [1.29018, 1.7103, 1.07967],
							"lerp_mode": "catmullrom"
						},
						"8.5833": {
							"post": [2.13, 1.06, 0.67],
							"lerp_mode": "catmullrom"
						},
						"8.7083": {
							"post": [1.91, 0.55, 0.35],
							"lerp_mode": "catmullrom"
						},
						"8.8333": {
							"post": [-1, 0, 0],
							"lerp_mode": "catmullrom"
						},
						"8.9583": {
							"post": [0.4, 0, 0],
							"lerp_mode": "catmullrom"
						},
						"9.2917": {
							"post": [0, 0, 0],
							"lerp_mode": "catmullrom"
						}
					}
				}
			},
			"sound_effects": {
				"0.0": {
					"effect": "ex:kraber/kraber_ins"
				}
			}
		},
		"inspect_empty": {
			"animation_length": 9.3,
			"bones": {
				"lefthand": {
					"rotation": {
						"0.0": [75.29797, -16.92775, -109.02766],
						"8.9583": [75.29797, -16.92775, -109.02766]
					},
					"position": {
						"0.0": [7.475, -15.85, -3.65],
						"0.5": [10.89, -15.62, 25.26],
						"8.25": [10.89, -15.62, 25.26],
						"8.9583": [7.475, -15.85, -3.65]
					},
					"scale": {
						"0.0": [1, 2, 1],
						"0.5": [0, 0, 0],
						"8.25": [0, 0, 0],
						"8.2917": [1, 1, 1],
						"8.3333": [1, 2, 1]
					}
				},
				"righthand": {
					"rotation": [92.04998, -352.12555, -179.46804],
					"position": [-6.7, -15.25, 9.05],
					"scale": [1, 1.5, 1]
				},
				"full": {
					"position": [0, 0, 0]
				},
				"empty": {
					"position": [0, 0, 0.06]
				},
				"root": {
					"rotation": {
						"0.0": [0, 0, 0],
						"0.0833": [-5.79, 0.13, 1.95],
						"0.2083": [-17.59, -10.78, -7.26],
						"0.3333": [-25.6, -24.52, -16.01],
						"0.4583": [-27.59976, -27.22756, -21.79159],
						"0.5833": [-29.18247, -28.58725, -24.81775],
						"0.75": [-31.13848, -27.68974, -22.79082],
						"0.8333": [-30.66598, -28.14222, -23.80004],
						"0.9583": [-31.42, -28.14, -23.8],
						"1.0417": [-32.01, -27.44, -22.52],
						"1.3333": [-31.74, -28, -23.54],
						"1.4167": [-31.76, -28.22, -23.96],
						"1.5833": [-31.20393, -28.6466, -24.78009],
						"1.8333": [-31.74, -28, -23.54],
						"2.0833": [-31.76, -28.22, -23.96],
						"2.25": [-31.74, -28, -23.54],
						"2.4167": [-31.20393, -28.6466, -24.78009],
						"2.625": [-27.89, -26.22, -20.82],
						"2.7917": [-26.12, -16.94, -3.61],
						"3.0": [-27.22851, -1.49811, 18.89643],
						"3.25": [-27.64133, 24.07175, 55.7761],
						"3.5": [-27.55942, 24.18741, 56.01913],
						"3.75": [-26.63512, 25.213, 58.2211],
						"4.0": [-27.05095, 24.76144, 57.23672],
						"4.25": [-27.18, 24.27, 56.94],
						"4.4583": [-27.3, 24.11, 56.64],
						"4.6667": [-27.43825, 24.30227, 56.26287],
						"5.0": [-27.3, 24.11, 56.64],
						"5.2917": [-27.05095, 24.76144, 57.23672],
						"5.5": [-26.63512, 25.213, 58.2211],
						"5.6667": [-27.43825, 19.20227, 48.56287],
						"5.875": [-27.79, -4.38, 23.94],
						"6.0833": [-25.6, -21.12, -5.96],
						"6.2083": [-27.59976, -27.22756, -17.44159],
						"6.3333": [-29.18247, -28.58725, -24.96775],
						"6.5": [-31.13848, -27.68974, -22.94082],
						"6.5833": [-30.66598, -28.14222, -23.95004],
						"6.7083": [-31.42, -28.14, -23.95],
						"6.7917": [-32.01, -27.44, -22.67],
						"7.0833": [-31.74, -28, -23.69],
						"7.1667": [-31.76, -28.22, -24.11],
						"7.3333": [-31.20393, -28.6466, -24.93009],
						"7.5833": [-31.74, -28, -23.69],
						"7.8333": [-31.76, -28.22, -24.11],
						"8.0": [-31.74, -28, -23.69],
						"8.1667": [-31.20393, -28.6466, -24.93009],
						"8.375": [-31.20393, -28.6466, -24.93009],
						"8.5": [-31.74, -28, -23.69],
						"8.6667": [-24.34, -16.2, -19.04],
						"8.8333": [-4.78485, -1.03643, -3.3882],
						"8.9583": [0.5, -0.5, 0.5],
						"9.0833": [0.66898, -0.48139, 0],
						"9.1667": [0, 0, 0],
						"9.25": [0, 0, 0],
						"9.2917": [0, 0, 0]
					},
					"position": {
						"0.0": [0, 0, 0],
						"0.125": [0.38, 1, 0],
						"0.25": [0.52, 4, 0],
						"0.4167": [0.74, 7, 0],
						"0.6667": [0.65, 8, 0],
						"0.8333": [0.45, 8, 0],
						"0.9583": [0.45, 8, 0],
						"1.0417": [0.45, 8, 0],
						"1.1667": [0.45, 8, 0],
						"1.25": [0.45, 8, 0],
						"1.5": [0.45, 8, 0],
						"1.6667": [0.45, 8, 0],
						"1.9583": [0.45, 8, 0],
						"2.1667": [0.45, 8, 0],
						"2.5": [0.45, 8, -0.3],
						"2.875": [1.6, 5, -0.9],
						"3.125": [2.35, 5, -1.3],
						"3.375": [2.85, 5, -1.3],
						"3.7917": [2.85, 5, -1.3],
						"4.125": [2.85, 5, -1.3],
						"4.8333": [2.85, 5, -1.3],
						"5.1667": [2.85, 5, -1.3],
						"5.5833": [2.75, 5, -0.9],
						"6.0": [1.25, 6, 0],
						"6.25": [0.65, 7, 0],
						"6.5833": [0.45, 8, 0],
						"6.7083": [0.45, 8, 0],
						"6.7917": [0.45, 8, 0],
						"6.9167": [0.45, 8, 0],
						"7.0": [0.45, 8, 0],
						"7.25": [0.45, 8, 0],
						"7.4167": [0.45, 8, 0],
						"7.7083": [0.45, 8, 0],
						"7.9167": [0.45, 8, 0],
						"8.25": [0.45, 8, -0.3],
						"8.4167": [0.55, 7, -0.6],
						"8.5417": [0.65, 4.98, -0.6],
						"8.6667": [0.43, 2.155, -0.42],
						"8.7917": [0.25, 0.4, -0.3],
						"8.9583": [0.12, -0.5, -0.15],
						"9.125": [0, -0.4, -0.08],
						"9.2083": [0, -0.2, -0.1],
						"9.2917": [0, 0, 0]
					}
				},
				"camera": {
					"rotation": {
						"0.0": {
							"post": [0, 0, 0],
							"lerp_mode": "catmullrom"
						},
						"0.0833": {
							"post": [2.38, 0.54, 0],
							"lerp_mode": "catmullrom"
						},
						"0.2083": {
							"post": [2.43, 0.89, 0],
							"lerp_mode": "catmullrom"
						},
						"0.2917": {
							"post": [1.29, 1.16, 0],
							"lerp_mode": "catmullrom"
						},
						"0.4167": {
							"post": [-1, 1.1, 0],
							"lerp_mode": "catmullrom"
						},
						"0.5833": {
							"post": [-2.00275, 1.09939, -0.03503],
							"lerp_mode": "catmullrom"
						},
						"0.9167": {
							"post": [-1.25, 1.1, -0.04],
							"lerp_mode": "catmullrom"
						},
						"1.2083": {
							"post": [-1.53, 1.64, -0.05],
							"lerp_mode": "catmullrom"
						},
						"1.4167": {
							"post": [-1.9, 1.87, -0.05],
							"lerp_mode": "catmullrom"
						},
						"1.7083": {
							"post": [-2.6, 2.1, -0.05],
							"lerp_mode": "catmullrom"
						},
						"1.9167": {
							"post": [-2.45, 2.1, -0.05],
							"lerp_mode": "catmullrom"
						},
						"2.0833": {
							"post": [-2.62, 2.1, -0.05],
							"lerp_mode": "catmullrom"
						},
						"2.25": {
							"post": [-3, 2.1, -0.05],
							"lerp_mode": "catmullrom"
						},
						"2.5": {
							"post": [-2.62, 2.1, -0.05],
							"lerp_mode": "catmullrom"
						},
						"2.6667": {
							"post": [0.26, 1.85, 0.06],
							"lerp_mode": "catmullrom"
						},
						"2.9167": {
							"post": [0.76, 1.75, 0.08],
							"lerp_mode": "catmullrom"
						},
						"3.125": {
							"post": [1.76, 1.75, 0.08],
							"lerp_mode": "catmullrom"
						},
						"3.375": {
							"post": [1.47, 1.75, 0.08],
							"lerp_mode": "catmullrom"
						},
						"3.625": {
							"post": [1.4, 1.75, 0.08],
							"lerp_mode": "catmullrom"
						},
						"3.9167": {
							"post": [1.32, 1.75, 0.08],
							"lerp_mode": "catmullrom"
						},
						"4.25": {
							"post": [1.06, 1.75, 0.08],
							"lerp_mode": "catmullrom"
						},
						"5.0833": {
							"post": [-0.62, 2.1, -0.05],
							"lerp_mode": "catmullrom"
						},
						"5.6667": {
							"post": [-0.74, 1.85, 0.06],
							"lerp_mode": "catmullrom"
						},
						"5.9583": {
							"post": [0.76, 1.75, 0.08],
							"lerp_mode": "catmullrom"
						},
						"6.6667": {
							"post": [1.76, 1.75, 0.08],
							"lerp_mode": "catmullrom"
						},
						"7.5": {
							"post": [-0.77, 1.75, 0.08],
							"lerp_mode": "catmullrom"
						},
						"8.0": {
							"post": [-0.75, 1.75, 0.08],
							"lerp_mode": "catmullrom"
						},
						"8.375": {
							"post": [-0.74, 1.75, 0.08],
							"lerp_mode": "catmullrom"
						},
						"8.5": {
							"post": [1.29018, 1.7103, 1.07967],
							"lerp_mode": "catmullrom"
						},
						"8.5833": {
							"post": [2.13, 1.06, 0.67],
							"lerp_mode": "catmullrom"
						},
						"8.7083": {
							"post": [1.91, 0.55, 0.35],
							"lerp_mode": "catmullrom"
						},
						"8.8333": {
							"post": [-1, 0, 0],
							"lerp_mode": "catmullrom"
						},
						"8.9583": {
							"post": [0.4, 0, 0],
							"lerp_mode": "catmullrom"
						},
						"9.2917": {
							"post": [0, 0, 0],
							"lerp_mode": "catmullrom"
						}
					}
				}
			},
			"sound_effects": {
				"0.0": {
					"effect": "ex:kraber/kraber_ins"
				}
			}
		},
		"run": {
			"loop": true,
			"animation_length": 0.6667,
			"bones": {
				"root": {
					"rotation": {
						"0.0": {
							"post": [-11.37627, -31.69462, 33.22653],
							"lerp_mode": "catmullrom"
						},
						"0.1667": {
							"post": [-14.1093, -14.84027, 38.24926],
							"lerp_mode": "catmullrom"
						},
						"0.3333": {
							"post": [9.72746, -7.03368, 38.24926],
							"lerp_mode": "catmullrom"
						},
						"0.5": {
							"post": [-7.1093, -20.74027, 33.94926],
							"lerp_mode": "catmullrom"
						},
						"0.6667": {
							"post": [-11.37627, -31.69462, 33.22653],
							"lerp_mode": "catmullrom"
						}
					},
					"position": {
						"0.0": {
							"post": [17.025, -6.33, 4.4],
							"lerp_mode": "catmullrom"
						},
						"0.1667": {
							"post": [10.36, -4.3, 2.1],
							"lerp_mode": "catmullrom"
						},
						"0.3333": {
							"post": [3.55, -6.965, 6.1],
							"lerp_mode": "catmullrom"
						},
						"0.5": {
							"post": [7.66, -5.5, 2.1],
							"lerp_mode": "catmullrom"
						},
						"0.6667": {
							"post": [17.025, -6.33, 4.4],
							"lerp_mode": "catmullrom"
						}
					}
				}
			}
		},
		"run2": {
			"loop": true,
			"animation_length": 0.6667,
			"bones": {
				"root": {
					"rotation": {
						"0.0": {
							"post": [-11.37627, -31.69462, 33.22653],
							"lerp_mode": "catmullrom"
						},
						"0.1667": {
							"post": [-14.1093, -14.84027, 38.24926],
							"lerp_mode": "catmullrom"
						},
						"0.3333": {
							"post": [9.72746, -7.03368, 38.24926],
							"lerp_mode": "catmullrom"
						},
						"0.5": {
							"post": [-7.1093, -20.74027, 33.94926],
							"lerp_mode": "catmullrom"
						},
						"0.6667": {
							"post": [-11.37627, -31.69462, 33.22653],
							"lerp_mode": "catmullrom"
						}
					},
					"position": {
						"0.0": {
							"post": [17.025, -6.33, 2.1],
							"lerp_mode": "catmullrom"
						},
						"0.1667": {
							"post": [10.36, -4.3, 2.1],
							"lerp_mode": "catmullrom"
						},
						"0.3333": {
							"post": [3.55, -6.965, 6.1],
							"lerp_mode": "catmullrom"
						},
						"0.5": {
							"post": [7.66, -5.5, 2.1],
							"lerp_mode": "catmullrom"
						},
						"0.6667": {
							"post": [17.025, -6.33, 2.1],
							"lerp_mode": "catmullrom"
						}
					}
				}
			}
		},
		"run_start": {
			"loop": true,
			"animation_length": 0.3333,
			"bones": {
				"constraint": {
					"rotation": [0, 0, 0],
					"position": [0.1, 0, 0.25]
				},
				"root": {
					"rotation": {
						"0.0": [0, 0, 0],
						"0.1667": [-4.63, -11.08, 18.6],
						"0.3333": [-11.37627, -31.69462, 33.22653]
					},
					"position": {
						"0.0": [0, 0, 0],
						"0.1667": [5.13, -2.41, 0],
						"0.3333": [15.225, -5.63, 2.1]
					}
				}
			}
		},
		"run_end": {
			"loop": true,
			"animation_length": 0.5,
			"bones": {
				"constraint": {
					"rotation": [0, 0, 0],
					"position": [0.1, 0, 0.25]
				},
				"root": {
					"rotation": {
						"0.0": [-11.37627, -31.69462, 33.22653],
						"0.0833": [-5.42702, -19.47592, 21.12809],
						"0.1667": [-0.74592, -9.86335, 13.45033],
						"0.25": [0.97, -1.94, 5.59],
						"0.3333": [0.83, -0.46, 2.48],
						"0.4167": [0, 0, 0]
					},
					"position": {
						"0.0": [15.225, -5.63, 2.1],
						"0.0833": [8.9, -3.15, 0.9],
						"0.1667": [5.09, -1.12, 0.3],
						"0.25": [2.32, -0.12, 0],
						"0.3333": [0.93, -0.03, 0],
						"0.4167": [0, 0, 0]
					}
				}
			}
		},
		"run_hold": {
			"animation_length": 0.0833,
			"bones": {
				"constraint": {
					"rotation": [0, 0, 0],
					"position": [0.1, 0, 0.25]
				},
				"root": {
					"rotation": [-11.37627, -31.69462, 33.22653],
					"position": [15.225, -5.63, 2.1]
				}
			}
		},
		"melee_stock": {
			"loop": true,
			"bones": {
				"root": {
					"rotation": [0, 0, 0],
					"position": [0, 0, 0]
				}
			},
			"sound_effects": {
				"0.0": {
					"effect": "ex:inspect/kraber_ping"
				}
			}
		}
	}
}