{
	"format_version": "1.8.0",
	"animations": {
		"static_idle": {
			"loop": true,
			"bones": {
				"lefthand": {
					"rotation": [107.69108, -32.75736, -156.00452],
					"position": [8.2, -11.9, -2.2],
					"scale": [1, 1.5, 1]
				},
				"righthand": {
					"rotation": [89.49625, 6.99973, -180.06139],
					"position": [-6.85, -14.075, 8.775],
					"scale": [1, 1.5, 1]
				},
				"refit_view": {
					"position": [0, -1, 11]
				},
				"constraint": {
					"rotation": [0.2, 0.1, 0.2],
					"position": [0.2, 0.2, 0.4]
				}
			}
		},
		"static_bolt_caught": {
			"loop": true,
			"bones": {
				"holdrelease": {
					"rotation": [0, 0, 15]
				},
				"bolt": {
					"position": [0, 0, 6.025]
				},
				"bullet": {
					"scale": 0
				}
			}
		},
		"draw": {
			"animation_length": 0.7,
			"bones": {
				"lefthand": {
					"rotation": {
						"0.2667": [107.69, -32.76, -156],
						"0.3": [107.69, -32.76, -156],
						"0.3333": [107.69, -32.76, -156],
						"0.3667": [107.69, -32.76, -156],
						"0.4": [107.69, -32.76, -156],
						"0.4333": [107.69, -32.76, -156],
						"0.4667": [107.69, -32.76, -156],
						"0.5": [107.69, -32.76, -156],
						"0.5333": [107.69, -32.76, -156],
						"0.5667": [107.69, -32.76, -156],
						"0.6": [107.69108, -32.75736, -156.00452]
					},
					"position": {
						"0.2667": [21.925, -11.325, 14.125],
						"0.3": [18.875, -9.8, 7.275],
						"0.3333": [16.575, -13.1, 6.9],
						"0.3667": [15.23, -12.85, 5.65],
						"0.4": [13.73, -12.675, 3.705],
						"0.4333": [12.905, -12.35, 2.405],
						"0.4667": [11.935, -12.4, 0.785],
						"0.5": [11, -12.185, -0.345],
						"0.5333": [10.07, -11.995, -1.205],
						"0.5667": [9.14, -11.93, -1.74],
						"0.6": [8.2, -11.9, -2.2]
					},
					"scale": [1, 1.5, 1]
				},
				"righthand": {
					"rotation": [89.49625, 6.99973, -180.06139],
					"position": [-6.85, -14.075, 8.775],
					"scale": [1, 1.5, 1]
				},
				"root": {
					"rotation": {
						"0.0": [40.04, 12.53, 7.33],
						"0.0333": [40.04, 12.53, 7.33],
						"0.0667": [40.04, 12.53, 7.33],
						"0.1": [40.04, 12.53, 7.33],
						"0.1333": [40.04, 12.53, 7.33],
						"0.1667": [40.04245, 14.12759, 14.93006],
						"0.2": [39.28877, 15.57833, 18.60022],
						"0.2333": [36.49, 15.58, 18.6],
						"0.2667": [21.39, 15.58, 18.6],
						"0.3": [0.83516, 14.85492, 14.5577],
						"0.3333": [0.44, 14.85, -1.04],
						"0.3667": [-2.21, 14.85, -1.04],
						"0.4": [-3.34013, 13.28076, -2.331],
						"0.4333": [-3.34, 11.58, -2.33],
						"0.4667": [-3.34, 10.08, -2.33],
						"0.5": [-3.34, 8.38, -2.33],
						"0.5333": [-0.94, 5.48, -0.93],
						"0.5667": [0.26, 2.68, 0.27],
						"0.6": [0, 0, 0]
					},
					"position": {
						"0.0": [-14.1, -18.32, 0],
						"0.0333": [-14.1, -18.32, 0],
						"0.0667": [-14.1, -18.32, 0],
						"0.1": [-14.1, -18.32, 0],
						"0.1333": [-11.3, -15.17, 0],
						"0.1667": [-9.1, -11.645, 0],
						"0.2": [-8.25, -8.795, 0],
						"0.2333": [-7.2, -6.77, 0],
						"0.2667": [-6.2, -5.07, 0],
						"0.3": [-4, -1.195, 0],
						"0.3333": [-2.7, 0.28, 0],
						"0.3667": [-2.175, 0.53, 0],
						"0.4": [-1.625, 0.305, 0],
						"0.4333": [-1.42, -0.57, 0],
						"0.4667": [-1.095, -1, 0],
						"0.5": [-0.845, -1.325, 0],
						"0.5333": [-0.52, -1.35, 0],
						"0.5667": [-0.22, -1.2, 0],
						"0.6": [0, 0, 0]
					}
				},
				"camera": {
					"rotation": {
						"0.0": {
							"post": [0, 0, 0],
							"lerp_mode": "catmullrom"
						},
						"0.1": {
							"post": [0, 0, 0],
							"lerp_mode": "catmullrom"
						},
						"0.2": {
							"post": [0, 0, -1],
							"lerp_mode": "catmullrom"
						},
						"0.3333": {
							"post": [0, 0, 1],
							"lerp_mode": "catmullrom"
						},
						"0.4667": {
							"post": [0, 0, -0.5],
							"lerp_mode": "catmullrom"
						},
						"0.5": {
							"post": [0, 0, 0.5],
							"lerp_mode": "catmullrom"
						},
						"0.6": {
							"post": [0, 0, 0],
							"lerp_mode": "catmullrom"
						}
					}
				}
			}
		},
		"put_away": {
			"animation_length": 0.4,
			"bones": {
				"lefthand": {
					"rotation": {
						"0.0": [107.69108, -32.75736, -156.00452],
						"0.0333": [107.69, -32.76, -156],
						"0.0667": [107.69, -32.76, -156],
						"0.1": [107.69, -32.76, -156],
						"0.1333": [107.69, -32.76, -156],
						"0.1667": [107.69, -32.76, -156],
						"0.2": [107.69, -32.76, -156]
					},
					"position": {
						"0.0": [8.2, -11.9, -2.2],
						"0.0333": [9.3, -11.9, -2.2],
						"0.0667": [10.3, -11.9, -2.2],
						"0.1": [13.15, -13.65, 1.525],
						"0.1333": [16.505, -15.3, 5.105],
						"0.1667": [20.63, -16, 7.11],
						"0.2": [24.33, -15.275, 11.685]
					},
					"scale": [1, 1.5, 1]
				},
				"righthand": {
					"rotation": [89.49625, 6.99973, -180.06139],
					"position": [-6.85, -14.075, 8.775],
					"scale": [1, 1.5, 1]
				},
				"root": {
					"rotation": {
						"0.0": [0, 0, 0],
						"0.0333": [-1.44478, -0.18415, -2.84478],
						"0.0667": [-3.24, -0.58, -8.44],
						"0.1": [-4.95974, -1.35834, -12.91958],
						"0.1333": [-6.86, -1.36, -12.92],
						"0.1667": [-6.58679, 5.47471, -9.75648],
						"0.2": [0.26254, 16.27175, 1.0124],
						"0.2333": [28.56254, 16.27175, 9.4124],
						"0.2667": [28.04245, 12.52759, 7.33006],
						"0.3": [28.04, 12.53, 7.33],
						"0.3333": [28.04, 12.53, 7.33],
						"0.3667": [28.04, 12.53, 7.33],
						"0.4": [28.04, 12.53, 7.33]
					},
					"position": {
						"0.0": [0, 0, 0],
						"0.0333": [-0.3, 0.2, 0],
						"0.0667": [-0.7, 0.2, 0],
						"0.1": [-1.55, 0, 0],
						"0.1333": [-2.5, -0.425, 0],
						"0.1667": [-3.6, -1.22, 0],
						"0.2": [-5.7, -3.12, 0],
						"0.2333": [-8, -5.42, 0],
						"0.2667": [-10.8, -9.82, 0],
						"0.3": [-16.3, -18.32, 0],
						"0.3333": [-16.3, -18.32, 0],
						"0.3667": [-16.3, -18.32, 0],
						"0.4": [-16.3, -18.32, 0]
					}
				}
			}
		},
		"shoot": {
			"animation_length": 0.6667,
			"bones": {
				"root": {
					"rotation": {
						"0.0": {
							"post": [0, 0, 0],
							"lerp_mode": "catmullrom"
						},
						"0.0333": {
							"post": [0.16986, -0.11208, 2.14881],
							"lerp_mode": "catmullrom"
						},
						"0.0667": {
							"post": [-0.96137, -0.23295, -1.21862],
							"lerp_mode": "catmullrom"
						},
						"0.1": {
							"post": [-0.99135, 0.12866, 1.12246],
							"lerp_mode": "catmullrom"
						},
						"0.1667": {
							"post": [0.77838, 0.0674, -0.52417],
							"lerp_mode": "catmullrom"
						},
						"0.2333": {
							"post": [0.27498, -0.0036, 0.17499],
							"lerp_mode": "catmullrom"
						},
						"0.3667": {
							"post": [0.425, -0.2, 0.525],
							"lerp_mode": "catmullrom"
						},
						"0.5": {
							"post": [-0.07, -0.075, -0.05],
							"lerp_mode": "catmullrom"
						},
						"0.6333": {
							"post": [0, 0, 0],
							"lerp_mode": "catmullrom"
						}
					},
					"position": {
						"0.0": {
							"post": [0, 0, 0],
							"lerp_mode": "catmullrom"
						},
						"0.0333": {
							"post": [0, -0.025, 1.7],
							"lerp_mode": "catmullrom"
						},
						"0.0667": {
							"post": [0, -0.075, 1.555],
							"lerp_mode": "catmullrom"
						},
						"0.1667": {
							"post": [0, -0.175, -0.12],
							"lerp_mode": "catmullrom"
						},
						"0.2667": {
							"post": [0, -0.025, 0.1],
							"lerp_mode": "catmullrom"
						},
						"0.3667": {
							"post": [0, 0, 0],
							"lerp_mode": "catmullrom"
						}
					}
				},
				"bolt": {
					"position": {
						"0.0": [0, 0, 0],
						"0.0333": [0, 0, 6],
						"0.1": [0, 0, 0],
						"0.1667": [0, 0, 0.45],
						"0.2333": [0, 0, 0],
						"0.3": [0, 0, 0.175],
						"0.3667": [0, 0, 0]
					}
				},
				"bullet_in_barrel": {
					"scale": {
						"0.0": [0, 0, 0],
						"0.1667": [0, 0, 0],
						"0.2": [1, 1, 1]
					}
				},
				"camera": {
					"rotation": {
						"0.0": {
							"post": [0, 0, 0],
							"lerp_mode": "catmullrom"
						},
						"0.0333": {
							"post": [0, 0, 0.3],
							"lerp_mode": "catmullrom"
						},
						"0.0667": {
							"post": [0, 0, -0.3],
							"lerp_mode": "catmullrom"
						},
						"0.1": {
							"post": [0, 0, 0.3],
							"lerp_mode": "catmullrom"
						},
						"0.1667": {
							"post": [0, 0, -0.2],
							"lerp_mode": "catmullrom"
						},
						"0.2333": {
							"post": [0, 0, 0.075],
							"lerp_mode": "catmullrom"
						},
						"0.3": {
							"post": [0, 0, 0],
							"lerp_mode": "catmullrom"
						}
					}
				},
				"constraint": {
					"rotation": {
						"0.1667": [0.002, 0.05, 0.006],
						"0.3333": [0, 0, 0]
					},
					"position": {
						"0.1667": [0.01, 0.01, 0.25],
						"0.3333": [0, 0, 0]
					}
				}
			}
		},
		"reload_tactical": {
			"animation_length": 2.4,
			"bones": {
				"lefthand": {
					"rotation": {
						"0.0": [107.69, -32.76, -156],
						"0.0667": [101.5, -26.45, -142.36],
						"0.1333": [95.31, -20.14, -128.72],
						"0.2": [89.12, -13.83, -115.08],
						"0.2667": [82.93, -7.52, -101.43],
						"0.3": [79.84, -4.36, -94.61],
						"0.3667": [79.84, -4.36, -94.61],
						"0.4333": [79.84, -4.36, -94.61],
						"0.5": [79.84, -4.36, -94.61],
						"0.5667": [79.84, -4.36, -94.61],
						"0.6333": [79.84, -4.36, -94.61],
						"0.7": [79.84, -4.36, -94.61],
						"0.8": [79.84, -4.36, -94.61],
						"0.9": [79.84, -4.36, -94.61],
						"1.0": [79.84, -4.36, -94.61],
						"1.1": [79.84, -4.36, -94.61],
						"1.2": [79.84, -4.36, -94.61],
						"1.3": [79.84, -4.36, -94.61],
						"1.3333": [79.84, -4.36, -94.61],
						"1.4333": [108.59, -27.55, -135.68],
						"1.5": [108.59, -27.55, -135.68],
						"1.5667": [79.84, -4.36, -94.61],
						"1.6667": [79.84, -4.36, -94.61],
						"1.7667": [108.59, -27.56, -135.68],
						"1.8667": [79.84, -4.36, -94.61],
						"1.9333": [87.8, -12.47, -112.15],
						"2.0": [95.75, -20.59, -129.69],
						"2.0667": [103.71, -28.7, -147.23],
						"2.1": [107.69, -32.76, -156]
					},
					"position": {
						"0.0": [8.2, -11.9, -2.2],
						"0.0667": [7.76, -13.25, -1.23],
						"0.1333": [7.31, -14.6, -0.25],
						"0.2": [6.87, -15.95, 0.72],
						"0.2667": [6.42, -17.3, 1.69],
						"0.3": [6.2, -17.98, 2.18],
						"0.3667": [6.2, -17.98, 2.18],
						"0.4333": [6.2, -17.98, 2.18],
						"0.5": [6.2, -17.98, 2.18],
						"0.5667": [6.2, -17.98, 2.18],
						"0.6333": [6.2, -17.98, 2.18],
						"0.7": [6.2, -17.98, 2.18],
						"0.8": [6.2, -17.98, 2.18],
						"0.9": [6.2, -17.98, 2.18],
						"1.0": [6.2, -17.98, 2.18],
						"1.1": [6.2, -17.98, 2.18],
						"1.2": [6.2, -17.98, 2.18],
						"1.3": [6.2, -17.98, 2.18],
						"1.3333": [6.2, -17.98, 2.18],
						"1.4333": [6.60625, -23.605, 2.20375],
						"1.5": [6.60625, -21.53, 2.20375],
						"1.5667": [6.2, -17.98, 3.93],
						"1.7": [9.375, -17.98, 3.93],
						"1.8": [11.54954, -26.8681, 12.36755],
						"1.9": [13.9, -19.15, 5.08],
						"2.0333": [10.63, -12.75, -1.695],
						"2.0667": [9.42, -12.33, -1.95],
						"2.1": [8.2, -11.9, -2.2]
					},
					"scale": [1, 1.5, 1]
				},
				"righthand": {
					"rotation": [89.49625, 6.99973, -180.06139],
					"position": [-6.85, -14.075, 8.775],
					"scale": [1, 1.5, 1]
				},
				"root": {
					"rotation": {
						"0.0": {
							"post": [0, 0, 0],
							"lerp_mode": "catmullrom"
						},
						"0.1333": {
							"post": [-2.99197, -2.34076, -3.81083],
							"lerp_mode": "catmullrom"
						},
						"0.2": {
							"post": [-12.10904, -5.51675, -10.10819],
							"lerp_mode": "catmullrom"
						},
						"0.3": {
							"post": [-23.11357, -19.36321, -23.07043],
							"lerp_mode": "catmullrom"
						},
						"0.3667": {
							"post": [-25.9588, -26.06981, -30.67374],
							"lerp_mode": "catmullrom"
						},
						"0.5333": {
							"post": [-28.86716, -26.78215, -27.32846],
							"lerp_mode": "catmullrom"
						},
						"0.6333": {
							"post": [-27.96077, -27.73393, -29.30727],
							"lerp_mode": "catmullrom"
						},
						"0.7": {
							"post": [-25.99921, -27.39747, -30.9734],
							"lerp_mode": "catmullrom"
						},
						"0.8": {
							"post": [-30.05831, -26.67402, -29.62769],
							"lerp_mode": "catmullrom"
						},
						"0.9333": {
							"post": [-17.73794, -34.20182, -37.06376],
							"lerp_mode": "catmullrom"
						},
						"1.0333": {
							"post": [-20.57138, -31.83872, -36.59599],
							"lerp_mode": "catmullrom"
						},
						"1.1667": {
							"post": [-17.23483, -33.49224, -40.92316],
							"lerp_mode": "catmullrom"
						},
						"1.2333": {
							"post": [-26.34197, -30.74158, -32.61953],
							"lerp_mode": "catmullrom"
						},
						"1.3333": {
							"post": [-15.4835, -30.54489, -40.46293],
							"lerp_mode": "catmullrom"
						},
						"1.5": {
							"post": [-21.97418, -28.22094, -31.20536],
							"lerp_mode": "catmullrom"
						},
						"1.5667": {
							"post": [-22.38, -28.96, -31.3],
							"lerp_mode": "catmullrom"
						},
						"1.6333": {
							"post": [-21.97, -29.44, -32.57],
							"lerp_mode": "catmullrom"
						},
						"1.6667": {
							"post": [-21.97418, -25.12094, -32.70536],
							"lerp_mode": "catmullrom"
						},
						"1.7": {
							"post": [-19.8, -21.43, -29.1],
							"lerp_mode": "catmullrom"
						},
						"1.7333": {
							"post": [-17.69477, -19.51438, -27.42437],
							"lerp_mode": "catmullrom"
						},
						"1.8": {
							"post": [-12.51958, -16.26368, -25.43831],
							"lerp_mode": "catmullrom"
						},
						"1.8667": {
							"post": [-6.67234, -13.30567, -14.99087],
							"lerp_mode": "catmullrom"
						},
						"1.9333": {
							"post": [-2.94771, -0.7232, -10.02997],
							"lerp_mode": "catmullrom"
						},
						"2.0": {
							"post": [0.57324, -1.68438, -8.85369],
							"lerp_mode": "catmullrom"
						},
						"2.1333": {
							"post": [-0.78429, -0.96449, -3.00002],
							"lerp_mode": "catmullrom"
						},
						"2.2": {
							"post": [-0.01963, 0.49961, 0.62491],
							"lerp_mode": "catmullrom"
						},
						"2.3": {
							"post": [0, 0.375, -0.125],
							"lerp_mode": "catmullrom"
						},
						"2.4": {
							"post": [0, 0, 0],
							"lerp_mode": "catmullrom"
						}
					},
					"position": {
						"0.0": {
							"post": [0, 0, 0],
							"lerp_mode": "catmullrom"
						},
						"0.1333": {
							"post": [-0.4, -0.6, 0.775],
							"lerp_mode": "catmullrom"
						},
						"0.2": {
							"post": [-0.595, -0.05, 0.74],
							"lerp_mode": "catmullrom"
						},
						"0.3": {
							"post": [-0.79, 1.435, 0.53],
							"lerp_mode": "catmullrom"
						},
						"0.3667": {
							"post": [-0.8, 2.275, 0.38],
							"lerp_mode": "catmullrom"
						},
						"0.4667": {
							"post": [-0.67, 2.415, 0.365],
							"lerp_mode": "catmullrom"
						},
						"0.5333": {
							"post": [-0.85, 1.95, 0.105],
							"lerp_mode": "catmullrom"
						},
						"0.5667": {
							"post": [-0.85, 1.925, 0.095],
							"lerp_mode": "catmullrom"
						},
						"0.6333": {
							"post": [-0.695, 1.68, 0.105],
							"lerp_mode": "catmullrom"
						},
						"0.6667": {
							"post": [-0.95, 2.235, 0.205],
							"lerp_mode": "catmullrom"
						},
						"0.7": {
							"post": [-1.04, 2.505, 0.365],
							"lerp_mode": "catmullrom"
						},
						"0.8": {
							"post": [-1.12, 2.63, 0.255],
							"lerp_mode": "catmullrom"
						},
						"0.9667": {
							"post": [-1.39, 1.95625, -0.265],
							"lerp_mode": "catmullrom"
						},
						"1.1": {
							"post": [-1.175, 2.025, -0.265],
							"lerp_mode": "catmullrom"
						},
						"1.1667": {
							"post": [-1.165, 1.99875, -0.265],
							"lerp_mode": "catmullrom"
						},
						"1.2": {
							"post": [-0.88, 1.215, -0.045],
							"lerp_mode": "catmullrom"
						},
						"1.2333": {
							"post": [-0.64, 1, 0.085],
							"lerp_mode": "catmullrom"
						},
						"1.3": {
							"post": [-0.92, 1.13, -0.315],
							"lerp_mode": "catmullrom"
						},
						"1.4": {
							"post": [-1.16, 0.995, -0.27],
							"lerp_mode": "catmullrom"
						},
						"1.5": {
							"post": [-0.905, 1.2, -0.165],
							"lerp_mode": "catmullrom"
						},
						"1.5333": {
							"post": [-0.89, 1.22, -0.16],
							"lerp_mode": "catmullrom"
						},
						"1.6": {
							"post": [-0.89, 1.24, -0.17],
							"lerp_mode": "catmullrom"
						},
						"1.6667": {
							"post": [-0.905, 1.2, -0.165],
							"lerp_mode": "catmullrom"
						},
						"1.7333": {
							"post": [-0.995, 0.77, -0.05],
							"lerp_mode": "catmullrom"
						},
						"1.8333": {
							"post": [-0.845, 0.225, 0.135],
							"lerp_mode": "catmullrom"
						},
						"1.9333": {
							"post": [-0.69, -0.77, -0.775],
							"lerp_mode": "catmullrom"
						},
						"2.0": {
							"post": [-0.265, -0.8, -1.135],
							"lerp_mode": "catmullrom"
						},
						"2.0667": {
							"post": [0.11, -0.73, -0.325],
							"lerp_mode": "catmullrom"
						},
						"2.1333": {
							"post": [0.225, -0.25, 0.35],
							"lerp_mode": "catmullrom"
						},
						"2.2": {
							"post": [0, 0.025, 0],
							"lerp_mode": "catmullrom"
						},
						"2.3": {
							"post": [0, 0, 0.03125],
							"lerp_mode": "catmullrom"
						},
						"2.3667": {
							"post": [0, 0, 0],
							"lerp_mode": "catmullrom"
						}
					}
				},
				"mag_and_lh": {
					"rotation": {
						"0.0": [0, 0, 0],
						"0.4333": [-76.1, -20.46, -9.17],
						"0.5": [-69.74946, -21.91786, -9.82227],
						"0.6333": [-69.74946, -21.91786, -9.82227],
						"0.7": [-69.75, -21.92, -9.82],
						"0.7667": [-53.31, -16.44, -7.37],
						"0.9333": [-5.96737, -0.62604, -5.96737],
						"1.0": [-3.99454, -0.20917, -2.99271],
						"1.0333": [-2.67, 0, 0],
						"1.1333": [-1.34, 0, 0],
						"1.1667": [0, 0, 0],
						"1.2333": [0, 0, 0]
					},
					"position": {
						"0.0": [0, 0, 0],
						"0.0667": [2.26, -1.28, 1.67],
						"0.1667": [4.975, -5.29, 4.17],
						"0.2667": [5.06, -9.31, 6.67],
						"0.4333": [2.455, -3.965, 2.135],
						"0.5": [1.175, -2.35, 2.05],
						"0.6333": [1.175, -2.35, 2.05],
						"0.7": [1.18, -5.375, 1.58],
						"0.7333": [1.03, -6.345, 0.73],
						"0.7667": [0.88, -6.14, -0.13],
						"0.8333": [0.29, -4.555, -1.18],
						"0.9333": [0.35, -3.025, -0.85],
						"1.0": [0.225, -2.725, -0.4],
						"1.0333": [0, -2.58, -0.27],
						"1.1333": [0, -2.44, -0.14],
						"1.1667": [0, -2.3, 0],
						"1.2333": [0, 0, 0]
					}
				},
				"mag_and_bullet": {
					"scale": {
						"0.0": [0, 0, 0],
						"0.2667": [0, 0, 0],
						"0.3": [1, 1, 1]
					}
				},
				"additional_magazine": {
					"rotation": {
						"0.6333": [0, 0, 0],
						"0.7": [0, 0, 0],
						"0.7667": [17, 0, 0],
						"0.8333": [37.995, 0.65, 4.905],
						"0.9333": [70.93432, 8.72056, 22.45912],
						"1.1667": [70.89, 8.455, 21.255],
						"1.2333": [85.44247, 8.68175, 24.2797],
						"1.3333": [85.44, 8.685, 24.275],
						"1.4667": [17.46117, -1.49957, -44.69095]
					},
					"position": {
						"0.6333": [0, 0, 0],
						"0.7": [0, -3, 0],
						"0.7333": [-0.26, -4.625, -1.15],
						"0.7667": [-0.525, -5.175, -2.3],
						"0.8333": [-1.07, -5.295, -3.53],
						"0.9333": [-1.99, -4.775, -3.4],
						"1.0": [-1.94, -4.66, -3.045],
						"1.1667": [-1.865, -4.495, -2.875],
						"1.2333": [-2.065, -2.045, -3.1],
						"1.3333": [-2.07, -2.05, -3.1],
						"1.4": [-1.65, -5.33, -2.29],
						"1.4667": [3.29329, -10.9681, 7.2238]
					},
					"scale": {
						"1.4333": [1, 1, 1],
						"1.4667": {
							"pre": [1, 1, 1],
							"post": [0, 0, 0]
						}
					}
				},
				"magrelease": {
					"position": {
						"0.5": [0, 0, 0],
						"0.5333": [0.125, 0, 0],
						"0.8667": [0.125, 0, 0],
						"0.9": [0, 0, 0],
						"1.1667": [0, 0, 0],
						"1.2": [0.125, 0, 0],
						"1.2667": [0.125, 0, 0],
						"1.3": [0, 0, 0]
					}
				},
				"bullet": {
					"scale": 1
				},
				"constraint": {
					"rotation": {
						"0.0": [0.2, 0.1, 0.2],
						"0.2": [0.01, 0.01, 0.04],
						"1.6333": [0.01, 0.01, 0.04],
						"2.0333": [0.2, 0.1, 0.2]
					},
					"position": {
						"0.0": [0.2, 0.2, 0.4],
						"0.2": [0.05, 0.05, 0.1],
						"1.6333": [0.05, 0.05, 0.1],
						"2.0333": [0.2, 0.2, 0.4]
					}
				},
				"camera": {
					"rotation": {
						"0.0": {
							"post": [0, 0, 0],
							"lerp_mode": "catmullrom"
						},
						"0.1333": {
							"post": [-0.32, 0, -0.125],
							"lerp_mode": "catmullrom"
						},
						"0.4": {
							"post": [2.1, 0.05, -0.8],
							"lerp_mode": "catmullrom"
						},
						"0.6333": {
							"post": [1.625, 0.1, -0.75],
							"lerp_mode": "catmullrom"
						},
						"0.7": {
							"post": [2.45, 0.1, 0.04],
							"lerp_mode": "catmullrom"
						},
						"0.7667": {
							"post": [2.64, 0.1, 0.175],
							"lerp_mode": "catmullrom"
						},
						"0.9": {
							"post": [1.81, 0.21, -1.36],
							"lerp_mode": "catmullrom"
						},
						"1.0333": {
							"post": [2.225, 0.35, -0.82],
							"lerp_mode": "catmullrom"
						},
						"1.1667": {
							"post": [1.87, 0.475, -1.6],
							"lerp_mode": "catmullrom"
						},
						"1.2333": {
							"post": [3.06, 0.48, -0.62],
							"lerp_mode": "catmullrom"
						},
						"1.2667": {
							"post": [3.185, 0.475, -0.7],
							"lerp_mode": "catmullrom"
						},
						"1.4": {
							"post": [1.925, 0.44, -1.795],
							"lerp_mode": "catmullrom"
						},
						"1.5667": {
							"post": [2.655, 0.31, -0.975],
							"lerp_mode": "catmullrom"
						},
						"1.7": {
							"post": [2.35, 0.175, -1.525],
							"lerp_mode": "catmullrom"
						},
						"2.0": {
							"post": [-0.2, 0, 0.35],
							"lerp_mode": "catmullrom"
						},
						"2.1": {
							"post": [0.3, 0, -0.375],
							"lerp_mode": "catmullrom"
						},
						"2.2": {
							"post": [-0.05, 0, 0.1],
							"lerp_mode": "catmullrom"
						},
						"2.3": {
							"post": [0, 0, 0],
							"lerp_mode": "catmullrom"
						}
					}
				}
			},
			"sound_effects": {
				"0.0": {
					"effect": "ex:kurohana/kurohana_reload"
				}
			}
		},
		"reload_empty": {
			"animation_length": 2.95,
			"bones": {
				"lefthand": {
					"rotation": {
						"0.0": [107.69, -32.76, -156],
						"0.0667": [105.46, -30.93, -146.07],
						"0.1333": [103.23, -29.11, -136.13],
						"0.2": [101, -27.29, -126.19],
						"0.2667": [98.77, -25.47, -116.26],
						"0.3": [97.65, -24.56, -111.29],
						"0.3333": [97.65, -24.56, -111.29],
						"0.4": [97.65, -24.56, -111.29],
						"0.4667": [97.65, -24.56, -111.29],
						"0.5333": [97.65, -24.56, -111.29],
						"0.6": [97.65, -24.56, -111.29],
						"0.6667": [97.65, -24.56, -111.29],
						"0.7333": [97.65, -24.56, -111.29],
						"0.8": [97.65, -24.56, -111.29],
						"0.8667": [97.65, -24.56, -111.29],
						"0.9333": [97.65, -24.56, -111.29],
						"1.0": [97.65, -24.56, -111.29],
						"1.0333": [97.65, -24.56, -111.29],
						"1.0667": [97.65, -24.56, -111.29],
						"1.1333": [97.65, -24.56, -111.29],
						"1.2": [97.65, -24.56, -111.29],
						"1.2667": [97.65, -24.56, -111.29],
						"1.3333": [97.65, -24.56, -111.29],
						"1.4": [97.65, -24.56, -111.29],
						"1.4667": [97.65, -24.56, -111.29],
						"1.5333": [97.65, -24.56, -111.29],
						"1.6333": [108.59, -27.55, -135.68],
						"1.7": [108.59, -27.55, -135.68],
						"1.7333": [79.84, -4.36, -94.61],
						"1.7667": [97.65, -24.56, -111.29],
						"1.8": [109.2, -26.65, -126.96],
						"1.8333": [125.54, -29.15, -149.09],
						"1.8667": [140.75, -28.17, -169.46],
						"1.9": [153.39, -20.41, -186.63],
						"1.9333": [164.9, -9.18, -202.04],
						"1.9667": [173.62, -0.53, -211.75],
						"2.0": [175.56, 0.57, -209.51],
						"2.0333": [177.51, 1.68, -207.26],
						"2.0667": [179.45, 2.79, -205.02],
						"2.1": [181.39, 3.9, -202.78],
						"2.1667": [184.94, 5.56, -201.34],
						"2.2333": [188.49765, 7.22189, -199.90728],
						"2.3": [155.38573, 2.26831, -225.03827],
						"2.3667": [137.13, -21.42, -219.99],
						"2.4333": [121.31242, -43.18487, -205.60127],
						"2.5": [113.51, -39.33, -179.9],
						"2.5667": [107.69108, -32.75736, -156.00452]
					},
					"position": {
						"0.0": [8.2, -11.9, -2.2],
						"0.0667": [7.97, -13.15, -1.01],
						"0.1333": [7.73, -14.41, 0.19],
						"0.2": [7.5, -15.66, 1.38],
						"0.2667": [7.27, -16.92, 2.58],
						"0.3": [7.15, -17.55, 3.18],
						"0.3333": [7.15, -17.55, 3.18],
						"0.4": [7.15, -17.55, 3.18],
						"0.4667": [7.15, -17.55, 3.18],
						"0.5333": [7.15, -17.55, 3.18],
						"0.6": [7.15, -17.55, 3.18],
						"0.6667": [7.15, -17.55, 3.18],
						"0.7333": [7.15, -17.55, 3.18],
						"0.8": [7.15, -17.55, 3.18],
						"0.8667": [7.15, -17.55, 3.18],
						"0.9333": [7.15, -17.55, 3.18],
						"1.0": [7.15, -17.55, 3.18],
						"1.0333": [7.15, -17.55, 3.18],
						"1.0667": [7.15, -17.55, 3.18],
						"1.1333": [7.15, -17.55, 3.18],
						"1.2": [7.15, -17.55, 3.18],
						"1.2667": [7.15, -17.55, 3.18],
						"1.3333": [7.15, -17.55, 3.18],
						"1.4": [7.15, -17.55, 3.18],
						"1.4667": [7.15, -17.55, 3.18],
						"1.5333": [7.15, -17.55, 3.18],
						"1.6333": [6.60625, -23.605, 2.20375],
						"1.7": [6.60625, -21.53, 2.20375],
						"1.7333": [6.2, -17.98, 3.93],
						"1.7667": [7.15, -17.55, 3.18],
						"1.8667": [9.39, -14, 1.89],
						"1.9667": [9.775, -10.125, 4.23],
						"2.1": [9.5, -10.125, 4.23],
						"2.1667": [9.5, -10.125, 4.23],
						"2.2333": [9.325, -10.125, 4.23],
						"2.4333": [9.9, -15.175, 5.455],
						"2.5667": [8.2, -11.9, -2.2]
					},
					"scale": [1, 1.5, 1]
				},
				"righthand": {
					"rotation": [89.49625, 6.99973, -180.06139],
					"position": [-6.85, -14.075, 8.775],
					"scale": [1, 1.5, 1]
				},
				"root": {
					"rotation": {
						"0.0": {
							"post": [0, 0, 0],
							"lerp_mode": "catmullrom"
						},
						"0.1333": {
							"post": [-3.49555, -0.81508, 3.05538],
							"lerp_mode": "catmullrom"
						},
						"0.3": {
							"post": [-6.77915, -2.53345, -7.84739],
							"lerp_mode": "catmullrom"
						},
						"0.3667": {
							"post": [-7.87862, -3.64818, -10.52572],
							"lerp_mode": "catmullrom"
						},
						"0.4333": {
							"post": [-8.8603, -3.86241, -6.62741],
							"lerp_mode": "catmullrom"
						},
						"0.5333": {
							"post": [-8.73621, -2.74727, -1.87501],
							"lerp_mode": "catmullrom"
						},
						"0.6333": {
							"post": [-13.09623, -8.67173, -8.11656],
							"lerp_mode": "catmullrom"
						},
						"0.7333": {
							"post": [-20.6171, -14.2888, -17.82616],
							"lerp_mode": "catmullrom"
						},
						"0.8333": {
							"post": [-25.76586, -33.00324, -29.70148],
							"lerp_mode": "catmullrom"
						},
						"0.9333": {
							"post": [-22.19264, -39.63697, -39.91232],
							"lerp_mode": "catmullrom"
						},
						"1.1": {
							"post": [-21.42948, -38.12554, -39.74042],
							"lerp_mode": "catmullrom"
						},
						"1.2333": {
							"post": [-21.29159, -38.96497, -41.45368],
							"lerp_mode": "catmullrom"
						},
						"1.3667": {
							"post": [-23.69501, -38.86025, -37.53157],
							"lerp_mode": "catmullrom"
						},
						"1.4": {
							"post": [-21.33661, -40.67129, -43.33577],
							"lerp_mode": "catmullrom"
						},
						"1.4333": {
							"post": [-17.51248, -42.17814, -48.55021],
							"lerp_mode": "catmullrom"
						},
						"1.4667": {
							"post": [-17.85, -42.13, -46.32],
							"lerp_mode": "catmullrom"
						},
						"1.5667": {
							"post": [-18.2, -41.91, -45.02],
							"lerp_mode": "catmullrom"
						},
						"1.6667": {
							"post": [-18.46, -41.78, -44.07],
							"lerp_mode": "catmullrom"
						},
						"1.7333": {
							"post": [-19.96251, -40.11132, -38.41785],
							"lerp_mode": "catmullrom"
						},
						"1.8333": {
							"post": [-21.88778, -30.58079, -29.63565],
							"lerp_mode": "catmullrom"
						},
						"1.9333": {
							"post": [-23.1908, -12.26892, -2.49657],
							"lerp_mode": "catmullrom"
						},
						"2.0": {
							"post": [-11.61388, -5.41404, 2.48103],
							"lerp_mode": "catmullrom"
						},
						"2.0667": {
							"post": [-8.61, -3.465, 1.86],
							"lerp_mode": "catmullrom"
						},
						"2.1333": {
							"post": [-8.44778, -2.97641, 2.51303],
							"lerp_mode": "catmullrom"
						},
						"2.1667": {
							"post": [-10.70316, -3.33396, 3.61274],
							"lerp_mode": "catmullrom"
						},
						"2.2333": {
							"post": [-8.8364, -0.09288, 10.91901],
							"lerp_mode": "catmullrom"
						},
						"2.2667": {
							"post": [-4.85391, -0.71359, 6.38627],
							"lerp_mode": "catmullrom"
						},
						"2.3333": {
							"post": [-1.92838, -2.00642, 0.99896],
							"lerp_mode": "catmullrom"
						},
						"2.4333": {
							"post": [-2.86394, -2.24803, 4.50799],
							"lerp_mode": "catmullrom"
						},
						"2.5333": {
							"post": [-1.17724, -0.52456, -3.81208],
							"lerp_mode": "catmullrom"
						},
						"2.6333": {
							"post": [-1.53169, -1.64259, -5.70459],
							"lerp_mode": "catmullrom"
						},
						"2.7333": {
							"post": [-0.27794, 0.48501, -1.00445],
							"lerp_mode": "catmullrom"
						},
						"2.8333": {
							"post": [0, 0, 1.25],
							"lerp_mode": "catmullrom"
						},
						"2.9333": {
							"post": [0, 0, 0],
							"lerp_mode": "catmullrom"
						}
					},
					"position": {
						"0.0": {
							"post": [0, 0, 0],
							"lerp_mode": "catmullrom"
						},
						"0.1333": {
							"post": [0, -0.025, 0.35],
							"lerp_mode": "catmullrom"
						},
						"0.3": {
							"post": [-0.1, 0.6, 0.425],
							"lerp_mode": "catmullrom"
						},
						"0.4333": {
							"post": [-0.225, -0.725, 0.42],
							"lerp_mode": "catmullrom"
						},
						"0.5667": {
							"post": [-0.505, 0.03125, 0.12],
							"lerp_mode": "catmullrom"
						},
						"0.7": {
							"post": [-1.075, 0.315, -0.43],
							"lerp_mode": "catmullrom"
						},
						"0.8667": {
							"post": [-1.48, 2.11, -0.08],
							"lerp_mode": "catmullrom"
						},
						"0.9667": {
							"post": [-1.255, 2.635, -0.005],
							"lerp_mode": "catmullrom"
						},
						"1.1": {
							"post": [-1.155, 2.34, -0.13],
							"lerp_mode": "catmullrom"
						},
						"1.2333": {
							"post": [-1.28, 2.04, -0.13],
							"lerp_mode": "catmullrom"
						},
						"1.3667": {
							"post": [-1.33, 2.165, -0.13],
							"lerp_mode": "catmullrom"
						},
						"1.4": {
							"post": [-0.81, 1.13, -0.03],
							"lerp_mode": "catmullrom"
						},
						"1.4333": {
							"post": [-0.88, 0.965, 0.045],
							"lerp_mode": "catmullrom"
						},
						"1.5": {
							"post": [-0.94, 0.97, 0.03],
							"lerp_mode": "catmullrom"
						},
						"1.6333": {
							"post": [-1.04, 1.02, -0.01],
							"lerp_mode": "catmullrom"
						},
						"1.7333": {
							"post": [-1.185, 0.97, -0.09],
							"lerp_mode": "catmullrom"
						},
						"1.8333": {
							"post": [-1.275, 0.075, -0.34],
							"lerp_mode": "catmullrom"
						},
						"1.9": {
							"post": [-1.29, -0.135, -0.34],
							"lerp_mode": "catmullrom"
						},
						"2.0": {
							"post": [-0.935, 0.185, -0.335],
							"lerp_mode": "catmullrom"
						},
						"2.0667": {
							"post": [-1.005, 0.245, -0.14],
							"lerp_mode": "catmullrom"
						},
						"2.1": {
							"post": [-1, 0.24, -0.125],
							"lerp_mode": "catmullrom"
						},
						"2.1333": {
							"post": [-1, 0.215, -0.15],
							"lerp_mode": "catmullrom"
						},
						"2.2333": {
							"post": [-0.985, 0.445, -0.165],
							"lerp_mode": "catmullrom"
						},
						"2.3": {
							"post": [-0.965, -0.18, -0.375],
							"lerp_mode": "catmullrom"
						},
						"2.4": {
							"post": [-0.87, -0.68, -1.47],
							"lerp_mode": "catmullrom"
						},
						"2.5": {
							"post": [-0.25, -0.73, -1.27],
							"lerp_mode": "catmullrom"
						},
						"2.6333": {
							"post": [0.095, -0.15, -1.225],
							"lerp_mode": "catmullrom"
						},
						"2.7333": {
							"post": [0, -0.175, 0.5],
							"lerp_mode": "catmullrom"
						},
						"2.8333": {
							"post": [0, 0, -0.175],
							"lerp_mode": "catmullrom"
						},
						"2.9333": {
							"post": [0, 0, 0],
							"lerp_mode": "catmullrom"
						}
					}
				},
				"mag_and_lh": {
					"rotation": {
						"0.0": {
							"post": [0, 0, 0],
							"lerp_mode": "catmullrom"
						},
						"0.2": {
							"post": [-0.7061, 20.27135, -25.65768],
							"lerp_mode": "catmullrom"
						},
						"0.7667": {
							"post": [-0.7061, 20.27135, -25.65768],
							"lerp_mode": "catmullrom"
						},
						"0.9": {
							"post": [9.33, 1.83, -0.24],
							"lerp_mode": "catmullrom"
						},
						"0.9667": {
							"post": [7.38011, -2.97237, -2.71019],
							"lerp_mode": "catmullrom"
						},
						"1.0333": [-3, 0, -11],
						"1.1333": [0, 0, -10],
						"1.1667": [0, 0, -6.67],
						"1.2": [0, 0, 0],
						"1.3667": [0, 0, 0],
						"1.4": [0, 0, 0]
					},
					"position": {
						"0.0": {
							"post": [0, 0, 0],
							"lerp_mode": "catmullrom"
						},
						"0.1": {
							"post": [5.22, -1.29, 1.71],
							"lerp_mode": "catmullrom"
						},
						"0.2333": {
							"post": [8.19702, -13.17286, 5.1424],
							"lerp_mode": "catmullrom"
						},
						"0.7667": {
							"post": [-0.25298, -13.17286, 5.1424],
							"lerp_mode": "catmullrom"
						},
						"0.9": {
							"post": [0.75881, -5.98048, -0.23633],
							"lerp_mode": "catmullrom"
						},
						"0.9667": {
							"post": [0.39861, -4.5891, -0.99821],
							"lerp_mode": "catmullrom"
						},
						"1.0333": [0.775, -3.1, -1.025],
						"1.1333": [0.775, -3, -0.8],
						"1.1667": [0.52, -2.83, -0.53],
						"1.2": [0, -2.7, -0.175],
						"1.3667": [0, -2.7, -0.1],
						"1.4": [0, 0, 0]
					}
				},
				"lefthand_pos": {
					"rotation": {
						"0.0": [0, 0, 0],
						"2.1333": [0, 0, 0]
					}
				},
				"mag_and_bullet": {
					"scale": {
						"0.0": [0, 0, 0],
						"0.7": [0, 0, 0],
						"0.7333": [1, 1, 1]
					}
				},
				"additional_magazine": {
					"rotation": [0, 0, 0],
					"position": {
						"0.3333": [0, 0, 0],
						"0.4333": [0, -11, 0]
					},
					"scale": {
						"0.4667": [1, 1, 1],
						"0.5": [0, 0, 0]
					}
				},
				"holdrelease": {
					"rotation": {
						"0.0": [0, 0, 15],
						"2.1": [0, 0, 15],
						"2.1333": [0, 0, 0]
					}
				},
				"bolt": {
					"position": {
						"0.0": [0, 0, 6.025],
						"2.1667": [0, 0, 6.025],
						"2.2": [0, 0, 0],
						"2.2333": [0, 0, 0.475],
						"2.2667": [0, 0, 0],
						"2.3333": [0, 0, 0.25],
						"2.4": [0, 0, 0]
					}
				},
				"magrelease": {
					"position": {
						"0.2667": [0, 0, 0],
						"0.3": [0.125, 0, 0],
						"0.6333": [0.125, 0, 0],
						"0.6667": [0, 0, 0],
						"1.3667": [0, 0, 0],
						"1.4": [0.125, 0, 0],
						"1.4667": [0.125, 0, 0],
						"1.5": [0, 0, 0]
					}
				},
				"camera": {
					"rotation": {
						"0.0": {
							"post": [0, 0, 0],
							"lerp_mode": "catmullrom"
						},
						"0.2667": {
							"post": [-0.575, 0, 0.475],
							"lerp_mode": "catmullrom"
						},
						"0.4": {
							"post": [0.305, 0.125, -0.4],
							"lerp_mode": "catmullrom"
						},
						"0.5333": {
							"post": [0.65, 0.125, 0.825],
							"lerp_mode": "catmullrom"
						},
						"0.6667": {
							"post": [0.51, 0.04, -0.07],
							"lerp_mode": "catmullrom"
						},
						"0.8": {
							"post": [0.455, 0, 0.275],
							"lerp_mode": "catmullrom"
						},
						"1.1333": {
							"post": [1.51, 0.35, -0.6],
							"lerp_mode": "catmullrom"
						},
						"1.3667": {
							"post": [1.435, 0.5, -0.725],
							"lerp_mode": "catmullrom"
						},
						"1.4667": {
							"post": [2.49, 0.5, 0.125],
							"lerp_mode": "catmullrom"
						},
						"1.6": {
							"post": [1.51, 0.5, -1],
							"lerp_mode": "catmullrom"
						},
						"1.7333": {
							"post": [1.86, 0.35, -0.6],
							"lerp_mode": "catmullrom"
						},
						"1.8667": {
							"post": [1.17, 0.24, -0.73],
							"lerp_mode": "catmullrom"
						},
						"1.9667": {
							"post": [0.76, 0.175, -0.45],
							"lerp_mode": "catmullrom"
						},
						"2.0667": {
							"post": [1.585, 0.175, 0.35],
							"lerp_mode": "catmullrom"
						},
						"2.2": {
							"post": [0.49, 0.1, -0.725],
							"lerp_mode": "catmullrom"
						},
						"2.3333": {
							"post": [0.94, 0.1, -0.15],
							"lerp_mode": "catmullrom"
						},
						"2.4667": {
							"post": [0.27, 0.04, -0.215],
							"lerp_mode": "catmullrom"
						},
						"2.5667": {
							"post": [-0.2, 0, 0.15],
							"lerp_mode": "catmullrom"
						},
						"2.6667": {
							"post": [0.15, 0, -0.225],
							"lerp_mode": "catmullrom"
						},
						"2.7667": {
							"post": [-0.1, 0, 0.125],
							"lerp_mode": "catmullrom"
						},
						"2.8667": {
							"post": [0, 0, 0],
							"lerp_mode": "catmullrom"
						}
					}
				},
				"bullet": {
					"scale": {
						"0.0": [0, 0, 0],
						"0.3667": {
							"pre": [0, 0, 0],
							"post": [1, 1, 1]
						}
					}
				},
				"constraint": {
					"rotation": {
						"0.3": [0.2, 0.1, 0.2],
						"0.7333": [0.01, 0.02, 0.04],
						"2.2": [0.01, 0.02, 0.04],
						"2.5667": [0.2, 0.1, 0.2]
					},
					"position": {
						"0.3": [0.2, 0.2, 0.4],
						"0.7333": [0.05, 0.05, 0.1],
						"2.2": [0.05, 0.05, 0.1],
						"2.5667": [0.2, 0.2, 0.4]
					}
				}
			},
			"sound_effects": {
				"0.0": {
					"effect": "ex:kurohana/kurohana_reload_empty"
				}
			}
		},
		"inspect": {
			"animation_length": 5.7917,
			"bones": {
				"root": {
					"rotation": {
						"0.0": [0, 0, 0],
						"0.0417": [-5.79, 0.13, 1.95],
						"0.1667": [-17.59, -10.78, -12.86],
						"0.25": [-25.6, -24.52, -35.41],
						"0.2917": [-27.59976, -27.22756, -41.19159],
						"0.3333": [-29.18247, -28.58725, -44.21775],
						"0.4167": [-31.13848, -27.68974, -42.19082],
						"0.5": [-30.66598, -28.14222, -43.20004],
						"0.5833": [-31.42, -28.14, -43.2],
						"0.7083": [-32.01, -27.44, -41.92],
						"0.9167": [-31.74, -28, -42.94],
						"1.0": [-31.76, -28.22, -43.36],
						"1.5": [-31.20393, -28.6466, -44.18009],
						"1.5417": [-29.85, -30.65, -48.19],
						"1.6667": [-29.18045, -31.65513, -50.18764],
						"1.7917": [-29.71221, -31.16351, -49.16731],
						"1.9583": [-29.71, -31.16, -49.17],
						"2.2083": [-29.1733, -31.63628, -50.20015],
						"2.2917": [-28.77, -30.86, -48.82],
						"2.4167": [-27.89, -26.22, -40.22],
						"2.4583": [-26.12, -16.94, -23.01],
						"2.5": [-27.22851, -1.49811, -0.30357],
						"2.6667": [-27.64133, 13.07175, 55.7761],
						"2.7917": [-27.55942, 13.18741, 56.01913],
						"2.9167": [-26.63512, 14.213, 58.2211],
						"3.0833": [-27.05095, 13.76144, 57.23672],
						"3.2917": [-27.18, 13.27, 56.94],
						"3.5": [-27.3, 13.11, 56.64],
						"3.75": [-27.43825, 13.30227, 56.26287],
						"3.9583": [-27.13612, 16.9047, 59.22256],
						"4.125": [-27.60586, 16.4605, 58.21082],
						"4.3333": [-27.25, 16.82, 58.99],
						"4.5417": [-27.1, 16.74, 59.31],
						"4.7083": [-26.95, 16.21, 59.62],
						"4.7917": [-26.5, 14.14, 57.6],
						"4.9167": [-25.69, 10.35, 53.37],
						"5.0": [-27.3, 2.08, 39.44],
						"5.25": [-4.78485, -1.03643, 9.2118],
						"5.375": [1.9612, -0.55625, 7.98076],
						"5.5": [0.66898, -0.48139, 1.31942],
						"5.5833": [-1.00521, -0.46117, 2.73757],
						"5.75": [0, 0, 0]
					},
					"position": {
						"0.0": [0, 0, 0],
						"0.0833": [-0.17, 0.23, 0],
						"0.1667": [-0.33, 0.5, 0],
						"0.2917": [-0.71, 1.47, 0],
						"0.375": [-0.8, 0.9, 0],
						"0.5": [-1, 1.3, 0],
						"0.5833": [-1, 1.7, 0],
						"0.7083": [-1, 1.7, 0],
						"0.7917": [-1, 1.7, 0],
						"0.875": [-1, 1.7, 0],
						"1.0417": [-1, 1.7, 0],
						"1.2917": [-1, 1.7, 0],
						"1.5417": [-1, 1.7, 0],
						"1.625": [-1, 1.7, 0],
						"2.0": [-1, 1.7, 0],
						"2.0833": [-1, 1.7, 0],
						"2.2917": [-1, 1.7, 0],
						"2.375": [-0.9, 1.7, 0],
						"2.5": [0.75, 1.7, -0.9],
						"2.625": [1.65, 0.9, -1.2],
						"2.75": [2, 0.88, -1.3],
						"2.8333": [2, 0.88, -1.3],
						"3.0": [2, 0.88, -1.3],
						"3.2083": [2, 0.88, -1.3],
						"3.75": [2, 0.88, -1.3],
						"4.0417": [2, 0.88, -1.3],
						"4.3333": [2, 0.88, -1.3],
						"4.8333": [2, 0.88, -1.3],
						"4.9583": [1.6, 0.48, -1.3],
						"5.0833": [1.18, -0.145, -1.12],
						"5.2083": [0, -0.3, -0.3],
						"5.5417": [0, 0, 0.22],
						"5.625": [0, -0.2, -0.17],
						"5.7917": [0, 0, 0]
					}
				},
				"righthand": {
					"rotation": [89.49625, 6.99973, -180.06139],
					"position": [-6.85, -14.075, 8.775],
					"scale": [1, 1.5, 1]
				},
				"lefthand": {
					"rotation": {
						"0.0": [107.69108, -32.75736, -156.00452],
						"5.5417": [107.69108, -32.75736, -156.00452]
					},
					"position": {
						"0.0": [8.2, -11.9, -2.2],
						"0.5": [10.89, -15.62, 25.26],
						"2.3333": [-3.11, -29.62, 25.26],
						"2.5833": [7.79, -13.865, 0.34],
						"5.3333": [7.79, -13.865, 0.34],
						"5.4167": [9.245, -13.02, -0.75],
						"5.5417": [8.2, -11.9, -2.2]
					},
					"scale": {
						"0.0": [1, 1.5, 1],
						"0.5": [0, 0, 0],
						"2.3333": [0, 0, 0],
						"2.5417": [1, 1, 1],
						"2.5833": [1, 1.5, 1],
						"5.3333": [1, 1.5, 1]
					}
				},
				"camera": {
					"rotation": {
						"0.0": {
							"post": [0, 0, 0],
							"lerp_mode": "catmullrom"
						},
						"0.0833": {
							"post": [2.38, 0.54, 0],
							"lerp_mode": "catmullrom"
						},
						"0.2083": {
							"post": [2.43, 0.89, 0],
							"lerp_mode": "catmullrom"
						},
						"0.2917": {
							"post": [1.29, 1.16, 0],
							"lerp_mode": "catmullrom"
						},
						"0.4167": {
							"post": [-1, 1.1, 0],
							"lerp_mode": "catmullrom"
						},
						"0.5833": {
							"post": [-2.00275, 1.09939, -0.03503],
							"lerp_mode": "catmullrom"
						},
						"0.9167": {
							"post": [-1.25, 1.1, -0.04],
							"lerp_mode": "catmullrom"
						},
						"1.2083": {
							"post": [-1.53, 1.64, -0.05],
							"lerp_mode": "catmullrom"
						},
						"1.4167": {
							"post": [-1.9, 1.87, -0.05],
							"lerp_mode": "catmullrom"
						},
						"1.7083": {
							"post": [-2.6, 2.1, -0.05],
							"lerp_mode": "catmullrom"
						},
						"1.9167": {
							"post": [-2.45, 2.1, -0.05],
							"lerp_mode": "catmullrom"
						},
						"2.0833": {
							"post": [-2.62, 2.1, -0.05],
							"lerp_mode": "catmullrom"
						},
						"2.25": {
							"post": [-3, 2.1, -0.05],
							"lerp_mode": "catmullrom"
						},
						"2.4167": {
							"post": [-0.74, 1.55, 0.02],
							"lerp_mode": "catmullrom"
						},
						"2.5": {
							"post": [0.26, 1.85, 0.06],
							"lerp_mode": "catmullrom"
						},
						"2.5833": {
							"post": [0.76, 1.75, 0.08],
							"lerp_mode": "catmullrom"
						},
						"2.7917": {
							"post": [1.76, 1.75, 0.08],
							"lerp_mode": "catmullrom"
						},
						"2.9167": {
							"post": [1.47, 1.75, 0.08],
							"lerp_mode": "catmullrom"
						},
						"3.0": {
							"post": [1.4, 1.75, 0.08],
							"lerp_mode": "catmullrom"
						},
						"3.1667": {
							"post": [1.32, 1.75, 0.08],
							"lerp_mode": "catmullrom"
						},
						"3.3333": {
							"post": [1.06, 1.75, 0.08],
							"lerp_mode": "catmullrom"
						},
						"3.7083": {
							"post": [0.36, 1.75, 0.08],
							"lerp_mode": "catmullrom"
						},
						"3.7917": {
							"post": [0.04, 1.75, 0.08],
							"lerp_mode": "catmullrom"
						},
						"3.9167": {
							"post": [-0.41, 1.75, 0.08],
							"lerp_mode": "catmullrom"
						},
						"4.0417": {
							"post": [-0.82, 1.75, 0.08],
							"lerp_mode": "catmullrom"
						},
						"4.4167": {
							"post": [-0.77, 1.75, 0.08],
							"lerp_mode": "catmullrom"
						},
						"4.5833": {
							"post": [-0.75, 1.75, 0.08],
							"lerp_mode": "catmullrom"
						},
						"4.7917": {
							"post": [-0.74, 1.75, 0.08],
							"lerp_mode": "catmullrom"
						},
						"4.9167": {
							"post": [1.29018, 1.7103, 1.07967],
							"lerp_mode": "catmullrom"
						},
						"5.0": {
							"post": [2.13, 1.06, 0.67],
							"lerp_mode": "catmullrom"
						},
						"5.125": {
							"post": [1.91, 0.55, 0.35],
							"lerp_mode": "catmullrom"
						},
						"5.25": {
							"post": [-1, 0, 0],
							"lerp_mode": "catmullrom"
						},
						"5.375": {
							"post": [0.4, 0, 0],
							"lerp_mode": "catmullrom"
						},
						"5.5": {
							"post": [0, 0, 0],
							"lerp_mode": "catmullrom"
						}
					}
				}
			},
			"sound_effects": {
				"0.0": {
					"effect": "ex:kurohana/kurohana_inspect"
				}
			}
		},
		"inspect_empty": {
			"animation_length": 5.7917,
			"bones": {
				"root": {
					"rotation": {
						"0.0": [0, 0, 0],
						"0.0417": [-5.79, 0.13, 1.95],
						"0.1667": [-17.59, -10.78, -12.86],
						"0.25": [-25.6, -24.52, -35.41],
						"0.2917": [-27.59976, -27.22756, -41.19159],
						"0.3333": [-29.18247, -28.58725, -44.21775],
						"0.4167": [-31.13848, -27.68974, -42.19082],
						"0.5": [-30.66598, -28.14222, -43.20004],
						"0.5833": [-31.42, -28.14, -43.2],
						"0.7083": [-32.01, -27.44, -41.92],
						"0.9167": [-31.74, -28, -42.94],
						"1.0": [-31.76, -28.22, -43.36],
						"1.5": [-31.20393, -28.6466, -44.18009],
						"1.5417": [-29.85, -30.65, -48.19],
						"1.6667": [-29.18045, -31.65513, -50.18764],
						"1.7917": [-29.71221, -31.16351, -49.16731],
						"1.9583": [-29.71, -31.16, -49.17],
						"2.2083": [-29.1733, -31.63628, -50.20015],
						"2.2917": [-28.77, -30.86, -48.82],
						"2.4167": [-27.89, -26.22, -40.22],
						"2.4583": [-26.12, -16.94, -23.01],
						"2.5": [-27.22851, -1.49811, -0.30357],
						"2.6667": [-27.64133, 13.07175, 55.7761],
						"2.7917": [-27.55942, 13.18741, 56.01913],
						"2.9167": [-26.63512, 14.213, 58.2211],
						"3.0833": [-27.05095, 13.76144, 57.23672],
						"3.2917": [-27.18, 13.27, 56.94],
						"3.5": [-27.3, 13.11, 56.64],
						"3.75": [-27.43825, 13.30227, 56.26287],
						"3.9583": [-27.13612, 16.9047, 59.22256],
						"4.125": [-27.60586, 16.4605, 58.21082],
						"4.3333": [-27.25, 16.82, 58.99],
						"4.5417": [-27.1, 16.74, 59.31],
						"4.7083": [-26.95, 16.21, 59.62],
						"4.7917": [-26.5, 14.14, 57.6],
						"4.9167": [-25.69, 10.35, 53.37],
						"5.0": [-27.3, 2.08, 39.44],
						"5.25": [-4.78485, -1.03643, 9.2118],
						"5.375": [1.9612, -0.55625, 7.98076],
						"5.5": [0.66898, -0.48139, 1.31942],
						"5.5833": [-1.00521, -0.46117, 2.73757],
						"5.75": [0, 0, 0]
					},
					"position": {
						"0.0": [0, 0, 0],
						"0.0833": [-0.17, 0.23, 0],
						"0.1667": [-0.33, 0.5, 0],
						"0.2917": [-0.71, 1.47, 0],
						"0.375": [-0.8, 0.9, 0],
						"0.5": [-1, 1.3, 0],
						"0.5833": [-1, 1.7, 0],
						"0.7083": [-1, 1.7, 0],
						"0.7917": [-1, 1.7, 0],
						"0.875": [-1, 1.7, 0],
						"1.0417": [-1, 1.7, 0],
						"1.2917": [-1, 1.7, 0],
						"1.5417": [-1, 1.7, 0],
						"1.625": [-1, 1.7, 0],
						"2.0": [-1, 1.7, 0],
						"2.0833": [-1, 1.7, 0],
						"2.2917": [-1, 1.7, 0],
						"2.375": [-0.9, 1.7, 0],
						"2.5": [0.75, 1.7, -0.9],
						"2.625": [1.65, 0.9, -1.2],
						"2.75": [2, 0.88, -1.3],
						"2.8333": [2, 0.88, -1.3],
						"3.0": [2, 0.88, -1.3],
						"3.2083": [2, 0.88, -1.3],
						"3.75": [2, 0.88, -1.3],
						"4.0417": [2, 0.88, -1.3],
						"4.3333": [2, 0.88, -1.3],
						"4.8333": [2, 0.88, -1.3],
						"4.9583": [1.6, 0.48, -1.3],
						"5.0833": [1.18, -0.145, -1.12],
						"5.2083": [0, -0.3, -0.3],
						"5.5417": [0, 0, 0.22],
						"5.625": [0, -0.2, -0.17],
						"5.7917": [0, 0, 0]
					}
				},
				"righthand": {
					"rotation": [89.49625, 6.99973, -180.06139],
					"position": [-6.85, -14.075, 8.775],
					"scale": [1, 1.5, 1]
				},
				"lefthand": {
					"rotation": {
						"0.0": [107.69108, -32.75736, -156.00452],
						"5.5417": [107.69108, -32.75736, -156.00452]
					},
					"position": {
						"0.0": [8.2, -11.9, -2.2],
						"0.5": [10.89, -15.62, 25.26],
						"2.3333": [-3.11, -29.62, 25.26],
						"2.5833": [7.79, -13.865, 0.34],
						"5.3333": [7.79, -13.865, 0.34],
						"5.4167": [9.245, -13.02, -0.75],
						"5.5417": [8.2, -11.9, -2.2]
					},
					"scale": {
						"0.0": [1, 1.5, 1],
						"0.5": [0, 0, 0],
						"2.3333": [0, 0, 0],
						"2.5417": [1, 1, 1],
						"2.5833": [1, 1.5, 1],
						"5.3333": [1, 1.5, 1]
					}
				},
				"camera": {
					"rotation": {
						"0.0": {
							"post": [0, 0, 0],
							"lerp_mode": "catmullrom"
						},
						"0.0833": {
							"post": [2.38, 0.54, 0],
							"lerp_mode": "catmullrom"
						},
						"0.2083": {
							"post": [2.43, 0.89, 0],
							"lerp_mode": "catmullrom"
						},
						"0.2917": {
							"post": [1.29, 1.16, 0],
							"lerp_mode": "catmullrom"
						},
						"0.4167": {
							"post": [-1, 1.1, 0],
							"lerp_mode": "catmullrom"
						},
						"0.5833": {
							"post": [-2.00275, 1.09939, -0.03503],
							"lerp_mode": "catmullrom"
						},
						"0.9167": {
							"post": [-1.25, 1.1, -0.04],
							"lerp_mode": "catmullrom"
						},
						"1.2083": {
							"post": [-1.53, 1.64, -0.05],
							"lerp_mode": "catmullrom"
						},
						"1.4167": {
							"post": [-1.9, 1.87, -0.05],
							"lerp_mode": "catmullrom"
						},
						"1.7083": {
							"post": [-2.6, 2.1, -0.05],
							"lerp_mode": "catmullrom"
						},
						"1.9167": {
							"post": [-2.45, 2.1, -0.05],
							"lerp_mode": "catmullrom"
						},
						"2.0833": {
							"post": [-2.62, 2.1, -0.05],
							"lerp_mode": "catmullrom"
						},
						"2.25": {
							"post": [-3, 2.1, -0.05],
							"lerp_mode": "catmullrom"
						},
						"2.4167": {
							"post": [-0.74, 1.55, 0.02],
							"lerp_mode": "catmullrom"
						},
						"2.5": {
							"post": [0.26, 1.85, 0.06],
							"lerp_mode": "catmullrom"
						},
						"2.5833": {
							"post": [0.76, 1.75, 0.08],
							"lerp_mode": "catmullrom"
						},
						"2.7917": {
							"post": [1.76, 1.75, 0.08],
							"lerp_mode": "catmullrom"
						},
						"2.9167": {
							"post": [1.47, 1.75, 0.08],
							"lerp_mode": "catmullrom"
						},
						"3.0": {
							"post": [1.4, 1.75, 0.08],
							"lerp_mode": "catmullrom"
						},
						"3.1667": {
							"post": [1.32, 1.75, 0.08],
							"lerp_mode": "catmullrom"
						},
						"3.3333": {
							"post": [1.06, 1.75, 0.08],
							"lerp_mode": "catmullrom"
						},
						"3.7083": {
							"post": [0.36, 1.75, 0.08],
							"lerp_mode": "catmullrom"
						},
						"3.7917": {
							"post": [0.04, 1.75, 0.08],
							"lerp_mode": "catmullrom"
						},
						"3.9167": {
							"post": [-0.41, 1.75, 0.08],
							"lerp_mode": "catmullrom"
						},
						"4.0417": {
							"post": [-0.82, 1.75, 0.08],
							"lerp_mode": "catmullrom"
						},
						"4.4167": {
							"post": [-0.77, 1.75, 0.08],
							"lerp_mode": "catmullrom"
						},
						"4.5833": {
							"post": [-0.75, 1.75, 0.08],
							"lerp_mode": "catmullrom"
						},
						"4.7917": {
							"post": [-0.74, 1.75, 0.08],
							"lerp_mode": "catmullrom"
						},
						"4.9167": {
							"post": [1.29018, 1.7103, 1.07967],
							"lerp_mode": "catmullrom"
						},
						"5.0": {
							"post": [2.13, 1.06, 0.67],
							"lerp_mode": "catmullrom"
						},
						"5.125": {
							"post": [1.91, 0.55, 0.35],
							"lerp_mode": "catmullrom"
						},
						"5.25": {
							"post": [-1, 0, 0],
							"lerp_mode": "catmullrom"
						},
						"5.375": {
							"post": [0.4, 0, 0],
							"lerp_mode": "catmullrom"
						},
						"5.5": {
							"post": [0, 0, 0],
							"lerp_mode": "catmullrom"
						}
					}
				},
				"bullet": {
					"scale": 0
				},
				"holdrelease": {
					"rotation": [0, 0, 15]
				},
				"bolt": {
					"position": [0, 0, 6.025]
				}
			},
			"sound_effects": {
				"0.0": {
					"effect": "ex:kurohana/kurohana_inspect"
				}
			}
		},
		"run_mw": {
			"loop": true,
			"animation_length": 0.8,
			"bones": {
				"root": {
					"rotation": {
						"0.0": [-68.73, -5.5, -3.14],
						"0.05": [-68.99, -7.39, -3.57],
						"0.1": [-69.36, -9.11, -3.81],
						"0.15": [-69.45, -10.1, -3.75],
						"0.2": [-68.82, -9.82, -3.09],
						"0.25": [-67.92, -8.81, -2.13],
						"0.3": [-67.68, -8.15, -1.7],
						"0.35": [-68.9, -8.72, -2.46],
						"0.4": [-70.77, -9.63, -3.74],
						"0.45": [-71.87, -9.32, -4.34],
						"0.5": [-71.58, -7.25, -3.75],
						"0.55": [-70.7, -4.07, -2.59],
						"0.6": [-69.68, -1.04, -1.42],
						"0.65": [-68.98, 0.57, -0.8],
						"0.7": [-68.67, -0.33, -1.21],
						"0.75": [-68.65, -3, -2.27],
						"0.8": [-68.73, -5.5, -3.14]
					},
					"position": {
						"0.0": [-4.84, 1.12, 2.86],
						"0.05": [-4.83, 0.98, 2.86],
						"0.1": [-4.86, 0.63, 2.86],
						"0.15": [-4.87, 0.27, 2.86],
						"0.2": [-4.84, 0.12, 2.86],
						"0.25": [-4.72, 0.32, 2.86],
						"0.3": [-4.54, 0.72, 2.86],
						"0.35": [-4.39, 1.11, 2.86],
						"0.4": [-4.34, 1.27, 2.86],
						"0.45": [-4.46, 1.03, 2.86],
						"0.5": [-4.7, 0.56, 2.86],
						"0.55": [-4.94, 0.08, 2.86],
						"0.6": [-5.09, -0.14, 2.86],
						"0.65": [-5.09, 0.04, 2.86],
						"0.7": [-5.01, 0.46, 2.86],
						"0.75": [-4.91, 0.9, 2.86],
						"0.8": [-4.84, 1.12, 2.86]
					}
				},
				"lefthand_pos": {
					"position": [-14, -25, 15.5],
					"scale": 0
				},
				"camera": {
					"rotation": {
						"0.0": [0, 0, 0],
						"0.05": [0.09, 0, 0.15],
						"0.1": [0.13, 0, 0.25],
						"0.15": [-0.07, 0, 0.07],
						"0.2": [-0.25, 0, -0.12],
						"0.25": [-0.15, 0, -0.09],
						"0.3": [0, 0, 0],
						"0.35": [0.02, 0, 0.02],
						"0.4": [0, 0, 0],
						"0.45": [-0.01, 0, -0.08],
						"0.5": [0, 0, -0.12],
						"0.55": [0.08, 0, 0],
						"0.6": [0.13, 0, 0.13],
						"0.65": [0, 0, 0.08],
						"0.7": [-0.12, 0, 0],
						"0.75": [-0.09, 0, -0.02],
						"0.8": [0, 0, 0]
					}
				}
			}
		},
		"run_start_mw": {
			"animation_length": 0.55,
			"bones": {
				"root": {
					"rotation": {
						"0.0": [0, 0, 0],
						"0.05": [2.8, -0.48, 3.97],
						"0.1": [5.79, -1.19, 9.23],
						"0.15": [1.73, -2.05, 11.57],
						"0.2": [-10.48, -2.9, 9.39],
						"0.25": [-28.47, -3.91, 4.94],
						"0.3": [-46.79, -4.85, 0.12],
						"0.35": [-59.98, -5.5, -3.14],
						"0.4": [-66.1, -5.75, -4.18],
						"0.45": [-68.22, -5.72, -4.06],
						"0.5": [-68.4, -5.59, -3.49],
						"0.55": [-68.73, -5.5, -3.14]
					},
					"position": {
						"0.0": [0, 0, 0],
						"0.05": [0.06, -0.34, -0.32],
						"0.1": [0.17, -0.78, -0.79],
						"0.15": [0.17, -1.64, -1.22],
						"0.2": [-0.09, -2.03, -1.45],
						"0.25": [-1.13, -1.45, -1.28],
						"0.3": [-2.54, -0.56, -0.83],
						"0.35": [-3.57, -0.09, -0.11],
						"0.4": [-4.03, 0.46, 0.63],
						"0.45": [-4.52, 0.68, 1.49],
						"0.5": [-4.71, 0.92, 2.21],
						"0.55": [-4.84, 1.12, 2.86]
					}
				},
				"lefthand_pos": {
					"position": {
						"0.0": [0, 0, 0],
						"0.1": [-7.17, -3.67, 0],
						"0.2": [-11.83, -12.08, 2],
						"0.3": [-14, -25, 15.5]
					},
					"scale": {
						"0.2": [1, 1, 1],
						"0.3": [0, 0, 0]
					}
				},
				"camera": {
					"rotation": {
						"0.0": {
							"post": [0, 0, 0],
							"lerp_mode": "catmullrom"
						},
						"0.1": {
							"post": [0.75, 0, -0.5],
							"lerp_mode": "catmullrom"
						},
						"0.2": {
							"post": [-0.25, 0, 0.1875],
							"lerp_mode": "catmullrom"
						},
						"0.3": {
							"post": [0, 0, 0],
							"lerp_mode": "catmullrom"
						},
						"0.4": {
							"post": [0, 0, 0],
							"lerp_mode": "catmullrom"
						}
					}
				}
			}
		},
		"run_hold_mw": {
			"animation_length": 0.2917,
			"bones": {
				"root": {
					"rotation": [-68.73, -5.5, -3.14],
					"position": [-4.84, 1.12, 2.86]
				},
				"lefthand_pos": {
					"position": [-14, -25, 15.5],
					"scale": 0
				}
			}
		},
		"run_end_mw": {
			"animation_length": 0.65,
			"bones": {
				"root": {
					"rotation": {
						"0.0": [-68.73, -5.5, -3.14],
						"0.05": [-55.61, -4.21, 0.37],
						"0.1": [-36.44, -2.32, 5.59],
						"0.15": [-17.16, -0.44, 10.34],
						"0.2": [-3.66, 0.81, 12.47],
						"0.25": [1.72, 1.17, 10.52],
						"0.3": [2.4, 1, 5.92],
						"0.35": [1.03, 0.62, 0.91],
						"0.4": [0.28, 0.35, -2.3],
						"0.45": [0.49, 0.21, -2.71],
						"0.5": [0.23, 0.09, -1.23],
						"0.55": [0, 0, 0],
						"0.6": [-0.02, -0.02, 0.14],
						"0.65": [0, 0, 0]
					},
					"position": {
						"0.0": [-4.84, 1.12, 2.86],
						"0.05": [-2.73, -0.61, 1.29],
						"0.1": [-1.47, -2.08, -0.16],
						"0.15": [-0.5, -2.5, -0.75],
						"0.2": [-0.17, -2.06, -1.04],
						"0.25": [-0.04, -1.17, -0.66],
						"0.3": [-0.01, -0.24, -0.23],
						"0.35": [0.02, 0.37, 0.3],
						"0.4": [0.06, 0.47, 0.4],
						"0.45": [0.05, 0.22, 0.18],
						"0.5": [0.03, 0.01, -0.01],
						"0.55": [0.02, -0.02, -0.03],
						"0.6": [0.01, -0.01, -0.01],
						"0.65": [0, 0, 0]
					}
				},
				"camera": {
					"rotation": {
						"0.25": {
							"pre": [0, 0, 0],
							"post": [0, 0, 0],
							"lerp_mode": "catmullrom"
						},
						"0.3": {
							"post": [0, 0, 0.3],
							"lerp_mode": "catmullrom"
						},
						"0.35": {
							"post": [0, 0, -0.125],
							"lerp_mode": "catmullrom"
						},
						"0.45": {
							"post": [0, 0, 0],
							"lerp_mode": "catmullrom"
						}
					}
				},
				"lefthand_pos": {
					"position": {
						"0.0": [-14, -25, 15.5],
						"0.1": [-11.83, -12.08, 2],
						"0.2": [-7.17, -3.67, 0],
						"0.3": [0, 0, 0]
					},
					"scale": {
						"0.15": [0, 0, 0],
						"0.2": [1, 1, 1]
					}
				}
			}
		},
		"run": {
			"loop": true,
			"animation_length": 0.6667,
			"bones": {
				"root": {
					"rotation": {
						"0.0": {
							"post": [-6.31944, -40.30675, 33.52295],
							"lerp_mode": "catmullrom"
						},
						"0.1667": {
							"post": [-6.09024, -42.48193, 23.49674],
							"lerp_mode": "catmullrom"
						},
						"0.3333": {
							"post": [0.98319, -22.4802, 16.89725],
							"lerp_mode": "catmullrom"
						},
						"0.5": {
							"post": [-6.09024, -32.48193, 23.49674],
							"lerp_mode": "catmullrom"
						},
						"0.6667": {
							"post": [-6.31944, -40.30675, 33.52295],
							"lerp_mode": "catmullrom"
						}
					},
					"position": {
						"0.0": {
							"post": [2.685, -5.135, 0.3],
							"lerp_mode": "catmullrom"
						},
						"0.1667": {
							"post": [1.46, -3.96, -0.2],
							"lerp_mode": "catmullrom"
						},
						"0.3333": {
							"post": [0.1, -6.005, 0],
							"lerp_mode": "catmullrom"
						},
						"0.5": {
							"post": [0.36, -3.96, -0.2],
							"lerp_mode": "catmullrom"
						},
						"0.6667": {
							"post": [2.685, -5.135, 0.3],
							"lerp_mode": "catmullrom"
						}
					}
				}
			}
		},
		"run_hold": {
			"loop": true,
			"bones": {
				"root": {
					"rotation": [-6.31944, -40.30675, 33.52295],
					"position": [2.685, -5.135, 0.3]
				},
				"constraint": {
					"rotation": [0, 0, 0],
					"position": [0.1, 0, 0.25]
				}
			}
		},
		"run_start": {
			"loop": true,
			"animation_length": 0.3333,
			"bones": {
				"root": {
					"rotation": {
						"0.0": [0, 0, 0],
						"0.1667": [-2.13372, -20.61941, 18.03003],
						"0.3333": [-6.31944, -40.30675, 33.52295]
					},
					"position": {
						"0.0": [0, 0, 0],
						"0.1667": [1.255, -2.285, 0.1],
						"0.3333": [2.685, -5.135, 0.3]
					}
				},
				"constraint": {
					"rotation": [0, 0, 0],
					"position": [0.1, 0, 0.25]
				}
			}
		},
		"run_end": {
			"loop": true,
			"animation_length": 0.5,
			"bones": {
				"root": {
					"rotation": {
						"0.0": [-6.31944, -40.30675, 33.52295],
						"0.0833": [-1.22702, -17.67592, 24.12809],
						"0.1667": [0.65408, -7.56335, 16.05033],
						"0.25": [1.57, -1.94, 8.49],
						"0.3333": [0.83, -0.46, 2.48],
						"0.4167": [0, 0, 0]
					},
					"position": {
						"0.0": [2.685, -5.135, 0.3],
						"0.0833": [0.485, -2.46, 0.3],
						"0.1667": [1.04, -1.895, 0],
						"0.25": [0.82, -0.82, 0],
						"0.3333": [0.43, -0.03, 0],
						"0.4167": [0, 0, 0]
					}
				},
				"constraint": {
					"rotation": [0, 0, 0],
					"position": [0.1, 0, 0.25]
				}
			}
		}
	}
}