{
	"format_version": "1.8.0",
	"animations": {
		"static_idle": {
			"animation_length": 0.2333,
			"bones": {
				"lefthand": {
					"rotation": [89.52779, -393.457, -128.79941],
					"position": [7.925, -11.05, -2.5],
					"scale": [1, 1.5, 1]
				},
				"constraint": {
					"rotation": [0.05, 0.05, 0.05],
					"position": [0.2, 0.2, 0.2]
				},
				"righthand": {
					"rotation": [101.2139, -323.71163, -174.99863],
					"position": [-6.4, -14.425, 2],
					"scale": [1, 1.5, 1]
				}
			}
		},
		"draw": {
			"animation_length": 1,
			"bones": {
				"root": {
					"rotation": {
						"0.0": {
							"post": [-103.12, 0, 0],
							"lerp_mode": "catmullrom"
						},
						"0.1": {
							"post": [-91.33, -14.34, -0.55],
							"lerp_mode": "catmullrom"
						},
						"0.2": {
							"post": [-76.6, -14.49, -2.98],
							"lerp_mode": "catmullrom"
						},
						"0.3": {
							"post": [-49.98, -8.63, -1.82],
							"lerp_mode": "catmullrom"
						},
						"0.5": {
							"post": [-8.2, 0, 0.6],
							"lerp_mode": "catmullrom"
						},
						"0.6": {
							"post": [0.90992, 0.49018, -1.87167],
							"lerp_mode": "catmullrom"
						},
						"0.7": {
							"post": [0.98628, -0.20008, 1.69645],
							"lerp_mode": "catmullrom"
						},
						"0.8": {
							"post": [0, 0, -0.4],
							"lerp_mode": "catmullrom"
						},
						"0.9": [0, 0, 0]
					},
					"position": {
						"0.0": {
							"post": [-9, -36, 2],
							"lerp_mode": "catmullrom"
						},
						"0.1": [-5.01, -17.52, -3.2],
						"0.2": [-2.9, -11.93, -3.99],
						"0.3667": [-0.25, -2.46, -2.03],
						"0.5": {
							"pre": [0, -0.6, 0.3],
							"post": [0, -0.6, 0.3],
							"lerp_mode": "catmullrom"
						},
						"0.6": {
							"post": [0, 0.03, 0.4],
							"lerp_mode": "catmullrom"
						},
						"0.7": {
							"post": [0, 0, -0.2],
							"lerp_mode": "catmullrom"
						},
						"0.8": {
							"post": [0, -0.1, -0.18],
							"lerp_mode": "catmullrom"
						},
						"0.9333": [0, 0, 0]
					}
				},
				"gun_and_lhand": {
					"rotation": {
						"0.0": [0, 0, 0],
						"0.3": [0, 0, 0]
					},
					"position": {
						"0.0": [0, 0, 0],
						"0.3": [0, 0, 0]
					}
				},
				"righthand": {
					"rotation": {
						"0.0": {
							"post": [131.93942, -347.49859, -38.54941],
							"lerp_mode": "catmullrom"
						},
						"0.0667": {
							"post": [134.2185, -345.09581, -33.36169],
							"lerp_mode": "catmullrom"
						},
						"0.1667": {
							"post": [101.48941, -375.72158, -1.01416],
							"lerp_mode": "catmullrom"
						},
						"0.3667": {
							"post": [99.92205, -324.96551, -168.50279],
							"lerp_mode": "catmullrom"
						},
						"0.4667": {
							"post": [101.2139, -323.71163, -174.99863],
							"lerp_mode": "catmullrom"
						},
						"0.5667": {
							"post": [101.2139, -323.71163, -174.99863],
							"lerp_mode": "catmullrom"
						}
					},
					"position": {
						"0.0": {
							"post": [-3.34854, -8.15579, 1.34383],
							"lerp_mode": "catmullrom"
						},
						"0.0667": {
							"post": [-3.50353, -7.0548, 1.24931],
							"lerp_mode": "catmullrom"
						},
						"0.1667": {
							"post": [-2.36662, -9.54845, 1.56647],
							"lerp_mode": "catmullrom"
						},
						"0.2333": {
							"post": [-2.14866, -7.06411, 1.38744],
							"lerp_mode": "catmullrom"
						},
						"0.3333": {
							"post": [-4.83735, -3.87436, 7.75939],
							"lerp_mode": "catmullrom"
						},
						"0.3667": {
							"post": [-9.38656, -8.07425, 7.05538],
							"lerp_mode": "catmullrom"
						},
						"0.4667": {
							"post": [-6.4, -14.425, 2],
							"lerp_mode": "catmullrom"
						},
						"0.5667": {
							"post": [-6.4, -14.425, 2],
							"lerp_mode": "catmullrom"
						}
					},
					"scale": {
						"0.0": {
							"post": [1, 1.5, 1],
							"lerp_mode": "catmullrom"
						}
					}
				},
				"lefthand": {
					"rotation": [89.52779, -393.457, -128.79941],
					"position": [7.925, -11.05, -2.5],
					"scale": [1, 1.5, 1]
				},
				"camera": {
					"rotation": {
						"0.0": {
							"post": [0, 0, 0],
							"lerp_mode": "catmullrom"
						},
						"0.2": {
							"post": [-1.175, 0.325, -0.7],
							"lerp_mode": "catmullrom"
						},
						"0.4": {
							"post": [0.88, -0.025, -0.925],
							"lerp_mode": "catmullrom"
						},
						"0.6": {
							"post": [-0.245, 0.025, 0.175],
							"lerp_mode": "catmullrom"
						},
						"0.7": {
							"post": [0.15, 0, -0.2],
							"lerp_mode": "catmullrom"
						},
						"0.7667": {
							"post": [0.02, 0, -0.08],
							"lerp_mode": "catmullrom"
						},
						"0.8": {
							"post": [-0.15, 0, 0.3],
							"lerp_mode": "catmullrom"
						},
						"0.9": {
							"post": [-0.06, 0, -0.205],
							"lerp_mode": "catmullrom"
						},
						"1.0": {
							"post": [0, 0, 0],
							"lerp_mode": "catmullrom"
						}
					}
				}
			}
		},
		"put_away": {
			"animation_length": 0.7,
			"bones": {
				"root": {
					"rotation": {
						"0.0": {
							"post": [0, 0, 0],
							"lerp_mode": "catmullrom"
						},
						"0.1": {
							"post": [5.87, -1.25, -1.42],
							"lerp_mode": "catmullrom"
						},
						"0.2": {
							"post": [-27.15, -7.52, -8.53],
							"lerp_mode": "catmullrom"
						},
						"0.3": {
							"post": [-40.73045, -11.28181, -12.80042],
							"lerp_mode": "catmullrom"
						},
						"0.4": {
							"post": [-51.25268, -7.98916, -16.98839],
							"lerp_mode": "catmullrom"
						},
						"0.5": {
							"post": [-59.1046, 20.10068, 0.608],
							"lerp_mode": "catmullrom"
						},
						"0.5667": {
							"post": [-67.12, 33.68, 8.77],
							"lerp_mode": "catmullrom"
						},
						"0.6667": {
							"post": [-74.38, 35.33, 10.02],
							"lerp_mode": "catmullrom"
						}
					},
					"position": {
						"0.0": {
							"post": [0, 0, 0],
							"lerp_mode": "catmullrom"
						},
						"0.1": {
							"post": [-0.38, -0.89, 0.09],
							"lerp_mode": "catmullrom"
						},
						"0.2": {
							"post": [-1.325, -1.5, 0.28],
							"lerp_mode": "catmullrom"
						},
						"0.3": {
							"post": [-1.95, -2.9, 1.95],
							"lerp_mode": "catmullrom"
						},
						"0.4": {
							"post": [-2.2, -4.555, 4.37],
							"lerp_mode": "catmullrom"
						},
						"0.5333": {
							"post": [-4.7, -8.48, 7.94],
							"lerp_mode": "catmullrom"
						},
						"0.6667": {
							"post": [-7.59, -13.82, 14.07],
							"lerp_mode": "catmullrom"
						}
					}
				},
				"righthand": {
					"rotation": {
						"0.0": {
							"post": [101.2139, -323.71163, -174.99863],
							"lerp_mode": "catmullrom"
						},
						"0.1": {
							"post": [101.2139, -323.71163, -174.99863],
							"lerp_mode": "catmullrom"
						},
						"0.2": {
							"post": [99.92205, -324.96551, -168.50279],
							"lerp_mode": "catmullrom"
						},
						"0.4": {
							"post": [101.48941, -375.72158, -1.01416],
							"lerp_mode": "catmullrom"
						},
						"0.5": {
							"post": [134.2185, -345.09581, -33.36169],
							"lerp_mode": "catmullrom"
						},
						"0.5667": {
							"post": [131.93942, -347.49859, -38.54941],
							"lerp_mode": "catmullrom"
						}
					},
					"position": {
						"0.0": {
							"post": [-6.4, -14.425, 2],
							"lerp_mode": "catmullrom"
						},
						"0.1": {
							"post": [-6.4, -14.425, 2],
							"lerp_mode": "catmullrom"
						},
						"0.2": {
							"post": [-9.38656, -8.07425, 7.05538],
							"lerp_mode": "catmullrom"
						},
						"0.2333": {
							"post": [-4.83735, -3.87436, 7.75939],
							"lerp_mode": "catmullrom"
						},
						"0.3333": {
							"post": [-2.14866, -7.06411, 1.38744],
							"lerp_mode": "catmullrom"
						},
						"0.4": {
							"post": [-2.36662, -9.54845, 1.56647],
							"lerp_mode": "catmullrom"
						},
						"0.5": {
							"post": [-3.50353, -7.0548, 1.24931],
							"lerp_mode": "catmullrom"
						},
						"0.5667": {
							"post": [-3.34854, -8.15579, 1.34383],
							"lerp_mode": "catmullrom"
						}
					},
					"scale": {
						"0.0": {
							"post": [1, 1.5, 1],
							"lerp_mode": "catmullrom"
						}
					}
				},
				"lefthand": {
					"rotation": [89.52779, -393.457, -128.79941],
					"position": [7.925, -11.05, -2.5],
					"scale": [1, 1.5, 1]
				},
				"camera": {
					"rotation": {
						"0.0": {
							"post": [0, 0, 0],
							"lerp_mode": "catmullrom"
						},
						"0.1333": {
							"post": [-0.225, 0, -0.125],
							"lerp_mode": "catmullrom"
						},
						"0.3667": {
							"post": [0.725, 0, 0.175],
							"lerp_mode": "catmullrom"
						},
						"0.5": {
							"post": [1.125, 0, 1.575],
							"lerp_mode": "catmullrom"
						},
						"0.6": {
							"post": [0.275, 0, 1.5],
							"lerp_mode": "catmullrom"
						},
						"0.6667": {
							"post": [0, 0, 0],
							"lerp_mode": "catmullrom"
						}
					}
				}
			}
		},
		"bolt": {
			"animation_length": 1.7,
			"bones": {
				"m95_bolt": {
					"rotation": {
						"0.0": [0, 0, 0],
						"0.2333": [0, 0, 0],
						"0.2667": [0, 0, 0],
						"0.4667": [0, 0, 0],
						"0.5333": [0, 0, 0],
						"0.7667": [0, 0, 0],
						"0.8333": [0, 0, 0]
					},
					"position": {
						"0.0": [0, 0, 0],
						"0.2333": [0, 0, 0],
						"0.2667": [0, 0, 0],
						"0.4667": [0, 0, 0],
						"0.5333": [0, 0, 8.1],
						"0.6": [0, 0, 7.98],
						"0.7667": [0, 0, 8],
						"0.8333": [0, 0, 0]
					}
				},
				"rotate": {
					"rotation": {
						"0.0": [0, 0, 0],
						"0.2333": {
							"pre": [0, 0, 0],
							"post": [0, 0, 0],
							"lerp_mode": "catmullrom"
						},
						"0.2667": [0, 0, 50],
						"0.4667": [0, 0, 49],
						"0.7": [0, 0, 49],
						"0.9": [0, 0, 50.88],
						"0.9333": [0, 0, 50],
						"1.0": [0, 0, 0]
					},
					"position": {
						"0.0": [0, 0, 0],
						"0.2333": {
							"pre": [0, 0, 0],
							"post": [0, 0, 0],
							"lerp_mode": "catmullrom"
						},
						"0.2667": [0, 0, 0],
						"0.9333": [0, 0, 0],
						"1.0": [0, 0, 0]
					}
				},
				"root": {
					"rotation": {
						"0.0": [0, 0, 0],
						"0.0667": [0.25, -1.05, 3.02],
						"0.2": [1.749, -1.59527, 1.95299],
						"0.2667": [1.9779, -1.77101, 3.26694],
						"0.3": [1.93005, -3.36114, 5.17062],
						"0.4667": [1.75108, -3.02942, 2.9618],
						"0.5": [1.07699, -2.08108, -0.14793],
						"0.5333": [0.35846, -1.07129, -3.73301],
						"0.6": [0.00275, -0.04738, -0.49985],
						"0.7333": [0.02843, -0.41751, 1.8871],
						"0.8333": [-0.03786, -0.99678, 0.74848],
						"0.9333": [0.02428, -1.08463, 0.74946],
						"0.9667": [0.58, -1.23, 1.92],
						"1.0": [1.03969, -1.30357, 1.2277],
						"1.0667": [0.00076, -1.10235, 1.99983],
						"1.1667": [0.00076, -0.10235, 1.99985],
						"1.2333": [-1.98199, -0.3024, -2.75858],
						"1.3667": [-1.24292, 0.04982, -0.70861],
						"1.4333": [-1.2097, 0.42993, -1.29814],
						"1.5": [0, 0, 0],
						"1.5667": [0, 0, -0.5],
						"1.6333": [0, 0, 0.86],
						"1.7": [0, 0, 0]
					},
					"position": {
						"0.0": [0, 0, 0],
						"0.0667": [0.125, -0.6, -0.7],
						"0.2": [0.35, -0.975, -0.9],
						"0.3": [0.33, -0.99, -1.16],
						"0.4667": [0.25, -1, -1.2],
						"0.5333": [0, -0.9, -0.5],
						"0.6": [-0.15, -1, -0.7],
						"0.7667": [-0.145, -0.965, -0.7],
						"0.9333": [-0.2, -0.775, -0.8],
						"1.0": [-0.375, -0.75, -1.7],
						"1.0667": [-0.175, -0.75, -1.6],
						"1.1667": [-0.2, -0.55, -1.7],
						"1.3": [0, -0.65, -1.7],
						"1.4": [0, -0.66, -1.16],
						"1.4333": [0, -0.725, -0.9],
						"1.5": [0, -0.43, -0.32],
						"1.5333": [0, -0.26, -0.05],
						"1.5667": [0, -0.1, 0.3],
						"1.6333": [0, 0, 0.05],
						"1.7": [0, 0, 0]
					}
				},
				"lefthand": {
					"rotation": [89.52779, -393.457, -128.79941],
					"position": [7.925, -11.05, -2.5],
					"scale": [1, 1.5, 1]
				},
				"righthand": {
					"rotation": {
						"0.0": [101.2139, -323.71163, -174.99863],
						"0.2333": [88.38612, -319.74651, -245.90328],
						"0.2667": [85.02123, -319.98006, -251.12409],
						"0.3": [88.33869, -317.75067, -245.97187],
						"0.4667": [88.39005, -319.74919, -245.8941],
						"0.5333": [86.53376, -290.77361, -248.09097],
						"0.6667": [87.27066, -296.76498, -247.28687],
						"0.7": [86.27566, -289.27656, -248.36565],
						"0.7667": [131.34889, -356.2811, -154.70557],
						"0.9333": {
							"pre": [142.9864, -395.30317, -131.70404],
							"post": [142.9864, -395.30317, -131.70404],
							"lerp_mode": "catmullrom"
						},
						"1.0": {
							"post": [142.99, -395.3, -131.7],
							"lerp_mode": "catmullrom"
						},
						"1.0333": {
							"post": [142.99, -395.3, -131.7],
							"lerp_mode": "catmullrom"
						},
						"1.1": {
							"post": [112.60249, -363.96698, -112.97298],
							"lerp_mode": "catmullrom"
						},
						"1.1667": {
							"post": [105.94, -351.93, -134.35],
							"lerp_mode": "catmullrom"
						},
						"1.3": [92.04639, -323.45507, -183.73366],
						"1.3667": [101.2139, -323.71163, -174.99863]
					},
					"position": {
						"0.0": [-6.4, -14.425, 2],
						"0.0667": {
							"pre": [-9.025, -14.93, 8.505],
							"post": [-9.025, -14.93, 8.505],
							"lerp_mode": "catmullrom"
						},
						"0.2333": [-9.2, -12.2, 10.375],
						"0.2667": [-10.2, -8.5, 10.175],
						"0.3": [-10.2, -8.5, 10.175],
						"0.4667": [-10.2, -8.5, 10.175],
						"0.5333": [-10.2, -8.6, 18.325],
						"0.7667": [-10.2, -8.8, 18.225],
						"0.8333": [-9.45, -8.05, 10.725],
						"0.9333": [-9.45, -8.05, 10.725],
						"1.0": [-9.45, -8.05, 10.725],
						"1.0333": [-9.45, -8.05, 10.725],
						"1.1": [-10.55, -15.75, 10.125],
						"1.1667": [-9.68, -15.28, 7.625],
						"1.3": {
							"pre": [-7.4, -14.2, 1.875],
							"post": [-7.4, -14.2, 1.875],
							"lerp_mode": "catmullrom"
						},
						"1.3667": [-6.4, -14.425, 2]
					},
					"scale": [1, 1.5, 1]
				},
				"shell_ejection": {
					"rotation": {
						"0.5": [0, 0, 0],
						"0.5667": [0, 0, 0],
						"0.6333": [0, -135.42, 0],
						"0.7": [0, -270.83, 0],
						"0.7667": [0, -406.25, 0],
						"0.8333": [0, -541.67, 0],
						"0.9": [0, -677.08, 0],
						"0.9667": [0, -812.5, 0],
						"1.0": [0, 0, 0]
					},
					"position": {
						"0.4667": [0, 0, 0],
						"0.5667": [0, 0.0875, 6.01875],
						"0.6333": {
							"pre": [-9.1, 1.0875, -1.98125],
							"post": [-9.1, 1.0875, -1.98125],
							"lerp_mode": "catmullrom"
						},
						"0.7": {
							"post": [-16.3, 1.0875, -7.98125],
							"lerp_mode": "catmullrom"
						},
						"0.7667": {
							"post": [-24.4, -2.9125, -14.98125],
							"lerp_mode": "catmullrom"
						},
						"0.8333": {
							"post": [-31.8, -8.9125, -21.98125],
							"lerp_mode": "catmullrom"
						},
						"0.9": {
							"post": [-37.8, -16.9125, -27.28125],
							"lerp_mode": "catmullrom"
						},
						"0.9667": {
							"post": [-42, -25.3125, -30.28125],
							"lerp_mode": "catmullrom"
						},
						"1.0": [-46.1, -35.0125, -33.48125],
						"1.0667": [0, 0, 0]
					},
					"scale": {
						"0.0": [1, 1, 1],
						"0.9667": {
							"pre": [1, 1, 1],
							"post": [0, 0, 0]
						},
						"1.4": {
							"pre": [0, 0, 0],
							"post": [1, 1, 1]
						}
					}
				},
				"camera": {
					"rotation": {
						"0.0": {
							"post": [0, 0, 0],
							"lerp_mode": "catmullrom"
						},
						"0.1667": {
							"post": [0.45, -0.1, 0.275],
							"lerp_mode": "catmullrom"
						},
						"0.2667": {
							"post": [0.4, -0.15, 0.275],
							"lerp_mode": "catmullrom"
						},
						"0.3": {
							"post": [0.825, -0.15, 0.775],
							"lerp_mode": "catmullrom"
						},
						"0.3667": {
							"post": [0.215, -0.15, 0.1],
							"lerp_mode": "catmullrom"
						},
						"0.4333": {
							"post": [0.525, -0.15, 0.275],
							"lerp_mode": "catmullrom"
						},
						"0.5": {
							"post": [0.615, -0.1, 0.8],
							"lerp_mode": "catmullrom"
						},
						"0.5333": {
							"post": [1.53, 0, -0.125],
							"lerp_mode": "catmullrom"
						},
						"0.6": {
							"post": [0.77, 0.075, 0.425],
							"lerp_mode": "catmullrom"
						},
						"0.6667": {
							"post": [1.085, 0.075, 0.2],
							"lerp_mode": "catmullrom"
						},
						"0.7667": {
							"post": [0.78, 0, 0.275],
							"lerp_mode": "catmullrom"
						},
						"0.9": {
							"post": [0.55, 0, 0.275],
							"lerp_mode": "catmullrom"
						},
						"0.9667": {
							"post": [1.29, -0.1, 0.75],
							"lerp_mode": "catmullrom"
						},
						"1.0333": {
							"post": [0.645, -0.175, 0],
							"lerp_mode": "catmullrom"
						},
						"1.1": {
							"post": [0.89, -0.175, 0.6],
							"lerp_mode": "catmullrom"
						},
						"1.2": {
							"post": [0.465, -0.1, 0.05],
							"lerp_mode": "catmullrom"
						},
						"1.2667": {
							"post": [0.295, 0.05, 0.275],
							"lerp_mode": "catmullrom"
						},
						"1.3667": {
							"post": [-0.1, 0, -0.025],
							"lerp_mode": "catmullrom"
						},
						"1.4333": {
							"post": [0.25, 0, 0.275],
							"lerp_mode": "catmullrom"
						},
						"1.5333": {
							"post": [-0.1, 0, -0.125],
							"lerp_mode": "catmullrom"
						},
						"1.6": {
							"post": [0, 0, 0],
							"lerp_mode": "catmullrom"
						}
					}
				}
			},
			"sound_effects": {
				"0.0": {
					"effect": "ex:m95/m95_bolt"
				}
			}
		},
		"shoot": {
			"animation_length": 0.85,
			"bones": {
				"root": {
					"rotation": {
						"0.0": [0, 0, 0],
						"0.0167": [-0.6, 0.16, 4.24],
						"0.0333": [-5.95, 0.32, -2.91],
						"0.05": [-7.17, 0.44, -0.42],
						"0.0667": [-7.74, 0.57, 2.44],
						"0.0833": [-7.94, 0.67, 1.5],
						"0.1": [-7.95, 0.78, -0.49],
						"0.1167": [-7.79, 0.82, -1.73],
						"0.1333": [-7.57, 0.79, -1.56],
						"0.15": [-7.24, 0.75, -0.94],
						"0.1667": [-6.87, 0.68, -0.14],
						"0.1833": [-6.52, 0.59, 0.58],
						"0.2": [-6.25, 0.49, 0.95],
						"0.2167": [-6.07, 0.37, 0.87],
						"0.2333": [-5.93, 0.21, 0.51],
						"0.25": [-5.83, 0.05, 0.03],
						"0.2667": [-5.76, -0.1, -0.41],
						"0.2833": [-5.71, -0.22, -0.66],
						"0.3": [-5.71, -0.3, -0.66],
						"0.3167": [-5.79, -0.37, -0.52],
						"0.3333": [-5.86, -0.41, -0.31],
						"0.35": [-5.89, -0.44, -0.12],
						"0.3667": [-5.8, -0.46, -0.03],
						"0.3833": [-5.56, -0.45, -0.05],
						"0.4": [-5.2, -0.42, -0.15],
						"0.4167": [-4.79, -0.38, -0.27],
						"0.4333": [-4.39, -0.34, -0.38],
						"0.45": [-4.06, -0.31, -0.43],
						"0.4667": [-3.74, -0.29, -0.38],
						"0.4833": [-3.5, -0.28, -0.26],
						"0.5": [-3.03, -0.24, -0.15],
						"0.5167": [-2.5, -0.2, -0.11],
						"0.5333": [-1.82, -0.15, -0.07],
						"0.55": [-1.09, -0.09, -0.04],
						"0.5667": [-0.44, -0.04, -0.02],
						"0.5833": [0, 0, 0],
						"0.6": [0.15, 0.01, 0.01],
						"0.6167": [0.21, 0.02, 0.01],
						"0.6333": [0.22, 0.02, 0.01],
						"0.65": [0.19, 0.02, 0.01],
						"0.6667": [0.13, 0.01, 0.01],
						"0.6833": [0.07, 0.01, 0],
						"0.7": [0.02, 0, 0],
						"0.7167": [0, 0, 0],
						"0.7333": [0, 0, 0],
						"0.75": [0, 0, 0],
						"0.7667": [0, 0, 0],
						"0.7833": [0, 0, 0],
						"0.8": [0, 0, 0],
						"0.8167": [0, 0, 0],
						"0.8333": [0, 0, 0],
						"0.85": [0, 0, 0]
					},
					"position": {
						"0.0": [0, 0, 0],
						"0.0167": [-0.14, 0.45, 3.78],
						"0.0333": [-0.14, 1.1, 3.84],
						"0.05": [-0.13, 1.14, 3.67],
						"0.0667": [-0.11, 1.16, 3.42],
						"0.0833": [-0.08, 1.18, 3.11],
						"0.1": [-0.06, 1.18, 2.8],
						"0.1167": [-0.03, 1.17, 2.49],
						"0.1333": [-0.01, 1.16, 2.22],
						"0.15": [0, 1.15, 2.02],
						"0.1667": [0.01, 1.14, 1.92],
						"0.1833": [0.01, 1.12, 1.86],
						"0.2": [0.01, 1.1, 1.83],
						"0.2167": [0.01, 1.08, 1.81],
						"0.2333": [0.01, 1.05, 1.81],
						"0.25": [0.01, 1.02, 1.8],
						"0.2667": [0, 0.98, 1.78],
						"0.2833": [0, 0.94, 1.75],
						"0.3": [0, 0.89, 1.68],
						"0.3167": [0, 0.84, 1.59],
						"0.3333": [0, 0.77, 1.47],
						"0.35": [0, 0.7, 1.34],
						"0.3667": [0, 0.62, 1.2],
						"0.3833": [0, 0.54, 1.05],
						"0.4": [0, 0.46, 0.91],
						"0.4167": [0, 0.38, 0.77],
						"0.4333": [0, 0.31, 0.64],
						"0.45": [0, 0.24, 0.52],
						"0.4667": [0, 0.17, 0.4],
						"0.4833": [0, 0.1, 0.28],
						"0.5": [0, 0.03, 0.16],
						"0.5167": [0, -0.04, 0.05],
						"0.5333": [0, -0.1, -0.05],
						"0.55": [0, -0.15, -0.14],
						"0.5667": [0, -0.19, -0.2],
						"0.5833": [0, -0.21, -0.25],
						"0.6": [0, -0.22, -0.27],
						"0.6167": [0, -0.2, -0.26],
						"0.6333": [0, -0.17, -0.23],
						"0.65": [0, -0.13, -0.19],
						"0.6667": [0, -0.09, -0.15],
						"0.6833": [0, -0.05, -0.1],
						"0.7": [0, -0.02, -0.06],
						"0.7167": [0, 0, -0.04],
						"0.7333": [0, 0.01, -0.02],
						"0.75": [0, 0.01, -0.01],
						"0.7667": [0, 0.02, -0.01],
						"0.7833": [0, 0.01, -0.01],
						"0.8": [0, 0.01, 0],
						"0.8167": [0, 0, 0],
						"0.8333": [0, 0, 0],
						"0.85": [0, 0, 0]
					}
				},
				"striker": {
					"position": {
						"0.0": [0, 0, 0],
						"0.0167": [0, 0, -0.07]
					}
				},
				"camera": {
					"rotation": {
						"0.0": [0, 0, 0.01],
						"0.0167": [0, 0, 1.43],
						"0.0333": [0, 0, -1],
						"0.05": [0, 0, -0.05],
						"0.0667": [0, 0, 1],
						"0.0833": [0, 0, 0.63],
						"0.1": [0, 0, -0.14],
						"0.1167": [0, 0, -0.6],
						"0.1333": [0, 0, -0.46],
						"0.15": [0, 0, -0.07],
						"0.1667": [0, 0, 0.34],
						"0.1833": [0, 0, 0.55],
						"0.2": [0, 0, 0.49],
						"0.2167": [0, 0, 0.31],
						"0.2333": [0, 0, 0.07],
						"0.25": [0, 0, -0.14],
						"0.2667": [0, 0, -0.25],
						"0.2833": [0, 0, -0.24],
						"0.3": [0, 0, -0.17],
						"0.3167": [0, 0, -0.06],
						"0.3333": [0, 0, 0.05],
						"0.35": [0, 0, 0.15],
						"0.3667": [0, 0, 0.2],
						"0.3833": [0, 0, 0.2],
						"0.4": [0, 0, 0.19],
						"0.4167": [0, 0, 0.16],
						"0.4333": [0, 0, 0.13],
						"0.45": [0, 0, 0.09],
						"0.4667": [0, 0, 0.05],
						"0.4833": [0, 0, 0.02],
						"0.5": [0, 0, 0.01]
					}
				},
				"constraint": {
					"rotation": {
						"0.0": [0.4, 0.1, 0.1],
						"0.5667": [0, 0, 0],
						"0.6": [0, 0, 0]
					},
					"position": {
						"0.0": [0.2, 0.3, 0.2],
						"0.5667": [0, 0, 0],
						"0.6": [0, 0, 0]
					}
				},
				"m95_barrel": {
					"position": {
						"0.0": [0, 0, 0],
						"0.0667": [0, 0, 6],
						"0.1333": [0, 0, 0],
						"0.2": [0, 0, 0.55],
						"0.2667": [0, 0, 0]
					}
				}
			}
		},
		"reload_tactical": {
			"loop": "hold_on_last_frame",
			"animation_length": 2.6,
			"bones": {
				"lefthand": {
					"rotation": [89.52779, -393.457, -128.79941],
					"position": [7.925, -11.05, -2.5],
					"scale": [1, 1.5, 1]
				},
				"constraint": {
					"rotation": [0.05, 0.05, 0.05],
					"position": [0.2, 0.2, 0.2]
				},
				"righthand": {
					"rotation": {
						"0.0": [101.2139, -323.71163, -174.99863],
						"0.3333": [99.21049, -348.33139, -179.81266],
						"0.4167": [109.2103, -348.33083, -179.8116],
						"0.5417": [106.08372, -333.53932, -177.15784],
						"0.5833": [121.06492, -332.26571, -173.04386],
						"0.625": [111.42262, -330.87826, -168.19304],
						"0.6667": [121.52953, -330.01951, -149.74992],
						"0.7083": [121.3993, -331.27135, -117.07871],
						"0.75": [126.27592, -322.16843, -112.2158],
						"0.7917": [123.87686, -329.26794, -120.61819],
						"0.8333": [111.84773, -348.01729, -138.47301],
						"0.9167": [104.6627, -364.41934, -158.67181],
						"1.5": [131.71, -348.33, -179.81],
						"1.5833": [100.69853, -330.31339, -177.7769],
						"1.8333": [101.2139, -323.71163, -174.99863]
					},
					"position": {
						"0.0": [-6.4, -14.425, 2],
						"0.3333": [-15.5, -29.22, 27.3],
						"0.375": [-15.08, -30.14, 23.68],
						"0.4167": [-14.21, -29.56, 19.46],
						"0.4583": [-13.81, -28.75, 14.77],
						"0.5": [-13.1, -28.08, 10.79],
						"0.5417": [-9.8, -26.12, 14.3],
						"0.5833": [-7.6, -22.52, 19.65],
						"0.625": [-8, -21.62, 13.6],
						"0.7083": [-6.59, -20.57, 15.52],
						"0.75": [-4.68, -20.47, 16.13],
						"0.8333": [-5.97, -21.54, 15.51],
						"0.875": [-6.71, -22.46, 13.66],
						"0.9167": [-6.78, -22.32, 12.59],
						"1.0": [-6.68, -18.42, 12.69],
						"1.0417": [-6.63, -18.44, 12.74],
						"1.1667": [-6.15, -16.76, 12.55],
						"1.2083": [-6.4, -16.72, 12.7],
						"1.2917": [-6.4, -21.72, 13],
						"1.3333": [-6.4, -16.22, 12.1],
						"1.375": [-6.4, -16.72, 11.9],
						"1.4583": [-6.4, -16.72, 11.9],
						"1.6667": [-10.5, -14.42, 9.2],
						"1.7917": [-6.4, -14.425, 2]
					},
					"scale": [1, 1.5, 1]
				},
				"root": {
					"rotation": {
						"0.0": [0, 0, 0],
						"0.125": {
							"pre": [-7.59638, -2.78112, 7.32417],
							"post": [-7.59638, -2.78112, 7.32417],
							"lerp_mode": "catmullrom"
						},
						"0.25": {
							"post": [-32.68, 40.66, 42.98],
							"lerp_mode": "catmullrom"
						},
						"0.4583": [-41.73481, 45.9058, 48.18431],
						"0.625": [-34.03833, 33.97135, 41.59518],
						"0.6667": [-32.57432, 39.62361, 44.17212],
						"0.75": [-33.1774, 33.86894, 40.29074],
						"0.875": [-37.61033, 41.37001, 47.00354],
						"1.0": {
							"pre": [-40.81, 41.37, 47],
							"post": [-40.81, 41.37, 47],
							"lerp_mode": "catmullrom"
						},
						"1.25": [-48.33232, 37.30307, 41.29185],
						"1.375": [-45.23, 37.3, 41.29],
						"1.4167": [-43.67494, 31.27987, 44.55811],
						"1.4583": [-48.46403, 35.49242, 39.98703],
						"1.5": [-42.13, 32.5, 41.29],
						"1.5417": [-41.8, 38.4, 41.84],
						"1.6667": [-41.14472, 35.80515, 42.94416],
						"1.75": [-39.37699, 36.15657, 44.59324],
						"1.9167": {
							"pre": [-46.26223, 35.24132, 46.45529],
							"post": [-46.26223, 35.24132, 46.45529],
							"lerp_mode": "catmullrom"
						},
						"2.125": {
							"post": [-42.6, 10.7, 21.5],
							"lerp_mode": "catmullrom"
						},
						"2.3333": {
							"post": [-4.4, 0, 0],
							"lerp_mode": "catmullrom"
						},
						"2.5833": [0, 0, 0]
					},
					"position": {
						"0.0": [0, 0, 0],
						"0.125": [1.5, 2.3, -0.625],
						"0.2083": {
							"pre": [2.575, 3.9, -0.975],
							"post": [2.575, 3.9, -0.975],
							"lerp_mode": "catmullrom"
						},
						"0.3333": [3.9, 4.3, -1],
						"0.4583": {
							"pre": [4.5, 2.3, -1],
							"post": [4.5, 2.3, -1],
							"lerp_mode": "catmullrom"
						},
						"0.5": [4.62, 3.53, -1],
						"0.75": [4.7, 3.5, -1],
						"1.0": [4.7, 3.3, -1],
						"1.25": [4.7, 3.3, -1],
						"1.5": {
							"pre": [4.7, 3.1, -1],
							"post": [4.7, 3.1, -1],
							"lerp_mode": "catmullrom"
						},
						"1.625": [3.9, 3.6, -1],
						"1.6667": [3.9, 3.5, -1],
						"1.7917": {
							"pre": [4.7, 1.8, -1],
							"post": [4.7, 1.8, -1],
							"lerp_mode": "catmullrom"
						},
						"1.9167": {
							"post": [3.3, 0.3, -0.8],
							"lerp_mode": "catmullrom"
						},
						"2.125": {
							"post": [0.68, -0.84, 0.15],
							"lerp_mode": "catmullrom"
						},
						"2.3333": {
							"post": [0, 0.1, 1],
							"lerp_mode": "catmullrom"
						},
						"2.5833": [0, 0, 0]
					}
				},
				"mag_and_rhand": {
					"rotation": {
						"0.0": [0, 0, 0],
						"0.0833": [0, 0, 0],
						"0.2917": [0, 27.5, 0],
						"0.375": [-13.50364, 10.52921, 4.54036],
						"0.5": [-13.27339, 0.79964, 6.86446],
						"0.5417": {
							"pre": [-14.24249, -21.07136, 6.76739],
							"post": [-14.24249, -21.07136, 6.76739],
							"lerp_mode": "catmullrom"
						},
						"0.625": [13.11474, -23.75581, 19.95946],
						"0.75": {
							"pre": [-4.92466, -22.48896, 68.14996],
							"post": [-4.92466, -22.48896, 68.14996],
							"lerp_mode": "catmullrom"
						},
						"0.9167": [0, 0, 0],
						"1.0": [0, 0, 0],
						"1.0833": [-3, 0, 0],
						"1.1667": [0, 0, 0],
						"1.2083": [0, 0, 0]
					},
					"position": {
						"0.0": [0, 0, 0],
						"0.0833": [0, 0, 0],
						"0.2917": {
							"pre": [-9, -10.4, 14],
							"post": [-9, -10.4, 14],
							"lerp_mode": "catmullrom"
						},
						"0.375": [-9, -14, 10.9],
						"0.5": [-7, -12, -2],
						"0.5417": [-3, -10, 2],
						"0.5833": {
							"pre": [-1.3, -6.3, 7.3],
							"post": [-1.3, -6.3, 7.3],
							"lerp_mode": "catmullrom"
						},
						"0.625": [-1.3, -5.6, 0.5],
						"0.75": {
							"pre": [3.8, -5.6, 4.8],
							"post": [3.8, -5.6, 4.8],
							"lerp_mode": "catmullrom"
						},
						"0.9167": [0, -5.6, 0],
						"1.0": [0, -1.1, 0],
						"1.0833": [0, -1.6, 0],
						"1.1667": [0, -1.1, 0],
						"1.2083": [0, 0, 0]
					}
				},
				"magzine": {
					"scale": {
						"0.0": [0, 0, 0],
						"0.2917": {
							"pre": [0, 0, 0],
							"post": [1, 1, 1]
						}
					}
				},
				"camera": {
					"rotation": {
						"0.0": {
							"post": [0, 0, 0],
							"lerp_mode": "catmullrom"
						},
						"0.25": {
							"post": [5.2, 3.9, 0],
							"lerp_mode": "catmullrom"
						},
						"0.5": {
							"post": [4.2, 6.5, 0],
							"lerp_mode": "catmullrom"
						},
						"0.625": {
							"post": [7.3, 5.95, -2.4],
							"lerp_mode": "catmullrom"
						},
						"0.7083": {
							"post": [9.8, 5.31, 1.25],
							"lerp_mode": "catmullrom"
						},
						"0.7917": {
							"post": [12, 5.3, -1.4],
							"lerp_mode": "catmullrom"
						},
						"1.0": {
							"post": [12.9, 9.8, 0],
							"lerp_mode": "catmullrom"
						},
						"1.1667": {
							"post": [13.5, 13, 0],
							"lerp_mode": "catmullrom"
						},
						"1.25": {
							"post": [12.7, 13, 0],
							"lerp_mode": "catmullrom"
						},
						"1.375": {
							"post": [13.8, 14.4, 0],
							"lerp_mode": "catmullrom"
						},
						"1.4167": {
							"post": [13.8, 14.4, -1.4],
							"lerp_mode": "catmullrom"
						},
						"1.5": {
							"post": [13.8, 14.4, 1.1],
							"lerp_mode": "catmullrom"
						},
						"1.5833": {
							"post": [13.8, 14.4, 0.3],
							"lerp_mode": "catmullrom"
						},
						"1.8333": {
							"post": [12.1, 6.1, -1.3],
							"lerp_mode": "catmullrom"
						},
						"2.0": {
							"post": [4.4, 10.8, 0],
							"lerp_mode": "catmullrom"
						},
						"2.125": {
							"post": [-0.6, 0.51, 3.89],
							"lerp_mode": "catmullrom"
						},
						"2.375": {
							"post": [1.1, 0.4, -0.8],
							"lerp_mode": "catmullrom"
						},
						"2.625": {
							"post": [0, 0, 0],
							"lerp_mode": "catmullrom"
						}
					}
				},
				"additional_magazine": {
					"rotation": {
						"0.5833": [0, 0, 0],
						"0.6667": [-11.50839, 29.4987, -5.72511],
						"0.75": [-17.0883, -53.77546, 13.92809]
					},
					"position": {
						"0.5833": [0, 0, 0],
						"0.6667": [7.5, -4.9, 2],
						"0.75": [27.5, 2.1, 11]
					},
					"scale": {
						"1.625": [1, 1, 1],
						"2.25": [0, 0, 0]
					}
				}
			},
			"sound_effects": {
				"0.0": {
					"effect": "ex:m95/m95_fast_reload_tactical"
				}
			}
		},
		"reload_empty": {
			"loop": "hold_on_last_frame",
			"animation_length": 3.25,
			"bones": {
				"lefthand": {
					"rotation": {
						"0.0": [89.52779, -393.457, -128.79941],
						"1.5": [89.53, -393.46, -128.8],
						"1.625": [55.03, -393.46, -128.8],
						"1.75": [61.12882, -372.06514, -142.95785],
						"2.2917": [89.53, -393.46, -128.8]
					},
					"position": {
						"0.0": [7.925, -11.05, -2.5],
						"1.5": [7.93, -11.05, -2.5],
						"1.625": [10.83, -9.45, 2.7],
						"1.75": [14.63, 0.15, 15.2],
						"1.875": [14.63, 0.15, 15.2],
						"2.2917": [7.93, -11.05, -2.5]
					},
					"scale": {
						"0.0": [1, 1.5, 1],
						"1.75": [1, 1.5, 1],
						"1.875": [0, 0, 0],
						"2.1667": [0, 0, 0],
						"2.2917": [1, 1.5, 1]
					}
				},
				"constraint": {
					"rotation": [0.05, 0.05, 0.05],
					"position": [0.2, 0.2, 0.2]
				},
				"righthand": {
					"rotation": {
						"0.0": [101.2139, -323.71163, -174.99863],
						"0.3333": [99.21049, -348.33139, -179.81266],
						"0.4167": [109.2103, -348.33083, -179.8116],
						"0.5417": [106.08372, -333.53932, -177.15784],
						"0.5833": [121.06492, -332.26571, -173.04386],
						"0.625": [111.42262, -330.87826, -168.19304],
						"0.6667": [121.52953, -330.01951, -149.74992],
						"0.7083": [121.3993, -331.27135, -117.07871],
						"0.75": [126.27592, -322.16843, -112.2158],
						"0.7917": [123.87686, -329.26794, -120.61819],
						"0.8333": [111.84773, -348.01729, -138.47301],
						"0.9167": [104.6627, -364.41934, -158.67181],
						"1.3333": [131.71, -348.33, -179.81],
						"1.4167": [100.69853, -330.31339, -177.7769],
						"1.6667": [83.70334, -331.84747, -189.59679],
						"1.7083": [81.70334, -331.84747, -189.59679],
						"1.75": [88.82925, -330.76797, -174.81837],
						"1.8333": [75.30785, -326.86164, -175.82471],
						"1.875": [62.80785, -326.86164, -175.82471],
						"1.9583": [85.53581, -346.79249, -174.00283],
						"2.0": [76.41658, -347.53902, -178.30509],
						"2.0417": [94.14781, -357.57554, -188.0444],
						"2.0833": [85.01649, -346.61578, -188.99499],
						"2.5833": [85.02, -346.62, -188.99],
						"2.6667": [95.1757, -346.92156, -199.24176],
						"2.9167": [101.2139, -323.71163, -174.99863]
					},
					"position": {
						"0.0": [-6.4, -14.425, 2],
						"0.3333": [-15.5, -29.22, 27.3],
						"0.375": [-15.08, -30.14, 23.68],
						"0.4167": [-14.21, -29.56, 19.46],
						"0.4583": [-13.81, -28.75, 14.77],
						"0.5": [-13.1, -28.08, 10.79],
						"0.5417": [-9.8, -26.12, 14.3],
						"0.5833": [-7.6, -22.52, 19.65],
						"0.625": [-8, -21.62, 13.6],
						"0.7083": [-6.59, -20.57, 15.52],
						"0.75": [-4.68, -20.47, 16.13],
						"0.8333": [-5.97, -21.54, 15.51],
						"0.875": [-6.71, -22.46, 13.66],
						"0.9167": [-6.78, -22.32, 12.59],
						"1.0": [-6.68, -18.42, 12.69],
						"1.0417": [-6.63, -18.44, 12.74],
						"1.1667": [-6.15, -16.76, 12.55],
						"1.2083": [-6.4, -16.72, 12.7],
						"1.25": [-6.4, -21.72, 13],
						"1.2917": [-6.4, -16.22, 12.1],
						"1.3333": [-6.4, -16.72, 11.9],
						"1.4167": [-10.5, -14.42, 9.2],
						"1.5833": [-10.4, -11.22, 10.1],
						"1.7083": [-11.2, -10.12, 9.6],
						"1.75": [-11.2, -8.32, 8.4],
						"1.8333": [-13.1, -10.42, 15.8],
						"1.875": [-10.7, -19.72, 13],
						"1.9167": [-6.3, -28.62, 8],
						"1.9583": [-3.1, -26.42, -4.8],
						"2.0": [-7.2, -10.32, -1.3],
						"2.0417": [-13, -0.02, 2.5],
						"2.0833": [-11.1, 0.68, 9.6],
						"2.125": [-7.5, -2.12, 15.5],
						"2.1667": [-6.4, -4.72, 18.4],
						"2.2083": [-6.7, -6.92, 19.2],
						"2.25": [-8.5, -8.12, 19.3],
						"2.4167": [-10.4, -8.42, 19.3],
						"2.4583": [-10.4, -9.42, 11.3],
						"2.5833": [-10.4, -9.42, 11.3],
						"2.6667": [-9.6, -11.62, 10.8],
						"2.7917": [-10.6, -14.02, 10.8],
						"2.9167": [-6.4, -14.425, 2]
					},
					"scale": [1, 1.5, 1]
				},
				"root": {
					"rotation": {
						"0.0": [0, 0, 0],
						"0.125": {
							"pre": [-7.59638, -2.78112, 7.32417],
							"post": [-7.59638, -2.78112, 7.32417],
							"lerp_mode": "catmullrom"
						},
						"0.25": {
							"post": [-32.68, 40.66, 42.98],
							"lerp_mode": "catmullrom"
						},
						"0.4583": [-41.73481, 45.9058, 48.18431],
						"0.625": [-34.03833, 33.97135, 41.59518],
						"0.6667": [-32.57432, 39.62361, 44.17212],
						"0.75": [-33.1774, 33.86894, 40.29074],
						"0.875": [-37.61033, 41.37001, 47.00354],
						"1.0": {
							"pre": [-40.81, 41.37, 47],
							"post": [-40.81, 41.37, 47],
							"lerp_mode": "catmullrom"
						},
						"1.125": [-48.33232, 37.30307, 41.29185],
						"1.25": [-45.23, 37.3, 41.29],
						"1.2917": [-43.67494, 31.27987, 44.55811],
						"1.3333": [-48.46403, 35.49242, 39.98703],
						"1.375": [-42.13, 32.5, 41.29],
						"1.4167": [-41.8, 38.4, 41.84],
						"1.625": [-41.14472, 35.80515, 42.94416],
						"1.6667": [-39.37699, 32.75657, 46.06824],
						"2.2083": [-39.37699, 32.75657, 46.06824],
						"2.4167": [-46.26223, 35.24132, 49.85529],
						"2.4583": [-48.83, 38.49, 47.02],
						"2.5": [-45.9, 36.73, 49.9],
						"2.5833": {
							"pre": [-46.26223, 35.24132, 46.45529],
							"post": [-46.26223, 35.24132, 46.45529],
							"lerp_mode": "catmullrom"
						},
						"2.7917": {
							"post": [-42.6, 10.7, 21.5],
							"lerp_mode": "catmullrom"
						},
						"3.0": {
							"post": [0, 0, 0],
							"lerp_mode": "catmullrom"
						},
						"3.25": [0, 0, 0]
					},
					"position": {
						"0.0": [0, 0, 0],
						"0.125": [1.5, 2.3, -0.625],
						"0.2083": {
							"pre": [2.575, 3.9, -0.975],
							"post": [2.575, 3.9, -0.975],
							"lerp_mode": "catmullrom"
						},
						"0.3333": [3.9, 4.3, -1],
						"0.4583": {
							"pre": [4.5, 2.3, -1],
							"post": [4.5, 2.3, -1],
							"lerp_mode": "catmullrom"
						},
						"0.5": [4.62, 3.53, -1],
						"0.75": [4.7, 3.5, -1],
						"1.0": [4.7, 3.3, -1],
						"1.125": [4.7, 3.3, -1],
						"1.375": {
							"pre": [4.7, 3.1, -1],
							"post": [4.7, 3.1, -1],
							"lerp_mode": "catmullrom"
						},
						"1.625": [3.9, 3.6, -1],
						"1.6667": [3.9, 3.4, -1],
						"2.2083": {
							"pre": [3.9, 3.4, -1],
							"post": [3.9, 3.4, -1],
							"lerp_mode": "catmullrom"
						},
						"2.2917": [4.7, 3.5, -1],
						"2.4167": {
							"pre": [4.7, 4, -1],
							"post": [4.7, 4, -1],
							"lerp_mode": "catmullrom"
						},
						"2.4583": [4.68, 6, -1.03],
						"2.5833": {
							"pre": [4.4, 4.2, -1],
							"post": [4.4, 4.2, -1],
							"lerp_mode": "catmullrom"
						},
						"2.7917": {
							"post": [2.48, 2.86, 0.45],
							"lerp_mode": "catmullrom"
						},
						"3.0": {
							"post": [0, -0.6, 0.8],
							"lerp_mode": "catmullrom"
						},
						"3.25": [0, 0, 0]
					}
				},
				"mag_and_rhand": {
					"rotation": {
						"0.0": [0, 0, 0],
						"0.0833": [0, 0, 0],
						"0.2917": [0, 27.5, 0],
						"0.375": [-13.50364, 10.52921, 4.54036],
						"0.5": [-13.27339, 0.79964, 6.86446],
						"0.5417": {
							"pre": [-14.24249, -21.07136, 6.76739],
							"post": [-14.24249, -21.07136, 6.76739],
							"lerp_mode": "catmullrom"
						},
						"0.625": [13.11474, -23.75581, 19.95946],
						"0.75": {
							"pre": [-4.92466, -22.48896, 68.14996],
							"post": [-4.92466, -22.48896, 68.14996],
							"lerp_mode": "catmullrom"
						},
						"0.9167": [0, 0, 0],
						"1.0": [0, 0, 0],
						"1.0833": [-3, 0, 0],
						"1.1667": [0, 0, 0],
						"1.2083": [0, 0, 0]
					},
					"position": {
						"0.0": [0, 0, 0],
						"0.0833": [0, 0, 0],
						"0.2917": {
							"pre": [-9, -10.4, 14],
							"post": [-9, -10.4, 14],
							"lerp_mode": "catmullrom"
						},
						"0.375": [-9, -14, 10.9],
						"0.5": [-7, -12, -2],
						"0.5417": [-3, -10, 2],
						"0.5833": {
							"pre": [-1.3, -6.3, 7.3],
							"post": [-1.3, -6.3, 7.3],
							"lerp_mode": "catmullrom"
						},
						"0.625": [-1.3, -5.6, 0.5],
						"0.75": {
							"pre": [3.8, -5.6, 4.8],
							"post": [3.8, -5.6, 4.8],
							"lerp_mode": "catmullrom"
						},
						"0.9167": [0, -5.6, 0],
						"1.0": [0, -1.8, 0],
						"1.0833": [0, -2, 0],
						"1.1667": [0, -1.8, 0],
						"1.2083": [0, 0, 0]
					}
				},
				"magzine": {
					"scale": {
						"0.0": [0, 0, 0],
						"0.2917": {"pre": [0, 0, 0], "post": [1, 1, 1]}
					}
				},
				"m95": {
					"rotation": {
						"1.625": [0, 0, 0],
						"1.75": {
							"pre": [0, -17.5, 0],
							"post": [0, -17.5, 0],
							"lerp_mode": "catmullrom"
						},
						"1.875": {
							"post": [-37.5, -17.5, 0],
							"lerp_mode": "catmullrom"
						},
						"2.0833": {
							"post": [-297.57383, 19.86453, -26.04351],
							"lerp_mode": "catmullrom"
						},
						"2.2917": {
							"post": [-360, 0, 0],
							"lerp_mode": "catmullrom"
						}
					},
					"position": {
						"1.625": [0, 0, 0],
						"1.75": [1.9, 0, -0.7],
						"1.875": [4.2, -0.5, 2.2],
						"2.0": [7.5, -1.8, 15.1],
						"2.0833": [4.2, -3, 1],
						"2.2917": [0, 0, 0]
					}
				},
				"m95_bolt": {
					"position": {
						"1.75": [0, 0, 0],
						"1.8333": [0, 0, 8.1],
						"2.4167": [0, 0, 8.1],
						"2.4583": [0, 0, 0]
					}
				},
				"rotate": {
					"rotation": {
						"1.6667": [0, 0, 0],
						"1.75": [0, 0, 50],
						"2.5833": [0, 0, 50],
						"2.6667": [0, 0, 0]
					}
				},
				"camera": {
					"rotation": {
						"0.0": {
							"post": [0, 0, 0],
							"lerp_mode": "catmullrom"
						},
						"0.25": {
							"post": [5.2, 3.9, 0],
							"lerp_mode": "catmullrom"
						},
						"0.5": {
							"post": [4.2, 6.5, 0],
							"lerp_mode": "catmullrom"
						},
						"0.625": {
							"post": [7.3, 5.95, -2.4],
							"lerp_mode": "catmullrom"
						},
						"0.7083": {
							"post": [9.8, 5.31, 1.25],
							"lerp_mode": "catmullrom"
						},
						"0.7917": {
							"post": [12, 5.3, -1.4],
							"lerp_mode": "catmullrom"
						},
						"1.0": {
							"post": [12.9, 9.8, 0],
							"lerp_mode": "catmullrom"
						},
						"1.1667": {
							"post": [13.5, 13, 0],
							"lerp_mode": "catmullrom"
						},
						"1.25": {
							"post": [12.7, 13, 0],
							"lerp_mode": "catmullrom"
						},
						"1.2917": {
							"post": [13.8, 14.4, 0],
							"lerp_mode": "catmullrom"
						},
						"1.3333": {
							"post": [13.8, 14.4, -1.4],
							"lerp_mode": "catmullrom"
						},
						"1.4167": {
							"post": [13.8, 14.4, 1.1],
							"lerp_mode": "catmullrom"
						},
						"1.5": {
							"post": [13.8, 14.4, 0.3],
							"lerp_mode": "catmullrom"
						},
						"1.8333": {
							"post": [15.8, 6.1, -1.3],
							"lerp_mode": "catmullrom"
						},
						"2.0833": {
							"post": [-2.1, 15.6, 3.2],
							"lerp_mode": "catmullrom"
						},
						"2.3333": {
							"post": [4.4, 16, 1.1],
							"lerp_mode": "catmullrom"
						},
						"2.4167": {
							"post": [4.4, 12.75, 3.51],
							"lerp_mode": "catmullrom"
						},
						"2.5": {
							"post": [9.3, 9.6, 5.5],
							"lerp_mode": "catmullrom"
						},
						"2.7083": {
							"post": [4.4, 10.8, 0],
							"lerp_mode": "catmullrom"
						},
						"2.8333": {
							"post": [-0.4, 0.51, 1.89],
							"lerp_mode": "catmullrom"
						},
						"2.9167": {
							"post": [-0.64, -0.4, -1.27],
							"lerp_mode": "catmullrom"
						},
						"2.9583": {
							"post": [0, 0, 0],
							"lerp_mode": "catmullrom"
						}
					}
				},
				"additional_magazine": {
					"rotation": {
						"0.5833": [0, 0, 0],
						"0.6667": [-11.50839, 29.4987, -5.72511],
						"0.75": [-17.0883, -53.77546, 13.92809]
					},
					"position": {
						"0.5833": [0, 0, 0],
						"0.6667": [7.5, -4.9, 2],
						"0.75": [27.5, 2.1, 11]
					},
					"scale": {
						"1.625": [1, 1, 1],
						"2.25": [0, 0, 0]
					}
				},
				"bullet_in_barrel": {
					"rotation": {
						"1.8333": [0, 0, 0],
						"1.875": {
							"pre": [0, 61, 0],
							"post": [0, 61, 0],
							"lerp_mode": "catmullrom"
						},
						"2.0833": {
							"post": [0, 347, 0],
							"lerp_mode": "catmullrom"
						},
						"2.25": [0, 0, 0]
					},
					"position": {
						"1.8333": [0, 0, 0],
						"1.875": [-4.2, -2.4, 0],
						"1.9167": [-4.2, -8.8, 0],
						"2.0833": [-18.1, -38.2, 25],
						"2.25": [0, 0, 0]
					},
					"scale": {
						"1.8333": [1, 1, 1],
						"1.875": [0, 0, 0],
						"2.25": [0, 0, 0],
						"2.2917": [1, 1, 1]
					}
				}
			},
			"sound_effects": {
				"0.0": {
					"effect": "ex:m95/m95_fast_reload_empty"
				}
			}
		},
		"inspect": {
			"animation_length": 7.2,
			"bones": {
				"root": {
					"rotation": {
						"0.0": {
							"post": [0, 0, 0],
							"lerp_mode": "catmullrom"
						},
						"0.1667": {
							"post": [-1.38509, -1.24434, 4.29497],
							"lerp_mode": "catmullrom"
						},
						"0.2667": {
							"post": [-1.39, -1.24, 4.29],
							"lerp_mode": "catmullrom"
						},
						"0.4": {
							"post": [-3.91, -4.41, -2.02],
							"lerp_mode": "catmullrom"
						},
						"0.6667": {
							"post": [-10.80252, -12.68944, -19.80615],
							"lerp_mode": "catmullrom"
						},
						"0.8667": {
							"post": [-11.67934, -12.73253, -20.88586],
							"lerp_mode": "catmullrom"
						},
						"1.0": {
							"post": [-10.42561, -13.0448, -21.82949],
							"lerp_mode": "catmullrom"
						},
						"1.2": {
							"post": [-10.56428, -12.85979, -20.82188],
							"lerp_mode": "catmullrom"
						},
						"1.8667": {
							"post": [-10.39, -12.99, -21.57],
							"lerp_mode": "catmullrom"
						},
						"2.0333": {
							"post": [-10.9146, -13.35759, -23.13092],
							"lerp_mode": "catmullrom"
						},
						"2.3": {
							"post": [-10.25634, -13.50926, -24.0715],
							"lerp_mode": "catmullrom"
						},
						"2.6667": {
							"post": [-10.31, -13.4275, -24.0075],
							"lerp_mode": "catmullrom"
						},
						"2.7667": {
							"post": [-10.01823, -12.01652, -22.39677],
							"lerp_mode": "catmullrom"
						},
						"3.0": {
							"post": [-6.0733, -2.55567, -8.68449],
							"lerp_mode": "catmullrom"
						},
						"3.1667": {
							"post": [-3.30816, -6.55161, -3.15758],
							"lerp_mode": "catmullrom"
						},
						"3.3": {
							"post": [-11.99539, -6.2465, 14.78107],
							"lerp_mode": "catmullrom"
						},
						"3.4": {
							"post": [-24.07317, -0.97391, 28.22222],
							"lerp_mode": "catmullrom"
						},
						"3.6": {
							"post": [-32.28365, 5.59754, 44.62545],
							"lerp_mode": "catmullrom"
						},
						"3.7": {
							"post": [-32.44664, 5.36815, 46.1821],
							"lerp_mode": "catmullrom"
						},
						"3.7667": {
							"post": [-31.38661, 6.16105, 47.33802],
							"lerp_mode": "catmullrom"
						},
						"3.9": {
							"post": [-31.60382, 7.93459, 52.29084],
							"lerp_mode": "catmullrom"
						},
						"4.1667": {
							"post": [-33.84674, 6.64885, 47.50441],
							"lerp_mode": "catmullrom"
						},
						"4.3333": {
							"post": [-31.80789, 9.10999, 51.06287],
							"lerp_mode": "catmullrom"
						},
						"4.5": {
							"post": [-33.34556, 7.01589, 47.88054],
							"lerp_mode": "catmullrom"
						},
						"4.7333": {
							"post": [-32.04707, 7.50249, 48.73097],
							"lerp_mode": "catmullrom"
						},
						"5.0667": {
							"post": [-32.4996, 5.69075, 45.69734],
							"lerp_mode": "catmullrom"
						},
						"5.1667": {
							"post": [-32.66, 7.68, 48.17],
							"lerp_mode": "catmullrom"
						},
						"5.2667": {
							"post": [-33.25196, 5.19352, 46.24503],
							"lerp_mode": "catmullrom"
						},
						"5.4333": {
							"post": [-33.10702, 8.53837, 48.81576],
							"lerp_mode": "catmullrom"
						},
						"5.5333": {
							"post": [-33.8104, 8.07258, 46.85565],
							"lerp_mode": "catmullrom"
						},
						"5.6667": {
							"post": [-33.19256, 12.07899, 53.27034],
							"lerp_mode": "catmullrom"
						},
						"5.8": {
							"post": [-32.7588, 8.96748, 49.78305],
							"lerp_mode": "catmullrom"
						},
						"6.0": {
							"post": [-21.80021, -1.92924, 39.7835],
							"lerp_mode": "catmullrom"
						},
						"6.1333": {
							"post": [-11.32385, -8.47574, 19.6574],
							"lerp_mode": "catmullrom"
						},
						"6.2333": {
							"post": [-3.97708, -7.46886, 2.34726],
							"lerp_mode": "catmullrom"
						},
						"6.3": {
							"post": [-2.77467, -6.47288, 5.91111],
							"lerp_mode": "catmullrom"
						},
						"6.3667": {
							"post": [-1.20016, -5.6579, 3.74312],
							"lerp_mode": "catmullrom"
						},
						"6.5": {
							"post": [1.76605, -3.2563, 4.9369],
							"lerp_mode": "catmullrom"
						},
						"6.5667": {
							"post": [1.78811, -2.65564, 4.66491],
							"lerp_mode": "catmullrom"
						},
						"6.6667": {
							"post": [0.8, -0.92, 3.05],
							"lerp_mode": "catmullrom"
						},
						"6.7333": {
							"post": [-0.30298, 0.34027, -1.56498],
							"lerp_mode": "catmullrom"
						},
						"6.8667": {
							"post": [0.2321, 0.0577, 2.25602],
							"lerp_mode": "catmullrom"
						},
						"7.0667": {
							"post": [0, 0, 0],
							"lerp_mode": "catmullrom"
						}
					},
					"position": {
						"0.0": {
							"post": [0, 0, 0],
							"lerp_mode": "catmullrom"
						},
						"0.1667": {
							"post": [-0.2, -0.31, 0],
							"lerp_mode": "catmullrom"
						},
						"0.3": {
							"post": [-0.2, -0.81, 0],
							"lerp_mode": "catmullrom"
						},
						"0.4": {
							"post": [-0.18, -0.4, 0],
							"lerp_mode": "catmullrom"
						},
						"0.5": {
							"post": [-0.14, 0.42, 0],
							"lerp_mode": "catmullrom"
						},
						"0.6667": {
							"post": [0, 2.8, 0],
							"lerp_mode": "catmullrom"
						},
						"0.7667": {
							"post": [0, 3.3, 0],
							"lerp_mode": "catmullrom"
						},
						"0.9667": {
							"post": [0, 3, 0],
							"lerp_mode": "catmullrom"
						},
						"1.2667": {
							"post": [0, 3.1, 0],
							"lerp_mode": "catmullrom"
						},
						"1.8667": {
							"post": [0, 3.17, 0],
							"lerp_mode": "catmullrom"
						},
						"2.0": {
							"post": [-0.1, 3.37, 0],
							"lerp_mode": "catmullrom"
						},
						"2.6": {
							"post": [-0.14, 3.53, -0.02],
							"lerp_mode": "catmullrom"
						},
						"2.7667": {
							"post": [-0.1, 3.345, 0],
							"lerp_mode": "catmullrom"
						},
						"2.8667": {
							"post": [0.4, 2.38, 0.23],
							"lerp_mode": "catmullrom"
						},
						"3.0": {
							"post": [1.875, -0.58, -0.855],
							"lerp_mode": "catmullrom"
						},
						"3.1667": {
							"post": [3.25, -1.13, -1.83],
							"lerp_mode": "catmullrom"
						},
						"3.4": {
							"post": [5.905, 3.385, -3.895],
							"lerp_mode": "catmullrom"
						},
						"3.5": {
							"post": [7.58, 4.975, -5.215],
							"lerp_mode": "catmullrom"
						},
						"3.6": {
							"post": [8.74, 4.71, -5.795],
							"lerp_mode": "catmullrom"
						},
						"3.7": {
							"post": [8.8, 3.5, -6.125],
							"lerp_mode": "catmullrom"
						},
						"3.8333": {
							"post": [8.8, 4.2, -6.4],
							"lerp_mode": "catmullrom"
						},
						"3.9667": {
							"post": [8.925, 3.975, -6.65],
							"lerp_mode": "catmullrom"
						},
						"4.1333": {
							"post": [8.775, 4.03, -6.145],
							"lerp_mode": "catmullrom"
						},
						"4.2667": {
							"post": [8.78, 4.07, -6.345],
							"lerp_mode": "catmullrom"
						},
						"4.4": {
							"post": [8.85625, 4.0125, -6.875],
							"lerp_mode": "catmullrom"
						},
						"4.5333": {
							"post": [8.7175, 3.995, -6.56375],
							"lerp_mode": "catmullrom"
						},
						"4.8333": {
							"post": [8.585, 3.88125, -6.685],
							"lerp_mode": "catmullrom"
						},
						"5.0667": {
							"post": [8.6, 3.875, -6.65],
							"lerp_mode": "catmullrom"
						},
						"5.3333": {
							"post": [8.8, 4.275, -6.65],
							"lerp_mode": "catmullrom"
						},
						"5.4": {
							"post": [8.35, 3.77, -6.645],
							"lerp_mode": "catmullrom"
						},
						"5.5333": {
							"post": [8.55, 3.52, -6.645],
							"lerp_mode": "catmullrom"
						},
						"5.7333": {
							"post": [8.55, 3.55, -6.65],
							"lerp_mode": "catmullrom"
						},
						"5.8667": {
							"post": [7.93, 2.62, -6.015],
							"lerp_mode": "catmullrom"
						},
						"6.0333": {
							"post": [5.525, -1.04, -4.065],
							"lerp_mode": "catmullrom"
						},
						"6.1667": {
							"post": [3.235, -5.1, -4.215],
							"lerp_mode": "catmullrom"
						},
						"6.3333": {
							"post": [2.36, -4.48, -4.4],
							"lerp_mode": "catmullrom"
						},
						"6.5": {
							"post": [1.305, -1.125, -4.24],
							"lerp_mode": "catmullrom"
						},
						"6.6333": {
							"post": [0.79, 0.215, -2.5],
							"lerp_mode": "catmullrom"
						},
						"6.8": {
							"post": [0.125, -0.575, 0.275],
							"lerp_mode": "catmullrom"
						},
						"6.9": {
							"post": [0, -0.32875, -0.44],
							"lerp_mode": "catmullrom"
						},
						"7.0333": {
							"post": [0, -0.02, 0.17],
							"lerp_mode": "catmullrom"
						},
						"7.2": {
							"post": [0, 0, 0],
							"lerp_mode": "catmullrom"
						}
					}
				},
				"lefthand": {
					"rotation": {
						"0.0": [89.52779, -393.457, -128.79941],
						"0.0667": [89.52779, -393.457, -128.79941],
						"0.1667": [106.58492, -389.48487, -160.83402],
						"2.7333": [106.58492, -389.48487, -160.83402],
						"2.9333": [99.00419, -397.258, -136.91417],
						"5.9667": [99.00419, -397.258, -136.91417],
						"6.2667": [89.52779, -393.457, -128.79941]
					},
					"position": {
						"0.0": [7.925, -11.05, -2.5],
						"0.0667": [7.925, -11.05, -2.5],
						"0.1667": [8.82, -11.05, -4.6],
						"2.7333": [8.82, -11.05, -4.6],
						"2.9333": [7.895, -12.2, -0.275],
						"5.9667": [7.895, -12.2, -0.275],
						"6.1333": [7.91, -12.535, -1.51],
						"6.2667": [7.925, -11.05, -2.5]
					},
					"scale": [1, 1.5, 1]
				},
				"m95_bolt": {
					"position": {
						"4.3": [0, 0, 0],
						"4.3667": [0, 0, 4.15],
						"4.4333": [0, 0, 4.5],
						"4.5667": [0, 0, 4.3],
						"4.7667": [0, 0, 4.15],
						"5.1": [0, 0, 4.175],
						"5.2": [0, 0, 0]
					}
				},
				"rotate": {
					"rotation": {
						"4.1667": [0, 0, 0],
						"4.2667": [0, 0, 50],
						"5.3": [0, 0, 50],
						"5.3667": [0, 0, 0]
					}
				},
				"righthand": {
					"rotation": {
						"0.0": [101.2139, -323.71163, -174.99863],
						"0.1333": [99.91869, -335.51035, -177.54513],
						"3.3": [99.91869, -335.51035, -177.54513],
						"3.5667": [102.19451, -350.15083, -164.62137],
						"3.9333": [102.19451, -350.15083, -164.62137],
						"4.1333": [101.91854, -354.99682, -256.92111],
						"4.1667": [101.91854, -354.99682, -256.92111],
						"4.2667": [101.73685, -357.9796, -208.9652],
						"4.3": [101.73685, -357.9796, -208.9652],
						"5.3": [101.73685, -357.9796, -208.9652],
						"5.3667": [101.91854, -354.99682, -256.92111],
						"5.4333": [101.91854, -354.99682, -256.92111],
						"5.5667": [89.80601, -354.88523, -246.88253],
						"5.7333": [100.13633, -355.13055, -165.07513],
						"6.0667": [100.13633, -355.13055, -165.07513],
						"6.3": [101.2139, -323.71163, -174.99863]
					},
					"position": {
						"0.0": [-6.4, -14.425, 2],
						"0.1333": [-6.4, -14.145, 2.55],
						"3.3": [-6.4, -14.145, 2.55],
						"3.9333": [-6.4, -14.145, 2.55],
						"4.0": [-7.95, -12.97, 5.71],
						"4.1": [-8.19, -13.08, 9.49],
						"4.1333": [-7, -11.79, 11.375],
						"4.1667": [-7, -11.79, 11.375],
						"4.2667": [-8.245, -9.915, 10.895],
						"4.3": [-8.35, -9.75, 11.025],
						"4.3667": [-8.35, -9.75, 15.175],
						"4.4333": [-8.35, -9.75, 15.525],
						"4.5667": [-8.35, -9.75, 15.325],
						"4.7667": [-8.35, -9.75, 15.175],
						"5.1": [-8.35, -9.75, 15.2],
						"5.2": [-8.35, -9.75, 11.025],
						"5.3": [-8.35, -9.75, 11.025],
						"5.3667": [-7, -11.79, 11.375],
						"5.4333": [-7, -11.79, 11.375],
						"5.5333": [-7.835, -13.21, 9.445],
						"5.6667": [-8.02, -15.14, 3.565],
						"5.7333": [-6.4, -14.145, 2.55],
						"6.0667": [-6.4, -14.145, 2.55],
						"6.3": [-6.4, -14.425, 2]
					},
					"scale": [1, 1.5, 1]
				},
				"l3": {
					"rotation": {
						"0.6": [0, 0, 0],
						"0.7333": [-3, 0, 0],
						"0.8667": [0, 0, 0],
						"1.0": [-2, 0, 0],
						"3.4333": [-2, 0, 0],
						"3.5667": [0, 0, 0],
						"3.7": [-2, 0, 0],
						"3.8333": [-0.75, 0, 0],
						"3.9333": [4.375, 0, 0],
						"4.1": [-1.025, 0, 0],
						"4.2333": [2.25, 0, 0],
						"4.3667": [1.25, 0, 0],
						"4.5667": [2.25, 0, 0],
						"4.7667": [0.25, 0, 0],
						"4.9333": [1.25, 0, 0],
						"5.1": [2.25, 0, 0],
						"5.2": [2.25, 0, 0],
						"5.3667": [-0.425, 0, 0],
						"5.5": [3.95, 0, 0],
						"5.6333": [0.6, 0, 0],
						"5.8": [1.75, 0, 0],
						"5.9333": [0, 0, 0],
						"6.1667": [0, 0, 0],
						"6.3": [-3, 0, 0],
						"6.4333": [-2, 0, 0],
						"6.5667": [0, 0, 0],
						"6.7333": [-1, 0, 0],
						"6.8667": [0, 0, 0]
					}
				},
				"bullet": {
					"scale": 0
				},
				"camera": {
					"rotation": {
						"0.0": {
							"post": [0, 0, 0],
							"lerp_mode": "catmullrom"
						},
						"0.2667": {
							"post": [0.55, 0, 0],
							"lerp_mode": "catmullrom"
						},
						"0.6667": {
							"post": [-2.425, -0.25, -0.85],
							"lerp_mode": "catmullrom"
						},
						"0.8": {
							"post": [-2.21, -0.31, -0.65],
							"lerp_mode": "catmullrom"
						},
						"1.0": {
							"post": [-2.895, -0.38, -0.86],
							"lerp_mode": "catmullrom"
						},
						"1.3667": {
							"post": [-2.455, -0.25, -0.85],
							"lerp_mode": "catmullrom"
						},
						"1.7333": {
							"post": [4.925, 3.15, -1.425],
							"lerp_mode": "catmullrom"
						},
						"2.1": {
							"post": [6.075, 3.65, -1.425],
							"lerp_mode": "catmullrom"
						},
						"2.7333": {
							"post": [6.075, 3.85, -1.35],
							"lerp_mode": "catmullrom"
						},
						"3.1333": {
							"post": [1.525, 0, 0],
							"lerp_mode": "catmullrom"
						},
						"3.4": {
							"post": [0.955, -1.9, 1.35],
							"lerp_mode": "catmullrom"
						},
						"3.6333": {
							"post": [1.64, -1.97, 1.74],
							"lerp_mode": "catmullrom"
						},
						"3.7333": {
							"post": [2.11, -1.9, 2.025],
							"lerp_mode": "catmullrom"
						},
						"3.8667": {
							"post": [1.665, -1.83, 1.515],
							"lerp_mode": "catmullrom"
						},
						"4.0667": {
							"post": [2.14, -1.975, 1.85],
							"lerp_mode": "catmullrom"
						},
						"4.2333": {
							"post": [3.62, -2.97, 2.02],
							"lerp_mode": "catmullrom"
						},
						"4.3333": {
							"post": [4.83, -3.62, 2.94],
							"lerp_mode": "catmullrom"
						},
						"4.4333": {
							"post": [4.55, -3.96, 1.625],
							"lerp_mode": "catmullrom"
						},
						"4.5667": {
							"post": [5.36, -3.99, 2.385],
							"lerp_mode": "catmullrom"
						},
						"4.7333": {
							"post": [5.21, -4.01, 2.22],
							"lerp_mode": "catmullrom"
						},
						"4.9333": {
							"post": [5.24, -4.05, 1.775],
							"lerp_mode": "catmullrom"
						},
						"5.1667": {
							"post": [5.35, -4.09, 2.26],
							"lerp_mode": "catmullrom"
						},
						"5.2667": {
							"post": [5.81, -4.11, 3.08],
							"lerp_mode": "catmullrom"
						},
						"5.3667": {
							"post": [4.475, -4.13, 1.715],
							"lerp_mode": "catmullrom"
						},
						"5.4667": {
							"post": [4.405, -4.01, 2.065],
							"lerp_mode": "catmullrom"
						},
						"5.6": {
							"post": [2.415, -3.88, 1.75],
							"lerp_mode": "catmullrom"
						},
						"5.7667": {
							"post": [1.46, -3.3, 1.675],
							"lerp_mode": "catmullrom"
						},
						"6.1": {
							"post": [1.11, 0, 0],
							"lerp_mode": "catmullrom"
						},
						"6.4": {
							"post": [-1.3, 0, -0.775],
							"lerp_mode": "catmullrom"
						},
						"6.6333": {
							"post": [-1.3, 0, 0],
							"lerp_mode": "catmullrom"
						},
						"6.7667": {
							"post": [-0.15, 0, 0.15],
							"lerp_mode": "catmullrom"
						},
						"6.8667": {
							"post": [0.48, 0, 0.6],
							"lerp_mode": "catmullrom"
						},
						"7.0": {
							"post": [-0.22, 0, -0.525],
							"lerp_mode": "catmullrom"
						},
						"7.1667": {
							"post": [0, 0, 0],
							"lerp_mode": "catmullrom"
						}
					}
				}
			},
			"sound_effects": {
				"0.0": {
					"effect": "ex:m95/m95_inspect"
				}
			}
		},
		"inspect_empty": {
			"animation_length": 7.2,
			"bones": {
				"root": {
					"rotation": {
						"0.0": {
							"post": [0, 0, 0],
							"lerp_mode": "catmullrom"
						},
						"0.1667": {
							"post": [-1.38509, -1.24434, 4.29497],
							"lerp_mode": "catmullrom"
						},
						"0.2667": {
							"post": [-1.39, -1.24, 4.29],
							"lerp_mode": "catmullrom"
						},
						"0.4": {
							"post": [-3.91, -4.41, -2.02],
							"lerp_mode": "catmullrom"
						},
						"0.6667": {
							"post": [-10.80252, -12.68944, -19.80615],
							"lerp_mode": "catmullrom"
						},
						"0.8667": {
							"post": [-11.67934, -12.73253, -20.88586],
							"lerp_mode": "catmullrom"
						},
						"1.0": {
							"post": [-10.42561, -13.0448, -21.82949],
							"lerp_mode": "catmullrom"
						},
						"1.2": {
							"post": [-10.56428, -12.85979, -20.82188],
							"lerp_mode": "catmullrom"
						},
						"1.8667": {
							"post": [-10.39, -12.99, -21.57],
							"lerp_mode": "catmullrom"
						},
						"2.0333": {
							"post": [-10.9146, -13.35759, -23.13092],
							"lerp_mode": "catmullrom"
						},
						"2.3": {
							"post": [-10.25634, -13.50926, -24.0715],
							"lerp_mode": "catmullrom"
						},
						"2.6667": {
							"post": [-10.31, -13.4275, -24.0075],
							"lerp_mode": "catmullrom"
						},
						"2.7667": {
							"post": [-10.01823, -12.01652, -22.39677],
							"lerp_mode": "catmullrom"
						},
						"3.0": {
							"post": [-6.0733, -2.55567, -8.68449],
							"lerp_mode": "catmullrom"
						},
						"3.1667": {
							"post": [-3.30816, -6.55161, -3.15758],
							"lerp_mode": "catmullrom"
						},
						"3.3": {
							"post": [-11.99539, -6.2465, 14.78107],
							"lerp_mode": "catmullrom"
						},
						"3.4": {
							"post": [-24.07317, -0.97391, 28.22222],
							"lerp_mode": "catmullrom"
						},
						"3.6": {
							"post": [-32.28365, 5.59754, 44.62545],
							"lerp_mode": "catmullrom"
						},
						"3.7": {
							"post": [-32.44664, 5.36815, 46.1821],
							"lerp_mode": "catmullrom"
						},
						"3.7667": {
							"post": [-31.38661, 6.16105, 47.33802],
							"lerp_mode": "catmullrom"
						},
						"3.9": {
							"post": [-31.60382, 7.93459, 52.29084],
							"lerp_mode": "catmullrom"
						},
						"4.1667": {
							"post": [-33.84674, 6.64885, 47.50441],
							"lerp_mode": "catmullrom"
						},
						"4.3333": {
							"post": [-31.80789, 9.10999, 51.06287],
							"lerp_mode": "catmullrom"
						},
						"4.5": {
							"post": [-33.34556, 7.01589, 47.88054],
							"lerp_mode": "catmullrom"
						},
						"4.7333": {
							"post": [-32.04707, 7.50249, 48.73097],
							"lerp_mode": "catmullrom"
						},
						"5.0667": {
							"post": [-32.4996, 5.69075, 45.69734],
							"lerp_mode": "catmullrom"
						},
						"5.1667": {
							"post": [-32.66, 7.68, 48.17],
							"lerp_mode": "catmullrom"
						},
						"5.2667": {
							"post": [-33.25196, 5.19352, 46.24503],
							"lerp_mode": "catmullrom"
						},
						"5.4333": {
							"post": [-33.10702, 8.53837, 48.81576],
							"lerp_mode": "catmullrom"
						},
						"5.5333": {
							"post": [-33.8104, 8.07258, 46.85565],
							"lerp_mode": "catmullrom"
						},
						"5.6667": {
							"post": [-33.19256, 12.07899, 53.27034],
							"lerp_mode": "catmullrom"
						},
						"5.8": {
							"post": [-32.7588, 8.96748, 49.78305],
							"lerp_mode": "catmullrom"
						},
						"6.0": {
							"post": [-21.80021, -1.92924, 39.7835],
							"lerp_mode": "catmullrom"
						},
						"6.1333": {
							"post": [-11.32385, -8.47574, 19.6574],
							"lerp_mode": "catmullrom"
						},
						"6.2333": {
							"post": [-3.97708, -7.46886, 2.34726],
							"lerp_mode": "catmullrom"
						},
						"6.3": {
							"post": [-2.77467, -6.47288, 5.91111],
							"lerp_mode": "catmullrom"
						},
						"6.3667": {
							"post": [-1.20016, -5.6579, 3.74312],
							"lerp_mode": "catmullrom"
						},
						"6.5": {
							"post": [1.76605, -3.2563, 4.9369],
							"lerp_mode": "catmullrom"
						},
						"6.5667": {
							"post": [1.78811, -2.65564, 4.66491],
							"lerp_mode": "catmullrom"
						},
						"6.6667": {
							"post": [0.8, -0.92, 3.05],
							"lerp_mode": "catmullrom"
						},
						"6.7333": {
							"post": [-0.30298, 0.34027, -1.56498],
							"lerp_mode": "catmullrom"
						},
						"6.8667": {
							"post": [0.2321, 0.0577, 2.25602],
							"lerp_mode": "catmullrom"
						},
						"7.0667": {
							"post": [0, 0, 0],
							"lerp_mode": "catmullrom"
						}
					},
					"position": {
						"0.0": {
							"post": [0, 0, 0],
							"lerp_mode": "catmullrom"
						},
						"0.1667": {
							"post": [-0.2, -0.31, 0],
							"lerp_mode": "catmullrom"
						},
						"0.3": {
							"post": [-0.2, -0.81, 0],
							"lerp_mode": "catmullrom"
						},
						"0.4": {
							"post": [-0.18, -0.4, 0],
							"lerp_mode": "catmullrom"
						},
						"0.5": {
							"post": [-0.14, 0.42, 0],
							"lerp_mode": "catmullrom"
						},
						"0.6667": {
							"post": [0, 2.8, 0],
							"lerp_mode": "catmullrom"
						},
						"0.7667": {
							"post": [0, 3.3, 0],
							"lerp_mode": "catmullrom"
						},
						"0.9667": {
							"post": [0, 3, 0],
							"lerp_mode": "catmullrom"
						},
						"1.2667": {
							"post": [0, 3.1, 0],
							"lerp_mode": "catmullrom"
						},
						"1.8667": {
							"post": [0, 3.17, 0],
							"lerp_mode": "catmullrom"
						},
						"2.0": {
							"post": [-0.1, 3.37, 0],
							"lerp_mode": "catmullrom"
						},
						"2.6": {
							"post": [-0.14, 3.53, -0.02],
							"lerp_mode": "catmullrom"
						},
						"2.7667": {
							"post": [-0.1, 3.345, 0],
							"lerp_mode": "catmullrom"
						},
						"2.8667": {
							"post": [0.4, 2.38, 0.23],
							"lerp_mode": "catmullrom"
						},
						"3.0": {
							"post": [1.875, -0.58, -0.855],
							"lerp_mode": "catmullrom"
						},
						"3.1667": {
							"post": [3.25, -1.13, -1.83],
							"lerp_mode": "catmullrom"
						},
						"3.4": {
							"post": [5.905, 3.385, -3.895],
							"lerp_mode": "catmullrom"
						},
						"3.5": {
							"post": [7.58, 4.975, -5.215],
							"lerp_mode": "catmullrom"
						},
						"3.6": {
							"post": [8.74, 4.71, -5.795],
							"lerp_mode": "catmullrom"
						},
						"3.7": {
							"post": [8.8, 3.5, -6.125],
							"lerp_mode": "catmullrom"
						},
						"3.8333": {
							"post": [8.8, 4.2, -6.4],
							"lerp_mode": "catmullrom"
						},
						"3.9667": {
							"post": [8.925, 3.975, -6.65],
							"lerp_mode": "catmullrom"
						},
						"4.1333": {
							"post": [8.775, 4.03, -6.145],
							"lerp_mode": "catmullrom"
						},
						"4.2667": {
							"post": [8.78, 4.07, -6.345],
							"lerp_mode": "catmullrom"
						},
						"4.4": {
							"post": [8.85625, 4.0125, -6.875],
							"lerp_mode": "catmullrom"
						},
						"4.5333": {
							"post": [8.7175, 3.995, -6.56375],
							"lerp_mode": "catmullrom"
						},
						"4.8333": {
							"post": [8.585, 3.88125, -6.685],
							"lerp_mode": "catmullrom"
						},
						"5.0667": {
							"post": [8.6, 3.875, -6.65],
							"lerp_mode": "catmullrom"
						},
						"5.3333": {
							"post": [8.8, 4.275, -6.65],
							"lerp_mode": "catmullrom"
						},
						"5.4": {
							"post": [8.35, 3.77, -6.645],
							"lerp_mode": "catmullrom"
						},
						"5.5333": {
							"post": [8.55, 3.52, -6.645],
							"lerp_mode": "catmullrom"
						},
						"5.7333": {
							"post": [8.55, 3.55, -6.65],
							"lerp_mode": "catmullrom"
						},
						"5.8667": {
							"post": [7.93, 2.62, -6.015],
							"lerp_mode": "catmullrom"
						},
						"6.0333": {
							"post": [5.525, -1.04, -4.065],
							"lerp_mode": "catmullrom"
						},
						"6.1667": {
							"post": [3.235, -5.1, -4.215],
							"lerp_mode": "catmullrom"
						},
						"6.3333": {
							"post": [2.36, -4.48, -4.4],
							"lerp_mode": "catmullrom"
						},
						"6.5": {
							"post": [1.305, -1.125, -4.24],
							"lerp_mode": "catmullrom"
						},
						"6.6333": {
							"post": [0.79, 0.215, -2.5],
							"lerp_mode": "catmullrom"
						},
						"6.8": {
							"post": [0.125, -0.575, 0.275],
							"lerp_mode": "catmullrom"
						},
						"6.9": {
							"post": [0, -0.32875, -0.44],
							"lerp_mode": "catmullrom"
						},
						"7.0333": {
							"post": [0, -0.02, 0.17],
							"lerp_mode": "catmullrom"
						},
						"7.2": {
							"post": [0, 0, 0],
							"lerp_mode": "catmullrom"
						}
					}
				},
				"lefthand": {
					"rotation": {
						"0.0": [89.52779, -393.457, -128.79941],
						"0.0667": [89.52779, -393.457, -128.79941],
						"0.1667": [106.58492, -389.48487, -160.83402],
						"2.7333": [106.58492, -389.48487, -160.83402],
						"2.9333": [99.00419, -397.258, -136.91417],
						"5.9667": [99.00419, -397.258, -136.91417],
						"6.2667": [89.52779, -393.457, -128.79941]
					},
					"position": {
						"0.0": [7.925, -11.05, -2.5],
						"0.0667": [7.925, -11.05, -2.5],
						"0.1667": [8.82, -11.05, -4.6],
						"2.7333": [8.82, -11.05, -4.6],
						"2.9333": [7.895, -12.2, -0.275],
						"5.9667": [7.895, -12.2, -0.275],
						"6.1333": [7.91, -12.535, -1.51],
						"6.2667": [7.925, -11.05, -2.5]
					},
					"scale": [1, 1.5, 1]
				},
				"m95_bolt": {
					"position": {
						"4.3": [0, 0, 0],
						"4.3667": [0, 0, 4.15],
						"4.4333": [0, 0, 4.5],
						"4.5667": [0, 0, 4.3],
						"4.7667": [0, 0, 4.15],
						"5.1": [0, 0, 4.175],
						"5.2": [0, 0, 0]
					}
				},
				"rotate": {
					"rotation": {
						"4.1667": [0, 0, 0],
						"4.2667": [0, 0, 50],
						"5.3": [0, 0, 50],
						"5.3667": [0, 0, 0]
					}
				},
				"righthand": {
					"rotation": {
						"0.0": [101.2139, -323.71163, -174.99863],
						"0.1333": [99.91869, -335.51035, -177.54513],
						"3.3": [99.91869, -335.51035, -177.54513],
						"3.5667": [102.19451, -350.15083, -164.62137],
						"3.9333": [102.19451, -350.15083, -164.62137],
						"4.1333": [101.91854, -354.99682, -256.92111],
						"4.1667": [101.91854, -354.99682, -256.92111],
						"4.2667": [101.73685, -357.9796, -208.9652],
						"4.3": [101.73685, -357.9796, -208.9652],
						"5.3": [101.73685, -357.9796, -208.9652],
						"5.3667": [101.91854, -354.99682, -256.92111],
						"5.4333": [101.91854, -354.99682, -256.92111],
						"5.5667": [89.80601, -354.88523, -246.88253],
						"5.7333": [100.13633, -355.13055, -165.07513],
						"6.0667": [100.13633, -355.13055, -165.07513],
						"6.3": [101.2139, -323.71163, -174.99863]
					},
					"position": {
						"0.0": [-6.4, -14.425, 2],
						"0.1333": [-6.4, -14.145, 2.55],
						"3.3": [-6.4, -14.145, 2.55],
						"3.9333": [-6.4, -14.145, 2.55],
						"4.0": [-7.95, -12.97, 5.71],
						"4.1": [-8.19, -13.08, 9.49],
						"4.1333": [-7, -11.79, 11.375],
						"4.1667": [-7, -11.79, 11.375],
						"4.2667": [-8.245, -9.915, 10.895],
						"4.3": [-8.35, -9.75, 11.025],
						"4.3667": [-8.35, -9.75, 15.175],
						"4.4333": [-8.35, -9.75, 15.525],
						"4.5667": [-8.35, -9.75, 15.325],
						"4.7667": [-8.35, -9.75, 15.175],
						"5.1": [-8.35, -9.75, 15.2],
						"5.2": [-8.35, -9.75, 11.025],
						"5.3": [-8.35, -9.75, 11.025],
						"5.3667": [-7, -11.79, 11.375],
						"5.4333": [-7, -11.79, 11.375],
						"5.5333": [-7.835, -13.21, 9.445],
						"5.6667": [-8.02, -15.14, 3.565],
						"5.7333": [-6.4, -14.145, 2.55],
						"6.0667": [-6.4, -14.145, 2.55],
						"6.3": [-6.4, -14.425, 2]
					},
					"scale": [1, 1.5, 1]
				},
				"l3": {
					"rotation": {
						"0.6": [0, 0, 0],
						"0.7333": [-3, 0, 0],
						"0.8667": [0, 0, 0],
						"1.0": [-2, 0, 0],
						"3.4333": [-2, 0, 0],
						"3.5667": [0, 0, 0],
						"3.7": [-2, 0, 0],
						"3.8333": [-0.75, 0, 0],
						"3.9333": [4.375, 0, 0],
						"4.1": [-1.025, 0, 0],
						"4.2333": [2.25, 0, 0],
						"4.3667": [1.25, 0, 0],
						"4.5667": [2.25, 0, 0],
						"4.7667": [0.25, 0, 0],
						"4.9333": [1.25, 0, 0],
						"5.1": [2.25, 0, 0],
						"5.2": [2.25, 0, 0],
						"5.3667": [-0.425, 0, 0],
						"5.5": [3.95, 0, 0],
						"5.6333": [0.6, 0, 0],
						"5.8": [1.75, 0, 0],
						"5.9333": [0, 0, 0],
						"6.1667": [0, 0, 0],
						"6.3": [-3, 0, 0],
						"6.4333": [-2, 0, 0],
						"6.5667": [0, 0, 0],
						"6.7333": [-1, 0, 0],
						"6.8667": [0, 0, 0]
					}
				},
				"bullet": {
					"scale": 0
				},
				"shell_ejection": {
					"position": {
						"4.3": [0, 0, 0],
						"4.3667": [0, 0, 4.15],
						"4.4333": [0, 0, 4.5],
						"4.5667": [0, 0, 4.3],
						"4.7667": [0, 0, 4.15],
						"5.1": [0, 0, 4.175],
						"5.2": [0, 0, 0]
					}
				},
				"camera": {
					"rotation": {
						"0.0": {
							"post": [0, 0, 0],
							"lerp_mode": "catmullrom"
						},
						"0.2667": {
							"post": [0.55, 0, 0],
							"lerp_mode": "catmullrom"
						},
						"0.6667": {
							"post": [-2.425, -0.25, -0.85],
							"lerp_mode": "catmullrom"
						},
						"0.8": {
							"post": [-2.21, -0.31, -0.65],
							"lerp_mode": "catmullrom"
						},
						"1.0": {
							"post": [-2.895, -0.38, -0.86],
							"lerp_mode": "catmullrom"
						},
						"1.3667": {
							"post": [-2.455, -0.25, -0.85],
							"lerp_mode": "catmullrom"
						},
						"1.7333": {
							"post": [4.925, 3.15, -1.425],
							"lerp_mode": "catmullrom"
						},
						"2.1": {
							"post": [6.075, 3.65, -1.425],
							"lerp_mode": "catmullrom"
						},
						"2.7333": {
							"post": [6.075, 3.85, -1.35],
							"lerp_mode": "catmullrom"
						},
						"3.1333": {
							"post": [1.525, 0, 0],
							"lerp_mode": "catmullrom"
						},
						"3.4": {
							"post": [0.955, -1.9, 1.35],
							"lerp_mode": "catmullrom"
						},
						"3.6333": {
							"post": [1.64, -1.97, 1.74],
							"lerp_mode": "catmullrom"
						},
						"3.7333": {
							"post": [2.11, -1.9, 2.025],
							"lerp_mode": "catmullrom"
						},
						"3.8667": {
							"post": [1.665, -1.83, 1.515],
							"lerp_mode": "catmullrom"
						},
						"4.0667": {
							"post": [2.14, -1.975, 1.85],
							"lerp_mode": "catmullrom"
						},
						"4.2333": {
							"post": [3.62, -2.97, 2.02],
							"lerp_mode": "catmullrom"
						},
						"4.3333": {
							"post": [4.83, -3.62, 2.94],
							"lerp_mode": "catmullrom"
						},
						"4.4333": {
							"post": [4.55, -3.96, 1.625],
							"lerp_mode": "catmullrom"
						},
						"4.5667": {
							"post": [5.36, -3.99, 2.385],
							"lerp_mode": "catmullrom"
						},
						"4.7333": {
							"post": [5.21, -4.01, 2.22],
							"lerp_mode": "catmullrom"
						},
						"4.9333": {
							"post": [5.24, -4.05, 1.775],
							"lerp_mode": "catmullrom"
						},
						"5.1667": {
							"post": [5.35, -4.09, 2.26],
							"lerp_mode": "catmullrom"
						},
						"5.2667": {
							"post": [5.81, -4.11, 3.08],
							"lerp_mode": "catmullrom"
						},
						"5.3667": {
							"post": [4.475, -4.13, 1.715],
							"lerp_mode": "catmullrom"
						},
						"5.4667": {
							"post": [4.405, -4.01, 2.065],
							"lerp_mode": "catmullrom"
						},
						"5.6": {
							"post": [2.415, -3.88, 1.75],
							"lerp_mode": "catmullrom"
						},
						"5.7667": {
							"post": [1.46, -3.3, 1.675],
							"lerp_mode": "catmullrom"
						},
						"6.1": {
							"post": [1.11, 0, 0],
							"lerp_mode": "catmullrom"
						},
						"6.4": {
							"post": [-1.3, 0, -0.775],
							"lerp_mode": "catmullrom"
						},
						"6.6333": {
							"post": [-1.3, 0, 0],
							"lerp_mode": "catmullrom"
						},
						"6.7667": {
							"post": [-0.15, 0, 0.15],
							"lerp_mode": "catmullrom"
						},
						"6.8667": {
							"post": [0.48, 0, 0.6],
							"lerp_mode": "catmullrom"
						},
						"7.0": {
							"post": [-0.22, 0, -0.525],
							"lerp_mode": "catmullrom"
						},
						"7.1667": {
							"post": [0, 0, 0],
							"lerp_mode": "catmullrom"
						}
					}
				}
			},
			"sound_effects": {
				"0.0": {
					"effect": "ex:m95/m95_inspect"
				}
			}
		},
		"run": {
			"animation_length": 0.8,
			"bones": {
				"root": {
					"rotation": {
						"0.0": [-68.73, -5.5, -3.14],
						"0.05": [-68.99, -7.39, -3.57],
						"0.1": [-69.36, -9.11, -3.81],
						"0.15": [-69.45, -10.1, -3.75],
						"0.2": [-68.82, -9.82, -3.09],
						"0.25": [-67.92, -8.81, -2.13],
						"0.3": [-67.68, -8.15, -1.7],
						"0.35": [-68.9, -8.72, -2.46],
						"0.4": [-70.77, -9.63, -3.74],
						"0.45": [-71.87, -9.32, -4.34],
						"0.5": [-71.58, -7.25, -3.75],
						"0.55": [-70.7, -4.07, -2.59],
						"0.6": [-69.68, -1.04, -1.42],
						"0.65": [-68.98, 0.57, -0.8],
						"0.7": [-68.67, -0.33, -1.21],
						"0.75": [-68.65, -3, -2.27],
						"0.8": [-68.73, -5.5, -3.14]
					},
					"position": {
						"0.0": [-3.64, -0.38, -0.64],
						"0.05": [-3.63, -0.52, -0.64],
						"0.1": [-3.66, -0.87, -0.64],
						"0.15": [-3.67, -1.23, -0.64],
						"0.2": [-3.64, -1.38, -0.64],
						"0.25": [-3.52, -1.18, -0.64],
						"0.3": [-3.34, -0.78, -0.64],
						"0.35": [-3.19, -0.39, -0.64],
						"0.4": [-3.14, -0.23, -0.64],
						"0.45": [-3.26, -0.47, -0.64],
						"0.5": [-3.5, -0.94, -0.64],
						"0.55": [-3.74, -1.42, -0.64],
						"0.6": [-3.89, -1.64, -0.64],
						"0.65": [-3.89, -1.46, -0.64],
						"0.7": [-3.81, -1.04, -0.64],
						"0.75": [-3.71, -0.6, -0.64],
						"0.8": [-3.64, -0.38, -0.64]
					}
				},
				"camera": {
					"rotation": {
						"0.0": [0, 0, 0],
						"0.05": [0.09, 0, 0.15],
						"0.1": [0.13, 0, 0.25],
						"0.15": [-0.07, 0, 0.07],
						"0.2": [-0.25, 0, -0.12],
						"0.25": [-0.15, 0, -0.09],
						"0.3": [0, 0, 0],
						"0.35": [0.02, 0, 0.02],
						"0.4": [0, 0, 0],
						"0.45": [-0.01, 0, -0.08],
						"0.5": [0, 0, -0.12],
						"0.55": [0.08, 0, 0],
						"0.6": [0.13, 0, 0.13],
						"0.65": [0, 0, 0.08],
						"0.7": [-0.12, 0, 0],
						"0.75": [-0.09, 0, -0.02],
						"0.8": [0, 0, 0]
					}
				}
			}
		},
		"run_start": {
			"animation_length": 0.55,
			"bones": {
				"root": {
					"rotation": {
						"0.0": [0, 0, 0],
						"0.05": [2.8, -0.48, 3.97],
						"0.1": [5.79, -1.19, 9.23],
						"0.15": [1.73, -2.05, 11.57],
						"0.2": [-10.48, -2.9, 9.39],
						"0.25": [-28.47, -3.91, 4.94],
						"0.3": [-46.79, -4.85, 0.12],
						"0.35": [-59.98, -5.5, -3.14],
						"0.4": [-66.1, -5.75, -4.18],
						"0.45": [-68.22, -5.72, -4.06],
						"0.5": [-68.4, -5.59, -3.49],
						"0.55": [-68.73, -5.5, -3.14]
					},
					"position": {
						"0.0": [0, 0, 0],
						"0.05": [0.06, -0.64, -0.32],
						"0.1": [0.17, -1.58, -0.79],
						"0.15": [0.17, -2.44, -1.22],
						"0.2": [-0.09, -2.83, -1.45],
						"0.25": [-1.13, -2.25, -1.28],
						"0.3": [-2.54, -1.06, -0.83],
						"0.35": [-3.57, -0.19, -0.51],
						"0.4": [-3.83, -0.04, -0.47],
						"0.45": [-3.82, -0.12, -0.51],
						"0.5": [-3.71, -0.28, -0.59],
						"0.55": [-3.64, -0.38, -0.64]
					}
				},
				"camera": {
					"rotation": {
						"0.0": {
							"post": [0, 0, 0],
							"lerp_mode": "catmullrom"
						},
						"0.1": {
							"post": [0.75, 0, -0.5],
							"lerp_mode": "catmullrom"
						},
						"0.2": {
							"post": [-0.25, 0, 0.1875],
							"lerp_mode": "catmullrom"
						},
						"0.3": {
							"post": [0, 0, 0],
							"lerp_mode": "catmullrom"
						},
						"0.4": {
							"post": [0, 0, 0],
							"lerp_mode": "catmullrom"
						}
					}
				}
			}
		},
		"run_hold": {
			"animation_length": 0.2917,
			"bones": {
				"root": {
					"rotation": [-68.73314, -5.50468, -3.14473],
					"position": [-3.64, -0.38, -0.64]
				}
			}
		},
		"run_end": {
			"animation_length": 0.65,
			"bones": {
				"root": {
					"rotation": {
						"0.0": [-68.73, -5.5, -3.14],
						"0.05": [-55.61, -4.21, 0.37],
						"0.1": [-36.44, -2.32, 5.59],
						"0.15": [-17.16, -0.44, 10.34],
						"0.2": [-3.66, 0.81, 12.47],
						"0.25": [1.72, 1.17, 10.52],
						"0.3": [2.4, 1, 5.92],
						"0.35": [1.03, 0.62, 0.91],
						"0.4": [0.28, 0.35, -2.3],
						"0.45": [0.49, 0.21, -2.71],
						"0.5": [0.23, 0.09, -1.23],
						"0.55": [0, 0, 0],
						"0.6": [-0.02, -0.02, 0.14],
						"0.65": [0, 0, 0]
					},
					"position": {
						"0.0": [-3.64, -0.38, -0.64],
						"0.05": [-2.73, -1.11, -1.21],
						"0.1": [-1.47, -2.08, -1.96],
						"0.15": [-0.5, -2.5, -2.25],
						"0.2": [-0.17, -2.06, -1.84],
						"0.25": [-0.04, -1.17, -1.06],
						"0.3": [-0.01, -0.24, -0.23],
						"0.35": [0.02, 0.37, 0.3],
						"0.4": [0.06, 0.47, 0.4],
						"0.45": [0.05, 0.22, 0.18],
						"0.5": [0.03, 0.01, -0.01],
						"0.55": [0.02, -0.02, -0.03],
						"0.6": [0.01, -0.01, -0.01],
						"0.65": [0, 0, 0]
					}
				},
				"camera": {
					"rotation": {
						"0.25": {
							"pre": [0, 0, 0],
							"post": [0, 0, 0],
							"lerp_mode": "catmullrom"
						},
						"0.3": {
							"post": [0, 0, 0.3],
							"lerp_mode": "catmullrom"
						},
						"0.35": {
							"post": [0, 0, -0.125],
							"lerp_mode": "catmullrom"
						},
						"0.45": {
							"post": [0, 0, 0],
							"lerp_mode": "catmullrom"
						}
					}
				}
			}
		}
	}
}