{
	"format_version": "1.8.0",
	"animations": {
		"static_idle": {
			"loop": true,
			"bones": {
				"lefthand": {
					"rotation": [111.54907, -25.87501, 174.37624],
					"position": [6.425, -13.1, -12.525],
					"scale": [1, 1.5, 1]
				},
				"righthand": {
					"rotation": [92.5, -355, -180],
					"position": [-6.25, -13.275, -1.7],
					"scale": [1, 1.5, 1]
				},
				"root": {
					"rotation": [0, 0, 0],
					"position": [0, 0, 0]
				},
				"constraint": {
					"rotation": [0.2, 0.2, 0.2]
				}
			}
		},
		"draw": {
			"animation_length": 0.6667,
			"bones": {
				"root": {
					"rotation": {
						"0.0": [0, -27.5, 40],
						"0.0833": [-1.61, -25.29, 36.2],
						"0.1667": [-1.51, -16.17, 26.22],
						"0.2917": [0.2, -0.1, 7],
						"0.4167": [0, 0, -0.13],
						"0.5": [-0.00496, 0.00233, 1.13648],
						"0.6667": [0, 0, 0]
					},
					"position": {
						"0.0": [0, -6.5, 5.5],
						"0.0417": [0, -4.55, 3.68],
						"0.1667": [-0.43508, -1.32003, 0.88469],
						"0.25": [0, -0.165, 0.31],
						"0.375": [0, -0.04, 0.28],
						"0.4583": [0, -0.17, 0.22],
						"0.625": [0, 0, 0]
					}
				},
				"constraint": {
					"rotation": [0.2, 0.15, 0.2],
					"position": [0.2, 0.2, 0.4]
				},
				"lefthand": {
					"rotation": [111.54907, -25.87501, 174.37624],
					"position": [6.425, -13.1, -12.525],
					"scale": [1, 1.5, 1]
				},
				"righthand": {
					"rotation": [92.5, -355, -180],
					"position": [-6.25, -13.275, -1.7],
					"scale": [1, 1.5, 1]
				}
			}
		},
		"put_away": {
			"animation_length": 0.4333,
			"bones": {
				"root": {
					"rotation": {
						"0.0": {
							"post": [0, 0, 0],
							"lerp_mode": "catmullrom"
						},
						"0.1": {
							"post": [7.5, -29.5, 0],
							"lerp_mode": "catmullrom"
						},
						"0.2667": {
							"post": [3.34915, -59.84686, 15.2689],
							"lerp_mode": "catmullrom"
						},
						"0.4333": {
							"post": [-20.85115, -72.47954, 42.16438],
							"lerp_mode": "catmullrom"
						}
					},
					"position": {
						"0.0": {
							"post": [0, 0, 0],
							"lerp_mode": "catmullrom"
						},
						"0.1333": {
							"post": [1.8375, -2.84375, 0],
							"lerp_mode": "catmullrom"
						},
						"0.2": {
							"post": [2.8375, -8.34375, 0],
							"lerp_mode": "catmullrom"
						},
						"0.3333": {
							"post": [3.44, -18.7875, 0],
							"lerp_mode": "catmullrom"
						}
					}
				},
				"lefthand": {
					"rotation": [111.54907, -25.87501, 174.37624],
					"position": [6.425, -13.1, -12.525],
					"scale": [1, 1.5, 1]
				},
				"righthand": {
					"rotation": [92.5, -355, -180],
					"position": [-6.25, -13.275, -1.7],
					"scale": [1, 1.5, 1]
				},
				"camera": {
					"rotation": {
						"0.0": [0, 0, 0],
						"0.0333": [0.05, 0, -0.02],
						"0.0667": [0.12, 0, -0.04],
						"0.1": [0.18, 0, -0.07],
						"0.1333": [0.18, 0, -0.1],
						"0.1667": [0.07, 0, -0.14],
						"0.2": [-0.1, 0, -0.2],
						"0.2333": [-0.26, 0, -0.24],
						"0.2667": [-0.35, 0, -0.25],
						"0.3": [-0.32, 0, -0.21],
						"0.3333": [-0.21, 0, -0.13],
						"0.3667": [-0.08, 0, -0.05],
						"0.4": [0, 0, 0]
					}
				}
			},
			"sound_effects": {
				"0.0": {
					"effect": "wfoly_plr_sm_uzulu_drop_quick_down"
				}
			}
		},
		"shoot": {
			"animation_length": 0.6333,
			"bones": {
				"root": {
					"rotation": {
						"0.0": [0, 0, 0],
						"0.0333": [-0.32, 0, 0.49],
						"0.0667": [-2.4, 0, -1.21],
						"0.1": [-2.11, 0, 0.33],
						"0.1333": [-1.05, -0.01, 0.08],
						"0.1667": [-0.02, 0, -0.29],
						"0.2": [0.15, 0.08, -0.17],
						"0.2333": [0.1, 0.19, 0.08],
						"0.2667": [0.04, 0.24, 0.23],
						"0.3": [0.03, 0.18, 0.18],
						"0.3333": [0, 0.07, 0.05],
						"0.3667": [-0.02, -0.04, -0.09],
						"0.4": [-0.04, -0.11, -0.17],
						"0.4333": [-0.04, -0.12, -0.17],
						"0.4667": [-0.03, -0.1, -0.14],
						"0.5": [-0.02, -0.06, -0.09],
						"0.5333": [-0.01, -0.02, -0.03],
						"0.5667": [0, 0, 0]
					},
					"position": {
						"0.0": [0, 0, 0],
						"0.0333": [0, -0.06, 1.48],
						"0.0667": [0, -0.06, 1.19],
						"0.1": [0, -0.03, 0.52],
						"0.1333": [0, 0, -0.09],
						"0.1667": [0, 0, -0.15],
						"0.2": [0, 0, -0.1],
						"0.2333": [0, 0, 0],
						"0.2667": [0, 0, 0.05],
						"0.3": [0, 0, 0.05],
						"0.3333": [0, 0, 0.04],
						"0.3667": [0, 0, 0.03],
						"0.4": [0, 0, 0.01],
						"0.4333": [0, 0, 0],
						"0.4667": [0, 0, 0],
						"0.5": [0, 0, 0],
						"0.5333": [0, 0, 0],
						"0.5667": [0, 0, 0],
						"0.6": [0, 0, 0],
						"0.6333": [0, 0, 0]
					}
				},
				"bolt": {
					"position": {
						"0.0": [0, 0, 0],
						"0.0333": [0, 0, 3],
						"0.0667": [0, 0, 0]
					}
				},
				"bullet_in_barrel": {
					"position": {
						"0.0333": [0, -0.6, 0],
						"0.0667": [0, 0, 0]
					}
				},
				"constraint": {
					"rotation": {
						"0.0": [0.2, 0.2, 0.2],
						"0.1": [0.1, 0.2, 0.4],
						"0.3": [0, 0, 0]
					},
					"position": {
						"0.1": [0.2, 0.02, 0.35],
						"0.3": [0, 0, 0]
					}
				},
				"camera": {
					"rotation": {
						"0.0": [0, 0, 0],
						"0.0333": [0, 0, 0.7],
						"0.0667": [0, 0, -0.32],
						"0.1": [0, 0, -0.06],
						"0.1333": [0, 0, 0.28],
						"0.1667": [0, 0, 0.06],
						"0.2": [0, 0, -0.2],
						"0.2333": [0, 0, -0.1],
						"0.2667": [0, 0, 0.05],
						"0.3": [0, 0, 0.04],
						"0.3333": [0, 0, 0]
					}
				}
			},
			"sound_effects": {
				"0.0": {
					"effect": "weap_mpapa5_fire_first_plr_01"
				}
			}
		},
		"reload_tactical": {
			"loop": "hold_on_last_frame",
			"animation_length": 2,
			"bones": {
				"lefthand": {
					"rotation": {
						"0.0": [111.54907, -25.87501, 174.37624],
						"0.0667": [111.55, -25.88, 174.38],
						"0.1333": [111.55, -25.88, 174.38],
						"0.2": [119.08425, -38.95391, 165.89608],
						"0.2667": [134.76803, -48.79998, 164.11466],
						"0.3": [140.17976, -50.94511, 168.67438],
						"0.3667": [151.20825, -45.20509, 179.87249],
						"0.4": [161.51, -45.21, 179.87],
						"0.4333": [121.61, -43.785, 179.87],
						"0.4667": [83.11, -39.51, 179.87],
						"0.5333": [111.54907, -25.87501, 174.37624],
						"0.7333": [125.55, -25.88, 174.38],
						"0.8667": [126.45235, -28.30728, 172.39936],
						"1.4": [126.45, -28.31, 172.4],
						"1.6": [111.54907, -25.87501, 174.37624]
					},
					"position": {
						"0.0": [6.425, -13.1, -12.525],
						"0.0667": [6.43, -13.1, -12.52],
						"0.1333": [9.53, -13.4, -12.52],
						"0.1667": [9.53, -12.4, -10.12],
						"0.2": [10.03, -12.4, -7.22],
						"0.2667": [6.93, -12.9, -7.72],
						"0.3": [6.83, -13.1, -7.72],
						"0.3667": [6.53, -13.1, -7.72],
						"0.4": [7.355, -13.1, -7.72],
						"0.4333": [10.13, -19.6, -6.545],
						"0.4667": [12.33, -23.65, -6.02],
						"0.5333": [13.73, -22.1, 3.98],
						"0.7333": [11.23, -22.1, 2.78],
						"0.8333": [6.73, -16.9, -8.62],
						"0.8667": [6.23, -16.6, -8.72],
						"1.4": [6.23, -16.6, -8.72],
						"1.4333": [7.13, -18.1, -8.72],
						"1.4667": [9.33, -18.1, -8.72],
						"1.6": [6.425, -13.1, -12.525]
					},
					"scale": [1, 1.5, 1]
				},
				"righthand": {
					"rotation": [92.5, -355, -180],
					"position": [-6.25, -13.275, -1.7],
					"scale": [1, 1.5, 1]
				},
				"root": {
					"rotation": {
						"0.0": [0, 0, 0],
						"0.1333": [-7.20859, -1.85288, -12.05916],
						"0.2": [-13.98837, -3.76393, -20.81731],
						"0.3": [-18.73655, -8.87217, -41.28],
						"0.3333": [-19.54, -10.295, -43.255],
						"0.4": [-19.64, -14.17, -43.205],
						"0.4667": [-22.44, -18.37, -38.1],
						"0.5": [-22.44, -19.67, -41.6],
						"0.5667": [-22.44, -19.37, -42.7],
						"0.6333": [-22.44, -19.37, -39.7],
						"0.7333": [-22.44, -19.37, -40.5],
						"0.8": [-21.89, -19.37, -40.5],
						"0.9": [-20.215, -19.67, -39.4],
						"0.9333": [-18.91, -20.77, -39.4],
						"1.0": [-22.235, -22.67, -43.2],
						"1.0667": [-22.51, -24.07, -43.2],
						"1.1": [-24.385, -25.37, -41.6],
						"1.1333": [-25.185, -26.47, -39.4],
						"1.1667": [-25.18, -26.47, -37.5],
						"1.2": [-24.08, -27.87, -34.8],
						"1.2333": [-26.28, -25.17, -35.9],
						"1.2667": [-27.98, -20.47, -38.9],
						"1.3": [-25.78, -19.97, -35.9],
						"1.4": [-22.28, -19.97, -28],
						"1.4667": [-18.58, -16.07, -22.6],
						"1.5667": [-12.28, -7.07, -14.5],
						"1.6333": [-5.705, 1.13, -7.4],
						"1.6667": [-2.23, 2.63, -3.55],
						"1.7": [0.22, 2.43, 0.3],
						"1.7667": [0, 0, -0.25],
						"1.8": [0, 0, -0.65],
						"1.8333": [0, 0, -0.9],
						"1.8667": [0, 0, -0.725],
						"1.9": [0, 0, -0.36],
						"1.9333": [0, 0, 0]
					},
					"position": {
						"0.0": [0, 0, 0],
						"0.1333": [-1, -1.4, 0.5],
						"0.2": [-1.4, -0.9, 0.875],
						"0.3": [-1.7, -0.8, 1.6],
						"0.5": [-1.8, -0.9, 1.6],
						"0.5667": [-1.8, -0.875, 1.4],
						"0.6333": [-1.8, -0.9, 1.3],
						"0.6667": [-1.8, -1, 1.3],
						"0.8": [-1.8, -1, 1.2],
						"0.9": [-1.8, -1, 1.2],
						"1.1": [-1.8, -1, 1.2],
						"1.3": [-1.8, -1, 1.2],
						"1.4667": [-1.5, -0.975, 0.9],
						"1.5667": [-0.9, -1.6, 0.5],
						"1.6333": [-0.1, -0.8, 0],
						"1.7": [0.225, -0.1, -0.8],
						"1.7333": [0.2, 0.1, -1.3],
						"1.7667": [0.1, 0.125, -0.7],
						"1.8": [0, 0, -0.15],
						"1.8333": [0, -0.1, 0.125],
						"1.8667": [0, -0.1, 0.225],
						"1.9": [0, -0.075, 0.155],
						"1.9333": [0, 0, 0]
					}
				},
				"mag_and_lefthand": {
					"rotation": {
						"0.4": [0, 0, 0],
						"0.4333": [0, 0, 0],
						"0.7333": [0, 0, 0],
						"0.8333": [0, 0, 0],
						"0.8667": [-7.99563, -3.12715, -3.54407],
						"0.9": [-7.93338, -3.26572, -4.53638],
						"0.9333": [0, 0, -3.4],
						"0.9667": [0, 0, 0],
						"1.0": [-7, 0, 0],
						"1.0333": [-7, 0, 0],
						"1.0667": [-1, 0, 0],
						"1.1667": [0, 0, 0]
					},
					"position": {
						"0.4": [0, 0, 0],
						"0.4333": [0, 0, 0],
						"0.7333": [0, 0, 0],
						"0.8333": [2, -8, 0],
						"0.8667": [2, -8, -0.8],
						"0.9": [0.3, -6.4, -3],
						"0.9333": [1.2, -3.3, 0],
						"0.9667": [0, -2.75, -0.65],
						"1.0": [0, -2.4, -0.9],
						"1.0333": [0, -2.1, -0.9],
						"1.0667": [0, -1.75, -0.3],
						"1.1": [0, -1.5, -0.475],
						"1.1333": [0, -1.15, -0.3],
						"1.1667": [0, 0, 0]
					}
				},
				"camera": {
					"rotation": {
						"0.0": {
							"post": [0, 0, 0],
							"lerp_mode": "catmullrom"
						},
						"0.1333": {
							"post": [-1, 0.9, 0],
							"lerp_mode": "catmullrom"
						},
						"0.2667": {
							"post": [-0.5, 1.4, 0],
							"lerp_mode": "catmullrom"
						},
						"0.3667": {
							"post": [0.1, 0.6, 0],
							"lerp_mode": "catmullrom"
						},
						"0.4": {
							"post": [0.3, 0.4, -0.8],
							"lerp_mode": "catmullrom"
						},
						"0.4667": {
							"post": [0.6, 0.3, 0.3],
							"lerp_mode": "catmullrom"
						},
						"0.5333": {
							"post": [0.7, 0.4, -0.6],
							"lerp_mode": "catmullrom"
						},
						"0.6": {
							"post": [0.65, 0.5, 0.1],
							"lerp_mode": "catmullrom"
						},
						"0.8": {
							"post": [-0.05, 0.4, 0],
							"lerp_mode": "catmullrom"
						},
						"1.0": {
							"post": [-0.75, 1, 0],
							"lerp_mode": "catmullrom"
						},
						"1.0667": {
							"post": [-0.85, 1, -0.2],
							"lerp_mode": "catmullrom"
						},
						"1.1333": {
							"post": [-0.85, 1, 0.2],
							"lerp_mode": "catmullrom"
						},
						"1.1667": {
							"post": [-0.85, 1, -0.8],
							"lerp_mode": "catmullrom"
						},
						"1.2333": {
							"post": [-0.85, 1, 0.8],
							"lerp_mode": "catmullrom"
						},
						"1.3": {
							"post": [-0.85, 1, -0.7],
							"lerp_mode": "catmullrom"
						},
						"1.3667": {
							"post": [-0.775, 0.8, 0.1],
							"lerp_mode": "catmullrom"
						},
						"1.6": {
							"post": [0.25, 0, 0],
							"lerp_mode": "catmullrom"
						},
						"1.7333": {
							"post": [0.66, -0.05, 0.4],
							"lerp_mode": "catmullrom"
						},
						"1.8333": {
							"post": [0.65, -0.02, -0.18],
							"lerp_mode": "catmullrom"
						},
						"1.8667": {
							"post": [0.55, 0, 0.1],
							"lerp_mode": "catmullrom"
						},
						"1.9333": {
							"post": [0, 0, 0],
							"lerp_mode": "catmullrom"
						}
					}
				},
				"mag_and_bullet": {
					"rotation": {
						"0.4": [0, 0, 0],
						"0.4333": [0, 0, 0],
						"0.4667": [0, 0, 0],
						"0.8": [0, 0, 0],
						"0.8333": [0, 0, 0]
					},
					"position": {
						"0.4": [0, 0, 0],
						"0.4333": [0, -11.6, -1.7],
						"0.4667": [1, -21.7, -3.4],
						"0.5333": [1.5, -27.8, -3.5],
						"0.5667": [1.5, -42, -3.5],
						"0.8": [5.3, -6.5, 12.1],
						"0.8333": [0, 0, 0]
					}
				},
				"magazinecatch_2": {
					"rotation": {
						"0.3667": [0, 0, 0],
						"0.4": [0, 10, 0],
						"0.4333": [0, 0, 0],
						"1.1": [0, 0, 0],
						"1.1333": [0, 10, 0],
						"1.1667": [0, 0, 0]
					}
				},
				"magazinecatch_1": {
					"rotation": {
						"0.3333": [0, 0, 0],
						"0.3667": [-20, 0, 0],
						"0.4333": [0, 0, 0]
					}
				}
			},
			"sound_effects": {
				"0.0": {
					"effect": "ex:mp5/mp5_sleight_of_hand_tactical"
				}
			}
		},
		"reload_empty": {
			"loop": "hold_on_last_frame",
			"animation_length": 2.2,
			"bones": {
				"lefthand": {
					"rotation": {
						"0.0": [111.54907, -25.87501, 174.37624],
						"0.0667": [108.03723, -29.15525, 185.03458],
						"0.1333": [118.51001, -28.55975, 183.09739],
						"0.2": [154.51067, -36.11904, 160.45424],
						"0.2333": [143.81392, -31.59416, 169.9787],
						"0.3": [120.4077, -27.38728, 180.22222],
						"0.3333": [114.375, -25.88, 174.38],
						"0.4": [119.08425, -38.95391, 165.89608],
						"0.4667": [127.66803, -48.79998, 166.96466],
						"0.5": [133.07976, -50.94511, 168.67438],
						"0.5667": [151.20825, -45.20509, 179.87249],
						"0.6": [161.51, -45.21, 179.87],
						"0.6333": [121.61, -43.785, 179.87],
						"0.6667": [83.11, -39.51, 179.87],
						"0.7333": [111.54907, -25.87501, 174.37624],
						"0.8": [125.55, -25.88, 174.38],
						"0.9333": [126.45235, -28.30728, 172.39936],
						"1.3667": [126.45, -28.31, 172.4],
						"1.4333": [122.68235, -25.94225, 175.51531],
						"1.5": [122.65811, -25.93002, 175.30821],
						"1.6333": [125.88237, -20.85302, 167.20627],
						"1.6667": [129.88237, -20.85302, 167.20627],
						"1.7": [125.88237, -20.85302, 167.20627],
						"1.7333": [125.88237, -20.85302, 167.20627],
						"1.8667": [111.54907, -25.87501, 174.37624]
					},
					"position": {
						"0.0": [6.425, -13.1, -12.525],
						"0.0667": [9.03, -11.6, -12.52],
						"0.1333": [8.56, -8.17, -14.42],
						"0.1667": [8.56, -8.17, -11.37],
						"0.2": [8.56, -7.07, -11.37],
						"0.2333": [8.56, -6.37, -10.97],
						"0.3": [8.56, -6.37, -10.97],
						"0.3333": [9.53, -10, -11.62],
						"0.3667": [9.53, -12.4, -9.62],
						"0.4": [10.03, -12.4, -7.22],
						"0.4667": [6.93, -12.9, -7.72],
						"0.5": [6.83, -13.1, -7.72],
						"0.5667": [6.53, -13.1, -7.72],
						"0.6": [7.355, -13.1, -7.72],
						"0.6333": [10.13, -19.6, -6.545],
						"0.6667": [12.33, -23.65, -6.02],
						"0.7333": [13.73, -22.1, 3.98],
						"0.8": [11.23, -22.1, 2.78],
						"0.9": [6.73, -16.9, -8.62],
						"0.9333": [6.23, -16.6, -8.72],
						"1.3667": [6.23, -16.6, -8.72],
						"1.4333": [6.26, -16.02, -9.35],
						"1.5": [10.48, -12.23, -7.47],
						"1.5667": [9.88, -8.42, -9.69],
						"1.6333": [8.78, -6.92, -11.19],
						"1.6667": [8.68, -6.92, -11.19],
						"1.7": [8.68, -7.22, -11.19],
						"1.7333": [8.68, -7.22, -11.19],
						"1.7667": [10.98, -13.22, -6.99],
						"1.8": [12.18, -21.12, -5.19],
						"1.8667": [12.18, -17.82, -3.39],
						"2.0": [6.425, -13.1, -12.525]
					},
					"scale": [1, 1.5, 1]
				},
				"righthand": {
					"rotation": [92.5, -355, -180],
					"position": [-6.25, -13.275, -1.7],
					"scale": [1, 1.5, 1]
				},
				"root": {
					"rotation": {
						"0.0": [0, 0, 0],
						"0.1333": [-7.20859, -1.85288, -12.05916],
						"0.2": [-13.98837, -3.76393, -20.81731],
						"0.3": [-18.73655, -8.87217, -41.28],
						"0.3333": [-19.54, -10.295, -43.255],
						"0.4": [-19.64, -14.17, -43.205],
						"0.4667": [-22.44, -18.37, -38.1],
						"0.5": [-22.44, -19.67, -41.6],
						"0.5667": [-22.44, -19.37, -42.7],
						"0.6333": [-22.44, -19.37, -39.7],
						"0.7333": [-22.44, -19.37, -40.5],
						"0.8": [-21.89, -19.37, -40.5],
						"1.0": [-20.215, -19.67, -39.4],
						"1.0667": [-18.91, -20.77, -39.4],
						"1.1": [-22.235, -22.67, -43.2],
						"1.1333": [-22.51, -24.07, -43.2],
						"1.1667": [-24.385, -25.37, -41.6],
						"1.2": [-25.185, -26.47, -39.4],
						"1.2333": [-25.18, -26.47, -37.5],
						"1.2667": [-24.08, -27.87, -34.8],
						"1.3": [-26.28, -25.17, -35.9],
						"1.3333": [-27.98, -20.47, -38.9],
						"1.3667": [-25.78, -19.97, -35.9],
						"1.5": [-22.88, -19.97, -29.1],
						"1.6": [-18.58, -16.07, -22.6],
						"1.7": [-12.28, -8.17, -14.5],
						"1.8333": [-5.705, 1.13, -6.8],
						"1.8667": [-2.23, 2.63, -3.55],
						"1.9": [0.22, 2.43, 0.3],
						"1.9667": [0, 0, -0.25],
						"2.0": [0, 0, -0.65],
						"2.0333": [0, 0, -0.9],
						"2.0667": [0, 0, -0.725],
						"2.1": [0, 0, -0.36],
						"2.1333": [0, 0, 0]
					},
					"position": {
						"0.0": [0, 0, 0],
						"0.1333": [-1, -1.4, 0.5],
						"0.2": [-1.4, -0.9, 0.875],
						"0.3": [-1.7, -0.8, 1.6],
						"0.5": [-1.8, -0.9, 1.6],
						"0.5667": [-1.8, -0.875, 1.4],
						"0.6333": [-1.8, -0.9, 1.3],
						"0.6667": [-1.8, -1, 1.3],
						"0.9": [-1.8, -1, 1.2],
						"1.1": [-1.8, -1, 1.2],
						"1.2333": [-1.8, -1, 1.2],
						"1.4333": [-1.8, -1, 1.2],
						"1.6": [-1.5, -1.475, 1],
						"1.7": [-0.9, -2.1, 0.6],
						"1.7667": [-0.2, -1.5, 0],
						"1.8333": [0.225, -0.6, -0.8],
						"1.8667": [0.2, 0.1, -1.3],
						"1.9": [0.1, 0.125, -0.7],
						"1.9333": [0, 0, -0.15],
						"1.9667": [0, -0.1, 0.125],
						"2.0": [0, -0.1, 0.225],
						"2.0333": [0, -0.075, 0.155],
						"2.0667": [0, 0, 0]
					}
				},
				"mag_and_lefthand": {
					"rotation": {
						"0.6": [0, 0, 0],
						"0.6333": [0, 0, 0],
						"0.8": [0, 0, 0],
						"0.9": [0, 0, 0],
						"0.9333": [-7.99563, -3.12715, -3.54407],
						"0.9667": [-7.93338, -3.26572, -4.53638],
						"1.0": [0, 0, -3.4],
						"1.0333": [0, 0, 0],
						"1.0667": [-7, 0, 0],
						"1.1": [-7, 0, 0],
						"1.1333": [-1, 0, 0],
						"1.2333": [0, 0, 0]
					},
					"position": {
						"0.6": [0, 0, 0],
						"0.6333": [0, 0, 0],
						"0.8": [0, 0, 0],
						"0.9": [2, -8, 0],
						"0.9333": [2, -8, -0.8],
						"0.9667": [0.3, -6.4, -3],
						"1.0": [1.2, -3.3, 0],
						"1.0333": [0, -2.75, -0.65],
						"1.0667": [0, -2.4, -0.9],
						"1.1": [0, -2.1, -0.9],
						"1.1333": [0, -1.75, -0.3],
						"1.1667": [0, -1.5, -0.475],
						"1.2": [0, -1.15, -0.3],
						"1.2333": [0, 0, 0]
					}
				},
				"camera": {
					"rotation": {
						"0.0": {
							"post": [0, 0, 0],
							"lerp_mode": "catmullrom"
						},
						"0.1333": {
							"post": [-1, 0.9, 0],
							"lerp_mode": "catmullrom"
						},
						"0.2667": {
							"post": [-0.5, 1.4, 0],
							"lerp_mode": "catmullrom"
						},
						"0.3667": {
							"post": [0.1, 0.6, 0],
							"lerp_mode": "catmullrom"
						},
						"0.4": {
							"post": [0.3, 0.4, -0.8],
							"lerp_mode": "catmullrom"
						},
						"0.4667": {
							"post": [0.6, 0.3, 0.3],
							"lerp_mode": "catmullrom"
						},
						"0.5333": {
							"post": [0.7, 0.4, -0.6],
							"lerp_mode": "catmullrom"
						},
						"0.6": {
							"post": [0.65, 0.5, 0.1],
							"lerp_mode": "catmullrom"
						},
						"0.8": {
							"post": [-0.05, 0.4, 0],
							"lerp_mode": "catmullrom"
						},
						"1.0": {
							"post": [-0.75, 1, 0],
							"lerp_mode": "catmullrom"
						},
						"1.0667": {
							"post": [-0.85, 1, -0.2],
							"lerp_mode": "catmullrom"
						},
						"1.1333": {
							"post": [-0.85, 1, 0.2],
							"lerp_mode": "catmullrom"
						},
						"1.1667": {
							"post": [-0.85, 1, -0.8],
							"lerp_mode": "catmullrom"
						},
						"1.2333": {
							"post": [-0.85, 1, 0.8],
							"lerp_mode": "catmullrom"
						},
						"1.3": {
							"post": [-0.85, 1, -0.7],
							"lerp_mode": "catmullrom"
						},
						"1.3667": {
							"post": [-0.775, 0.8, 0.1],
							"lerp_mode": "catmullrom"
						},
						"1.6": {
							"post": [0.25, 0, 0],
							"lerp_mode": "catmullrom"
						},
						"1.7333": {
							"post": [0.66, -0.05, 0.4],
							"lerp_mode": "catmullrom"
						},
						"1.8333": {
							"post": [0.65, -0.02, -0.18],
							"lerp_mode": "catmullrom"
						},
						"1.8667": {
							"post": [0.55, 0, 0.1],
							"lerp_mode": "catmullrom"
						},
						"1.9333": {
							"post": [0, 0, 0],
							"lerp_mode": "catmullrom"
						}
					}
				},
				"mag_and_bullet": {
					"rotation": {
						"0.6": [0, 0, 0],
						"0.6333": [0, 0, 0],
						"0.6667": [0, 0, 0],
						"0.8667": [0, 0, 0],
						"0.9": [0, 0, 0]
					},
					"position": {
						"0.6": [0, 0, 0],
						"0.6333": [0, -11.6, -1.7],
						"0.6667": [1, -21.7, -3.4],
						"0.7333": [1.5, -27.8, -3.5],
						"0.7667": [1.5, -42, -3.5],
						"0.8667": [5.3, -6.5, 12.1],
						"0.9": [0, 0, 0]
					}
				},
				"bullet": {
					"scale": {
						"0.0": [0, 0, 0],
						"0.9": [0, 0, 0],
						"0.9333": [1, 1, 1]
					}
				},
				"bullet_in_mag": {
					"scale": {
						"0.0": [0, 0, 0],
						"0.9": [0, 0, 0],
						"0.9333": [1, 1, 1]
					}
				},
				"charge_handle": {
					"rotation": {
						"0.2": [0, 0, 0],
						"0.2333": [0, 0, -35],
						"1.7333": [0, 0, -35],
						"1.7667": [0, 0, 0]
					},
					"position": {
						"0.1333": [0, 0, 0],
						"0.1667": [0, 0, 2.9],
						"0.2333": [0, 0, 2.9],
						"1.7333": [0, 0, 2.9],
						"1.7667": [0, 0, 1.9],
						"1.8": [0, 0, 0]
					}
				},
				"bolt": {
					"position": {
						"0.1333": [0, 0, 0],
						"0.1667": [0, 0, 3],
						"1.7333": [0, 0, 3],
						"1.7667": [0, 0, 2],
						"1.8": [0, 0, 0]
					}
				},
				"bullet_in_barrel": {
					"scale": {
						"0.0": [0, 0, 0],
						"1.3667": [0, 0, 0],
						"1.4": [1, 1, 1]
					}
				},
				"magazinecatch_2": {
					"rotation": {
						"0.6": [0, 0, 0],
						"0.6333": [0, 10, 0],
						"0.6667": [0, 0, 0],
						"1.3333": [0, 0, 0],
						"1.3667": [0, 10, 0],
						"1.4": [0, 0, 0]
					}
				},
				"magazinecatch_1": {
					"rotation": {
						"0.5333": [0, 0, 0],
						"0.5667": [-20, 0, 0],
						"0.6333": [0, 0, 0]
					}
				}
			},
			"sound_effects": {
				"0.0": {
					"effect": "ex:mp5/mp5_sleight_of_hand_empty"
				}
			}
		},
		"inspect": {
			"animation_length": 5.5,
			"bones": {
				"root": {
					"rotation": {
						"0.0": [0, 0, 0],
						"0.0417": [-5.79, 0.13, 1.95],
						"0.1667": [-17.59, -10.78, -12.86],
						"0.25": [-25.6, -24.52, -35.41],
						"0.2917": [-27.59976, -27.22756, -41.19159],
						"0.3333": [-29.18247, -28.58725, -44.21775],
						"0.4167": [-31.13848, -27.68974, -42.19082],
						"0.5": [-30.66598, -28.14222, -43.20004],
						"0.5833": [-31.42, -28.14, -43.2],
						"0.7083": [-32.01, -27.44, -41.92],
						"0.9167": [-31.74, -28, -42.94],
						"1.0": [-31.76, -28.22, -43.36],
						"1.5": [-31.20393, -28.6466, -44.18009],
						"1.5417": [-29.85, -30.65, -48.19],
						"1.6667": [-29.18045, -31.65513, -50.18764],
						"1.7917": [-29.71221, -31.16351, -49.16731],
						"1.9583": [-29.71, -31.16, -49.17],
						"2.2083": [-29.1733, -31.63628, -50.20015],
						"2.2917": [-28.77, -30.86, -48.82],
						"2.4167": [-27.89, -26.22, -40.22],
						"2.4583": [-26.12, -16.94, -23.01],
						"2.5": [-27.22851, -1.49811, -0.30357],
						"2.6667": [-27.64133, 24.07175, 55.7761],
						"2.7917": [-27.55942, 24.18741, 56.01913],
						"2.9167": [-26.63512, 25.213, 58.2211],
						"3.0833": [-27.05095, 24.76144, 57.23672],
						"3.2917": [-27.18, 24.27, 56.94],
						"3.4167": [-27.3, 24.11, 56.64],
						"3.5417": [-27.43825, 24.30227, 56.26287],
						"3.6667": [-27.13612, 27.9047, 59.22256],
						"3.8333": [-27.60586, 27.4605, 58.21082],
						"3.9583": [-27.25, 27.82, 58.99],
						"4.1667": [-27.1, 27.74, 59.31],
						"4.3333": [-26.95, 27.21, 59.62],
						"4.4167": [-26.5, 25.14, 57.6],
						"4.5417": [-25.69, 21.35, 53.37],
						"4.625": [-27.3, 13.08, 39.44],
						"4.7917": [-17.16969, -2.07286, 18.42359],
						"4.875": [-0.18485, -1.03643, 9.2118],
						"5.0": [1.9612, -0.55625, 7.98076],
						"5.125": [0.66898, -0.48139, 1.31942],
						"5.2083": [-1.00521, -0.46117, 2.73757],
						"5.375": [0, 0, 0]
					},
					"position": {
						"0.0": [0, 0, 0],
						"0.0833": [-0.07, -0.57, 0],
						"0.1667": [-0.13, 0, 0],
						"0.25": [-0.51, 1.07, 0],
						"0.3333": [-0.6, 1.3, 0],
						"0.4583": [-0.8, 1, 0],
						"0.5417": [-0.8, 1, 0],
						"0.6667": [-0.8, 1.5, 0],
						"0.75": [-0.8, 1.5, 0],
						"0.8333": [-0.8, 1.5, 0],
						"1.0": [-0.8, 1.6, 0],
						"1.25": [-0.8, 1.5, 0],
						"1.5": [-0.8, 1.4, 0],
						"1.5833": [-0.8, 1.5, 0],
						"1.9583": [-0.8, 1.5, 0],
						"2.0417": [-0.8, 1.5, 0],
						"2.25": [-0.8, 1.5, 0],
						"2.3333": [-0.8, 1.5, 0],
						"2.4583": [-0.15, 1.4, -0.9],
						"2.5833": [0.65, 1.075, -1.2],
						"2.75": [1.6, 1.08, -1.3],
						"2.8333": [1.6, 1.38, -1.3],
						"3.0": [1.6, 1.38, -1.3],
						"3.2083": [1.6, 1.38, -1.3],
						"3.5417": [1.6, 1.38, -1.3],
						"3.75": [1.6, 1.38, -1.3],
						"3.9583": [1.6, 1.38, -1.3],
						"4.5833": [1.6, 1.38, -1.3],
						"4.7083": [0.48, 1.055, -1.12],
						"4.8333": [0, 0.5, -0.3],
						"5.1667": [0, 0, 0.22],
						"5.25": [0, -0.2, -0.17],
						"5.4167": [0, 0, 0]
					}
				},
				"lefthand": {
					"rotation": {
						"0.0": [111.54907, -25.87501, 174.37624],
						"5.25": [111.54907, -25.87501, 174.37624]
					},
					"position": {
						"0.0": [6.425, -13.1, -12.525],
						"0.5": [10.89, -15.62, 25.26],
						"2.25": [-3.11, -29.62, 25.26],
						"2.5": [6.8937, -12.62, -7.745],
						"4.9583": [6.8937, -12.62, -7.745],
						"5.25": [6.425, -13.1, -12.525]
					},
					"scale": {
						"0.0": [1, 1.5, 1],
						"0.5": [0, 0, 0],
						"2.25": [0, 0, 0],
						"2.4583": [1, 1, 1],
						"2.5": [1, 1.5, 1],
						"4.9583": [1, 1.5, 1]
					}
				},
				"righthand": {
					"rotation": [92.5, -355, -180],
					"position": [-6.25, -13.275, -1.7],
					"scale": [1, 1.5, 1]
				},
				"camera": {
					"rotation": {
						"0.0": {
							"post": [0, 0, 0],
							"lerp_mode": "catmullrom"
						},
						"0.0833": {
							"post": [2.38, 1.14, 0],
							"lerp_mode": "catmullrom"
						},
						"0.2083": {
							"post": [2.43, 2.29, 0],
							"lerp_mode": "catmullrom"
						},
						"0.2917": {
							"post": [1.29, 2.86, 0],
							"lerp_mode": "catmullrom"
						},
						"0.4167": {
							"post": [-1, 4, 0],
							"lerp_mode": "catmullrom"
						},
						"0.5833": {
							"post": [-2.00275, 4.99939, -0.03503],
							"lerp_mode": "catmullrom"
						},
						"0.9167": {
							"post": [-1.25, 5, -0.04],
							"lerp_mode": "catmullrom"
						},
						"1.2083": {
							"post": [-1.53, 5.54, -0.05],
							"lerp_mode": "catmullrom"
						},
						"1.4167": {
							"post": [-1.9, 5.77, -0.05],
							"lerp_mode": "catmullrom"
						},
						"1.7083": {
							"post": [-2.6, 6, -0.05],
							"lerp_mode": "catmullrom"
						},
						"1.9167": {
							"post": [-2.45, 6, -0.05],
							"lerp_mode": "catmullrom"
						},
						"2.0833": {
							"post": [-2.62, 6, -0.05],
							"lerp_mode": "catmullrom"
						},
						"2.25": {
							"post": [-3, 6, -0.05],
							"lerp_mode": "catmullrom"
						},
						"2.4167": {
							"post": [-0.74, 3.75, 0.02],
							"lerp_mode": "catmullrom"
						},
						"2.5": {
							"post": [0.26, 2.75, 0.06],
							"lerp_mode": "catmullrom"
						},
						"2.5833": {
							"post": [0.76, 2.25, 0.08],
							"lerp_mode": "catmullrom"
						},
						"2.7917": {
							"post": [1.76, 1.75, 0.08],
							"lerp_mode": "catmullrom"
						},
						"2.9167": {
							"post": [1.47, 1.75, 0.08],
							"lerp_mode": "catmullrom"
						},
						"3.0": {
							"post": [1.4, 1.75, 0.08],
							"lerp_mode": "catmullrom"
						},
						"3.1667": {
							"post": [1.32, 1.75, 0.08],
							"lerp_mode": "catmullrom"
						},
						"3.3333": {
							"post": [1.06, 1.75, 0.08],
							"lerp_mode": "catmullrom"
						},
						"3.7083": {
							"post": [0.36, 1.75, 0.08],
							"lerp_mode": "catmullrom"
						},
						"3.7917": {
							"post": [0.04, 1.75, 0.08],
							"lerp_mode": "catmullrom"
						},
						"3.9167": {
							"post": [-0.41, 1.75, 0.08],
							"lerp_mode": "catmullrom"
						},
						"4.0417": {
							"post": [-0.82, 1.75, 0.08],
							"lerp_mode": "catmullrom"
						},
						"4.4167": {
							"post": [-0.77, 1.75, 0.08],
							"lerp_mode": "catmullrom"
						},
						"4.5833": {
							"post": [-0.75, 1.75, 0.08],
							"lerp_mode": "catmullrom"
						},
						"4.7917": {
							"post": [-0.74, 1.75, 0.08],
							"lerp_mode": "catmullrom"
						},
						"4.9167": {
							"post": [1.29018, 1.7103, 1.07967],
							"lerp_mode": "catmullrom"
						},
						"5.0": {
							"post": [2.13, 1.06, 0.67],
							"lerp_mode": "catmullrom"
						},
						"5.125": {
							"post": [1.91, 0.55, 0.35],
							"lerp_mode": "catmullrom"
						},
						"5.25": {
							"post": [-1, 0, 0],
							"lerp_mode": "catmullrom"
						},
						"5.375": {
							"post": [0.4, 0, 0],
							"lerp_mode": "catmullrom"
						},
						"5.5": {
							"post": [0, 0, 0],
							"lerp_mode": "catmullrom"
						}
					}
				}
			},
			"sound_effects": {
				"0.0": {
					"effect": "ex:mp5/mp5_inspect"
				}
			}
		},
		"inspect_empty": {
			"animation_length": 5.5,
			"bones": {
				"root": {
					"rotation": {
						"0.0": [0, 0, 0],
						"0.0417": [-5.79, 0.13, 1.95],
						"0.1667": [-17.59, -10.78, -12.86],
						"0.25": [-25.6, -24.52, -35.41],
						"0.2917": [-27.59976, -27.22756, -41.19159],
						"0.3333": [-29.18247, -28.58725, -44.21775],
						"0.4167": [-31.13848, -27.68974, -42.19082],
						"0.5": [-30.66598, -28.14222, -43.20004],
						"0.5833": [-31.42, -28.14, -43.2],
						"0.7083": [-32.01, -27.44, -41.92],
						"0.9167": [-31.74, -28, -42.94],
						"1.0": [-31.76, -28.22, -43.36],
						"1.5": [-31.20393, -28.6466, -44.18009],
						"1.5417": [-29.85, -30.65, -48.19],
						"1.6667": [-29.18045, -31.65513, -50.18764],
						"1.7917": [-29.71221, -31.16351, -49.16731],
						"1.9583": [-29.71, -31.16, -49.17],
						"2.2083": [-29.1733, -31.63628, -50.20015],
						"2.2917": [-28.77, -30.86, -48.82],
						"2.4167": [-27.89, -26.22, -40.22],
						"2.4583": [-26.12, -16.94, -23.01],
						"2.5": [-27.22851, -1.49811, -0.30357],
						"2.6667": [-27.64133, 24.07175, 55.7761],
						"2.7917": [-27.55942, 24.18741, 56.01913],
						"2.9167": [-26.63512, 25.213, 58.2211],
						"3.0833": [-27.05095, 24.76144, 57.23672],
						"3.2917": [-27.18, 24.27, 56.94],
						"3.4167": [-27.3, 24.11, 56.64],
						"3.5417": [-27.43825, 24.30227, 56.26287],
						"3.6667": [-27.13612, 27.9047, 59.22256],
						"3.8333": [-27.60586, 27.4605, 58.21082],
						"3.9583": [-27.25, 27.82, 58.99],
						"4.1667": [-27.1, 27.74, 59.31],
						"4.3333": [-26.95, 27.21, 59.62],
						"4.4167": [-26.5, 25.14, 57.6],
						"4.5417": [-25.69, 21.35, 53.37],
						"4.625": [-27.3, 13.08, 39.44],
						"4.7917": [-17.16969, -2.07286, 18.42359],
						"4.875": [-0.18485, -1.03643, 9.2118],
						"5.0": [1.9612, -0.55625, 7.98076],
						"5.125": [0.66898, -0.48139, 1.31942],
						"5.2083": [-1.00521, -0.46117, 2.73757],
						"5.375": [0, 0, 0]
					},
					"position": {
						"0.0": [0, 0, 0],
						"0.0833": [-0.07, -0.57, 0],
						"0.1667": [-0.13, 0, 0],
						"0.25": [-0.51, 1.07, 0],
						"0.3333": [-0.6, 1.3, 0],
						"0.4583": [-0.8, 1, 0],
						"0.5417": [-0.8, 1, 0],
						"0.6667": [-0.8, 1.5, 0],
						"0.75": [-0.8, 1.5, 0],
						"0.8333": [-0.8, 1.5, 0],
						"1.0": [-0.8, 1.6, 0],
						"1.25": [-0.8, 1.5, 0],
						"1.5": [-0.8, 1.4, 0],
						"1.5833": [-0.8, 1.5, 0],
						"1.9583": [-0.8, 1.5, 0],
						"2.0417": [-0.8, 1.5, 0],
						"2.25": [-0.8, 1.5, 0],
						"2.3333": [-0.8, 1.5, 0],
						"2.4583": [-0.15, 1.4, -0.9],
						"2.5833": [0.65, 1.075, -1.2],
						"2.75": [1.6, 1.08, -1.3],
						"2.8333": [1.6, 1.38, -1.3],
						"3.0": [1.6, 1.38, -1.3],
						"3.2083": [1.6, 1.38, -1.3],
						"3.5417": [1.6, 1.38, -1.3],
						"3.75": [1.6, 1.38, -1.3],
						"3.9583": [1.6, 1.38, -1.3],
						"4.5833": [1.6, 1.38, -1.3],
						"4.7083": [0.48, 1.055, -1.12],
						"4.8333": [0, 0.5, -0.3],
						"5.1667": [0, 0, 0.22],
						"5.25": [0, -0.2, -0.17],
						"5.4167": [0, 0, 0]
					}
				},
				"lefthand": {
					"rotation": {
						"0.0": [111.54907, -25.87501, 174.37624],
						"5.25": [111.54907, -25.87501, 174.37624]
					},
					"position": {
						"0.0": [6.425, -13.1, -12.525],
						"0.5": [10.89, -15.62, 25.26],
						"2.25": [-3.11, -29.62, 25.26],
						"2.5": [6.8937, -12.62, -7.745],
						"4.9583": [6.8937, -12.62, -7.745],
						"5.25": [6.425, -13.1, -12.525]
					},
					"scale": {
						"0.0": [1, 1.5, 1],
						"0.5": [0, 0, 0],
						"2.25": [0, 0, 0],
						"2.4583": [1, 1, 1],
						"2.5": [1, 1.5, 1],
						"4.9583": [1, 1.5, 1]
					}
				},
				"righthand": {
					"rotation": [92.5, -355, -180],
					"position": [-6.25, -13.275, -1.7],
					"scale": [1, 1.5, 1]
				},
				"camera": {
					"rotation": {
						"0.0": {
							"post": [0, 0, 0],
							"lerp_mode": "catmullrom"
						},
						"0.0833": {
							"post": [2.38, 1.14, 0],
							"lerp_mode": "catmullrom"
						},
						"0.2083": {
							"post": [2.43, 2.29, 0],
							"lerp_mode": "catmullrom"
						},
						"0.2917": {
							"post": [1.29, 2.86, 0],
							"lerp_mode": "catmullrom"
						},
						"0.4167": {
							"post": [-1, 4, 0],
							"lerp_mode": "catmullrom"
						},
						"0.5833": {
							"post": [-2.00275, 4.99939, -0.03503],
							"lerp_mode": "catmullrom"
						},
						"0.9167": {
							"post": [-1.25, 5, -0.04],
							"lerp_mode": "catmullrom"
						},
						"1.2083": {
							"post": [-1.53, 5.54, -0.05],
							"lerp_mode": "catmullrom"
						},
						"1.4167": {
							"post": [-1.9, 5.77, -0.05],
							"lerp_mode": "catmullrom"
						},
						"1.7083": {
							"post": [-2.6, 6, -0.05],
							"lerp_mode": "catmullrom"
						},
						"1.9167": {
							"post": [-2.45, 6, -0.05],
							"lerp_mode": "catmullrom"
						},
						"2.0833": {
							"post": [-2.62, 6, -0.05],
							"lerp_mode": "catmullrom"
						},
						"2.25": {
							"post": [-3, 6, -0.05],
							"lerp_mode": "catmullrom"
						},
						"2.4167": {
							"post": [-0.74, 3.75, 0.02],
							"lerp_mode": "catmullrom"
						},
						"2.5": {
							"post": [0.26, 2.75, 0.06],
							"lerp_mode": "catmullrom"
						},
						"2.5833": {
							"post": [0.76, 2.25, 0.08],
							"lerp_mode": "catmullrom"
						},
						"2.7917": {
							"post": [1.76, 1.75, 0.08],
							"lerp_mode": "catmullrom"
						},
						"2.9167": {
							"post": [1.47, 1.75, 0.08],
							"lerp_mode": "catmullrom"
						},
						"3.0": {
							"post": [1.4, 1.75, 0.08],
							"lerp_mode": "catmullrom"
						},
						"3.1667": {
							"post": [1.32, 1.75, 0.08],
							"lerp_mode": "catmullrom"
						},
						"3.3333": {
							"post": [1.06, 1.75, 0.08],
							"lerp_mode": "catmullrom"
						},
						"3.7083": {
							"post": [0.36, 1.75, 0.08],
							"lerp_mode": "catmullrom"
						},
						"3.7917": {
							"post": [0.04, 1.75, 0.08],
							"lerp_mode": "catmullrom"
						},
						"3.9167": {
							"post": [-0.41, 1.75, 0.08],
							"lerp_mode": "catmullrom"
						},
						"4.0417": {
							"post": [-0.82, 1.75, 0.08],
							"lerp_mode": "catmullrom"
						},
						"4.4167": {
							"post": [-0.77, 1.75, 0.08],
							"lerp_mode": "catmullrom"
						},
						"4.5833": {
							"post": [-0.75, 1.75, 0.08],
							"lerp_mode": "catmullrom"
						},
						"4.7917": {
							"post": [-0.74, 1.75, 0.08],
							"lerp_mode": "catmullrom"
						},
						"4.9167": {
							"post": [1.29018, 1.7103, 1.07967],
							"lerp_mode": "catmullrom"
						},
						"5.0": {
							"post": [2.13, 1.06, 0.67],
							"lerp_mode": "catmullrom"
						},
						"5.125": {
							"post": [1.91, 0.55, 0.35],
							"lerp_mode": "catmullrom"
						},
						"5.25": {
							"post": [-1, 0, 0],
							"lerp_mode": "catmullrom"
						},
						"5.375": {
							"post": [0.4, 0, 0],
							"lerp_mode": "catmullrom"
						},
						"5.5": {
							"post": [0, 0, 0],
							"lerp_mode": "catmullrom"
						}
					}
				}
			},
			"sound_effects": {
				"0.0": {
					"effect": "ex:mp5/mp5_inspect"
				}
			}
		},
		"run": {
			"loop": true,
			"animation_length": 0.8,
			"bones": {
				"root": {
					"rotation": {
						"0.0": [-68.73, -5.5, -3.14],
						"0.05": [-68.99, -7.39, -3.57],
						"0.1": [-69.36, -9.11, -3.81],
						"0.15": [-69.45, -10.1, -3.75],
						"0.2": [-68.82, -9.82, -3.09],
						"0.25": [-67.92, -8.81, -2.13],
						"0.3": [-67.68, -8.15, -1.7],
						"0.35": [-68.9, -8.72, -2.46],
						"0.4": [-70.77, -9.63, -3.74],
						"0.45": [-71.87, -9.32, -4.34],
						"0.5": [-71.58, -7.25, -3.75],
						"0.55": [-70.7, -4.07, -2.59],
						"0.6": [-69.68, -1.04, -1.42],
						"0.65": [-68.98, 0.57, -0.8],
						"0.7": [-68.67, -0.33, -1.21],
						"0.75": [-68.65, -3, -2.27],
						"0.8": [-68.73, -5.5, -3.14]
					},
					"position": {
						"0.0": [-3.64, -0.38, -0.64],
						"0.05": [-3.63, -0.52, -0.64],
						"0.1": [-3.66, -0.87, -0.64],
						"0.15": [-3.67, -1.23, -0.64],
						"0.2": [-3.64, -1.38, -0.64],
						"0.25": [-3.52, -1.18, -0.64],
						"0.3": [-3.34, -0.78, -0.64],
						"0.35": [-3.19, -0.39, -0.64],
						"0.4": [-3.14, -0.23, -0.64],
						"0.45": [-3.26, -0.47, -0.64],
						"0.5": [-3.5, -0.94, -0.64],
						"0.55": [-3.74, -1.42, -0.64],
						"0.6": [-3.89, -1.64, -0.64],
						"0.65": [-3.89, -1.46, -0.64],
						"0.7": [-3.81, -1.04, -0.64],
						"0.75": [-3.71, -0.6, -0.64],
						"0.8": [-3.64, -0.38, -0.64]
					}
				},
				"lefthand_pos": {
					"position": [-14, -25, 15.5],
					"scale": 0
				},
				"camera": {
					"rotation": {
						"0.0": [0, 0, 0],
						"0.05": [0.09, 0, 0.15],
						"0.1": [0.13, 0, 0.25],
						"0.15": [-0.07, 0, 0.07],
						"0.2": [-0.25, 0, -0.12],
						"0.25": [-0.15, 0, -0.09],
						"0.3": [0, 0, 0],
						"0.35": [0.02, 0, 0.02],
						"0.4": [0, 0, 0],
						"0.45": [-0.01, 0, -0.08],
						"0.5": [0, 0, -0.12],
						"0.55": [0.08, 0, 0],
						"0.6": [0.13, 0, 0.13],
						"0.65": [0, 0, 0.08],
						"0.7": [-0.12, 0, 0],
						"0.75": [-0.09, 0, -0.02],
						"0.8": [0, 0, 0]
					}
				}
			}
		},
		"run_start": {
			"animation_length": 0.55,
			"bones": {
				"root": {
					"rotation": {
						"0.0": [0, 0, 0],
						"0.05": [2.8, -0.48, 3.97],
						"0.1": [5.79, -1.19, 9.23],
						"0.15": [1.73, -2.05, 11.57],
						"0.2": [-10.48, -2.9, 9.39],
						"0.25": [-28.47, -3.91, 4.94],
						"0.3": [-46.79, -4.85, 0.12],
						"0.35": [-59.98, -5.5, -3.14],
						"0.4": [-66.1, -5.75, -4.18],
						"0.45": [-68.22, -5.72, -4.06],
						"0.5": [-68.4, -5.59, -3.49],
						"0.55": [-68.73, -5.5, -3.14]
					},
					"position": {
						"0.0": [0, 0, 0],
						"0.05": [0.06, -0.64, -0.32],
						"0.1": [0.17, -1.58, -0.79],
						"0.15": [0.17, -2.44, -1.22],
						"0.2": [-0.09, -2.83, -1.45],
						"0.25": [-1.13, -2.25, -1.28],
						"0.3": [-2.54, -1.06, -0.83],
						"0.35": [-3.57, -0.19, -0.51],
						"0.4": [-3.83, -0.04, -0.47],
						"0.45": [-3.82, -0.12, -0.51],
						"0.5": [-3.71, -0.28, -0.59],
						"0.55": [-3.64, -0.38, -0.64]
					}
				},
				"lefthand_pos": {
					"position": {
						"0.0": [0, 0, 0],
						"0.1": [-7.17, -3.67, 0],
						"0.2": [-11.83, -12.08, 2],
						"0.3": [-14, -25, 15.5]
					},
					"scale": {
						"0.2": [1, 1, 1],
						"0.3": [0, 0, 0]
					}
				},
				"camera": {
					"rotation": {
						"0.0": {
							"post": [0, 0, 0],
							"lerp_mode": "catmullrom"
						},
						"0.1": {
							"post": [0.75, 0, -0.5],
							"lerp_mode": "catmullrom"
						},
						"0.2": {
							"post": [-0.25, 0, 0.1875],
							"lerp_mode": "catmullrom"
						},
						"0.3": {
							"post": [0, 0, 0],
							"lerp_mode": "catmullrom"
						},
						"0.4": {
							"post": [0, 0, 0],
							"lerp_mode": "catmullrom"
						}
					}
				}
			}
		},
		"run_end": {
			"animation_length": 0.65,
			"bones": {
				"root": {
					"rotation": {
						"0.0": [-68.73, -5.5, -3.14],
						"0.05": [-55.61, -4.21, 0.37],
						"0.1": [-36.44, -2.32, 5.59],
						"0.15": [-17.16, -0.44, 10.34],
						"0.2": [-3.66, 0.81, 12.47],
						"0.25": [1.72, 1.17, 10.52],
						"0.3": [2.4, 1, 5.92],
						"0.35": [1.03, 0.62, 0.91],
						"0.4": [0.28, 0.35, -2.3],
						"0.45": [0.49, 0.21, -2.71],
						"0.5": [0.23, 0.09, -1.23],
						"0.55": [0, 0, 0],
						"0.6": [-0.02, -0.02, 0.14],
						"0.65": [0, 0, 0]
					},
					"position": {
						"0.0": [-3.64, -0.38, -0.64],
						"0.05": [-2.73, -1.11, -1.21],
						"0.1": [-1.47, -2.08, -1.96],
						"0.15": [-0.5, -2.5, -2.25],
						"0.2": [-0.17, -2.06, -1.84],
						"0.25": [-0.04, -1.17, -1.06],
						"0.3": [-0.01, -0.24, -0.23],
						"0.35": [0.02, 0.37, 0.3],
						"0.4": [0.06, 0.47, 0.4],
						"0.45": [0.05, 0.22, 0.18],
						"0.5": [0.03, 0.01, -0.01],
						"0.55": [0.02, -0.02, -0.03],
						"0.6": [0.01, -0.01, -0.01],
						"0.65": [0, 0, 0]
					}
				},
				"lefthand_pos": {
					"position": {
						"0.0": [-14, -25, 15.5],
						"0.1": [-11.83, -12.08, 2],
						"0.2": [-7.17, -3.67, 0],
						"0.3": [0, 0, 0]
					},
					"scale": {
						"0.15": [0, 0, 0],
						"0.2": [1, 1, 1]
					}
				},
				"camera": {
					"rotation": {
						"0.25": {
							"pre": [0, 0, 0],
							"post": [0, 0, 0],
							"lerp_mode": "catmullrom"
						},
						"0.3": {
							"post": [0, 0, 0.3],
							"lerp_mode": "catmullrom"
						},
						"0.35": {
							"post": [0, 0, -0.125],
							"lerp_mode": "catmullrom"
						},
						"0.45": {
							"post": [0, 0, 0],
							"lerp_mode": "catmullrom"
						}
					}
				}
			}
		},
		"run_hold": {
			"animation_length": 0.2917,
			"bones": {
				"root": {
					"rotation": [-68.73314, -5.50468, -3.14473],
					"position": [-3.64, -0.38, -0.64]
				},
				"lefthand_pos": {
					"position": [-14, -25, 15.5],
					"scale": 0
				}
			}
		},
		"aim_start": {
			"animation_length": 0.6333,
			"bones": {
				"root": {
					"rotation": {
						"0.0": [0, 0, 0],
						"0.0333": [-0.01, -0.01, 0.64],
						"0.0667": [-0.02, -0.03, 1.61],
						"0.1": [-0.04, -0.05, 2.75],
						"0.1333": [-0.05, -0.08, 3.91],
						"0.1667": [-0.07, -0.1, 4.94],
						"0.2": [-0.08, -0.11, 5.67],
						"0.2333": [-0.09, -0.12, 5.96],
						"0.2667": [-0.09, -0.11, 5.7],
						"0.3": [-0.08, -0.1, 5.01],
						"0.3333": [-0.07, -0.08, 4.02],
						"0.3667": [-0.06, -0.06, 2.9],
						"0.4": [-0.05, -0.04, 1.79],
						"0.4333": [-0.05, -0.02, 0.84],
						"0.4667": [-0.04, -0.01, 0.21],
						"0.5": [-0.04, 0, 0.08],
						"0.5333": [-0.03, 0, 0.07],
						"0.5667": [-0.02, 0, 0.06],
						"0.6": [-0.01, 0, 0.03],
						"0.6333": [0, 0, 0]
					},
					"position": {
						"0.0": [0, 0, 0],
						"0.0333": [0.02, -0.02, -0.07],
						"0.0667": [0.04, -0.04, -0.18],
						"0.1": [0.07, -0.07, -0.3],
						"0.1333": [0.1, -0.11, -0.43],
						"0.1667": [0.13, -0.14, -0.55],
						"0.2": [0.15, -0.16, -0.66],
						"0.2333": [0.18, -0.17, -0.72],
						"0.2667": [0.21, -0.18, -0.78],
						"0.3": [0.24, -0.17, -0.77],
						"0.3333": [0.26, -0.15, -0.73],
						"0.3667": [0.28, -0.12, -0.67],
						"0.4": [0.24, -0.08, -0.49],
						"0.4333": [0.19, -0.04, -0.28],
						"0.4667": [0.14, 0, -0.11],
						"0.5": [0, 0, 0],
						"0.5333": [0, 0, 0],
						"0.5667": [0, 0, 0],
						"0.6": [0, 0, 0]
					}
				}
			},
			"sound_effects": {
				"0.0": {
					"effect": "ex:mp5/mp5_ads_up"
				}
			}
		},
		"aim_end": {
			"animation_length": 0.6,
			"bones": {
				"root": {
					"rotation": {
						"0.0": [0, 0, 0],
						"0.0333": [0, -0.04, 0.26],
						"0.0667": [-0.01, -0.11, 0.66],
						"0.1": [-0.01, -0.19, 1.11],
						"0.1333": [-0.01, -0.26, 1.53],
						"0.1667": [-0.02, -0.32, 1.84],
						"0.2": [-0.02, -0.34, 1.96],
						"0.2333": [-0.02, -0.34, 1.86],
						"0.2667": [-0.02, -0.32, 1.61],
						"0.3": [-0.02, -0.29, 1.25],
						"0.3333": [-0.01, -0.25, 0.85],
						"0.3667": [-0.01, -0.2, 0.46],
						"0.4": [-0.01, -0.17, 0.14],
						"0.4333": [-0.01, -0.14, -0.07],
						"0.4667": [-0.01, -0.11, -0.09],
						"0.5": [-0.01, -0.08, 0.13],
						"0.5333": [-0.01, -0.06, 0.11],
						"0.5667": [0, -0.02, 0.05],
						"0.6": [0, 0, 0]
					},
					"position": {
						"0.0": [0, 0, 0],
						"0.0333": [0, -0.03, -0.06],
						"0.0667": [0, -0.07, -0.14],
						"0.1": [0, -0.13, -0.24],
						"0.1333": [0, -0.18, -0.33],
						"0.1667": [0, -0.22, -0.42],
						"0.2": [0, -0.25, -0.47],
						"0.2333": [0, -0.26, -0.51],
						"0.2667": [-0.01, -0.27, -0.54],
						"0.3": [-0.01, -0.27, -0.55],
						"0.3333": [-0.02, -0.26, -0.55],
						"0.3667": [-0.03, -0.25, -0.53],
						"0.4": [-0.03, -0.23, -0.5],
						"0.4333": [-0.04, -0.18, -0.38],
						"0.4667": [-0.04, -0.11, -0.2],
						"0.5": [-0.04, -0.06, -0.06],
						"0.5333": [-0.02, -0.02, 0],
						"0.5667": [-0.01, -0.01, 0],
						"0.6": [0, 0, 0]
					}
				}
			},
			"sound_effects": {
				"0.0": {
					"effect": "ex:mp5/mp5_ads_down"
				}
			}
		}
	}
}