{
	"format_version": "1.8.0",
	"animations": {
		"static_idle": {
			"loop": true,
			"bones": {
				"lefthand": {
					"rotation": [91.47237, -398.26212, -126.75784],
					"position": [7.75, -13, -3.5],
					"scale": [1, 1.5, 1]
				},
				"righthand": {
					"rotation": [100.21875, 11.81504, -177.88617],
					"position": [-6.6, -14.2, 2.2],
					"scale": [1, 1.5, 1]
				},
				"constraint": {
					"rotation": [0.05, 0.2, 0.1],
					"position": [0.15, 0.2, 0.35]
				}
			}
		},
		"static_bolt_caught": {
			"loop": true,
			"bones": {
				"lefthand": {
					"rotation": [91.47237, -398.26212, -126.75784],
					"position": [7.75, -13, -3.5],
					"scale": [1, 1.5, 1]
				},
				"bullet": {
					"scale": 0
				},
				"righthand": {
					"rotation": [100.21875, 11.81504, -177.88617],
					"position": [-6.6, -14.2, 2.2],
					"scale": [1, 1.5, 1]
				},
				"bolt": {
					"position": [0, 0, 3]
				},
				"46x3": {
					"scale": 0
				}
			}
		},
		"shoot": {
			"animation_length": 0.7,
			"bones": {
				"root": {
					"rotation": {
						"0.0": [0, 0, 0],
						"0.0333": [1, 0, 0.73],
						"0.0667": [-1.5, 0, -1.17],
						"0.1": [-1.6, 0, -1.23],
						"0.1333": [-0.5, 0, -0.35],
						"0.1667": [0.18, 0, 0.53],
						"0.2": [0.27, 0, 0.27],
						"0.2333": [0.36, 0, 0.01],
						"0.2667": [0.45, 0, -0.25],
						"0.3": [0.38, -0.07, -0.08],
						"0.3333": [0.3, -0.13, 0.08],
						"0.3667": [0.23, -0.2, 0.25],
						"0.4": [0.18, -0.17, 0.17],
						"0.4333": [0.14, -0.14, 0.09],
						"0.4667": [0.1, -0.11, 0.01],
						"0.5": [0.06, -0.07, -0.07],
						"0.5333": [0.04, -0.06, -0.06],
						"0.5667": [0.03, -0.04, -0.04],
						"0.6": [0.01, -0.02, -0.02],
						"0.6333": [0, 0, 0]
					},
					"position": {
						"0.0": [0, 0, 0],
						"0.0333": [0, -0.02, 0.8],
						"0.0667": [0, -0.05, 0.4],
						"0.1": [0, -0.05, -0.03],
						"0.1333": [0, -0.05, -0.04],
						"0.1667": [0, -0.04, -0.01],
						"0.2": [0, -0.04, 0.03],
						"0.2333": [0, -0.03, 0.06],
						"0.2667": [0, -0.02, 0.1],
						"0.3": [0, -0.02, 0.07],
						"0.3333": [0, -0.01, 0.03],
						"0.3667": [0, 0, 0]
					}
				},
				"pull": {
					"position": {
						"0.0": [0, 0, 0],
						"0.0333": [0, 0, 0.25],
						"0.0667": [0, 0, 0],
						"0.1": [0, 0, 0.15],
						"0.1333": [0, 0, 0]
					}
				},
				"bolt": {
					"position": {
						"0.0": [0, 0, 0],
						"0.0333": [0, 0, 3],
						"0.0667": [0, 0, 0]
					}
				},
				"constraint": {
					"position": {
						"0.0333": [0, 0, 0],
						"0.0667": [0, -0.01, 0.01],
						"0.1": [0, 0, 0]
					}
				}
			}
		},
		"draw": {
			"animation_length": 0.6,
			"bones": {
				"root": {
					"rotation": {
						"0.0": [0.81, -32.64, 33.95],
						"0.0333": [0.27, -29.86, 31.4],
						"0.0667": [-0.53, -25.86, 27.73],
						"0.1": [-1.28, -21.36, 23.7],
						"0.1333": [-1.65, -17.06, 20.1],
						"0.1667": [-1.47, -12.69, 17.07],
						"0.2": [-0.93, -8.04, 14.24],
						"0.2333": [-0.31, -3.86, 11.52],
						"0.2667": [0.1, -0.92, 8.88],
						"0.3": [0.23, 0.25, 6.05],
						"0.3333": [0.22, 0.18, 3.17],
						"0.3667": [0.16, -0.37, 0.67],
						"0.4": [0.11, -0.62, -0.98],
						"0.4333": [0.05, -0.14, -0.96],
						"0.4667": [-0.01, 0.27, 0.27],
						"0.5": [-0.02, 0.27, 0.3],
						"0.5333": [-0.01, 0.19, 0.21],
						"0.5667": [0, 0.07, 0.08],
						"0.6": [0, 0, 0]
					},
					"position": {
						"0.0": [-3.18, -5.58, 24],
						"0.0333": [-2.73, -4.99, 20.05],
						"0.0667": [-2.08, -4.13, 14.3],
						"0.1": [-1.41, -3.22, 8.44],
						"0.1333": [-0.9, -2.45, 4.15],
						"0.1667": [-0.45, -1.32, 1.17],
						"0.2": [-0.25, -0.53, 0.54],
						"0.2333": [-0.14, -0.24, -0.06],
						"0.2667": [-0.07, -0.1, -0.38],
						"0.3": [-0.03, -0.04, -0.5],
						"0.3333": [-0.01, -0.05, -0.36],
						"0.3667": [-0.02, -0.14, -0.04],
						"0.4": [-0.03, -0.19, 0.17],
						"0.4333": [-0.02, -0.13, 0.02],
						"0.4667": [-0.01, -0.05, -0.18],
						"0.5": [-0.01, -0.02, -0.16],
						"0.5333": [0, -0.01, -0.07],
						"0.5667": [0, 0, 0]
					}
				},
				"lefthand": {
					"rotation": [91.47237, -398.26212, -126.75784],
					"position": [7.75, -13, -3.5],
					"scale": [1, 1.5, 1]
				},
				"righthand": {
					"rotation": {
						"0.0333": [125.83218, -9.9242, -160.40804],
						"0.1667": [100.21875, 11.81504, -177.88617],
						"0.3": [100.21875, 11.81504, -177.88617]
					},
					"position": {
						"0.0333": [-14, -15.4, 3.5],
						"0.1667": [-7.9, -14.2, 2.4],
						"0.3": [-6.6, -14.2, 2.2]
					},
					"scale": [1, 1.5, 1]
				},
				"camera": {
					"rotation": {
						"0.0": [0, 0, 0],
						"0.0333": [0.01, 0.01, 0.02],
						"0.0667": [0.03, 0.03, 0.06],
						"0.1": [0.11, 0.06, 0.13],
						"0.1333": [0.43, 0.14, 0.35],
						"0.1667": [0.76, 0.22, 0.53],
						"0.2": [0.91, 0.23, 0.52],
						"0.2333": [1.01, 0.22, 0.45],
						"0.2667": [1.02, 0.19, 0.35],
						"0.3": [0.79, 0.09, 0.05],
						"0.3333": [0.48, 0, -0.17],
						"0.3667": [0.31, -0.02, -0.02],
						"0.4": [0.17, -0.01, 0.19],
						"0.4333": [-0.17, -0.01, 0.09],
						"0.4667": [-0.11, 0, 0.01],
						"0.5": [0, 0, -0.05],
						"0.5333": [0.01, 0, -0.05],
						"0.5667": [0.01, 0, -0.02],
						"0.6": [0, 0, 0]
					}
				}
			}
		},
		"put_away": {
			"animation_length": 0.4,
			"bones": {
				"root": {
					"rotation": {
						"0.0": {
							"post": [0, 0, 0],
							"lerp_mode": "catmullrom"
						},
						"0.1": {
							"post": [7.5, -15, 0],
							"lerp_mode": "catmullrom"
						},
						"0.2667": {
							"post": [3.34915, -53.64686, 15.2689],
							"lerp_mode": "catmullrom"
						},
						"0.4": {
							"post": [-20.85115, -72.47954, 42.16438],
							"lerp_mode": "catmullrom"
						}
					},
					"position": {
						"0.0": {
							"post": [0, 0, 0],
							"lerp_mode": "catmullrom"
						},
						"0.1333": {
							"post": [1.7375, -2.84375, 0],
							"lerp_mode": "catmullrom"
						},
						"0.2": {
							"post": [3.0875, -5.84375, 0],
							"lerp_mode": "catmullrom"
						},
						"0.3333": [6.24, -18.7875, 0]
					}
				},
				"lefthand": {
					"rotation": [91.47237, -398.26212, -126.75784],
					"position": [7.75, -13, -3.5],
					"scale": [1, 1.5, 1]
				},
				"righthand": {
					"rotation": [100.21875, 11.81504, -177.88617],
					"position": [-6.6, -14.2, 2.2],
					"scale": [1, 1.5, 1]
				},
				"camera": {
					"rotation": {
						"0.0": [0, 0, 0],
						"0.0333": [0.05, 0, -0.02],
						"0.0667": [0.12, 0, -0.04],
						"0.1": [0.18, 0, -0.07],
						"0.1333": [0.18, 0, -0.1],
						"0.1667": [0.07, 0, -0.14],
						"0.2": [-0.1, 0, -0.2],
						"0.2333": [-0.26, 0, -0.24],
						"0.2667": [-0.35, 0, -0.25],
						"0.3": [-0.32, 0, -0.21],
						"0.3333": [-0.21, 0, -0.13],
						"0.3667": [-0.08, 0, -0.05],
						"0.4": [0, 0, 0]
					}
				}
			}
		},
		"reload_tactical": {
			"loop": "hold_on_last_frame",
			"animation_length": 1.3,
			"bones": {
				"root": {
					"rotation": {
						"0.0": [0, 0, 0],
						"0.0333": [-1.25, -0.56, -0.93],
						"0.0667": [-2.5, -1.12, -1.86],
						"0.1": [-3.74906, -1.67196, -2.79827],
						"0.1333": [-7.54503, -2.92868, -6.48953],
						"0.1667": [-10.99713, -3.62169, -7.88353],
						"0.2": [-14.09996, -4.29146, -8.26018],
						"0.2333": [-16.64725, -4.45774, -9.19814],
						"0.2667": [-17.80699, -3.46309, -9.11563],
						"0.3": [-16.82946, -0.43419, -6.81738],
						"0.3333": [-14.12716, 2.53397, -4.96524],
						"0.3667": [-14.52716, 3.63397, -0.84024],
						"0.4": [-15.16, 2.43, -3.82],
						"0.4333": [-15.79, 1.23, -0.98],
						"0.4667": [-16.42, 0.02, -4.99],
						"0.5": [-17.05, -1.18, -8.13],
						"0.5333": [-17.68, -2.39, -13.8],
						"0.5667": [-18.31, -3.59, -24.57],
						"0.6": [-18.95, -4.8, -32.05],
						"0.6333": [-18.99, -4.8, -37.55],
						"0.6667": [-18.7, -4.8, -39.86],
						"0.7": [-18.7, -4.8, -36.5],
						"0.7333": [-18.9, -4.8, -33.75],
						"0.7667": [-18.7, -4.8, -30.95],
						"0.8": [-18.7, -4.8, -28.85],
						"0.8333": [-18.57395, -3.4345, -28.39122],
						"0.8667": [-19.9619, -6.4345, -26.54834],
						"0.9": [-19.63892, -2.6345, -27.01932],
						"0.9333": [-19.21892, -5.5345, -26.93754],
						"0.9667": [-17.4359, -4.5345, -27.40406],
						"1.0": [-16.96854, -5.2345, -24.43147],
						"1.0333": [-15.09022, -5.2345, -16.49769],
						"1.0667": [-11.36193, -4.6095, -10.6709],
						"1.1": [-6.7, -2.9, -6.95],
						"1.1333": [-2.2, -0.4, -3.05],
						"1.1667": [0.8, 0, -0.15],
						"1.2": [3.15, 0, 1.6],
						"1.2333": [3.8, 0, 1.325],
						"1.2667": [2.5, 0, -0.375],
						"1.3": [0, 0, 0]
					},
					"position": {
						"0.0": [0, 0, 0],
						"0.0333": [0, 0.1, 0],
						"0.0667": [0, 0.3, -0.075],
						"0.1": [-0.32, 0.9, -0.115],
						"0.1333": [-0.64, 1.5, -0.405],
						"0.1667": [-0.95, 2.1, -0.695],
						"0.2": [-1.27, 2.7, -0.985],
						"0.2333": [-1.58, 3.1, -1.275],
						"0.2667": [-1.9, 3.105, -1.575],
						"0.3": [-2.15, 3.16, -1.875],
						"0.3333": [-2.29, 1.465, -2.065],
						"0.3667": [-2.49, 1.465, -2.29],
						"0.4": [-2.69, 1.69, -2.44],
						"0.4333": [-2.85, 2.1, -2.52],
						"0.4667": [-2.84, 2.125, -2.55],
						"0.5": [-2.73, 2.125, -2.44],
						"0.5333": [-2.73, 2.125, -2.28],
						"0.5667": [-2.73, 2.125, -2.12],
						"0.6": [-2.705, 2.125, -1.96],
						"0.6333": [-2.43, 2.125, -1.94],
						"0.6667": [-1.98, 2.125, -1.94],
						"0.7": [-1.75, 2.125, -1.94],
						"0.7333": [-1.75, 2.125, -1.94],
						"0.7667": [-1.75, 1.925, -1.94],
						"0.8": [-1.55, 1.425, -1.86],
						"0.8333": [-1.25, 1.025, -1.78],
						"0.8667": [-1.15, 0.725, -1.7],
						"0.9": [-1.15, 0.955, -1.62],
						"0.9333": [-1.15, 1.78, -1.54],
						"0.9667": [-1, 2.48, -1.46],
						"1.0": [-0.62, 1.96, -1.21],
						"1.0333": [-0.08, 1.43, -0.95],
						"1.0667": [0.15, 1.01, -0.565],
						"1.1": [0.175, 0.65, -0.19],
						"1.1333": [0.125, 0.29, 0.035],
						"1.1667": [0.05, 0.005, 0.135],
						"1.2": [0, -0.145, 0.15],
						"1.2333": [0, -0.2, 0.15],
						"1.2667": [0, -0.2, 0.095],
						"1.3": [0, 0, 0]
					}
				},
				"lefthand": {
					"rotation": {
						"0.0": [91.47237, -398.26212, -126.75784],
						"0.0333": [91.47, -398.26, -126.76],
						"0.0667": [91.5915, -403.50813, -126.94544],
						"0.1": [91.59, -403.51, -126.95],
						"0.1333": [91.59, -403.51, -126.95],
						"0.1667": [91.59, -403.51, -126.95],
						"0.2": [91.59, -403.51, -126.95],
						"0.2333": [91.59, -403.51, -126.95],
						"0.2667": [91.59, -403.51, -126.95],
						"0.3": [91.59, -403.51, -126.95],
						"0.3333": [91.59, -403.51, -126.95],
						"0.3667": [91.59, -403.51, -126.95],
						"0.4": [91.59, -403.51, -126.95],
						"0.4333": [91.59, -403.51, -126.95],
						"0.4667": [91.59, -403.51, -126.95],
						"0.5": [91.59, -403.51, -126.95],
						"0.5333": [91.59, -403.51, -126.95],
						"0.5667": [91.59, -403.51, -126.95],
						"0.6": [91.43472, -396.51243, -126.70894],
						"0.6333": [91.43, -396.51, -126.71],
						"0.6667": [91.43, -396.51, -126.71],
						"0.7": [91.43, -396.51, -126.71],
						"0.7333": [93.27593, -396.40733, -129.81586],
						"0.7667": [93.28, -396.41, -129.82],
						"0.8": [93.28, -396.41, -129.82],
						"0.8333": [93.28, -396.41, -129.82],
						"0.8667": [93.28, -396.41, -129.82],
						"0.9": [93.28, -396.41, -129.82],
						"0.9333": [93.28, -396.41, -129.82],
						"0.9667": [93.28, -396.41, -129.82],
						"1.0": [93.28, -396.41, -129.82],
						"1.0333": [93.28, -396.41, -129.82],
						"1.0667": [93.28, -396.41, -129.82],
						"1.1": [93.28, -396.41, -129.82],
						"1.1333": [92.98, -396.72, -129.31],
						"1.1667": [92.23, -397.49, -128.03],
						"1.2": [91.47237, -398.26212, -126.75784]
					},
					"position": {
						"0.0": [7.75, -13, -3.5],
						"0.0333": [7.75, -13, -3.5],
						"0.0667": [8.45, -13.3, -3.625],
						"0.1": [14.53, -17.425, 1.15],
						"0.1333": [14.53, -18.02, 6.85],
						"0.1667": [21.305, -27.995, 20],
						"0.2": [21.305, -27.995, 20],
						"0.2333": [21.305, -27.995, 20],
						"0.2667": [21.305, -27.995, 20],
						"0.3": [21.305, -27.995, 20],
						"0.3333": [21.305, -27.995, 20],
						"0.3667": [21.305, -27.995, 20],
						"0.4": [21.305, -27.995, 20],
						"0.4333": [21.305, -27.995, 20],
						"0.4667": [15.58, -26.045, 17.75],
						"0.5": [15.58, -26.04, 17.75],
						"0.5333": [15.58, -26.04, 17.75],
						"0.5667": [15.88, -25.54, 17.75],
						"0.6": [15.655, -25.89, 18.575],
						"0.6333": [15.155, -25.61, 18.58],
						"0.6667": [14.98, -25.635, 18.005],
						"0.7": [14.785, -25.56, 17.06],
						"0.7333": [14.79, -25.56, 16.735],
						"0.7667": [14.79, -25.56, 16.74],
						"0.8": [14.79, -25.335, 16.815],
						"0.8333": [14.79, -25.56, 16.74],
						"0.8667": [14.665, -26.66, 16.74],
						"0.9": [14.515, -26.21, 16.74],
						"0.9333": [14.19, -26.21, 16.74],
						"0.9667": [14.19, -26.21, 16.74],
						"1.0": [14.19, -26.21, 16.74],
						"1.0333": [14.19, -26.21, 16.74],
						"1.0667": [6.915, -19.98, 3.89],
						"1.1": [9.355, -18.28, 2.205],
						"1.1333": [9.09, -14.325, -1.9],
						"1.1667": [8.095, -12.885, -3.67],
						"1.2": [7.75, -13, -3.5]
					},
					"scale": [1, 1.5, 1]
				},
				"righthand": {
					"rotation": [100.21875, 11.81504, -177.88617],
					"position": [-6.6, -14.2, 2.2],
					"scale": [1, 1.5, 1]
				},
				"mag_and_lefthand": {
					"rotation": {
						"0.0": [0, 0, 0],
						"0.0333": [0, 0, 0],
						"0.0667": [0, 0, 0],
						"0.1": [0, 0, 0],
						"0.1333": [0, 0, 0],
						"0.1667": [0, 0, 0],
						"0.2": [0, 0, 0],
						"0.2333": [0, 0, 0],
						"0.2667": [0, 0, 0],
						"0.3": [0, 0, 0],
						"0.3333": [0, 0, 0],
						"0.3667": [0, 0, 0],
						"0.4": [0, 0, 0],
						"0.4333": [0, 0, 0],
						"0.4667": [0, 0, 0],
						"0.5": [0, 0, 0],
						"0.5333": [0, 0, 0],
						"0.5667": [0, 0, 0],
						"0.6": [0, 0, 0],
						"0.6333": [0, 0, 0],
						"0.6667": [0, 0, 0],
						"0.7": [0, 0, 0],
						"0.7333": [0, 0, 0],
						"0.7667": [0, 0, 0],
						"0.8": [0, 0, 0],
						"0.8333": [0, 0, 0],
						"0.8667": [0, 0, 0],
						"0.9": [0, 0, 0],
						"0.9333": [0, 0, 0],
						"0.9667": [0, 0, 0],
						"1.0": [0, 0, 0],
						"1.0333": [0, 0, 0],
						"1.0667": [0, 0, 0]
					},
					"position": {
						"0.0": [0, 0, 0],
						"0.0333": [0, 0, 0],
						"0.0667": [0, 0, 0],
						"0.1": [0, 0, 0],
						"0.1333": [0, 0, 0],
						"0.1667": [0, 0, 0],
						"0.2": [0, 0, 0],
						"0.2333": [0, 0, 0],
						"0.2667": [0, 0, 0],
						"0.3": [0, 0, 0],
						"0.3333": [0, 0, 0],
						"0.3667": [0, 0, 0],
						"0.4": [0, 0, 0],
						"0.4333": [0, 0, 0],
						"0.4667": [0, 0, 0],
						"0.5": [4.575, -4.1, -10.625],
						"0.5333": [-2.92, 0.425, -12.445],
						"0.5667": [-5.67, -0.12, -12.44],
						"0.6": [-6.595, 1.08, -12.99],
						"0.6333": [-6.815, 1.33, -12.965],
						"0.6667": [-7.31, 1.78, -12.99],
						"0.7": [-7.41, 1.78, -12.99],
						"0.7333": [-7.31, 1.78, -12.99],
						"0.7667": [-7.31, 1.78, -12.99],
						"0.8": [-7.31, 1.78, -12.99],
						"0.8333": [-7.31, 3.88, -12.99],
						"0.8667": [-7.31, 5.88, -12.99],
						"0.9": [-7.31, 6.005, -12.94],
						"0.9333": [-7.31, 5.88, -12.99],
						"0.9667": [-7.31, 5.88, -12.99],
						"1.0": [-7.31, 5.88, -12.99],
						"1.0333": [-7.31, 5.88, -12.99],
						"1.0667": [0, 0, 0]
					}
				},
				"mag_and_bullet": {
					"rotation": {
						"0.0": [0, 0, 0],
						"0.0333": [0, 0, 0],
						"0.0667": [0, 0, 0],
						"0.1": [0, 0, 0],
						"0.1333": [0, 0, 0],
						"0.1667": [0, 0, 0],
						"0.2": [0, 0, 0],
						"0.2333": [0, 0, 0],
						"0.2667": [0, 0, 0],
						"0.3": [0, 0, 0],
						"0.3333": [0, 0, 0],
						"0.3667": [0, 0, 0],
						"0.4": [0, 0, 0],
						"0.4333": [0, 0, 0],
						"0.4667": [0, 0, -27.5],
						"0.5": [0, 0, -27.5],
						"0.5333": [0, 0, -22.9],
						"0.5667": [8.9515, -0.93693, -16.47334],
						"0.6": [15.15, -0.94, -16.47],
						"0.6333": [15.15, -0.94, -11.47],
						"0.6667": [6.22514, -2.17706, -1.2],
						"0.7": [2.63, -2.18, -1.2],
						"0.7333": [2.63, -2.18, -1.2],
						"0.7667": [2.63, -2.18, -1.2],
						"0.8": [2.63, -2.18, -1.2],
						"0.8333": [2.63, -2.18, -1.2],
						"0.8667": [2.63, -2.18, -1.2],
						"0.9": [0, 0, 0],
						"0.9333": [0, 0, 0],
						"0.9667": [0, 0, 0],
						"1.0": [0, 0, 0],
						"1.0333": [0, 0, 0],
						"1.0667": [0, 0, 0]
					},
					"position": {
						"0.0": [0, 0, 0],
						"0.0333": [0, 0, 0],
						"0.0667": [0, 0, 0],
						"0.1": [0, 0, 0],
						"0.1333": [0, 0, 0],
						"0.1667": [0, 0, 0],
						"0.2": [0, 0, 0],
						"0.2333": [0, 0, 0],
						"0.2667": [0, 0, 0],
						"0.3": [0, 0, 0],
						"0.3333": [0, -1.425, 0],
						"0.3667": [0, -5.42, 0],
						"0.4": [0, -10.42, 0],
						"0.4333": [15.3, -7.92, 16],
						"0.4667": [7.85, -7.62, 14.3],
						"0.5": [7.85, -7.62, 14.3],
						"0.5333": [7.85, -7.62, 14.3],
						"0.5667": [7.85, -5.87, 14.3],
						"0.6": [7.95, -6.045, 14.3],
						"0.6333": [7.575, -6.04, 14.3],
						"0.6667": [7.425, -6.04, 13.55],
						"0.7": [7.305, -5.715, 13.075],
						"0.7333": [7.31, -5.71, 13.08],
						"0.7667": [7.31, -5.71, 13.08],
						"0.8": [7.31, -5.71, 13.08],
						"0.8333": [7.31, -5.71, 13.08],
						"0.8667": [7.31, -5.71, 13.08],
						"0.9": [7.31, -5.71, 13.08],
						"0.9333": [7.31, -5.71, 13.08],
						"0.9667": [7.31, -5.71, 13.08],
						"1.0": [7.31, -5.71, 13.08],
						"1.0333": [7.31, -5.71, 13.08],
						"1.0667": [0, 0, 0]
					},
					"scale": 1
				},
				"camera": {
					"rotation": {
						"0.0": {
							"post": [0, 0, 0],
							"lerp_mode": "catmullrom"
						},
						"0.3": {
							"post": [-1.025, 0, 0],
							"lerp_mode": "catmullrom"
						},
						"0.3333": {
							"post": [0.58, 0, 0],
							"lerp_mode": "catmullrom"
						},
						"0.3667": {
							"post": [1.33, 0, 0],
							"lerp_mode": "catmullrom"
						},
						"0.5": {
							"post": [1.105, 0, 0],
							"lerp_mode": "catmullrom"
						},
						"0.6667": {
							"post": [0.235, 0, 1],
							"lerp_mode": "catmullrom"
						},
						"0.7": {
							"post": [0.04, 0, 0.275],
							"lerp_mode": "catmullrom"
						},
						"0.7333": {
							"post": [0.01, 0, 1],
							"lerp_mode": "catmullrom"
						},
						"0.7667": {
							"post": [0.09, 0, 0.175],
							"lerp_mode": "catmullrom"
						},
						"0.8": {
							"post": [0.21, 0, 0.725],
							"lerp_mode": "catmullrom"
						},
						"0.8333": {
							"post": [0.24, 0, 0.105],
							"lerp_mode": "catmullrom"
						},
						"0.9": {
							"post": [0.24, 0, 0.4],
							"lerp_mode": "catmullrom"
						},
						"1.0": {
							"post": [-0.56, 0, 0.3],
							"lerp_mode": "catmullrom"
						},
						"1.1333": {
							"post": [0, 0, 0],
							"lerp_mode": "catmullrom"
						},
						"1.3": {
							"post": [0, 0, 0],
							"lerp_mode": "catmullrom"
						}
					}
				}
			},
			"sound_effects": {
				"0.0": {
					"effect": "ex:mp7/mp7_sleight_of_hand_tactical"
				}
			}
		},
		"reload_empty": {
			"animation_length": 1.5,
			"bones": {
				"root": {
					"rotation": {
						"0.0": [0, 0, 0],
						"0.0333": [-1.25, -0.56, -0.93],
						"0.0667": [-2.5, -1.12, -1.86],
						"0.1": [-3.74906, -1.67196, -2.79827],
						"0.1333": [-7.54503, -2.92868, -6.48953],
						"0.1667": [-10.99713, -3.62169, -7.88353],
						"0.2": [-14.09996, -4.29146, -8.26018],
						"0.2333": [-16.64725, -4.45774, -9.19814],
						"0.2667": [-17.80699, -3.46309, -9.11563],
						"0.3": [-16.82946, -0.43419, -6.81738],
						"0.3333": [-14.12716, 2.53397, -4.96524],
						"0.3667": [-14.52716, 3.63397, -1.54024],
						"0.4": [-15.16, 2.43, -8.42],
						"0.4333": [-15.79, 1.23, -3.68],
						"0.4667": [-16.42, 0.02, -5.39],
						"0.5": [-17.05, -1.18, -9.23],
						"0.5333": [-17.68, -2.39, -15],
						"0.5667": [-18.31, -3.59, -26.62],
						"0.6": [-18.95, -4.8, -33.75],
						"0.6333": [-18.99, -4.8, -38.45],
						"0.6667": [-18.7, -4.8, -39.86],
						"0.7": [-18.7, -4.8, -36.5],
						"0.7333": [-18.9, -4.8, -33.75],
						"0.7667": [-18.7, -4.8, -30.95],
						"0.8": [-18.7, -4.8, -29.95],
						"0.8333": [-16.77395, -5.2345, -29.29122],
						"0.8667": [-14.1619, -6.54132, -28.14834],
						"0.9": [-15.33892, -2.01025, -26.11932],
						"0.9333": [-19.51892, -8.40066, -25.43754],
						"0.9667": [-21.5359, -8.84051, -23.20406],
						"1.0": [-19.36854, -7.82207, -19.83147],
						"1.0333": [-19.17, -7.67, -16.54],
						"1.0667": [-17.77, -8.045, -21.94],
						"1.1": [-16.97, -9.6, -17.24],
						"1.1333": [-13.81, -9.4, -20.84],
						"1.1667": [-11.61, -9.2, -18.34],
						"1.2": [-10.83, -9, -18.05],
						"1.2333": [-12.45, -8.8, -17.75],
						"1.2667": [-14.39022, -6.97878, -15.09769],
						"1.3": [-10.96193, -5.49625, -10.6709],
						"1.3333": [-7.5, -2.9, -6.95],
						"1.3667": [-3.2, -0.4, -3.05],
						"1.4": [0.9, -0.4, -0.2],
						"1.4333": [3.55, -0.4, 2.3],
						"1.4667": [3.3, -0.4, 2.1],
						"1.5": [0, 0, 0]
					},
					"position": {
						"0.0": [0, 0, 0],
						"0.0333": [0, 0.1, 0],
						"0.0667": [0, 0.3, -0.075],
						"0.1": [-0.32, 0.9, -0.115],
						"0.1333": [-0.64, 1.5, -0.355],
						"0.1667": [-0.95, 2.1, -0.645],
						"0.2": [-1.27, 2.7, -0.935],
						"0.2333": [-1.58, 3.1, -1.225],
						"0.2667": [-1.9, 3.355, -1.525],
						"0.3": [-2.15, 3.41, -1.825],
						"0.3333": [-2.29, 1.465, -2.065],
						"0.3667": [-2.49, 1.465, -2.29],
						"0.4": [-2.69, 1.69, -2.44],
						"0.4333": [-2.85, 2.2, -2.645],
						"0.4667": [-2.84, 2.225, -2.6],
						"0.5": [-2.73, 2.225, -2.44],
						"0.5333": [-2.73, 2.225, -2.28],
						"0.5667": [-2.73, 2.225, -2.12],
						"0.6": [-2.655, 2.225, -1.96],
						"0.6333": [-2.455, 2.225, -1.94],
						"0.6667": [-1.98, 2.225, -1.94],
						"0.7": [-1.75, 2.225, -1.94],
						"0.7333": [-1.75, 2.1, -1.94],
						"0.7667": [-1.75, 1.925, -1.94],
						"0.8": [-1.55, 1.425, -1.86],
						"0.8333": [-1.275, 1.025, -1.78],
						"0.8667": [-1.15, 0.725, -1.7],
						"0.9": [-1.15, 0.955, -1.62],
						"0.9333": [-1.15, 1.48, -1.465],
						"0.9667": [-1.15, 1.88, -1.185],
						"1.0": [-0.905, 1.98, -0.865],
						"1.0333": [-0.47, 1.96, -0.24],
						"1.0667": [-0.43, 1.94, -0.82],
						"1.1": [-0.39, 1.92, -1.05],
						"1.1333": [-0.36, 1.9, -1.11],
						"1.1667": [-0.32, 1.88, -1.13],
						"1.2": [-0.24, 1.85, -1.065],
						"1.2333": [0.005, 1.48, -0.955],
						"1.2667": [0.325, 1.11, -0.615],
						"1.3": [0.44, 0.95, -0.36],
						"1.3333": [0.37, 0.79, -0.23],
						"1.3667": [0.3, 0.63, -0.125],
						"1.4": [0.23, 0.47, -0.08],
						"1.4333": [0.15, 0.31, -0.075],
						"1.4667": [0.08, 0.16, -0.005],
						"1.5": [0, 0, 0]
					}
				},
				"lefthand": {
					"rotation": {
						"0.0": [91.47237, -398.26212, -126.75784],
						"0.0333": [91.47, -398.26, -126.76],
						"0.0667": [91.5915, -403.50813, -126.94544],
						"0.1": [91.59, -403.51, -126.95],
						"0.1333": [91.59, -403.51, -126.95],
						"0.1667": [91.59, -403.51, -126.95],
						"0.2": [91.59, -403.51, -126.95],
						"0.2333": [91.59, -403.51, -126.95],
						"0.2667": [91.59, -403.51, -126.95],
						"0.3": [91.59, -403.51, -126.95],
						"0.3333": [91.59, -403.51, -126.95],
						"0.3667": [91.59, -403.51, -126.95],
						"0.4": [91.59, -403.51, -126.95],
						"0.4333": [91.59, -403.51, -126.95],
						"0.4667": [91.59, -403.51, -126.95],
						"0.5": [91.59, -403.51, -126.95],
						"0.5333": [91.59, -403.51, -126.95],
						"0.5667": [91.59, -403.51, -126.95],
						"0.6": [91.43472, -396.51243, -126.70894],
						"0.6333": [91.43, -396.51, -126.71],
						"0.6667": [91.43, -396.51, -126.71],
						"0.7": [91.43, -396.51, -126.71],
						"0.7333": [93.27593, -396.40733, -129.81586],
						"0.7667": [93.28, -396.41, -129.82],
						"0.8": [93.28, -396.41, -129.82],
						"0.8333": [93.28, -396.41, -129.82],
						"0.8667": [93.28, -396.41, -129.82],
						"0.9": [93.28, -396.41, -129.82],
						"0.9333": [93.28, -396.41, -129.82],
						"0.9667": [93.28, -396.41, -129.82],
						"1.0": [93.28, -396.41, -129.82],
						"1.0333": [93.28, -396.41, -129.82],
						"1.0667": [93.28, -396.41, -129.82],
						"1.1": [93.28, -396.41, -129.82],
						"1.1333": [93.28, -396.41, -129.82],
						"1.1667": [93.28, -396.41, -129.82],
						"1.2": [93.28, -396.41, -129.82],
						"1.2333": [93.28, -396.41, -129.82],
						"1.2667": [93.28, -396.41, -129.82],
						"1.3": [93.28, -396.41, -129.82],
						"1.3333": [93.28, -396.41, -129.82],
						"1.3667": [93.28, -396.41, -129.82],
						"1.4": [93.28, -396.41, -129.82],
						"1.4333": [92.98, -396.72, -129.31],
						"1.4667": [92.23, -397.49, -128.03],
						"1.5": [91.47237, -398.26212, -126.75784]
					},
					"position": {
						"0.0": [7.75, -13, -3.5],
						"0.0333": [7.75, -13, -3.5],
						"0.0667": [8.45, -13.3, -3.625],
						"0.1": [14.53, -17.425, 1.15],
						"0.1333": [14.53, -18.02, 6.85],
						"0.1667": [21.305, -27.995, 20],
						"0.2": [21.305, -27.995, 20],
						"0.2333": [21.305, -27.995, 20],
						"0.2667": [21.305, -27.995, 20],
						"0.3": [21.305, -27.995, 20],
						"0.3333": [21.305, -27.995, 20],
						"0.3667": [21.305, -27.995, 20],
						"0.4": [21.305, -27.995, 20],
						"0.4333": [21.305, -27.995, 20],
						"0.4667": [15.58, -26.045, 17.75],
						"0.5": [15.58, -26.04, 17.75],
						"0.5333": [15.58, -26.04, 17.75],
						"0.5667": [15.88, -25.54, 17.75],
						"0.6": [15.655, -25.89, 18.575],
						"0.6333": [15.155, -25.61, 18.58],
						"0.6667": [14.98, -25.635, 18.005],
						"0.7": [14.785, -25.56, 17.06],
						"0.7333": [14.79, -25.56, 16.735],
						"0.7667": [14.79, -25.56, 16.74],
						"0.8": [14.79, -25.335, 16.815],
						"0.8333": [14.79, -25.56, 16.74],
						"0.8667": [14.665, -26.66, 16.74],
						"0.9": [14.515, -26.21, 16.74],
						"0.9333": [14.19, -26.21, 16.74],
						"0.9667": [14.19, -26.21, 16.74],
						"1.0": [14.19, -26.21, 16.74],
						"1.0333": [14.19, -26.21, 16.74],
						"1.0667": [6.915, -19.98, 3.89],
						"1.1": [6.915, -19.98, 3.89],
						"1.1333": [6.915, -19.98, 3.89],
						"1.1667": [6.915, -19.98, 3.89],
						"1.2": [6.915, -19.98, 3.89],
						"1.2333": [6.915, -19.98, 3.89],
						"1.2667": [6.915, -19.98, 3.89],
						"1.3": [6.915, -19.98, 3.89],
						"1.3333": [6.915, -19.98, 3.89],
						"1.3667": [6.915, -19.98, 3.89],
						"1.4": [9.355, -18.28, 2.205],
						"1.4333": [9.09, -14.325, -1.9],
						"1.4667": [8.095, -12.885, -3.67],
						"1.5": [7.75, -13, -3.5]
					},
					"scale": [1, 1.5, 1]
				},
				"righthand": {
					"rotation": [100.21875, 11.81504, -177.88617],
					"position": [-6.6, -14.2, 2.2],
					"scale": [1, 1.5, 1]
				},
				"bolt": {
					"position": {
						"0.0": [0, 0, 3],
						"1.0333": [0, 0, 3],
						"1.0667": [0, 0, 0]
					}
				},
				"mag_and_lefthand": {
					"rotation": {
						"0.0": [0, 0, 0],
						"0.0333": [0, 0, 0],
						"0.0667": [0, 0, 0],
						"0.1": [0, 0, 0],
						"0.1333": [0, 0, 0],
						"0.1667": [0, 0, 0],
						"0.2": [0, 0, 0],
						"0.2333": [0, 0, 0],
						"0.2667": [0, 0, 0],
						"0.3": [0, 0, 0],
						"0.3333": [0, 0, 0],
						"0.3667": [0, 0, 0],
						"0.4": [0, 0, 0],
						"0.4333": [0, 0, 0],
						"0.4667": [0, 0, 0],
						"0.5": [0, 0, 0],
						"0.5333": [0, 0, 0],
						"0.5667": [0, 0, 0],
						"0.6": [0, 0, 0],
						"0.6333": [0, 0, 0],
						"0.6667": [0, 0, 0],
						"0.7": [0, 0, 0],
						"0.7333": [0, 0, 0],
						"0.7667": [0, 0, 0],
						"0.8": [0, 0, 0],
						"0.8333": [0, 0, 0],
						"0.8667": [0, 0, 0],
						"0.9": [0, 0, 0],
						"0.9333": [0, 0, 0],
						"0.9667": [0, 0, 0],
						"1.0": [0, 0, 0],
						"1.0333": [0, 0, 0],
						"1.0667": [0, 0, 0]
					},
					"position": {
						"0.0": [0, 0, 0],
						"0.0333": [0, 0, 0],
						"0.0667": [0, 0, 0],
						"0.1": [0, 0, 0],
						"0.1333": [0, 0, 0],
						"0.1667": [0, 0, 0],
						"0.2": [0, 0, 0],
						"0.2333": [0, 0, 0],
						"0.2667": [0, 0, 0],
						"0.3": [0, 0, 0],
						"0.3333": [0, 0, 0],
						"0.3667": [0, 0, 0],
						"0.4": [0, 0, 0],
						"0.4333": [0, 0, 0],
						"0.4667": [0, 0, 0],
						"0.5": [4.575, -4.1, -10.625],
						"0.5333": [-2.92, 0.425, -12.445],
						"0.5667": [-5.67, -0.12, -12.44],
						"0.6": [-6.595, 1.08, -12.99],
						"0.6333": [-6.815, 1.33, -12.965],
						"0.6667": [-7.31, 1.78, -12.99],
						"0.7": [-7.41, 1.78, -12.99],
						"0.7333": [-7.31, 1.78, -12.99],
						"0.7667": [-7.31, 1.78, -12.99],
						"0.8": [-7.31, 1.78, -12.99],
						"0.8333": [-7.31, 3.88, -12.99],
						"0.8667": [-7.31, 5.88, -12.99],
						"0.9": [-7.31, 6.005, -12.94],
						"0.9333": [-7.31, 5.88, -12.99],
						"0.9667": [-7.31, 5.88, -12.99],
						"1.0": [-7.31, 5.88, -12.99],
						"1.0333": [-7.31, 5.88, -12.99],
						"1.0667": [0, 0, 0]
					}
				},
				"mag_and_bullet": {
					"rotation": {
						"0.0": [0, 0, 0],
						"0.0333": [0, 0, 0],
						"0.0667": [0, 0, 0],
						"0.1": [0, 0, 0],
						"0.1333": [0, 0, 0],
						"0.1667": [0, 0, 0],
						"0.2": [0, 0, 0],
						"0.2333": [0, 0, 0],
						"0.2667": [0, 0, 0],
						"0.3": [0, 0, 0],
						"0.3333": [0, 0, 0],
						"0.3667": [0, 0, 0],
						"0.4": [0, 0, 0],
						"0.4333": [0, 0, 0],
						"0.4667": [0, 0, -27.5],
						"0.5": [0, 0, -27.5],
						"0.5333": [0, 0, -22.9],
						"0.5667": [8.9515, -0.93693, -16.47334],
						"0.6": [15.15, -0.94, -16.47],
						"0.6333": [15.15, -0.94, -11.47],
						"0.6667": [6.22514, -2.17706, -1.2],
						"0.7": [2.63, -2.18, -1.2],
						"0.7333": [2.63, -2.18, -1.2],
						"0.7667": [2.63, -2.18, -1.2],
						"0.8": [2.63, -2.18, -1.2],
						"0.8333": [2.63, -2.18, -1.2],
						"0.8667": [2.63, -2.18, -1.2],
						"0.9": [0, 0, 0],
						"0.9333": [0, 0, 0],
						"0.9667": [0, 0, 0],
						"1.0": [0, 0, 0],
						"1.0333": [0, 0, 0],
						"1.0667": [0, 0, 0]
					},
					"position": {
						"0.0": [0, 0, 0],
						"0.0333": [0, 0, 0],
						"0.0667": [0, 0, 0],
						"0.1": [0, 0, 0],
						"0.1333": [0, 0, 0],
						"0.1667": [0, 0, 0],
						"0.2": [0, 0, 0],
						"0.2333": [0, 0, 0],
						"0.2667": [0, 0, 0],
						"0.3": [0, 0, 0],
						"0.3333": [0, -1.425, 0],
						"0.3667": [0, -5.42, 0],
						"0.4": [0, -10.42, 0],
						"0.4333": [15.3, -7.92, 16],
						"0.4667": [7.85, -7.62, 14.3],
						"0.5": [7.85, -7.62, 14.3],
						"0.5333": [7.85, -7.62, 14.3],
						"0.5667": [7.85, -5.87, 14.3],
						"0.6": [7.95, -6.045, 14.3],
						"0.6333": [7.575, -6.04, 14.3],
						"0.6667": [7.425, -6.04, 13.55],
						"0.7": [7.305, -5.715, 13.075],
						"0.7333": [7.31, -5.71, 13.08],
						"0.7667": [7.31, -5.71, 13.08],
						"0.8": [7.31, -5.71, 13.08],
						"0.8333": [7.31, -5.71, 13.08],
						"0.8667": [7.31, -5.71, 13.08],
						"0.9": [7.31, -5.71, 13.08],
						"0.9333": [7.31, -5.71, 13.08],
						"0.9667": [7.31, -5.71, 13.08],
						"1.0": [7.31, -5.71, 13.08],
						"1.0333": [7.31, -5.71, 13.08],
						"1.0667": [0, 0, 0]
					},
					"scale": 1
				},
				"camera": {
					"rotation": {
						"0.0": {
							"post": [0, 0, 0],
							"lerp_mode": "catmullrom"
						},
						"0.3": {
							"post": [-1.025, 0, 0],
							"lerp_mode": "catmullrom"
						},
						"0.3333": {
							"post": [0.58, 0, 0],
							"lerp_mode": "catmullrom"
						},
						"0.3667": {
							"post": [1.33, 0, 0],
							"lerp_mode": "catmullrom"
						},
						"0.5": {
							"post": [1.105, 0, 0],
							"lerp_mode": "catmullrom"
						},
						"0.6333": {
							"post": [0.535, 0, 1],
							"lerp_mode": "catmullrom"
						},
						"0.7": {
							"post": [0.04, 0, 0.275],
							"lerp_mode": "catmullrom"
						},
						"0.7333": {
							"post": [0.01, 0, 1],
							"lerp_mode": "catmullrom"
						},
						"0.7667": {
							"post": [0.09, 0, 0.175],
							"lerp_mode": "catmullrom"
						},
						"0.8333": {
							"post": [0.01, 0, 0.725],
							"lerp_mode": "catmullrom"
						},
						"0.9": {
							"post": [0.04, 0, 0.105],
							"lerp_mode": "catmullrom"
						},
						"1.0": {
							"post": [0.04, 0, -0.395],
							"lerp_mode": "catmullrom"
						},
						"1.0333": {
							"post": [0.04, -0.6, 0.61],
							"lerp_mode": "catmullrom"
						},
						"1.0667": {
							"post": [0.04, 0, -0.7],
							"lerp_mode": "catmullrom"
						},
						"1.2": {
							"post": [-0.26, 0, 0.3],
							"lerp_mode": "catmullrom"
						},
						"1.3333": {
							"post": [0, 0, 0],
							"lerp_mode": "catmullrom"
						},
						"1.5": {
							"post": [0, 0, 0],
							"lerp_mode": "catmullrom"
						}
					}
				},
				"46x3": {
					"position": {
						"0.9": [0, -0.4, -0.6],
						"0.9333": [0, -0.4, -0.6],
						"0.9667": [0, -0.2, -0.6],
						"1.0333": [0, -0.2, -0.6],
						"1.0667": [0, 0, 0]
					},
					"scale": {
						"0.0": [0, 0, 0],
						"0.9": [0, 0, 0],
						"0.9333": [1, 1, 1]
					}
				}
			},
			"sound_effects": {
				"0.0": {
					"effect": "ex:mp7/mp7_sleight_of_hand_empty"
				}
			}
		},
		"inspect": {
			"animation_length": 5,
			"bones": {
				"root": {
					"rotation": {
						"0.0": [0, 0, 0],
						"0.125": [-12.92661, -14.30524, -7.46942],
						"0.2083": {
							"pre": [-18.51394, -28.63407, -15.97497],
							"post": [-18.51394, -28.63407, -15.97497],
							"lerp_mode": "catmullrom"
						},
						"0.25": [-18.51394, -30.43407, -15.97497],
						"0.2917": [-18.51394, -30.43407, -15.97497],
						"0.3333": [-18.51394, -30.43407, -15.97497],
						"0.4167": [-18.51394, -28.83407, -15.97497],
						"0.5": [-18.51394, -30.43407, -15.97497],
						"0.5833": [-18.51394, -28.83407, -15.97497],
						"0.7083": [-18.51394, -30.43407, -15.97497],
						"0.875": [-18.51394, -33.73407, -15.97497],
						"1.0": [-18.51394, -33.73407, -14.37497],
						"1.125": [-18.51394, -31.43407, -14.37497],
						"1.25": [-18.51394, -28.63407, -15.97497],
						"1.375": [-18.51394, -27.23407, -15.97497],
						"1.5417": [-18.51394, -27.23407, -15.97497],
						"1.6667": [-18.51394, -27.23407, -14.52],
						"1.7917": [-18.51394, -27.23407, -12.87497],
						"1.875": [-18.51394, -29.53407, -12.27497],
						"2.0": {
							"pre": [-20.91394, -23.93407, -8.27497],
							"post": [-20.91394, -23.93407, -8.27497],
							"lerp_mode": "catmullrom"
						},
						"2.0833": [-41.82851, -1.49811, 6.69643],
						"2.25": {
							"pre": [-55.84133, 33.37175, 57.6761],
							"post": [-55.84133, 33.37175, 57.6761],
							"lerp_mode": "catmullrom"
						},
						"2.375": [-55.75942, 33.48741, 68.91913],
						"2.5": [-54.83512, 33.48741, 70.0211],
						"2.6667": [-55.25095, 33.48741, 70.13672],
						"2.9167": [-55.38, 33.48741, 71.94],
						"3.0833": [-55.5, 33.48741, 71.64],
						"3.3333": {
							"pre": [-55.63825, 36.68741, 72.36287],
							"post": [-55.63825, 36.68741, 72.36287],
							"lerp_mode": "catmullrom"
						},
						"3.5": [-55.63825, 51.60227, 72.36287],
						"3.75": {
							"pre": [-55.3, 60.24, 72.36287],
							"post": [-55.3, 60.24, 72.36287],
							"lerp_mode": "catmullrom"
						},
						"3.9583": [-55.15, 58.41, 72.36287],
						"4.0417": [-54.7, 54.14, 72.36287],
						"4.1667": [-53.89, 37.35, 65.17],
						"4.25": {
							"pre": [-48.8, 22.38, 51.24],
							"post": [-48.8, 22.38, 51.24],
							"lerp_mode": "catmullrom"
						},
						"4.375": {
							"post": [-32.96969, -2.07286, 30.22359],
							"lerp_mode": "catmullrom"
						},
						"4.4583": [-19.48485, -1.03643, 21.0118],
						"4.5833": [-6.9388, -0.55625, 14.68076],
						"4.625": [-4.63102, -0.48139, 13.11942],
						"4.7083": [-2.00521, -0.46117, 11.73757],
						"4.875": [0, 0, 0]
					},
					"position": {
						"0.0": [0, 0, 0],
						"0.0833": [-0.07, 1.13, -0.2],
						"0.1667": [-0.13, 1.8, -0.4],
						"0.25": [-0.51, 2.37, -0.8],
						"0.375": [-0.8, 3.1, -1.1],
						"0.4583": [-1, 3.1, -1.1],
						"0.5417": [-1, 3.125, -1.1],
						"0.6667": [-1, 2.525, -1.1],
						"0.75": [-1, 2.325, -1.1],
						"0.8333": [-1, 2.525, -1.1],
						"1.0": [-1, 2.425, -1.1],
						"1.0833": [-1, 2.625, -1.1],
						"1.1667": [-1, 2.625, -1.1],
						"1.5417": [-1, 2.325, -1.1],
						"1.625": [-1, 2.125, -1.1],
						"1.8333": {
							"pre": [-1, 2.125, -1.1],
							"post": [-1, 2.125, -1.1],
							"lerp_mode": "catmullrom"
						},
						"1.9167": [-0.7, 1.725, -1.1],
						"2.0417": {
							"pre": [0.05, 0.95, -0.9],
							"post": [0.05, 0.95, -0.9],
							"lerp_mode": "catmullrom"
						},
						"2.1667": [1.85, 1, -0.6],
						"2.3333": {
							"pre": [2.5, 1.5, 0],
							"post": [2.5, 1.5, 0],
							"lerp_mode": "catmullrom"
						},
						"2.4583": [2.6, 1.525, 0.3],
						"2.5833": [2.5, 1.66, 0.3],
						"2.7917": [2.5, 1.62, 0.3],
						"3.3333": {
							"pre": [2.5, 1.6, 0.3],
							"post": [2.5, 1.6, 0.3],
							"lerp_mode": "catmullrom"
						},
						"3.5833": [2.5, 1.98, 0.3],
						"3.8333": [2.5, 1.97, 0.3],
						"4.0417": {
							"pre": [2.5, 1.96, -0.09],
							"post": [2.5, 1.96, -0.09],
							"lerp_mode": "catmullrom"
						},
						"4.2083": [2.3, 1, 0.4],
						"4.3333": [1.38, 0.055, 0.88],
						"4.4167": {
							"pre": [0.2, -0.2, 0.9],
							"post": [0.2, -0.2, 0.9],
							"lerp_mode": "catmullrom"
						},
						"4.6667": [0, 0, 0.02],
						"4.75": [0, -0.2, -0.17],
						"4.9167": [0, 0, 0]
					}
				},
				"constraint": {
					"rotation": [0.2, 0.2, 0.4],
					"position": [0.1, 0.1, 0.1]
				},
				"righthand": {
					"rotation": {
						"0.0": [100.21875, 11.81504, -177.88617],
						"0.2083": [100.06338, 6.40083, -178.86657],
						"2.0": [100.06338, 6.40083, -178.86657],
						"2.0833": [100.21875, 11.81504, -177.88617]
					},
					"position": {
						"0.0": [-6.6, -14.2, 2.2],
						"0.2083": [-8.25, -14.2, 2.2],
						"2.0": [-8.25, -14.2, 2.2],
						"2.0833": [-6.6, -14.2, 2.2]
					},
					"scale": [1, 1.5, 1]
				},
				"lefthand": {
					"rotation": {
						"0.0": [91.47237, -398.26212, -126.75784],
						"2.0833": [91.47237, -398.26212, -126.75784],
						"2.25": [26.83812, -368.44881, -176.37023],
						"4.125": [26.83812, -368.44881, -176.37023],
						"4.2917": [91.47237, -398.26212, -126.75784],
						"4.5": [91.47237, -398.26212, -126.75784]
					},
					"position": {
						"0.0": [7.75, -13, -3.5],
						"0.5": [21.89, -29.62, 25.26],
						"1.8333": [-3.11, -29.62, 25.26],
						"2.0833": [4.265, -13.62, -4.09],
						"2.25": [8.51, -12.07, -0.49],
						"4.2083": [8.51, -12.07, -0.49],
						"4.5": [7.75, -13, -3.5]
					},
					"scale": {
						"0.0": [1, 1.5, 1],
						"0.5": [0, 0, 0],
						"1.8333": [0, 0, 0],
						"2.0417": [1, 1, 1],
						"2.0833": [1, 1.5, 1],
						"4.2083": [1, 1.5, 1]
					}
				},
				"camera": {
					"rotation": {
						"0.0": {
							"post": [0, 0, 0],
							"lerp_mode": "catmullrom"
						},
						"0.0833": {
							"post": [2.38, -0.16, 0],
							"lerp_mode": "catmullrom"
						},
						"0.2083": {
							"post": [2.43, -0.21, 0],
							"lerp_mode": "catmullrom"
						},
						"0.2917": {
							"post": [1.29, 0.36, 0],
							"lerp_mode": "catmullrom"
						},
						"0.4167": {
							"post": [-1, 1.5, 0],
							"lerp_mode": "catmullrom"
						},
						"0.5833": {
							"post": [-3.00275, 2.49939, -0.03503],
							"lerp_mode": "catmullrom"
						},
						"0.9167": {
							"post": [-1.25, 2.5, -0.04],
							"lerp_mode": "catmullrom"
						},
						"1.2083": {
							"post": [-1.53, 3.04, -0.05],
							"lerp_mode": "catmullrom"
						},
						"1.8333": {
							"post": [0.26, 0.25, 0.06],
							"lerp_mode": "catmullrom"
						},
						"2.0": {
							"post": [-0.74, 0.75, 0.02],
							"lerp_mode": "catmullrom"
						},
						"2.1667": {
							"post": [0.76, 0.15, 0.08],
							"lerp_mode": "catmullrom"
						},
						"2.375": {
							"post": [1.76, 1.75, 0.08],
							"lerp_mode": "catmullrom"
						},
						"2.5": {
							"post": [1.47, 1.75, 0.08],
							"lerp_mode": "catmullrom"
						},
						"2.5833": {
							"post": [1.4, 1.75, 0.08],
							"lerp_mode": "catmullrom"
						},
						"2.75": {
							"post": [1.32, 1.75, 0.08],
							"lerp_mode": "catmullrom"
						},
						"2.9167": {
							"post": [1.06, 1.75, 0.08],
							"lerp_mode": "catmullrom"
						},
						"3.2917": {
							"post": [0.36, 1.75, 0.08],
							"lerp_mode": "catmullrom"
						},
						"3.375": {
							"post": [0.04, 1.75, 0.08],
							"lerp_mode": "catmullrom"
						},
						"3.5": {
							"post": [-0.41, 1.75, 0.08],
							"lerp_mode": "catmullrom"
						},
						"3.625": {
							"post": [-0.82, 1.75, 0.08],
							"lerp_mode": "catmullrom"
						},
						"3.6667": {
							"post": [-0.77, 1.75, 0.08],
							"lerp_mode": "catmullrom"
						},
						"3.8333": {
							"post": [-0.75, 1.75, 0.08],
							"lerp_mode": "catmullrom"
						},
						"4.125": {
							"post": [1.47363, 1.72336, 0.52936],
							"lerp_mode": "catmullrom"
						},
						"4.2083": {
							"post": [0.29018, 1.7103, 1.07967],
							"lerp_mode": "catmullrom"
						},
						"4.375": {
							"post": [1.29018, 1.7103, 1.07967],
							"lerp_mode": "catmullrom"
						},
						"4.4583": {
							"post": [2.13, 1.06, 0.67],
							"lerp_mode": "catmullrom"
						},
						"4.5833": {
							"post": [1.91, 0.55, 0.35],
							"lerp_mode": "catmullrom"
						},
						"4.7083": {
							"post": [-1, 0, 0],
							"lerp_mode": "catmullrom"
						},
						"4.8333": {
							"post": [0.4, 0, 0],
							"lerp_mode": "catmullrom"
						},
						"4.9583": {
							"post": [0, 0, 0],
							"lerp_mode": "catmullrom"
						}
					}
				}
			},
			"sound_effects": {
				"0.0": {
					"effect": "ex:mp7/mp7_inspect"
				}
			}
		},
		"inspect_empty": {
			"animation_length": 5,
			"bones": {
				"root": {
					"rotation": {
						"0.0": [0, 0, 0],
						"0.125": [-12.92661, -14.30524, -7.46942],
						"0.2083": {
							"pre": [-18.51394, -28.63407, -15.97497],
							"post": [-18.51394, -28.63407, -15.97497],
							"lerp_mode": "catmullrom"
						},
						"0.25": [-18.51394, -30.43407, -15.97497],
						"0.2917": [-18.51394, -30.43407, -15.97497],
						"0.3333": [-18.51394, -30.43407, -15.97497],
						"0.4167": [-18.51394, -28.83407, -15.97497],
						"0.5": [-18.51394, -30.43407, -15.97497],
						"0.5833": [-18.51394, -28.83407, -15.97497],
						"0.7083": [-18.51394, -30.43407, -15.97497],
						"0.875": [-18.51394, -33.73407, -15.97497],
						"1.0": [-18.51394, -33.73407, -14.37497],
						"1.125": [-18.51394, -31.43407, -14.37497],
						"1.25": [-18.51394, -28.63407, -15.97497],
						"1.375": [-18.51394, -27.23407, -15.97497],
						"1.5417": [-18.51394, -27.23407, -15.97497],
						"1.6667": [-18.51394, -27.23407, -14.52],
						"1.7917": [-18.51394, -27.23407, -12.87497],
						"1.875": [-18.51394, -29.53407, -12.27497],
						"2.0": {
							"pre": [-20.91394, -23.93407, -8.27497],
							"post": [-20.91394, -23.93407, -8.27497],
							"lerp_mode": "catmullrom"
						},
						"2.0833": [-41.82851, -1.49811, 6.69643],
						"2.25": {
							"pre": [-55.84133, 33.37175, 57.6761],
							"post": [-55.84133, 33.37175, 57.6761],
							"lerp_mode": "catmullrom"
						},
						"2.375": [-55.75942, 33.48741, 68.91913],
						"2.5": [-54.83512, 33.48741, 70.0211],
						"2.6667": [-55.25095, 33.48741, 70.13672],
						"2.9167": [-55.38, 33.48741, 71.94],
						"3.0833": [-55.5, 33.48741, 71.64],
						"3.3333": {
							"pre": [-55.63825, 36.68741, 72.36287],
							"post": [-55.63825, 36.68741, 72.36287],
							"lerp_mode": "catmullrom"
						},
						"3.5": [-55.63825, 51.60227, 72.36287],
						"3.75": {
							"pre": [-55.3, 60.24, 72.36287],
							"post": [-55.3, 60.24, 72.36287],
							"lerp_mode": "catmullrom"
						},
						"3.9583": [-55.15, 58.41, 72.36287],
						"4.0417": [-54.7, 54.14, 72.36287],
						"4.1667": [-53.89, 37.35, 65.17],
						"4.25": {
							"pre": [-48.8, 22.38, 51.24],
							"post": [-48.8, 22.38, 51.24],
							"lerp_mode": "catmullrom"
						},
						"4.375": {
							"post": [-32.96969, -2.07286, 30.22359],
							"lerp_mode": "catmullrom"
						},
						"4.4583": [-19.48485, -1.03643, 21.0118],
						"4.5833": [-6.9388, -0.55625, 14.68076],
						"4.625": [-4.63102, -0.48139, 13.11942],
						"4.7083": [-2.00521, -0.46117, 11.73757],
						"4.875": [0, 0, 0]
					},
					"position": {
						"0.0": [0, 0, 0],
						"0.0833": [-0.07, 1.13, -0.2],
						"0.1667": [-0.13, 1.8, -0.4],
						"0.25": [-0.51, 2.37, -0.8],
						"0.375": [-0.8, 3.1, -1.1],
						"0.4583": [-1, 3.1, -1.1],
						"0.5417": [-1, 3.125, -1.1],
						"0.6667": [-1, 2.525, -1.1],
						"0.75": [-1, 2.325, -1.1],
						"0.8333": [-1, 2.525, -1.1],
						"1.0": [-1, 2.425, -1.1],
						"1.0833": [-1, 2.625, -1.1],
						"1.1667": [-1, 2.625, -1.1],
						"1.5417": [-1, 2.325, -1.1],
						"1.625": [-1, 2.125, -1.1],
						"1.8333": {
							"pre": [-1, 2.125, -1.1],
							"post": [-1, 2.125, -1.1],
							"lerp_mode": "catmullrom"
						},
						"1.9167": [-0.7, 1.725, -1.1],
						"2.0417": {
							"pre": [0.05, 0.95, -0.9],
							"post": [0.05, 0.95, -0.9],
							"lerp_mode": "catmullrom"
						},
						"2.1667": [1.85, 1, -0.6],
						"2.3333": {
							"pre": [2.5, 1.5, 0],
							"post": [2.5, 1.5, 0],
							"lerp_mode": "catmullrom"
						},
						"2.4583": [2.6, 1.525, 0.3],
						"2.5833": [2.5, 1.66, 0.3],
						"2.7917": [2.5, 1.62, 0.3],
						"3.3333": {
							"pre": [2.5, 1.6, 0.3],
							"post": [2.5, 1.6, 0.3],
							"lerp_mode": "catmullrom"
						},
						"3.5833": [2.5, 1.98, 0.3],
						"3.8333": [2.5, 1.97, 0.3],
						"4.0417": {
							"pre": [2.5, 1.96, -0.09],
							"post": [2.5, 1.96, -0.09],
							"lerp_mode": "catmullrom"
						},
						"4.2083": [2.3, 1, 0.4],
						"4.3333": [1.38, 0.055, 0.88],
						"4.4167": {
							"pre": [0.2, -0.2, 0.9],
							"post": [0.2, -0.2, 0.9],
							"lerp_mode": "catmullrom"
						},
						"4.6667": [0, 0, 0.02],
						"4.75": [0, -0.2, -0.17],
						"4.9167": [0, 0, 0]
					}
				},
				"constraint": {
					"rotation": [0.2, 0.2, 0.4],
					"position": [0.1, 0.1, 0.1]
				},
				"righthand": {
					"rotation": {
						"0.0": [100.21875, 11.81504, -177.88617],
						"0.2083": [100.06338, 6.40083, -178.86657],
						"2.0": [100.06338, 6.40083, -178.86657],
						"2.0833": [100.21875, 11.81504, -177.88617]
					},
					"position": {
						"0.0": [-6.6, -14.2, 2.2],
						"0.2083": [-8.25, -14.2, 2.2],
						"2.0": [-8.25, -14.2, 2.2],
						"2.0833": [-6.6, -14.2, 2.2]
					},
					"scale": [1, 1.5, 1]
				},
				"lefthand": {
					"rotation": {
						"0.0": [91.47237, -398.26212, -126.75784],
						"2.0833": [91.47237, -398.26212, -126.75784],
						"2.25": [26.83812, -368.44881, -176.37023],
						"4.125": [26.83812, -368.44881, -176.37023],
						"4.2917": [91.47237, -398.26212, -126.75784],
						"4.5": [91.47237, -398.26212, -126.75784]
					},
					"position": {
						"0.0": [7.75, -13, -3.5],
						"0.5": [21.89, -29.62, 25.26],
						"1.8333": [-3.11, -29.62, 25.26],
						"2.0833": [4.265, -13.62, -4.09],
						"2.25": [8.51, -12.07, -0.49],
						"4.2083": [8.51, -12.07, -0.49],
						"4.5": [7.75, -13, -3.5]
					},
					"scale": {
						"0.0": [1, 1.5, 1],
						"0.5": [0, 0, 0],
						"1.8333": [0, 0, 0],
						"2.0417": [1, 1, 1],
						"2.0833": [1, 1.5, 1],
						"4.2083": [1, 1.5, 1]
					}
				},
				"camera": {
					"rotation": {
						"0.0": {
							"post": [0, 0, 0],
							"lerp_mode": "catmullrom"
						},
						"0.0833": {
							"post": [2.38, -0.16, 0],
							"lerp_mode": "catmullrom"
						},
						"0.2083": {
							"post": [2.43, -0.21, 0],
							"lerp_mode": "catmullrom"
						},
						"0.2917": {
							"post": [1.29, 0.36, 0],
							"lerp_mode": "catmullrom"
						},
						"0.4167": {
							"post": [-1, 1.5, 0],
							"lerp_mode": "catmullrom"
						},
						"0.5833": {
							"post": [-3.00275, 2.49939, -0.03503],
							"lerp_mode": "catmullrom"
						},
						"0.9167": {
							"post": [-1.25, 2.5, -0.04],
							"lerp_mode": "catmullrom"
						},
						"1.2083": {
							"post": [-1.53, 3.04, -0.05],
							"lerp_mode": "catmullrom"
						},
						"2.0": {
							"post": [-0.74, 0.75, 0.02],
							"lerp_mode": "catmullrom"
						},
						"2.0833": {
							"post": [0.26, 0.25, 0.06],
							"lerp_mode": "catmullrom"
						},
						"2.1667": {
							"post": [0.76, 0.15, 0.08],
							"lerp_mode": "catmullrom"
						},
						"2.375": {
							"post": [1.76, 1.75, 0.08],
							"lerp_mode": "catmullrom"
						},
						"2.5": {
							"post": [1.47, 1.75, 0.08],
							"lerp_mode": "catmullrom"
						},
						"2.5833": {
							"post": [1.4, 1.75, 0.08],
							"lerp_mode": "catmullrom"
						},
						"2.75": {
							"post": [1.32, 1.75, 0.08],
							"lerp_mode": "catmullrom"
						},
						"2.9167": {
							"post": [1.06, 1.75, 0.08],
							"lerp_mode": "catmullrom"
						},
						"3.2917": {
							"post": [0.36, 1.75, 0.08],
							"lerp_mode": "catmullrom"
						},
						"3.375": {
							"post": [0.04, 1.75, 0.08],
							"lerp_mode": "catmullrom"
						},
						"3.5": {
							"post": [-0.41, 1.75, 0.08],
							"lerp_mode": "catmullrom"
						},
						"3.625": {
							"post": [-0.82, 1.75, 0.08],
							"lerp_mode": "catmullrom"
						},
						"3.6667": {
							"post": [-0.77, 1.75, 0.08],
							"lerp_mode": "catmullrom"
						},
						"3.8333": {
							"post": [-0.75, 1.75, 0.08],
							"lerp_mode": "catmullrom"
						},
						"4.125": {
							"post": [1.47363, 1.72336, 0.52936],
							"lerp_mode": "catmullrom"
						},
						"4.2083": {
							"post": [0.29018, 1.7103, 1.07967],
							"lerp_mode": "catmullrom"
						},
						"4.375": {
							"post": [1.29018, 1.7103, 1.07967],
							"lerp_mode": "catmullrom"
						},
						"4.4583": {
							"post": [2.13, 1.06, 0.67],
							"lerp_mode": "catmullrom"
						},
						"4.5833": {
							"post": [1.91, 0.55, 0.35],
							"lerp_mode": "catmullrom"
						},
						"4.7083": {
							"post": [-1, 0, 0],
							"lerp_mode": "catmullrom"
						},
						"4.8333": {
							"post": [0.4, 0, 0],
							"lerp_mode": "catmullrom"
						},
						"4.9583": {
							"post": [0, 0, 0],
							"lerp_mode": "catmullrom"
						}
					}
				},
				"bolt": {
					"position": [0, 0, 3]
				},
				"46x3": {
					"scale": 0
				}
			},
			"sound_effects": {
				"0.0": {
					"effect": "ex:mp7/mp7_inspect"
				}
			}
		},
		"run_start": {
			"animation_length": 0.55,
			"bones": {
				"root": {
					"rotation": {
						"0.0": [0, 0, 0],
						"0.05": [2.8, -0.48, 3.97],
						"0.1": [5.79, -1.19, 9.23],
						"0.15": [1.73, -2.05, 11.57],
						"0.2": [-10.48, -2.9, 9.39],
						"0.25": [-28.47, -3.91, 4.94],
						"0.3": [-46.79, -4.85, 0.12],
						"0.35": [-59.98, -5.5, -3.14],
						"0.4": [-66.1, -5.75, -4.18],
						"0.45": [-68.22, -5.72, -4.06],
						"0.5": [-68.4, -5.59, -3.49],
						"0.55": [-68.73, -5.5, -3.14]
					},
					"position": {
						"0.0": [0, 0, 0],
						"0.05": [0.06, -0.64, -0.32],
						"0.1": [0.17, -1.58, -0.79],
						"0.15": [0.17, -2.44, -1.22],
						"0.2": [-0.09, -2.83, -1.45],
						"0.25": [-1.13, -2.25, -1.28],
						"0.3": [-2.54, -1.06, -0.83],
						"0.35": [-3.57, -0.19, 0.29],
						"0.4": [-3.83, -0.04, 1.03],
						"0.45": [-3.82, -0.12, 1.79],
						"0.5": [-3.71, -0.28, 2.41],
						"0.55": [-3.64, -0.08, 2.66]
					}
				},
				"lefthand_pos": {
					"position": {
						"0.0": [0, 0, 0],
						"0.1": [-7.17, -3.67, 0],
						"0.2": [-11.83, -12.08, 2],
						"0.3": [-14, -25, 15.5]
					},
					"scale": {
						"0.2": [1, 1, 1],
						"0.3": [0, 0, 0]
					}
				},
				"camera": {
					"rotation": {
						"0.0": {
							"post": [0, 0, 0],
							"lerp_mode": "catmullrom"
						},
						"0.1": {
							"post": [0.75, 0, -0.5],
							"lerp_mode": "catmullrom"
						},
						"0.2": {
							"post": [-0.25, 0, 0.1875],
							"lerp_mode": "catmullrom"
						},
						"0.3": {
							"post": [0, 0, 0],
							"lerp_mode": "catmullrom"
						},
						"0.4": {
							"post": [0, 0, 0],
							"lerp_mode": "catmullrom"
						}
					}
				}
			}
		},
		"run": {
			"loop": true,
			"animation_length": 0.8,
			"bones": {
				"root": {
					"rotation": {
						"0.0": [-68.73, -5.5, -3.14],
						"0.05": [-68.99, -7.39, -3.57],
						"0.1": [-69.36, -9.11, -3.81],
						"0.15": [-69.45, -10.1, -3.75],
						"0.2": [-68.82, -9.82, -3.09],
						"0.25": [-67.92, -8.81, -2.13],
						"0.3": [-67.68, -8.15, -1.7],
						"0.35": [-68.9, -8.72, -2.46],
						"0.4": [-70.77, -9.63, -3.74],
						"0.45": [-71.87, -9.32, -4.34],
						"0.5": [-71.58, -7.25, -3.75],
						"0.55": [-70.7, -4.07, -2.59],
						"0.6": [-69.68, -1.04, -1.42],
						"0.65": [-68.98, 0.57, -0.8],
						"0.7": [-68.67, -0.33, -1.21],
						"0.75": [-68.65, -3, -2.27],
						"0.8": [-68.73, -5.5, -3.14]
					},
					"position": {
						"0.0": [-3.64, -0.08, 2.66],
						"0.05": [-3.63, -0.22, 2.66],
						"0.1": [-3.66, -0.57, 2.66],
						"0.15": [-3.67, -0.93, 2.66],
						"0.2": [-3.64, -1.08, 2.66],
						"0.25": [-3.52, -0.88, 2.66],
						"0.3": [-3.34, -0.48, 2.66],
						"0.35": [-3.19, -0.09, 2.66],
						"0.4": [-3.14, 0.07, 2.66],
						"0.45": [-3.26, -0.17, 2.66],
						"0.5": [-3.5, -0.64, 2.66],
						"0.55": [-3.74, -1.12, 2.66],
						"0.6": [-3.89, -1.34, 2.66],
						"0.65": [-3.89, -1.16, 2.66],
						"0.7": [-3.81, -0.74, 2.66],
						"0.75": [-3.71, -0.3, 2.66],
						"0.8": [-3.64, -0.08, 2.66]
					}
				},
				"lefthand_pos": {
					"position": [-14, -25, 15.5],
					"scale": 0
				},
				"camera": {
					"rotation": {
						"0.0": [0, 0, 0],
						"0.05": [0.09, 0, 0.15],
						"0.1": [0.13, 0, 0.25],
						"0.15": [-0.07, 0, 0.07],
						"0.2": [-0.25, 0, -0.12],
						"0.25": [-0.15, 0, -0.09],
						"0.3": [0, 0, 0],
						"0.35": [0.02, 0, 0.02],
						"0.4": [0, 0, 0],
						"0.45": [-0.01, 0, -0.08],
						"0.5": [0, 0, -0.12],
						"0.55": [0.08, 0, 0],
						"0.6": [0.13, 0, 0.13],
						"0.65": [0, 0, 0.08],
						"0.7": [-0.12, 0, 0],
						"0.75": [-0.09, 0, -0.02],
						"0.8": [0, 0, 0]
					}
				}
			}
		},
		"run_hold": {
			"animation_length": 0.2917,
			"bones": {
				"root": {
					"rotation": [-68.73, -5.5, -3.14],
					"position": [-3.64, -0.08, 2.66]
				},
				"lefthand_pos": {
					"position": [-14, -25, 15.5],
					"scale": 0
				}
			}
		},
		"run_end": {
			"animation_length": 0.65,
			"bones": {
				"root": {
					"rotation": {
						"0.0": [-68.73, -5.5, -3.14],
						"0.05": [-55.61, -4.21, 0.37],
						"0.1": [-36.44, -2.32, 5.59],
						"0.15": [-17.16, -0.44, 10.34],
						"0.2": [-3.66, 0.81, 12.47],
						"0.25": [1.72, 1.17, 10.52],
						"0.3": [2.4, 1, 5.92],
						"0.35": [1.03, 0.62, 0.91],
						"0.4": [0.28, 0.35, -2.3],
						"0.45": [0.49, 0.21, -2.71],
						"0.5": [0.23, 0.09, -1.23],
						"0.55": [0, 0, 0],
						"0.6": [-0.02, -0.02, 0.14],
						"0.65": [0, 0, 0]
					},
					"position": {
						"0.0": [-3.64, -0.08, 2.66],
						"0.05": [-2.73, -1.11, -1.21],
						"0.1": [-1.47, -2.08, -1.96],
						"0.15": [-0.5, -2.5, -2.25],
						"0.2": [-0.17, -2.06, -1.84],
						"0.25": [-0.04, -1.17, -1.06],
						"0.3": [-0.01, -0.24, -0.23],
						"0.35": [0.02, 0.37, 0.3],
						"0.4": [0.06, 0.47, 0.4],
						"0.45": [0.05, 0.22, 0.18],
						"0.5": [0.03, 0.01, -0.01],
						"0.55": [0.02, -0.02, -0.03],
						"0.6": [0.01, -0.01, -0.01],
						"0.65": [0, 0, 0]
					}
				},
				"camera": {
					"rotation": {
						"0.25": {
							"pre": [0, 0, 0],
							"post": [0, 0, 0],
							"lerp_mode": "catmullrom"
						},
						"0.3": {
							"post": [0, 0, 0.3],
							"lerp_mode": "catmullrom"
						},
						"0.35": {
							"post": [0, 0, -0.125],
							"lerp_mode": "catmullrom"
						},
						"0.45": {
							"post": [0, 0, 0],
							"lerp_mode": "catmullrom"
						}
					}
				},
				"lefthand_pos": {
					"position": {
						"0.0": [-14, -25, 15.5],
						"0.1": [-11.83, -12.08, 2],
						"0.2": [-7.17, -3.67, 0],
						"0.3": [0, 0, 0]
					},
					"scale": {
						"0.15": [0, 0, 0],
						"0.2": [1, 1, 1]
					}
				}
			}
		}
	}
}