{
	"format_version": "1.8.0",
	"animations": {
		"static_idle": {
			"loop": true,
			"bones": {
				"root": {
					"rotation": [0, 0, 0],
					"position": [0, 0, 0]
				},
				"righthand": {
					"rotation": [99.92205, 19.38449, -168.50279],
					"position": [-6.8, -15.825, 0.45],
					"scale": [1, 1.5, 1]
				},
				"lefthand": {
					"rotation": [107.0152, -378.11296, -163.85497],
					"position": [8.375, -15, -12],
					"scale": [1, 1.5, 1]
				},
				"constraint": {
					"rotation": [0.2, 0.2, 0.4],
					"position": [0.1, 0.1, 0.1]
				}
			}
		},
		"draw": {
			"animation_length": 1,
			"bones": {
				"root": {
					"rotation": {
						"0.05": [-89.46, -17.41, -10.01],
						"0.1": [-82.77, -16.02, -9.96],
						"0.15": [-73.21, -14.03, -9.98],
						"0.2": [-62.04, -11.71, -9.96],
						"0.25": [-50.51, -9.35, -9.8],
						"0.3": [-39.89, -7.22, -9.41],
						"0.35": [-31.43, -5.62, -8.69],
						"0.4": [-19.88, -3.84, -5.63],
						"0.45": [-11.94, -3.02, -1.63],
						"0.5": [-5.94, -2.47, 1.04],
						"0.55": [-0.29, -1.99, 0.46],
						"0.6": [2.08, -1.75, -1.15],
						"0.65": [1.23, -0.63, 0.25],
						"0.7": [0.46, -0.29, 0.15],
						"0.75": [-0.19, -0.08, -0.07],
						"0.8": [-0.24, -0.01, 0.15],
						"0.85": [-0.1, 0, 0.36],
						"0.9": [-0.06, 0.01, 0.28],
						"0.95": [-0.03, 0, 0.12],
						"1.0": [0, 0, 0]
					},
					"position": {
						"0.0": [0.95, -16.23, 13.84],
						"0.05": [-1.66, -12.09, 11.5],
						"0.1": [-3.8, -7.22, 8.13],
						"0.15": [-3.53, -5.77, 6.53],
						"0.2": [-2.73, -4.4, 4.67],
						"0.25": [-1.68, -3.18, 2.8],
						"0.3": [-0.67, -2.17, 1.13],
						"0.35": [0, -1.4, -0.09],
						"0.4": [0.39, -0.86, -1.2],
						"0.45": [0.27, -1, -1.04],
						"0.5": [0.14, -0.8, -0.07],
						"0.55": [-0.02, -0.58, 0.87],
						"0.6": [0, -0.12, -0.33],
						"0.65": [0, -0.07, -0.35],
						"0.7": [0, -0.06, -0.22],
						"0.75": [0, -0.05, -0.1],
						"0.8": [0, -0.03, -0.05],
						"0.85": [0, -0.01, -0.02],
						"0.9": [0, 0, 0]
					}
				},
				"righthand": {
					"rotation": [99.92, 19.38, -168.5],
					"position": [-6.8, -15.82, 0.45],
					"scale": [1, 1.5, 1]
				},
				"lefthand": {
					"rotation": {
						"0.0": [92.17, -389.29, -152.93],
						"0.05": [89.08, -395.63, -152.1],
						"0.1": [84.45, -405.09, -150.81],
						"0.15": [80.66, -413.35, -149.94],
						"0.2": [80.1, -416.13, -150.37],
						"0.25": [84.72, -410.29, -152.93],
						"0.3": [92.8, -398.8, -156.95],
						"0.35": [101.26, -386.46, -161.06],
						"0.4": [107.02, -378.11, -163.85]
					},
					"position": {
						"0.0": [7, -9, -7],
						"0.05": [6.97, -8.79, -5.8],
						"0.1": [6.91, -8.44, -3.99],
						"0.15": [6.9, -8.3, -2.49],
						"0.2": [7, -8.68, -2.2],
						"0.25": [7.28, -9.94, -3.85],
						"0.3": [7.69, -11.82, -6.8],
						"0.35": [8.1, -13.71, -9.9],
						"0.4": [8.38, -15, -12]
					},
					"scale": [1, 1.5, 1]
				},
				"camera": {
					"rotation": {
						"0.0": [0, 0, 0],
						"0.05": [0.02, 0.02, -0.02],
						"0.1": [0.11, 0.09, -0.12],
						"0.15": [0.3, 0.2, -0.32],
						"0.2": [0.52, 0.35, -0.58],
						"0.25": [0.6, 0.43, -0.75],
						"0.3": [0.17, 0.35, -0.76],
						"0.35": [-0.28, 0.21, -0.65],
						"0.4": [-0.23, 0.15, -0.6],
						"0.45": [-0.04, 0.09, -0.53],
						"0.5": [0.15, 0.05, -0.4],
						"0.55": [0.6, 0.02, 0.34],
						"0.6": [-0.1, 0, -0.12],
						"0.65": [-0.06, 0, -0.04],
						"0.7": [0.07, 0, 0.09],
						"0.75": [0.05, 0, 0.05],
						"0.8": [0, 0, -0.01],
						"0.85": [-0.01, 0, -0.01],
						"0.9": [0, 0, -0.01],
						"0.95": [0, 0, 0]
					}
				},
				"constraint": {
					"rotation": {
						"0.0": [1, 1, 1],
						"0.35": [0.2, 0.2, 0.2],
						"0.6": [0.2, 0.2, 0.4]
					},
					"position": {
						"0.0": [1, 1, 1],
						"0.35": [0.2, 0.2, 0.2],
						"0.6": [0.1, 0.1, 0.1]
					}
				}
			},
			"sound_effects": {
				"0.0": {
					"effect": "p23_sn_alpha50_raise_quick_rattle"
				}
			}
		},
		"put_away": {
			"animation_length": 0.75,
			"bones": {
				"root": {
					"rotation": {
						"0.0": [0, 0, 0],
						"0.05": [-0.85, -0.23, -0.27],
						"0.1": [-4.53, -1.25, -1.42],
						"0.15": [-10.68, -3.18, -3.32],
						"0.2": [-18.83, -5.67, -5.85],
						"0.25": [-27.15, -7.52, -8.53],
						"0.3": [-35.55, -9.16, -12.21],
						"0.35": [-44.11, -10.16, -16.05],
						"0.4": [-51.25, -7.99, -16.99],
						"0.45": [-58.25, 4.49, -9.44],
						"0.5": [-62.53, 20.1, 0.61],
						"0.55": [-63.39, 36.12, 8.34],
						"0.6": [-64.82, 44.7, 12.09],
						"0.65": [-69.68, 37.23, 8.74],
						"0.7": [-76.05, 23.54, 2.53],
						"0.75": [-80.65, 13.33, -2.1]
					},
					"position": {
						"0.0": [0, 0, 0],
						"0.05": [-0.12, -0.58, 0.03],
						"0.1": [-0.38, -1.54, 0.09],
						"0.15": [-0.66, -2.49, 0.16],
						"0.2": [-1.02, -3.6, 0.24],
						"0.25": [-1.55, -4.62, 0.28],
						"0.3": [-2.33, -5.41, 0.24],
						"0.35": [-3.26, -6.11, 0.16],
						"0.4": [-4.15, -6.85, 0.1],
						"0.45": [-5.09, -7.92, -0.38],
						"0.5": [-6.3, -9.55, 0.09],
						"0.55": [-7.17, -10.76, 1.22],
						"0.6": [-8.27, -12.31, 2.88],
						"0.65": [-9.41, -13.94, 4.72],
						"0.7": [-10.42, -15.38, 6.39],
						"0.75": [-11.12, -16.37, 7.52]
					}
				},
				"righthand": {
					"rotation": {
						"0.0": [99.92, 19.38, -168.5],
						"0.05": [99.92, 19.38, -168.5],
						"0.1": [99.92, 19.38, -168.5],
						"0.15": [99.92, 19.38, -168.5],
						"0.2": [99.92, 19.38, -168.5],
						"0.25": [100.31, 6.7, -126.63],
						"0.3": [100.71, -5.99, -84.76],
						"0.35": [101.1, -18.68, -42.89],
						"0.4": [101.49, -31.37, -1.01],
						"0.45": [134.22, -0.75, -33.36],
						"0.5": [133.46, -1.55, -35.09],
						"0.55": [132.7, -2.35, -36.82],
						"0.6": [131.94, -3.15, -38.55]
					},
					"position": {
						"0.0": [-6.8, -15.82, 0.45],
						"0.05": [-6.8, -15.82, 0.45],
						"0.1": [-6.8, -15.82, 0.45],
						"0.15": [-7.99, -14.14, 2.3],
						"0.2": [-9.18, -12.46, 4.15],
						"0.25": [-6.83, -11.64, 2.45],
						"0.3": [-4.49, -10.81, 0.76],
						"0.35": [-2.15, -9.99, -0.94],
						"0.4": [-1.99, -13.28, -8.41],
						"0.45": [-2.55, -13.43, -10.79],
						"0.5": [-2.66, -13.2, -11.16],
						"0.55": [-2.77, -12.98, -11.53],
						"0.6": [-2.88, -12.75, -11.9]
					},
					"scale": [1, 1.5, 1]
				},
				"lefthand": {
					"rotation": [107.02, -378.11, -163.85],
					"position": {
						"0.0": [8.38, -15, -12],
						"0.05": [8.38, -15.62, -10.31],
						"0.1": [8.38, -15, -8.62]
					},
					"scale": [1, 1.5, 1]
				},
				"camera": {
					"rotation": {
						"0.0": [0, 0, 0],
						"0.05": [-0.17, 0, -0.08],
						"0.1": [-0.22, 0, -0.12],
						"0.15": [-0.06, 0, -0.11],
						"0.2": [0.21, 0, -0.07],
						"0.25": [0.5, 0, 0.01],
						"0.3": [0.73, 0, 0.18],
						"0.35": [1.04, 0, 0.9],
						"0.4": [1.13, 0, 1.58],
						"0.45": [0.91, 0, 1.71],
						"0.5": [0.56, 0, 1.69],
						"0.55": [0.28, 0, 1.5],
						"0.6": [0.16, 0, 1.19],
						"0.65": [0.08, 0, 0.75],
						"0.7": [0.04, 0, 0.3],
						"0.75": [0, 0, 0]
					}
				},
				"constraint": {
					"rotation": {
						"0.0": [0.2, 0.2, 0.4],
						"0.15": [0.8, 0.8, 0.8],
						"0.45": [1, 1, 1]
					},
					"position": {
						"0.0": [0.1, 0.1, 0.1],
						"0.15": [0.8, 0.8, 0.8],
						"0.45": [1, 1, 1]
					}
				}
			},
			"sound_effects": {
				"0.0": {
					"effect": "p23_sn_alpha50_drop_rattle"
				}
			}
		},
		"bolt": {
			"animation_length": 1.2667,
			"bones": {
				"root": {
					"rotation": {
						"0.0": [0, 0, 0],
						"0.0167": [0.13, -0.1, 0.48],
						"0.0333": [0.31, -0.22, 1.14],
						"0.05": [0.52, -0.37, 1.94],
						"0.0667": [0.76, -0.55, 2.79],
						"0.0833": [1.01, -0.74, 3.63],
						"0.1": [1.27, -0.95, 4.39],
						"0.1167": [1.54, -1.16, 5.02],
						"0.1333": [1.88, -1.46, 5.6],
						"0.15": [2.27, -1.81, 6.1],
						"0.1667": [2.67, -2.18, 6.54],
						"0.1833": [3.06, -2.55, 6.9],
						"0.2": [3.41, -2.88, 7.2],
						"0.2167": [3.7, -3.15, 7.45],
						"0.2333": [4.07, -3.51, 7.52],
						"0.25": [4.29, -3.74, 7.34],
						"0.2667": [4.44, -3.93, 7.61],
						"0.2833": [4.55, -4.23, 9.9],
						"0.3": [4.56, -4.43, 11.87],
						"0.3167": [4.59, -4.48, 10.9],
						"0.3333": [4.54, -4.46, 9.53],
						"0.35": [4.26, -4.48, 10.03],
						"0.3667": [3.99, -4.39, 10.7],
						"0.3833": [4, -4.13, 10.55],
						"0.4": [4.09, -3.79, 10.17],
						"0.4167": [4.07, -3.53, 9.79],
						"0.4333": [3.67, -3.44, 9.35],
						"0.45": [3.22, -3.46, 8.87],
						"0.4667": [2.84, -3.45, 7.61],
						"0.4833": [2.68, -3.38, 7.99],
						"0.5": [2.54, -3.28, 8.68],
						"0.5167": [2.58, -3.22, 9.1],
						"0.5333": [2.83, -3.21, 8.99],
						"0.55": [3.22, -3.23, 8.66],
						"0.5667": [3.63, -3.26, 8.3],
						"0.5833": [3.94, -3.29, 8.12],
						"0.6": [4.1, -3.31, 8.18],
						"0.6167": [4.22, -3.33, 8.36],
						"0.6333": [4.3, -3.35, 8.58],
						"0.65": [4.35, -3.36, 8.77],
						"0.6667": [4.37, -3.38, 8.84],
						"0.6833": [4.3, -3.39, 8.58],
						"0.7": [4.13, -3.4, 8.14],
						"0.7167": [3.98, -3.4, 7.96],
						"0.7333": [3.71, -3.37, 9.37],
						"0.75": [3.42, -3.33, 8.28],
						"0.7667": [3.13, -3.2, 7],
						"0.7833": [2.99, -2.86, 6.9],
						"0.8": [2.87, -2.48, 6.97],
						"0.8167": [2.67, -2.21, 6.41],
						"0.8333": [2.44, -1.99, 5.93],
						"0.85": [2.18, -1.77, 6.29],
						"0.8667": [1.93, -1.59, 6.48],
						"0.8833": [1.81, -1.51, 5.85],
						"0.9": [1.71, -1.45, 4.9],
						"0.9167": [1.6, -1.38, 4.16],
						"0.9333": [1.5, -1.32, 3.99],
						"0.95": [1.39, -1.24, 4.02],
						"0.9667": [1.21, -1.1, 3.68],
						"0.9833": [1.08, -0.99, 3.27],
						"1.0": [0.92, -0.85, 2.7],
						"1.0167": [0.73, -0.69, 2.04],
						"1.0333": [0.55, -0.53, 1.35],
						"1.05": [0.37, -0.38, 0.71],
						"1.0667": [0.22, -0.25, 0.19],
						"1.0833": [0.11, -0.15, -0.16],
						"1.1": [-0.02, -0.03, -0.08],
						"1.1167": [-0.01, -0.04, 0.41],
						"1.1333": [-0.02, -0.03, 0.27],
						"1.15": [-0.01, -0.04, 0],
						"1.1667": [0, -0.04, -0.18],
						"1.1833": [0, -0.03, -0.19],
						"1.2": [0, -0.02, -0.15],
						"1.2167": [0, -0.02, -0.1],
						"1.2333": [0, -0.01, -0.04],
						"1.25": [0, 0, 0]
					},
					"position": {
						"0.0": [0, 0, 0],
						"0.0167": [0, -0.02, 0],
						"0.0333": [0, -0.06, 0.01],
						"0.05": [0, -0.1, 0.02],
						"0.0667": [0, -0.14, 0.03],
						"0.0833": [0, -0.19, 0.04],
						"0.1": [0, -0.23, 0.04],
						"0.1167": [0, -0.28, 0.05],
						"0.1333": [0, -0.4, 0.06],
						"0.15": [0, -0.53, 0.06],
						"0.1667": [0, -0.61, 0.06],
						"0.1833": [0, -0.61, 0.07],
						"0.2": [0, -0.56, 0.08],
						"0.2167": [0, -0.53, 0.09],
						"0.2333": [0, -0.53, 0.08],
						"0.25": [0, -0.54, 0.07],
						"0.2667": [0, -0.55, 0.05],
						"0.2833": [0, -0.54, 0.04],
						"0.3": [0, -0.44, 0.03],
						"0.3167": [0, -0.34, 0.01],
						"0.3333": [0, -0.34, 0],
						"0.35": [0, -0.33, -0.02],
						"0.3667": [0, -0.34, -0.04],
						"0.3833": [0, -0.35, -0.06],
						"0.4": [0, -0.37, -0.08],
						"0.4167": [0, -0.39, -0.1],
						"0.4333": [0, -0.48, -0.12],
						"0.45": [0, -0.59, -0.14],
						"0.4667": [0, -0.67, -0.17],
						"0.4833": [0, -0.68, -0.17],
						"0.5": [0, -0.69, -0.18],
						"0.5167": [0, -0.69, -0.19],
						"0.5333": [0, -0.7, -0.2],
						"0.55": [0, -0.7, -0.2],
						"0.5667": [0, -0.7, -0.21],
						"0.5833": [0, -0.7, -0.22],
						"0.6": [0, -0.7, -0.23],
						"0.6167": [0, -0.7, -0.24],
						"0.6333": [0, -0.7, -0.24],
						"0.65": [0, -0.7, -0.25],
						"0.6667": [0, -0.7, -0.25],
						"0.6833": [0, -0.71, -0.26],
						"0.7": [0, -0.76, -0.28],
						"0.7167": [0, -0.8, -0.29],
						"0.7333": [0, -0.8, -0.3],
						"0.75": [0, -0.77, -0.3],
						"0.7667": [0, -0.71, -0.31],
						"0.7833": [0, -0.66, -0.32],
						"0.8": [0, -0.6, -0.33],
						"0.8167": [0, -0.54, -0.34],
						"0.8333": [0, -0.47, -0.35],
						"0.85": [0, -0.4, -0.36],
						"0.8667": [0, -0.35, -0.36],
						"0.8833": [0, -0.29, -0.37],
						"0.9": [0, -0.25, -0.37],
						"0.9167": [0, -0.21, -0.33],
						"0.9333": [0, -0.2, -0.31],
						"0.95": [0, -0.19, -0.27],
						"0.9667": [0, -0.17, -0.23],
						"0.9833": [0, -0.16, -0.19],
						"1.0": [0, -0.15, -0.14],
						"1.0167": [0, -0.14, -0.09],
						"1.0333": [0, -0.13, -0.05],
						"1.05": [0, -0.11, -0.01],
						"1.0667": [0, -0.1, 0.03],
						"1.0833": [0, -0.09, 0.05],
						"1.1": [0, -0.07, 0.08],
						"1.1167": [0, -0.05, 0.08],
						"1.1333": [0, -0.03, 0.07],
						"1.15": [0, -0.02, 0.06],
						"1.1667": [0, -0.01, 0.05],
						"1.1833": [0, 0, 0.04],
						"1.2": [0, 0, 0.03],
						"1.2167": [0, 0, 0.02],
						"1.2333": [0, 0, 0.01],
						"1.25": [0, 0, 0]
					}
				},
				"bolt_group": {
					"position": {
						"0.3667": [0, 0, 0],
						"0.3833": [0, 0, 0.96],
						"0.4": [0, 0, 1.92],
						"0.4167": [0, 0, 2.87],
						"0.4333": [0, 0, 3.83],
						"0.45": [0, 0, 4.09],
						"0.4667": [0, 0, 4.34],
						"0.4833": [0, 0, 4.6],
						"0.5": [0, 0, 4.6],
						"0.5167": [0, 0, 4.6],
						"0.5333": [0, 0, 4.6],
						"0.55": [0, 0, 4.6],
						"0.5667": [0, 0, 4.6],
						"0.5833": [0, 0, 4.6],
						"0.6": [0, 0, 4.6],
						"0.6167": [0, 0, 4.6],
						"0.6333": [0, 0, 4.6],
						"0.65": [0, 0, 4.6],
						"0.6667": [0, 0, 4.6],
						"0.6833": [0, 0, 4.6],
						"0.7": [0, 0, 4.6],
						"0.7167": [0, 0, 2.3],
						"0.7333": [0, 0, 0]
					}
				},
				"bolt_rotate": {
					"rotation": {
						"0.25": [0, 0, 0],
						"0.2667": [0, 0, 10],
						"0.2833": [0, 0, 20],
						"0.3": [0, 0, 30],
						"0.3167": [0, 0, 40],
						"0.3333": [0, 0, 50],
						"0.35": [0, 0, 60],
						"0.3667": [0, 0, 60],
						"0.3833": [0, 0, 60],
						"0.4": [0, 0, 60],
						"0.4167": [0, 0, 60],
						"0.4333": [0, 0, 60],
						"0.45": [0, 0, 60],
						"0.4667": [0, 0, 60],
						"0.4833": [0, 0, 60],
						"0.5": [0, 0, 60],
						"0.5167": [0, 0, 60],
						"0.5333": [0, 0, 60],
						"0.55": [0, 0, 60],
						"0.5667": [0, 0, 60],
						"0.5833": [0, 0, 60],
						"0.6": [0, 0, 60],
						"0.6167": [0, 0, 60],
						"0.6333": [0, 0, 60],
						"0.65": [0, 0, 60],
						"0.6667": [0, 0, 60],
						"0.6833": [0, 0, 60],
						"0.7": [0, 0, 60],
						"0.7167": [0, 0, 60],
						"0.7333": [0, 0, 60],
						"0.75": [0, 0, 60],
						"0.7667": [0, 0, 60],
						"0.7833": [0, 0, 60],
						"0.8": [0, 0, 60],
						"0.8167": [0, 0, 60],
						"0.8333": [0, 0, 30],
						"0.85": [0, 0, 0]
					}
				},
				"righthand": {
					"rotation": {
						"0.0": [99.92, 19.38, -168.5],
						"0.0167": [100.07, 19.51, -168.53],
						"0.0333": [100.21, 19.64, -168.56],
						"0.05": [99.92, 19.38, -168.5],
						"0.0667": [99.09, 18.86, -167.8],
						"0.0833": [97.88, 18.14, -166.68],
						"0.1": [96.71, 17.16, -166.25],
						"0.1167": [96.02, 15.84, -167.65],
						"0.1333": [95.49, 14.97, -169.61],
						"0.15": [94.46, 13.9, -172.56],
						"0.1667": [93.28, 12.71, -176.13],
						"0.1833": [92.3, 11.47, -179.94],
						"0.2": [91.87, 10.24, -183.6],
						"0.2167": [92.34, 9.1, -186.74],
						"0.2333": [94.06, 8.13, -188.99],
						"0.25": [97.39, 7.39, -189.96],
						"0.2667": [105.49, 6.76, -188.97],
						"0.2833": [117.23, 6.41, -185.99],
						"0.3": [130.78, 6.27, -181.87],
						"0.3167": [144.31, 6.24, -177.44],
						"0.3333": [156, 6.25, -173.53],
						"0.35": [164, 6.2, -170.99],
						"0.3667": [164, 6.2, -170.99],
						"0.3833": [166.08, 6.2, -170.99],
						"0.4": [168.16, 6.2, -170.99],
						"0.4167": [170.25, 6.2, -170.99],
						"0.4333": [172.33, 6.2, -170.99],
						"0.45": [172.89, 6.2, -170.99],
						"0.4667": [173.44, 6.2, -170.99],
						"0.4833": [174, 6.2, -170.99],
						"0.5": [175.61, 6.25, -169.98],
						"0.5167": [177.22, 6.3, -168.98],
						"0.5333": [175.77, 6.29, -169.26],
						"0.55": [174.32, 6.28, -169.54],
						"0.5667": [172.87, 6.26, -169.82],
						"0.5833": [171.43, 6.25, -170.1],
						"0.6": [153.45, -11.4, -150.19],
						"0.6167": [135.47, -29.04, -130.28],
						"0.6333": [117.49, -46.68, -110.38],
						"0.65": [99.52, -64.32, -90.47],
						"0.6667": [81.54, -81.97, -70.56],
						"0.6833": [84.62, -74.82, -69.78],
						"0.7": [87.7, -67.67, -68.99],
						"0.7167": [90.79, -60.51, -68.21],
						"0.7333": [93.87, -53.36, -67.42],
						"0.75": [91.82, -58.73, -64.87],
						"0.7667": [89.77, -64.1, -62.32],
						"0.7833": [88.1, -63.18, -60.26],
						"0.8": [86.43, -62.25, -58.2],
						"0.8167": [84.76, -61.32, -56.14],
						"0.8333": [94.75, -51.24, -83.75],
						"0.85": [104.74, -41.15, -111.37],
						"0.8667": [111.4, -34.42, -129.78],
						"0.8833": [118.05, -27.7, -148.19],
						"0.9": [116.69, -24.6, -151.88],
						"0.9167": [114.12, -20.88, -155.43],
						"0.9333": [110.71, -16.76, -158.8],
						"0.95": [106.86, -12.45, -161.93],
						"0.9667": [102.96, -8.16, -164.8],
						"0.9833": [99.4, -4.1, -167.36],
						"1.0": [96.56, -0.48, -169.56],
						"1.0167": [94.85, 2.49, -171.37],
						"1.0333": [95.2, 7.76, -174],
						"1.05": [98.89, 10.89, -174.33],
						"1.0667": [101.63, 13.47, -173.79],
						"1.0833": [101.76, 15.44, -172.89],
						"1.1": [101.2, 17.11, -171.3],
						"1.1167": [100.43, 18.44, -169.63],
						"1.1333": [99.92, 19.38, -168.5],
						"1.15": [99.79, 19.82, -168.11],
						"1.1667": [99.86, 19.6, -168.3],
						"1.1833": [99.92, 19.38, -168.5]
					},
					"position": {
						"0.0": [-6.8, -15.82, 0.45],
						"0.0167": [-6.76, -15.83, 0.46],
						"0.0333": [-6.72, -15.84, 0.47],
						"0.05": [-6.8, -15.82, 0.45],
						"0.0667": [-7.01, -15.78, 0.44],
						"0.0833": [-7.31, -15.74, 0.43],
						"0.1": [-7.63, -15.66, 0.36],
						"0.1167": [-7.92, -15.55, 0.14],
						"0.1333": [-8.05, -15.5, -0.06],
						"0.15": [-8.17, -15.46, -0.31],
						"0.1667": [-8.28, -15.42, -0.6],
						"0.1833": [-8.39, -15.37, -0.92],
						"0.2": [-8.5, -15.29, -1.24],
						"0.2167": [-8.6, -15.17, -1.56],
						"0.2333": [-8.7, -14.99, -1.85],
						"0.25": [-8.8, -14.74, -2.1],
						"0.2667": [-8.93, -14.24, -2.39],
						"0.2833": [-9.06, -13.55, -2.67],
						"0.3": [-9.18, -12.78, -2.91],
						"0.3167": [-9.29, -12.02, -3.13],
						"0.3333": [-9.38, -11.37, -3.31],
						"0.35": [-9.45, -10.92, -3.45],
						"0.3667": [-9.45, -10.92, -3.45],
						"0.3833": [-9.45, -10.86, -2.49],
						"0.4": [-9.45, -10.8, -1.54],
						"0.4167": [-9.45, -10.75, -0.58],
						"0.4333": [-9.45, -10.69, 0.38],
						"0.45": [-9.45, -10.67, 0.64],
						"0.4667": [-9.45, -10.66, 0.89],
						"0.4833": [-9.45, -10.64, 1.15],
						"0.5": [-9.45, -10.64, 1.15],
						"0.5167": [-9.45, -10.64, 1.15],
						"0.5333": [-9.45, -10.64, 1.15],
						"0.55": [-9.45, -10.64, 1.15],
						"0.5667": [-9.45, -10.64, 1.15],
						"0.5833": [-9.45, -10.56, 1.88],
						"0.6": [-9.45, -10.48, 2.61],
						"0.6167": [-9.45, -10.4, 3.34],
						"0.6333": [-9.45, -10.31, 4.07],
						"0.65": [-9.45, -10.23, 4.8],
						"0.6667": [-9.45, -10.14, 5.53],
						"0.6833": [-9.38, -10.03, 4.14],
						"0.7": [-9.31, -9.92, 2.75],
						"0.7167": [-9.24, -9.81, 1.36],
						"0.7333": [-9.18, -9.69, -0.02],
						"0.75": [-9.18, -9.69, -0.02],
						"0.7667": [-9.18, -9.69, -0.02],
						"0.7833": [-9.18, -9.69, -0.02],
						"0.8": [-9.18, -9.69, -0.02],
						"0.8167": [-9.18, -9.69, -0.02],
						"0.8333": [-9.88, -11.77, -1.5],
						"0.85": [-10.58, -13.85, -2.97],
						"0.8667": [-10.65, -14.57, -2.98],
						"0.8833": [-10.72, -15.29, -2.99],
						"0.9": [-10.79, -16.01, -3],
						"0.9167": [-10.69, -16.43, -3],
						"0.9333": [-10.6, -16.84, -3.01],
						"0.95": [-10.5, -17.26, -3.01],
						"0.9667": [-10.4, -17.68, -3.02],
						"0.9833": [-9.98, -17.72, -2.72],
						"1.0": [-9.45, -17.54, -2.3],
						"1.0167": [-8.97, -17.29, -1.89],
						"1.0333": [-8.63, -16.99, -1.57],
						"1.05": [-8.35, -16.63, -1.27],
						"1.0667": [-8.04, -16.32, -0.93],
						"1.0833": [-7.72, -16.15, -0.58],
						"1.1": [-7.36, -16.01, -0.18],
						"1.1167": [-7.03, -15.9, 0.19],
						"1.1333": [-6.8, -15.82, 0.45],
						"1.15": [-6.71, -15.78, 0.55],
						"1.1667": [-6.75, -15.8, 0.5],
						"1.1833": [-6.8, -15.82, 0.45]
					},
					"scale": [1, 1.5, 1]
				},
				"lefthand": {
					"rotation": [107.02, -378.11, -163.85],
					"position": [8.38, -15, -12],
					"scale": [1, 1.5, 1]
				},
				"camera": {
					"rotation": {
						"0.0": [0, 0, 0.01],
						"0.0167": [0.02, -0.01, 0.07],
						"0.0333": [0.05, -0.03, 0.17],
						"0.05": [0.09, -0.05, 0.3],
						"0.0667": [0.12, -0.07, 0.43],
						"0.0833": [0.17, -0.1, 0.56],
						"0.1": [0.21, -0.13, 0.68],
						"0.1167": [0.26, -0.16, 0.79],
						"0.1333": [0.31, -0.2, 0.87],
						"0.15": [0.36, -0.24, 0.91],
						"0.1667": [0.42, -0.29, 0.94],
						"0.1833": [0.48, -0.35, 0.95],
						"0.2": [0.54, -0.41, 0.96],
						"0.2167": [0.6, -0.47, 0.95],
						"0.2333": [0.67, -0.52, 0.95],
						"0.25": [0.72, -0.57, 0.96],
						"0.2667": [0.78, -0.62, 0.97],
						"0.2833": [0.82, -0.65, 1],
						"0.3": [1, -0.68, 1.34],
						"0.3167": [1.07, -0.66, 1.56],
						"0.3333": [1.01, -0.66, 1.32],
						"0.35": [0.89, -0.66, 0.92],
						"0.3667": [0.78, -0.66, 0.67],
						"0.3833": [0.72, -0.66, 0.72],
						"0.4": [0.67, -0.66, 0.92],
						"0.4167": [0.65, -0.66, 1.08],
						"0.4333": [0.78, -0.66, 1.18],
						"0.45": [0.86, -0.66, 1.62],
						"0.4667": [0.87, -0.66, 1.91],
						"0.4833": [0.73, -0.66, 1.33],
						"0.5": [0.55, -0.66, 0.74],
						"0.5167": [0.45, -0.64, 0.88],
						"0.5333": [0.37, -0.61, 1.22],
						"0.55": [0.33, -0.58, 1.45],
						"0.5667": [0.36, -0.55, 1.43],
						"0.5833": [0.43, -0.51, 1.32],
						"0.6": [0.51, -0.48, 1.2],
						"0.6167": [0.56, -0.46, 1.14],
						"0.6333": [0.58, -0.45, 1.15],
						"0.65": [0.59, -0.45, 1.19],
						"0.6667": [0.59, -0.45, 1.25],
						"0.6833": [0.6, -0.46, 1.33],
						"0.7": [0.62, -0.46, 1.41],
						"0.7167": [0.77, -0.46, 1.74],
						"0.7333": [0.93, -0.46, 1.94],
						"0.75": [1.02, -0.46, 1.58],
						"0.7667": [1.04, -0.46, 1.15],
						"0.7833": [0.98, -0.46, 1.1],
						"0.8": [0.88, -0.46, 1.13],
						"0.8167": [0.77, -0.46, 1.17],
						"0.8333": [0.7, -0.46, 1.15],
						"0.85": [0.73, -0.47, 1.03],
						"0.8667": [0.8, -0.48, 0.85],
						"0.8833": [0.76, -0.45, 0.66],
						"0.9": [0.68, -0.42, 0.57],
						"0.9167": [0.56, -0.37, 0.48],
						"0.9333": [0.42, -0.32, 0.38],
						"0.95": [0.26, -0.26, 0.29],
						"0.9667": [0.12, -0.21, 0.2],
						"0.9833": [0.01, -0.16, 0.12],
						"1.0": [-0.06, -0.13, 0.05],
						"1.0167": [-0.03, -0.11, -0.06],
						"1.0333": [0.12, -0.13, -0.12],
						"1.05": [0.22, -0.13, -0.13],
						"1.0667": [0.19, -0.11, -0.1],
						"1.0833": [0.13, -0.07, -0.04],
						"1.1": [0.05, -0.03, 0.03],
						"1.1167": [0, 0, 0.07],
						"1.1333": [-0.01, 0.01, 0.08],
						"1.15": [-0.02, 0.01, 0.07],
						"1.1667": [-0.02, 0.01, 0.06],
						"1.1833": [-0.01, 0.01, 0.05],
						"1.2": [-0.01, 0.01, 0.03],
						"1.2167": [-0.01, 0, 0.02],
						"1.2333": [0, 0, 0.01],
						"1.25": [0, 0, 0.01]
					}
				},
				"shell_ejection": {
					"rotation": {
						"0.3667": [0, 0, 0],
						"0.4167": [0, 0, 0],
						"0.45": [0, 0, 0],
						"0.5333": [0, -135.42, 0],
						"0.5667": [0, -270.83, 0],
						"0.6167": [0, -406.25, 0],
						"0.7": [0, -541.67, 0],
						"0.7333": [0, -677.08, 0],
						"0.8167": [0, -812.5, 0],
						"0.8667": [0, 0, 0]
					},
					"position": {
						"0.3667": [0, 0, 0],
						"0.4167": [0, 0.04, 2.11],
						"0.45": [0, 0.0875, 3.21875],
						"0.5333": [-13.1, 1.0875, -2.18125],
						"0.5667": [-25.17, -5.58, 13.31],
						"0.6167": [-34.4, -22.8125, 22.01875],
						"0.7": [-35.6, -31.9125, 20.01875],
						"0.7333": [-35.6, -31.9125, 20.01875],
						"0.8167": [-35.6, -31.9125, 20.01875],
						"0.8667": [-35.6, -31.9125, 20.01875],
						"0.9167": [0, 0, 0]
					},
					"scale": {
						"0.2833": [1, 1, 1],
						"0.6667": [1, 1, 1],
						"1.1167": [0, 0, 0]
					}
				}
			},
			"sound_effects": {
				"0.1667": {
					"effect": "tacz:ai_awp/awp_rechamber_out"
				},
				"0.3333": {
					"effect": "tacz:ai_awp/awp_rechember_ejectclick"
				},
				"0.6167": {
					"effect": "tacz:ai_awp/awp_rechamber_in"
				},
				"0.6333": {
					"effect": "tacz:ai_awp/awp_rechamber_end"
				}
			}
		},
		"shoot": {
			"animation_length": 0.85,
			"bones": {
				"root": {
					"rotation": {
						"0.0": [0, 0, 0],
						"0.0167": [-0.6, 0.16, 4.24],
						"0.0333": [-5.95, 0.32, -2.91],
						"0.05": [-7.17, 0.44, -0.42],
						"0.0667": [-7.74, 0.57, 2.44],
						"0.0833": [-7.94, 0.67, 1.5],
						"0.1": [-7.95, 0.78, -0.49],
						"0.1167": [-7.79, 0.82, -1.73],
						"0.1333": [-7.57, 0.79, -1.56],
						"0.15": [-7.24, 0.75, -0.94],
						"0.1667": [-6.87, 0.68, -0.14],
						"0.1833": [-6.52, 0.59, 0.58],
						"0.2": [-6.25, 0.49, 0.95],
						"0.2167": [-6.07, 0.37, 0.87],
						"0.2333": [-5.93, 0.21, 0.51],
						"0.25": [-5.83, 0.05, 0.03],
						"0.2667": [-5.76, -0.1, -0.41],
						"0.2833": [-5.71, -0.22, -0.66],
						"0.3": [-5.71, -0.3, -0.66],
						"0.3167": [-5.79, -0.37, -0.52],
						"0.3333": [-5.86, -0.41, -0.31],
						"0.35": [-5.89, -0.44, -0.12],
						"0.3667": [-5.8, -0.46, -0.03],
						"0.3833": [-5.56, -0.45, -0.05],
						"0.4": [-5.2, -0.42, -0.15],
						"0.4167": [-4.79, -0.38, -0.27],
						"0.4333": [-4.39, -0.34, -0.38],
						"0.45": [-4.06, -0.31, -0.43],
						"0.4667": [-3.74, -0.29, -0.38],
						"0.4833": [-3.5, -0.28, -0.26],
						"0.5": [-3.03, -0.24, -0.15],
						"0.5167": [-2.5, -0.2, -0.11],
						"0.5333": [-1.82, -0.15, -0.07],
						"0.55": [-1.09, -0.09, -0.04],
						"0.5667": [-0.44, -0.04, -0.02],
						"0.5833": [0, 0, 0],
						"0.6": [0.15, 0.01, 0.01],
						"0.6167": [0.21, 0.02, 0.01],
						"0.6333": [0.22, 0.02, 0.01],
						"0.65": [0.19, 0.02, 0.01],
						"0.6667": [0.13, 0.01, 0.01],
						"0.6833": [0.07, 0.01, 0],
						"0.7": [0.02, 0, 0],
						"0.7167": [0, 0, 0],
						"0.7333": [0, 0, 0],
						"0.75": [0, 0, 0],
						"0.7667": [0, 0, 0],
						"0.7833": [0, 0, 0],
						"0.8": [0, 0, 0],
						"0.8167": [0, 0, 0],
						"0.8333": [0, 0, 0],
						"0.85": [0, 0, 0]
					},
					"position": {
						"0.0": [0, 0, 0],
						"0.0167": [-0.14, 0.45, 3.78],
						"0.0333": [-0.14, 1.1, 3.84],
						"0.05": [-0.13, 1.14, 3.67],
						"0.0667": [-0.11, 1.16, 3.42],
						"0.0833": [-0.08, 1.18, 3.11],
						"0.1": [-0.06, 1.18, 2.8],
						"0.1167": [-0.03, 1.17, 2.49],
						"0.1333": [-0.01, 1.16, 2.22],
						"0.15": [0, 1.15, 2.02],
						"0.1667": [0.01, 1.14, 1.92],
						"0.1833": [0.01, 1.12, 1.86],
						"0.2": [0.01, 1.1, 1.83],
						"0.2167": [0.01, 1.08, 1.81],
						"0.2333": [0.01, 1.05, 1.81],
						"0.25": [0.01, 1.02, 1.8],
						"0.2667": [0, 0.98, 1.78],
						"0.2833": [0, 0.94, 1.75],
						"0.3": [0, 0.89, 1.68],
						"0.3167": [0, 0.84, 1.59],
						"0.3333": [0, 0.77, 1.47],
						"0.35": [0, 0.7, 1.34],
						"0.3667": [0, 0.62, 1.2],
						"0.3833": [0, 0.54, 1.05],
						"0.4": [0, 0.46, 0.91],
						"0.4167": [0, 0.38, 0.77],
						"0.4333": [0, 0.31, 0.64],
						"0.45": [0, 0.24, 0.52],
						"0.4667": [0, 0.17, 0.4],
						"0.4833": [0, 0.1, 0.28],
						"0.5": [0, 0.03, 0.16],
						"0.5167": [0, -0.04, 0.05],
						"0.5333": [0, -0.1, -0.05],
						"0.55": [0, -0.15, -0.14],
						"0.5667": [0, -0.19, -0.2],
						"0.5833": [0, -0.21, -0.25],
						"0.6": [0, -0.22, -0.27],
						"0.6167": [0, -0.2, -0.26],
						"0.6333": [0, -0.17, -0.23],
						"0.65": [0, -0.13, -0.19],
						"0.6667": [0, -0.09, -0.15],
						"0.6833": [0, -0.05, -0.1],
						"0.7": [0, -0.02, -0.06],
						"0.7167": [0, 0, -0.04],
						"0.7333": [0, 0.01, -0.02],
						"0.75": [0, 0.01, -0.01],
						"0.7667": [0, 0.02, -0.01],
						"0.7833": [0, 0.01, -0.01],
						"0.8": [0, 0.01, 0],
						"0.8167": [0, 0, 0],
						"0.8333": [0, 0, 0],
						"0.85": [0, 0, 0]
					}
				},
				"striker": {
					"position": {
						"0.0": [0, 0, 0],
						"0.0167": [0, 0, -0.07]
					}
				},
				"camera": {
					"rotation": {
						"0.0": [0, 0, 0.01],
						"0.0167": [0, 0, 1.43],
						"0.0333": [0, 0, -1],
						"0.05": [0, 0, -0.05],
						"0.0667": [0, 0, 1],
						"0.0833": [0, 0, 0.63],
						"0.1": [0, 0, -0.14],
						"0.1167": [0, 0, -0.6],
						"0.1333": [0, 0, -0.46],
						"0.15": [0, 0, -0.07],
						"0.1667": [0, 0, 0.34],
						"0.1833": [0, 0, 0.55],
						"0.2": [0, 0, 0.49],
						"0.2167": [0, 0, 0.31],
						"0.2333": [0, 0, 0.07],
						"0.25": [0, 0, -0.14],
						"0.2667": [0, 0, -0.25],
						"0.2833": [0, 0, -0.24],
						"0.3": [0, 0, -0.17],
						"0.3167": [0, 0, -0.06],
						"0.3333": [0, 0, 0.05],
						"0.35": [0, 0, 0.15],
						"0.3667": [0, 0, 0.2],
						"0.3833": [0, 0, 0.2],
						"0.4": [0, 0, 0.19],
						"0.4167": [0, 0, 0.16],
						"0.4333": [0, 0, 0.13],
						"0.45": [0, 0, 0.09],
						"0.4667": [0, 0, 0.05],
						"0.4833": [0, 0, 0.02],
						"0.5": [0, 0, 0.01]
					}
				},
				"constraint": {
					"rotation": {
						"0.25": [0.2, 0.2, 0.2],
						"0.3667": [0.1, 0.1, 0.1],
						"0.55": [0, 0, 0]
					},
					"position": {
						"0.25": [0.15, 0.05, 0.25],
						"0.3667": [0.1, 0, 0.1],
						"0.55": [0, 0, 0]
					}
				}
			}
		},
		"reload_tactical": {
			"loop": "hold_on_last_frame",
			"animation_length": 2.3,
			"bones": {
				"root": {
					"rotation": {
						"0.0": [0, 0, 0],
						"0.0833": [0.8, 0, 0],
						"0.125": [0.3, 0, -0.2],
						"0.1667": [-1.07, 0.47, -1.03],
						"0.2083": [-2.43, 0.94, -2.16],
						"0.25": [-3.45, 1.225, -2.8],
						"0.2917": [-3.8, 1.4, -2],
						"0.3333": [-3.8, 1.4, -2.175],
						"0.375": [-3.8, 1.4, -5.9],
						"0.4167": [-3.175, 1.4, -10.85],
						"0.4583": [-1.07, 1.4, -11.755],
						"0.5": [1.4, 1.4, -12.05],
						"0.5417": [3, 1.4, -11.1],
						"0.625": [4.8, 1.4, -7.2],
						"0.75": [5.4, 1.4, -7.2],
						"0.8333": [5.5, 1.4, -7.9],
						"0.875": [5.55, 1.4, -9.7],
						"0.9167": [5.6, 1.4, -11],
						"0.9583": [5.6, 1.4, -11.67],
						"1.0": [5.6, 1.4, -11.93],
						"1.0417": [5.425, 1.4, -11.8],
						"1.0833": [4.97, 1.4, -11.425],
						"1.125": [-2.9, 2.55, -9.2],
						"1.1667": [-3.1, 1.4, -13.225],
						"1.2083": [1.5, 2.55, -9.2],
						"1.25": [1.65, 4.78, -13.2],
						"1.2917": [0.35, 5.44, -10.925],
						"1.3333": [-1.2, 5.4, -13.15],
						"1.375": [-2.475, 5.4, -10.45],
						"1.4167": [-3.6, 5.2, -11.8],
						"1.4583": [-4.3, 4.975, -12.45],
						"1.5": [-4.175, 4.8, -12.275],
						"1.5417": [-2.95, 4.8, -10.625],
						"1.5833": [-2.2, 4.8, -9.125],
						"1.625": [-2.2, 4.325, -7.5],
						"1.6667": [-2.025, 3.125, -5.75],
						"1.7083": [-1.55, 1.88, -3.525],
						"1.75": [-0.9, 0.63, -1.25],
						"1.7917": [-0.55, 0.03, 0.275],
						"1.8333": [-0.375, -0.32, 1.005],
						"1.875": [0, -0.245, 1.085],
						"1.9167": [0, 0, 1.01],
						"1.9583": [0, 0, 0.565],
						"2.0": [0, 0, -0.245],
						"2.0417": [0, 0, -0.735],
						"2.0833": [0, 0, -0.76],
						"2.125": [0, 0, -0.61],
						"2.1667": [0, 0, -0.135],
						"2.2083": [0, 0, 0.135],
						"2.25": [0, 0, 0.095],
						"2.2917": [0, 0, 0]
					},
					"position": {
						"0.0": [0, 0, 0],
						"0.125": [-0.4, 0.475, -0.475],
						"0.25": [-0.75, 0.5, -0.8],
						"0.2917": [-0.8, 0.5, -0.85],
						"0.3333": [-0.8, 0.525, -0.9],
						"0.375": [-0.8, 0.8, -0.9],
						"0.4167": [-0.8, 0.3, -0.9],
						"0.4583": [-0.8, -0.45, -0.9],
						"0.5": [-0.8, -0.55, -0.9],
						"0.625": [-0.8, -0.6, -0.8],
						"0.75": [-1, -0.4, -0.6],
						"0.9167": [-1, -0.4, -0.5],
						"1.0417": [-1, -0.375, -0.5],
						"1.1667": [-1, -0.2, -0.5],
						"1.2083": [-1, -0.15, -0.5],
						"1.25": [-1, -0.175, -0.5],
						"1.2917": [-1, -0.3, -0.5],
						"1.3333": [-1, -0.495, -0.5],
						"1.375": [-1, -0.72, -0.5],
						"1.4167": [-1, -0.97, -0.5],
						"1.4583": [-1, -0.8, -0.5],
						"1.5": [-1, -0.545, -0.5],
						"1.5417": [-1, -0.32, -0.5],
						"1.5833": [-0.8, -0.12, -0.525],
						"1.625": [-0.575, 0.08, -0.625],
						"1.6667": [-0.15, 0.235, -0.825],
						"1.7083": [0, 0.26, -0.92],
						"1.75": [0, 0.25, -0.945],
						"1.7917": [0, 0.035, -0.87],
						"1.8333": [0, -0.16, -0.665],
						"1.875": [0, -0.335, -0.34],
						"1.9167": [0, -0.435, 0.035],
						"1.9583": [0, -0.555, 0.31],
						"2.0": [0, -0.605, 0.135],
						"2.0417": [0, -0.605, -0.015],
						"2.0833": [0, -0.5, -0.04],
						"2.125": [0, -0.3, -0.075],
						"2.1667": [0, -0.075, -0.02],
						"2.2917": [0, 0, 0]
					}
				},
				"righthand": {
					"rotation": [99.92205, 19.38449, -168.50279],
					"position": [-6.8, -15.825, 0.45],
					"scale": [1, 1.5, 1]
				},
				"lefthand": {
					"rotation": {
						"0.0": [107.0152, -378.11296, -163.85497],
						"0.0417": [107.02, -378.11, -163.85],
						"0.1667": [104.19568, -400.43878, -153.05789],
						"0.2083": [100.13, -390.925, -149.68],
						"0.25": [96.06279, -371.05527, -146.29647],
						"0.2917": [96.77699, -370.63581, -150.09075],
						"0.375": [102.80528, -411.57644, -161.84519],
						"0.4167": [96.81218, -412.3872, -154.24238],
						"0.4583": [96.81, -412.39, -154.24],
						"0.6667": [96.81, -412.39, -154.24],
						"0.7083": [95.94, -404.69, -149.25],
						"0.75": [95.06, -396.99, -138.96],
						"0.7917": [94.18, -378.69, -118.07],
						"0.8333": [93.3062, -349.80394, -97.19471],
						"0.9583": [91.38874, -384.94693, -94.04992],
						"1.2917": [91.39, -384.95, -94.05],
						"1.4167": [91.36363, -382.45072, -93.9844],
						"1.5": [89.29474, -382.47947, -88.5736],
						"1.5833": [101.27829, -379.58583, -121.16654],
						"1.625": [101.28, -379.59, -121.17],
						"1.7083": [107.0152, -378.11296, -163.85497]
					},
					"position": {
						"0.0": [8.375, -15, -12],
						"0.0417": [8.38, -15, -12],
						"0.125": [8.68, -16.95, -9.725],
						"0.1667": [8.005, -17.625, -7.57],
						"0.2083": [7.28, -17.45, -4.415],
						"0.25": [6.61, -17.15, -6.56],
						"0.2917": [6.61, -17.025, -6.56],
						"0.375": [7.135, -17.22, -6.56],
						"0.4583": [7.14, -17.22, -6.56],
						"0.75": [7.14, -17.22, -6.56],
						"0.8333": [6.465, -18.52, -6.685],
						"0.9583": [5.945, -17.47, -5.93],
						"1.2917": [5.95, -17.47, -5.93],
						"1.375": [5.95, -17.47, -5.93],
						"1.5": [5.95, -18.22, -5.93],
						"1.5417": [6.695, -18.63, -6.56],
						"1.5833": [8.225, -19.045, -8.155],
						"1.625": [8.23, -19.05, -8.15],
						"1.7083": [8.375, -15, -12]
					},
					"scale": [1, 1.5, 1]
				},
				"constraint": {
					"rotation": [0.2, 0.2, 0.4],
					"position": [0.1, 0.1, 0.1]
				},
				"mag_and_lefthand": {
					"rotation": {
						"0.3333": [0, 0, 0],
						"0.375": [0, 0, 0],
						"0.4167": [0, 0, -1.18],
						"0.4583": [0, 0, -8.75],
						"0.5": [0, 0, -30],
						"0.5417": [0, 0, -30],
						"0.7083": [0, 0, 0],
						"0.75": [0, 0, 0],
						"0.8333": [28.78618, -83.00403, -180.79245],
						"0.875": [28.79, -83, -180.79],
						"0.9167": [28.79, -71.225, -139.09],
						"0.9583": [14.79, -59.45, -94.19],
						"1.0": [-8.91, -38.025, -48.54],
						"1.0417": [-30.285, -11.295, -14.315],
						"1.0833": [-33.505, 6.91, 7.09],
						"1.125": [0.34, 0, 0],
						"1.1667": [7.665, 0, 0],
						"1.2083": [0, 0, 0]
					},
					"position": {
						"0.3333": [0, 0, 0],
						"0.375": [0, 0, 0],
						"0.4167": [-0.015, -1.88, 0],
						"0.4583": [1.025, -3.75, 0],
						"0.5": [3.775, -6.675, 0],
						"0.5417": [5.18, -11.695, 4.3],
						"0.625": [5.18, -11.69, 9.51],
						"0.75": [5.755, -8.415, 10.175],
						"0.7917": [6.765, -6.18, 5.44],
						"0.8333": [6.83, -4.915, 1.175],
						"0.875": [5.21, -5.485, -1.9],
						"0.9167": [2.485, -6.06, -3.2],
						"0.9583": [1.29, -5.31, -3.025],
						"1.0": [0.74, -3.435, -2.1],
						"1.0417": [0.32, -2.655, -1.12],
						"1.0833": [0.045, -2.755, -0.645],
						"1.125": [-0.03, -2.78, -0.545],
						"1.1667": [-0.03, -2.635, -0.26],
						"1.2083": [-0.03, -2.305, -0.1],
						"1.25": [-0.03, -1.83, 0],
						"1.2917": [-0.03, -1.33, 0],
						"1.3333": [-0.03, -0.655, 0],
						"1.375": [-0.03, 0, 0]
					}
				},
				"magzine_and_bullet": {
					"rotation": [0, 0, 0],
					"position": [0, 0, 0]
				},
				"camera": {
					"rotation": {
						"0.0": {
							"post": [0, 0, 0],
							"lerp_mode": "catmullrom"
						},
						"0.2083": {
							"post": [2, 0, 0],
							"lerp_mode": "catmullrom"
						},
						"0.2917": {
							"post": [1.58889, -0.36562, 3.48087],
							"lerp_mode": "catmullrom"
						},
						"0.375": {
							"post": [0.29722, 0.1829, -1.74042],
							"lerp_mode": "catmullrom"
						},
						"0.4583": {
							"post": [0.1, 0.18, 0.76],
							"lerp_mode": "catmullrom"
						},
						"0.5417": {
							"post": [0.2, 0.18, -0.84],
							"lerp_mode": "catmullrom"
						},
						"0.6667": {
							"post": [0.9, -0.52, 0.76],
							"lerp_mode": "catmullrom"
						},
						"0.75": {
							"post": [1.28, -0.39, 0.01],
							"lerp_mode": "catmullrom"
						},
						"0.875": {
							"post": [-0.432, -0.36236, 0.0853],
							"lerp_mode": "catmullrom"
						},
						"1.0": {
							"post": [-0.23, 0.04, -0.01],
							"lerp_mode": "catmullrom"
						},
						"1.125": {
							"post": [-0.38, -0.11, 1.58],
							"lerp_mode": "catmullrom"
						},
						"1.2083": {
							"post": [-0.43, 0.14, -1.41],
							"lerp_mode": "catmullrom"
						},
						"1.2917": {
							"post": [-0.23, -0.36, 1.19],
							"lerp_mode": "catmullrom"
						},
						"1.375": {
							"post": [-0.23, 0.34, -0.31],
							"lerp_mode": "catmullrom"
						},
						"1.4583": {
							"post": [-0.23, 0.04, 0.09],
							"lerp_mode": "catmullrom"
						},
						"1.5833": {
							"post": [0.77, 0.14, 0.29],
							"lerp_mode": "catmullrom"
						},
						"1.75": {
							"post": [-0.43, -0.06, -0.31],
							"lerp_mode": "catmullrom"
						},
						"1.8333": {
							"post": [0.04, 0.41, -0.2],
							"lerp_mode": "catmullrom"
						},
						"1.9167": {
							"post": [0.57, -0.06, -0.01],
							"lerp_mode": "catmullrom"
						},
						"2.0": {
							"post": [0.25, 0.29, 0],
							"lerp_mode": "catmullrom"
						},
						"2.0833": {
							"post": [-0.13, -0.26, -0.01],
							"lerp_mode": "catmullrom"
						},
						"2.25": {
							"post": [0, 0, 0],
							"lerp_mode": "catmullrom"
						},
						"2.2917": {
							"post": [0, 0, 0],
							"lerp_mode": "catmullrom"
						}
					}
				}
			},
			"sound_effects": {
				"0.0": {
					"effect": "ex:rebirth/rebirth_fast_reload_tactical"
				}
			}
		},
		"reload_empty": {
			"animation_length": 3.5,
			"bones": {
				"root": {
					"rotation": {
						"0.0": [0, 0, 0],
						"0.0833": [4, 0, 4],
						"0.125": [4.6, 0, 5.6],
						"0.2083": [4.6, 0.675, 8],
						"0.25": [4.1, 1.625, 8.5],
						"0.2917": [2.95, 3, 8.65],
						"0.3333": [-1.675, 3.4, 8.4],
						"0.375": [-1.45, 3.45, 8.6],
						"0.4167": [-1.125, 3.25, 8.625],
						"0.4583": [-1.02, 2.76, 8.355],
						"0.5": [-1.02, 2.27, 7.41],
						"0.5417": [-1.47, 1.475, 6],
						"0.5833": [-2.57, 0.28, 2.325],
						"0.625": [-1.87, -0.345, 0.55],
						"0.6667": [0, 0, 0],
						"0.7083": [0.4, 0, 0],
						"0.75": [0.8, 0, 0],
						"0.7917": [0.3, 0, -0.2],
						"0.8333": [-1.07, 0.47, -1.03],
						"0.875": [-2.43, 0.94, -2.16],
						"0.9167": [-3.45, 1.225, -2.8],
						"0.9583": [-3.8, 1.4, -2],
						"1.0": [-3.8, 1.4, -2.175],
						"1.0417": [-3.8, 1.4, -5.9],
						"1.0833": [-3.175, 1.4, -10.85],
						"1.125": [-1.07, 1.4, -11.755],
						"1.1667": [1.4, 1.4, -12.05],
						"1.2083": [3, 1.4, -11.1],
						"1.2917": [4.8, 1.4, -7.2],
						"1.4167": [5.4, 1.4, -7.2],
						"1.5": [5.5, 1.4, -7.9],
						"1.5417": [5.55, 1.4, -9.7],
						"1.5833": [5.6, 1.4, -11],
						"1.625": [5.6, 1.4, -11.67],
						"1.6667": [5.6, 1.4, -11.93],
						"1.7083": [5.425, 1.4, -11.8],
						"1.75": [4.97, 1.4, -11.8],
						"1.7917": [3.93, 1.4, -11.8],
						"1.8333": [1.7, 1.4, -13.225],
						"1.875": [-2.9, 2.55, -9.2],
						"1.9167": [-1.95, 4.78, -13.2],
						"1.9583": [-3.75, 5.44, -10.925],
						"2.0": [-4.8, 5.4, -13.15],
						"2.0417": [-5.3, 5.4, -10.45],
						"2.0833": [-5.325, 5.2, -11.8],
						"2.125": [-4.625, 4.975, -12.45],
						"2.1667": [-4.625, 4.8, -12.275],
						"2.2083": [-5.8, 4.8, -10.625],
						"2.25": [-6.475, 4.8, -9.125],
						"2.2917": [-6.075, 4.325, -7.5],
						"2.3333": [-4.575, 3.125, -5.75],
						"2.375": [-1.45, 1.88, -3.525],
						"2.4167": [4.1, 0.63, -1.25],
						"2.4583": [5.55, 0.03, 0.275],
						"2.5417": [6.21, -0.32, -0.62],
						"2.625": [6.69, -0.32, 0.655],
						"2.7083": [6.765, -0.32, 3.53],
						"2.75": [6.74, -0.32, 5.83],
						"2.7917": [6.71, -0.32, 2.43],
						"2.8333": [6.685, -0.32, 5.725],
						"2.9167": [6.365, -0.26, 2.96],
						"2.9583": [5.43, -0.23, 4.98],
						"3.0": [4.49, -0.195, 2.505],
						"3.0417": [3.195, 0, 1.885],
						"3.125": [0.345, 0, 0.86],
						"3.25": [-0.88, 0, -0.05],
						"3.3333": [-1.105, 0, -0.86],
						"3.4167": [-0.97, 0, -0.43],
						"3.5": [0, 0, 0]
					},
					"position": {
						"0.0": [0, 0, 0],
						"0.0833": [0, -0.45, -0.6],
						"0.1667": [0, -0.6, -0.975],
						"0.25": [0, -0.6, -1.2],
						"0.2917": [0, -0.6, -1.275],
						"0.3333": [0, -0.6, -1.3],
						"0.375": [0, -0.6, -1.3],
						"0.5": [0, -0.65, -1.225],
						"0.5833": [0, -0.875, -0.975],
						"0.625": [0, -0.825, -0.575],
						"0.6667": [0, -0.65, 0],
						"0.7083": [-0.13, -0.32, -0.16],
						"0.75": [-0.26, 0.05, -0.32],
						"0.7917": [-0.4, 0.475, -0.475],
						"0.9167": [-0.75, 0.5, -0.8],
						"0.9583": [-0.8, 0.5, -0.85],
						"1.0": [-0.8, 0.525, -0.9],
						"1.0417": [-0.8, 0.8, -0.9],
						"1.0833": [-0.8, 0.3, -0.9],
						"1.125": [-0.8, -0.45, -0.9],
						"1.1667": [-0.8, -0.55, -0.9],
						"1.2917": [-0.8, -0.6, -0.8],
						"1.4167": [-1, -0.4, -0.6],
						"1.5833": [-1, -0.4, -0.5],
						"1.7083": [-1, -0.375, -0.5],
						"1.8333": [-1, -0.2, -0.5],
						"1.875": [-1, -0.15, -0.5],
						"1.9167": [-1, -0.175, -0.5],
						"1.9583": [-1, -0.3, -0.5],
						"2.0": [-1, -0.495, -0.5],
						"2.0417": [-1, -0.72, -0.5],
						"2.0833": [-1, -0.97, -0.5],
						"2.125": [-1, -0.725, -0.5],
						"2.1667": [-1, -0.47, -0.5],
						"2.25": [-1, -0.495, -0.5],
						"2.2917": [-0.8, -0.495, -0.525],
						"2.3333": [-0.575, -0.42, -0.625],
						"2.4167": [-0.15, -0.315, -0.925],
						"2.4583": [0, -0.29, -0.895],
						"2.5": [0, -0.34, -0.36],
						"2.5417": [0, -0.725, -0.23],
						"2.625": [0, -0.975, -0.205],
						"2.7083": [0, -1.07, -0.43],
						"2.8333": [0, -0.97, -0.63],
						"2.9583": [0, -0.97, -1.355],
						"3.0833": [0, -0.87, -1.355],
						"3.1667": [0, -0.39, -0.71],
						"3.2083": [0, -0.195, -0.21],
						"3.25": [0, -0.1, 0.055],
						"3.2917": [0, 0, 0.18],
						"3.3333": [0, 0.1, 0.205],
						"3.4167": [0, 0.125, 0.175],
						"3.5": [0, 0, 0]
					}
				},
				"righthand": {
					"rotation": {
						"0.0": [99.92205, 19.38449, -168.50279],
						"0.0417": [88.30037, 15.60263, -214.01876],
						"0.0833": [86.57026, 42.90582, -234.44659],
						"0.1667": [130.97798, 40.5709, -206.00337],
						"0.2083": [127.47798, 40.5709, -206.00337],
						"0.25": [123.14, 37.96, -208.51],
						"0.3333": [123.14, 37.96, -208.51],
						"0.375": [113.22674, 32.70821, -211.38248],
						"0.4167": [106.19661, 25.04962, -214.0268],
						"0.4583": [106.2, 25.05, -214.03],
						"0.5": [102.15565, 27.13682, -223.20776],
						"0.5833": [99.92205, 19.38449, -168.50279],
						"2.2917": [99.92, 19.38, -168.5],
						"2.5417": [113.10578, 21.47118, -187.85901],
						"2.625": [113.15, 24.47, -187.65],
						"2.6667": [113.17828, 25.96824, -187.54066],
						"2.7083": [128.42828, 25.96824, -187.54066],
						"2.75": [128.43, 25.97, -187.54],
						"2.7917": [128.43, 25.97, -187.54],
						"2.875": [128.43, 25.97, -187.54],
						"2.9167": [128.43, 25.97, -187.54],
						"3.0": [126.13673, 29.30395, -192.4793],
						"3.125": [99.92, 19.38, -168.5]
					},
					"position": {
						"0.0": [-6.8, -15.825, 0.45],
						"0.0417": [-9.55, -15.77, -1.725],
						"0.0833": [-9.35, -14.495, -2.495],
						"0.125": [-9.35, -13.965, -1.215],
						"0.1667": [-9.9, -11.11, -1.52],
						"0.25": [-9.9, -11.11, -1.52],
						"0.2917": [-9.9, -11.11, 2.58],
						"0.4583": [-9.9, -11.11, 2.58],
						"0.5": [-10.775, -12.41, 2.58],
						"0.5833": [-6.8, -15.825, 0.45],
						"2.2917": [-6.8, -15.82, 0.45],
						"2.5417": [-11.525, -11.295, 2.025],
						"2.625": [-11.12, -12.165, 6.03],
						"2.6667": [-10.395, -11.59, 4.855],
						"2.7083": [-9.845, -11.29, 2.76],
						"2.75": [-9.85, -11.29, -1.59],
						"2.875": [-9.85, -11.29, -1.59],
						"2.9167": [-9.85, -11.29, -1.59],
						"2.9583": [-9.45, -14.19, -1.715],
						"3.0417": [-10.15, -15.565, -1.71],
						"3.0833": [-6.8, -15.82, 0.45]
					},
					"scale": [1, 1.5, 1]
				},
				"lefthand": {
					"rotation": {
						"0.0": [107.0152, -378.11296, -163.85497],
						"0.6667": [107.0152, -378.11296, -163.85497],
						"0.7083": [107.02, -378.11, -163.85],
						"0.8333": [104.19568, -400.43878, -153.05789],
						"0.875": [100.13, -390.925, -149.68],
						"0.9167": [96.06279, -371.05527, -146.29647],
						"0.9583": [96.77699, -370.63581, -150.09075],
						"1.0417": [102.80528, -411.57644, -161.84519],
						"1.0833": [96.81218, -412.3872, -154.24238],
						"1.125": [96.81, -412.39, -154.24],
						"1.3333": [96.81, -412.39, -154.24],
						"1.375": [95.94, -404.69, -149.25],
						"1.4167": [95.06, -396.99, -138.96],
						"1.4583": [94.18, -378.69, -118.07],
						"1.5": [93.3062, -349.80394, -97.19471],
						"1.625": [91.38874, -384.94693, -94.04992],
						"1.9583": [91.39, -384.95, -94.05],
						"2.0833": [91.36363, -382.45072, -93.9844],
						"2.1667": [89.29474, -382.47947, -88.5736],
						"2.25": [101.27829, -379.58583, -121.16654],
						"2.2917": [101.28, -379.59, -121.17],
						"2.375": [107.0152, -378.11296, -163.85497]
					},
					"position": {
						"0.0": [8.375, -15, -12],
						"0.6667": [8.375, -15, -12],
						"0.7083": [8.38, -15, -12],
						"0.7917": [8.68, -16.95, -9.725],
						"0.8333": [8.005, -17.625, -7.57],
						"0.875": [7.28, -17.45, -4.415],
						"0.9167": [6.61, -17.15, -6.56],
						"0.9583": [6.61, -17.025, -6.56],
						"1.0417": [7.135, -17.22, -6.56],
						"1.125": [7.14, -17.22, -6.56],
						"1.4167": [7.14, -17.22, -6.56],
						"1.5": [6.465, -18.52, -6.685],
						"1.625": [5.945, -17.47, -5.93],
						"1.9583": [5.95, -17.47, -5.93],
						"2.0417": [5.95, -17.47, -5.93],
						"2.1667": [5.95, -18.22, -5.93],
						"2.2083": [6.695, -18.63, -6.56],
						"2.25": [8.225, -19.045, -8.155],
						"2.2917": [8.23, -19.05, -8.15],
						"2.375": [8.375, -15, -12]
					},
					"scale": {
						"0.0": [1, 1.5, 1],
						"0.6667": [1, 1.5, 1]
					}
				},
				"constraint": {
					"rotation": {
						"0.0": [0.2, 0.2, 0.4],
						"0.6667": [0.2, 0.2, 0.4]
					},
					"position": {
						"0.0": [0.1, 0.1, 0.1],
						"0.6667": [0.1, 0.1, 0.1]
					}
				},
				"bolt_group": {
					"position": {
						"0.25": [0, 0, 0],
						"0.2917": [0, 0, 4.6],
						"2.7083": [0, 0, 4.6],
						"2.75": [0, 0, 0]
					}
				},
				"bolt_rotate": {
					"rotation": {
						"0.125": [0, 0, 0],
						"0.1667": [0, 0, 60],
						"2.9167": [0, 0, 60],
						"2.9583": [0, 0, 0]
					},
					"position": {
						"0.125": [0, 0, 0],
						"0.1667": [0, 0, 0]
					}
				},
				"mag_and_lefthand": {
					"rotation": {
						"1.0": [0, 0, 0],
						"1.0417": [0, 0, 0],
						"1.0833": [0, 0, -1.18],
						"1.125": [0, 0, -8.75],
						"1.1667": [0, 0, -30],
						"1.2083": [0, 0, -30],
						"1.375": [0, 0, 0],
						"1.4167": [0, 0, 0],
						"1.5": [28.78618, -83.00403, -180.79245],
						"1.5417": [28.79, -83, -180.79],
						"1.5833": [28.79, -71.225, -139.09],
						"1.625": [14.79, -59.45, -94.19],
						"1.6667": [-8.91, -38.025, -48.54],
						"1.7083": [-30.285, -11.295, -14.315],
						"1.75": [-33.505, 6.91, 7.09],
						"1.7917": [0.34, 0, 0],
						"1.8333": [7.665, 0, 0],
						"1.875": [0, 0, 0]
					},
					"position": {
						"1.0": [0, 0, 0],
						"1.0417": [0, 0, 0],
						"1.0833": [-0.015, -1.88, 0],
						"1.125": [1.025, -3.75, 0],
						"1.1667": [3.775, -6.675, 0],
						"1.2083": [5.18, -11.695, 4.3],
						"1.2917": [5.18, -11.69, 9.51],
						"1.4167": [5.755, -8.415, 10.175],
						"1.4583": [6.765, -6.18, 5.44],
						"1.5": [6.83, -4.915, 1.175],
						"1.5417": [5.21, -5.485, -1.9],
						"1.5833": [2.485, -6.06, -3.2],
						"1.625": [1.29, -5.31, -3.025],
						"1.6667": [0.74, -3.435, -2.1],
						"1.7083": [0.32, -2.655, -1.12],
						"1.75": [0.045, -2.755, -0.645],
						"1.7917": [-0.03, -2.78, -0.545],
						"1.8333": [-0.03, -2.635, -0.26],
						"1.875": [-0.03, -2.305, -0.1],
						"1.9167": [-0.03, -1.83, 0],
						"1.9583": [-0.03, -1.33, 0],
						"2.0": [-0.03, -0.655, 0],
						"2.0417": [-0.03, 0, 0]
					}
				},
				"magzine_and_bullet": {
					"rotation": [0, 0, 0],
					"position": [0, 0, 0]
				},
				"camera": {
					"rotation": {
						"0.0": {
							"post": [0, 0, 0],
							"lerp_mode": "catmullrom"
						},
						"0.25": {
							"post": [1, 1.3, 0.02],
							"lerp_mode": "catmullrom"
						},
						"0.2917": {
							"post": [0.97, 1.27, 2.82],
							"lerp_mode": "catmullrom"
						},
						"0.375": {
							"post": [0.76, 1.05, -1.77],
							"lerp_mode": "catmullrom"
						},
						"0.4583": {
							"post": [0.5, 0.78, 1.97],
							"lerp_mode": "catmullrom"
						},
						"0.5417": {
							"post": [0.2, 0.47, -0.5],
							"lerp_mode": "catmullrom"
						},
						"0.6667": {
							"post": [0, 0, 0],
							"lerp_mode": "catmullrom"
						},
						"0.875": {
							"post": [2, 0, 0],
							"lerp_mode": "catmullrom"
						},
						"0.9583": {
							"post": [1.58889, -0.36562, 3.48087],
							"lerp_mode": "catmullrom"
						},
						"1.0417": {
							"post": [0.29722, 0.1829, -1.74042],
							"lerp_mode": "catmullrom"
						},
						"1.125": {
							"post": [0.1, 0.18, 0.76],
							"lerp_mode": "catmullrom"
						},
						"1.2083": {
							"post": [0.2, 0.18, -0.84],
							"lerp_mode": "catmullrom"
						},
						"1.3333": {
							"post": [0.9, -0.52, 0.76],
							"lerp_mode": "catmullrom"
						},
						"1.4167": {
							"post": [1.28, -0.39, 0.01],
							"lerp_mode": "catmullrom"
						},
						"1.5417": {
							"post": [-0.432, -0.26236, 0.0853],
							"lerp_mode": "catmullrom"
						},
						"1.6667": {
							"post": [-0.23, 0.14, -0.01],
							"lerp_mode": "catmullrom"
						},
						"1.7917": {
							"post": [-0.38, -0.01, 1.58],
							"lerp_mode": "catmullrom"
						},
						"1.875": {
							"post": [-0.43, 0.24, -1.41],
							"lerp_mode": "catmullrom"
						},
						"1.9583": {
							"post": [-0.23, -0.26, 1.19],
							"lerp_mode": "catmullrom"
						},
						"2.0417": {
							"post": [-0.23, 0.44, -0.31],
							"lerp_mode": "catmullrom"
						},
						"2.125": {
							"post": [-0.23, 0.14, 0.29],
							"lerp_mode": "catmullrom"
						},
						"2.25": {
							"post": [0.77, 0.24, 0.29],
							"lerp_mode": "catmullrom"
						},
						"2.4167": {
							"post": [-0.43, -0.06, -0.31],
							"lerp_mode": "catmullrom"
						},
						"2.5": {
							"post": [0.04, 0.41, -0.2],
							"lerp_mode": "catmullrom"
						},
						"2.5833": {
							"post": [0.655, 0.4, 0.05],
							"lerp_mode": "catmullrom"
						},
						"2.7083": {
							"post": [0.64, 0, -0.1],
							"lerp_mode": "catmullrom"
						},
						"2.75": {
							"post": [0.63, -0.08, -0.03],
							"lerp_mode": "catmullrom"
						},
						"2.7917": {
							"post": [0.64, 0, 1.7],
							"lerp_mode": "catmullrom"
						},
						"2.8333": {
							"post": [0.64, 0, -1.3],
							"lerp_mode": "catmullrom"
						},
						"2.9167": {
							"post": [0.64, 0, 1.5],
							"lerp_mode": "catmullrom"
						},
						"3.0": {
							"post": [0.64, 0, -0.9],
							"lerp_mode": "catmullrom"
						},
						"3.125": {
							"post": [0.64, 0, 0.5],
							"lerp_mode": "catmullrom"
						},
						"3.2083": {
							"post": [0.42, 0, -0.07],
							"lerp_mode": "catmullrom"
						},
						"3.3333": [0.15, 0, -0.275],
						"3.4167": [0, 0, 0],
						"3.5": [0, 0, 0]
					}
				},
				"shell_ejection": {
					"rotation": {
						"0.25": [0, 0, 0],
						"0.2917": [0, 0, 0],
						"0.3333": [0, 0, 0],
						"0.4167": [0, -135.42, 0],
						"0.4583": [0, -270.83, 0],
						"0.5": [0, -406.25, 0],
						"0.5833": [0, -541.67, 0],
						"0.625": [0, -677.08, 0],
						"0.7083": [0, -812.5, 0],
						"0.75": [0, 0, 0]
					},
					"position": {
						"0.25": [0, 0, 0],
						"0.2917": [0, 0.04, 2.11],
						"0.3333": [0, 0.0875, 3.21875],
						"0.4167": [-13.1, 1.0875, -2.18125],
						"0.4583": [-25.17, -5.58, 13.31],
						"0.5": [-34.4, -22.8125, 22.01875],
						"0.5833": [-35.6, -31.9125, 20.01875],
						"0.625": [-35.6, -31.9125, 20.01875],
						"0.7083": [-35.6, -31.9125, 20.01875],
						"0.75": [-35.6, -31.9125, 20.01875],
						"0.7917": [0, 0, 0]
					},
					"scale": {
						"0.1667": [1, 1, 1],
						"0.5417": [1, 1, 1],
						"1.0": [0, 0, 0]
					}
				},
				"bullet": {
					"scale": {
						"0.0": [0, 0, 0],
						"1.2917": [0, 0, 0],
						"1.3333": [0, 0, 0]
					}
				},
				"bullet_in_mag": {
					"scale": {
						"0.0": [0, 0, 0],
						"1.2917": [0, 0, 0],
						"1.3333": [1, 1, 1]
					}
				}
			},
			"sound_effects": {
				"0.0": {
					"effect": "ex:rebirth/rebirth_fast_reload_empty"
				}
			}
		},
		"inspect": {
			"animation_length": 7.5,
			"bones": {
				"bullet2": {
					"position": {
						"0.0": [0, 0.63, 0],
						"5.25": [0, 0.63, 0]
					},
					"scale": {
						"0.0": [0, 0, 0],
						"5.875": [1, 1, 1]
					}
				},
				"root": {
					"rotation": {
						"0.0": {
							"post": [0, 0, 0],
							"lerp_mode": "catmullrom"
						},
						"0.0833": {
							"post": [-1.57552, -4.18517, -5.87258],
							"lerp_mode": "catmullrom"
						},
						"0.25": {
							"post": [-4.02414, -13.28009, -10.40473],
							"lerp_mode": "catmullrom"
						},
						"0.5": {
							"post": [-1.45629, -43.05513, -11.98818],
							"lerp_mode": "catmullrom"
						},
						"0.625": {
							"post": [-0.31181, -51.80625, -12.43088],
							"lerp_mode": "catmullrom"
						},
						"0.7917": {
							"post": [-0.49109, -55.27374, -11.40282],
							"lerp_mode": "catmullrom"
						},
						"1.375": {
							"post": [0.03278, -56.21834, -11.77058],
							"lerp_mode": "catmullrom"
						},
						"1.5417": {
							"post": [1.52879, -56.85486, -12.7078],
							"lerp_mode": "catmullrom"
						},
						"1.6667": {
							"post": [1.01368, -56.69611, -13.34944],
							"lerp_mode": "catmullrom"
						},
						"1.8333": {
							"post": [0.79794, -56.84607, -14.39354],
							"lerp_mode": "catmullrom"
						},
						"2.0417": {
							"post": [-1.48956, -56.78982, -13.34354],
							"lerp_mode": "catmullrom"
						},
						"2.25": {
							"post": [-2.98956, -53.78982, -13.33104],
							"lerp_mode": "catmullrom"
						},
						"2.4167": {
							"post": [-10.67, -46.585, -14.92],
							"lerp_mode": "catmullrom"
						},
						"2.5417": {
							"post": [-30.11122, -26.09675, -11.89334],
							"lerp_mode": "catmullrom"
						},
						"2.6667": {
							"post": [-34.29063, -30.84703, -23.03454],
							"lerp_mode": "catmullrom"
						},
						"2.7917": {
							"post": [-33.63149, -29.74839, -27.2996],
							"lerp_mode": "catmullrom"
						},
						"3.0833": [-33.63, -29.75, -24.72],
						"3.75": [-33.58, -29.81, -24.69],
						"4.0833": {
							"pre": [-33.63, -29.75, -24.72],
							"post": [-33.63, -29.75, -24.72],
							"lerp_mode": "catmullrom"
						},
						"4.1667": {
							"post": [-31.13018, -37.2508, -35.73132],
							"lerp_mode": "catmullrom"
						},
						"4.25": {
							"post": [-39.13662, -28.77784, -21.5149],
							"lerp_mode": "catmullrom"
						},
						"4.375": {
							"post": [-32.41298, -28.48824, -24.12616],
							"lerp_mode": "catmullrom"
						},
						"4.5": {
							"post": [-32.35, -13.84, -3.68],
							"lerp_mode": "catmullrom"
						},
						"4.7083": {
							"post": [-24.44887, 16.79261, 57.72468],
							"lerp_mode": "catmullrom"
						},
						"4.8333": {
							"post": [-24.44887, 20.53011, 65.20593],
							"lerp_mode": "catmullrom"
						},
						"5.0": {
							"post": [-21.77341, 23.0934, 71.11487],
							"lerp_mode": "catmullrom"
						},
						"5.2083": {
							"post": [-22.39217, 21.46309, 67.78261],
							"lerp_mode": "catmullrom"
						},
						"5.4167": {
							"post": [-26.81, 21.01, 71.44],
							"lerp_mode": "catmullrom"
						},
						"5.9167": {
							"post": [-20.84, 21.16, 71.73],
							"lerp_mode": "catmullrom"
						},
						"6.0417": {
							"post": [-7.84549, 16.54573, 69.70345],
							"lerp_mode": "catmullrom"
						},
						"6.2917": {
							"post": [-1.21178, 8.01632, 73.47421],
							"lerp_mode": "catmullrom"
						},
						"6.375": {
							"post": [-5.86619, 12.82082, 58.31199],
							"lerp_mode": "catmullrom"
						},
						"6.5": {
							"post": [-9.81809, 9.02297, 53.47799],
							"lerp_mode": "catmullrom"
						},
						"6.7083": {
							"post": [-7.6537, -2.37338, 13.11169],
							"lerp_mode": "catmullrom"
						},
						"6.7917": {
							"post": [-2.89977, -0.56617, 0.01026],
							"lerp_mode": "catmullrom"
						},
						"6.875": {
							"post": [-0.81567, -0.58037, -3.89535],
							"lerp_mode": "catmullrom"
						},
						"6.9583": {
							"post": [-0.97803, -1.26726, 0.24991],
							"lerp_mode": "catmullrom"
						},
						"7.0417": {
							"post": [0.25, -0.5, -1.25],
							"lerp_mode": "catmullrom"
						},
						"7.1667": {
							"post": [0, 0, 0],
							"lerp_mode": "catmullrom"
						},
						"7.2917": {
							"post": [0, 0, 0],
							"lerp_mode": "catmullrom"
						}
					},
					"position": {
						"0.0": {
							"post": [0, 0, 0],
							"lerp_mode": "catmullrom"
						},
						"0.0833": {
							"post": [0.2, -0.725, -0.9],
							"lerp_mode": "catmullrom"
						},
						"0.25": {
							"post": [0.725, -0.47, -1.45],
							"lerp_mode": "catmullrom"
						},
						"0.5": {
							"post": [1.55, 0.855, -1.70625],
							"lerp_mode": "catmullrom"
						},
						"0.75": {
							"post": [1.65, 0.73, -1.725],
							"lerp_mode": "catmullrom"
						},
						"1.0833": {
							"post": [1.725, 0.78, -1.76],
							"lerp_mode": "catmullrom"
						},
						"1.3333": {
							"post": [1.75, 0.73, -1.8],
							"lerp_mode": "catmullrom"
						},
						"1.5": {
							"post": [1.805, 0.525, -1.79],
							"lerp_mode": "catmullrom"
						},
						"1.6667": {
							"post": [1.805, 0.525, -1.68],
							"lerp_mode": "catmullrom"
						},
						"1.8333": {
							"post": [1.78625, 0.81125, -1.87],
							"lerp_mode": "catmullrom"
						},
						"2.0417": {
							"post": [1.905, 0.9125, -1.87],
							"lerp_mode": "catmullrom"
						},
						"2.2083": {
							"post": [1.73, 0.91125, -1.91],
							"lerp_mode": "catmullrom"
						},
						"2.2917": {
							"post": [1.3175, 0.58125, -1.77],
							"lerp_mode": "catmullrom"
						},
						"2.4167": {
							"post": [0.75, -0.52, -1.345],
							"lerp_mode": "catmullrom"
						},
						"2.5417": {
							"post": [0.555, -0.82, -1.025],
							"lerp_mode": "catmullrom"
						},
						"2.6667": {
							"post": [0.375, -1.045, -1.02],
							"lerp_mode": "catmullrom"
						},
						"2.7917": {
							"post": [0.055, -1.12, -1.02],
							"lerp_mode": "catmullrom"
						},
						"2.9167": {
							"post": [0.01, -1.235, -1.02],
							"lerp_mode": "catmullrom"
						},
						"3.0": {
							"post": [0.02375, -1.2825, -1.02],
							"lerp_mode": "catmullrom"
						},
						"3.0833": [0.24, -1.715, -1.02],
						"3.75": [0, -1.66, -1.02],
						"3.875": [-0.025, -1.94, -1.02],
						"4.0833": {
							"pre": [0.20625, -2.425, -1.77],
							"post": [0.20625, -2.425, -1.77],
							"lerp_mode": "catmullrom"
						},
						"4.125": {
							"post": [0.6575, -2.58, -1.77],
							"lerp_mode": "catmullrom"
						},
						"4.3333": {
							"post": [1.38, -2.51375, -1.77],
							"lerp_mode": "catmullrom"
						},
						"4.5417": {
							"post": [1.38, -1.87, -1.77],
							"lerp_mode": "catmullrom"
						},
						"4.7083": {
							"post": [1.48, -2.77, -1.42],
							"lerp_mode": "catmullrom"
						},
						"4.8333": {
							"post": [1.56, -2.97, -1.12],
							"lerp_mode": "catmullrom"
						},
						"4.9167": {
							"post": [1.54, -2.66, -0.94],
							"lerp_mode": "catmullrom"
						},
						"5.0": {
							"post": [1.51, -2.095, -0.92],
							"lerp_mode": "catmullrom"
						},
						"5.1667": {
							"post": [1.435, -1.695, -0.62],
							"lerp_mode": "catmullrom"
						},
						"5.4167": {
							"post": [1.52, -1.61, 0.08],
							"lerp_mode": "catmullrom"
						},
						"5.5417": {
							"post": [1.53, -1.63, -0.11],
							"lerp_mode": "catmullrom"
						},
						"5.9167": {
							"post": [1.53, -1.63, -0.11],
							"lerp_mode": "catmullrom"
						},
						"6.0417": {
							"post": [1.52, -1.71, -1.41],
							"lerp_mode": "catmullrom"
						},
						"6.3333": {
							"post": [1.51, -1.795, -1.52],
							"lerp_mode": "catmullrom"
						},
						"6.4167": {
							"post": [1.51, -1.87, -1.05125],
							"lerp_mode": "catmullrom"
						},
						"6.5": {
							"post": [1.35, -1.785, -0.85],
							"lerp_mode": "catmullrom"
						},
						"6.5833": {
							"post": [1.08, -1.96, -0.68],
							"lerp_mode": "catmullrom"
						},
						"6.6667": {
							"post": [0.56, -2.1, -0.5875],
							"lerp_mode": "catmullrom"
						},
						"6.75": {
							"post": [0.11, -2.08125, -0.515],
							"lerp_mode": "catmullrom"
						},
						"6.8333": {
							"post": [0.07, -1.475, -0.31],
							"lerp_mode": "catmullrom"
						},
						"6.9167": {
							"post": [-0.04, -0.91, 0.2],
							"lerp_mode": "catmullrom"
						},
						"7.0417": {
							"post": [-0.075, -0.15625, 0.325],
							"lerp_mode": "catmullrom"
						},
						"7.125": {
							"post": [0, -0.125, 0.35],
							"lerp_mode": "catmullrom"
						},
						"7.2083": {
							"post": [0, 0, -0.125],
							"lerp_mode": "catmullrom"
						},
						"7.3333": {
							"post": [0, 0, 0],
							"lerp_mode": "catmullrom"
						}
					}
				},
				"gun_and_righthand": {
					"rotation": {
						"3.0833": {
							"pre": [0, 0, 0],
							"post": [0, 0, 0],
							"lerp_mode": "catmullrom"
						},
						"3.25": {
							"post": [-3.25006, -0.00982, 0.74994],
							"lerp_mode": "catmullrom"
						},
						"3.4167": {
							"post": [-3.07127, -1.97943, -3.14676],
							"lerp_mode": "catmullrom"
						},
						"3.625": {
							"post": [-0.27223, -0.23014, -3.09702],
							"lerp_mode": "catmullrom"
						},
						"3.75": {
							"post": [0.02917, -0.08324, -3.23879],
							"lerp_mode": "catmullrom"
						},
						"3.7917": {
							"post": [0, 0, 0],
							"lerp_mode": "catmullrom"
						}
					},
					"position": {
						"3.0833": {
							"pre": [0, 0, 0],
							"post": [0, 0, 0],
							"lerp_mode": "catmullrom"
						},
						"3.25": {
							"post": [-0.48875, 0.46625, 0.005],
							"lerp_mode": "catmullrom"
						},
						"3.4167": {
							"post": [-0.75875, 0.235, 0.005],
							"lerp_mode": "catmullrom"
						},
						"3.625": {
							"post": [-0.4575, 0.22, 0.005],
							"lerp_mode": "catmullrom"
						},
						"3.7917": {
							"post": [0, 0, 0],
							"lerp_mode": "catmullrom"
						}
					}
				},
				"righthand": {
					"rotation": {
						"0.0": [99.92205, 19.38449, -168.50279],
						"0.2083": [89.5, 7, -180.06],
						"0.375": [89.5, 7, -180.06],
						"2.625": [89.5, 7, -180.06],
						"2.7917": [89.5, 7, -180.06],
						"2.9167": [99.98562, 15.24968, -180.13436],
						"3.125": [99.98562, 15.24968, -180.13436],
						"3.2917": [89.5, 7, -180.06],
						"4.9583": [89.5, 7, -180.06],
						"5.0417": [115.26, 18.47, -189.31],
						"5.125": [141.00581, 29.94227, -198.55925],
						"6.0": [141.00581, 29.94227, -198.55925],
						"6.0833": [141.00581, 29.94227, -198.55925],
						"6.25": [99.92205, 19.38449, -168.50279]
					},
					"position": {
						"0.0": [-6.8, -15.825, 0.45],
						"0.2083": [-6.85, -15.82, 0.43],
						"0.375": [-8.325, -15.82, 0.43],
						"2.625": [-8.325, -15.82, 0.43],
						"2.7917": [-7.325, -15.82, -0.52],
						"2.9167": [-6.85, -15.82, -2.07],
						"3.125": [-6.85, -15.82, -2.07],
						"3.2917": [-6.85, -15.82, 0.43],
						"4.9583": [-6.85, -15.82, 0.43],
						"5.0417": [-7.01, -13.53, -0.57],
						"5.125": [-7.17, -11.2425, -1.56],
						"5.25": [-7.32, -11.23, -0.85],
						"5.2917": [-7.46, -11.22, -0.045],
						"5.3333": [-7.61, -11.21, 0.89],
						"5.9167": [-7.61, -11.21, 0.89],
						"6.0": [-7.61, -11.21, -0.185],
						"6.0833": [-7.61, -11.21, -2.51],
						"6.25": [-6.8, -15.825, 0.45]
					},
					"scale": {
						"0.0": [1, 1.5, 1],
						"6.25": [1, 1.5, 1]
					}
				},
				"mag_and_lefthand": {
					"rotation": {
						"2.9583": {
							"pre": [0, 0, 0],
							"post": [0, 0, 0],
							"lerp_mode": "catmullrom"
						},
						"3.0833": {
							"post": [0, 0, 0],
							"lerp_mode": "catmullrom"
						},
						"3.2083": {
							"post": [-9.98938, -1.44898, 15.30138],
							"lerp_mode": "catmullrom"
						},
						"3.5833": {
							"post": [-9.98938, -1.44898, 15.30138],
							"lerp_mode": "catmullrom"
						},
						"3.75": [-4.92442, -0.86717, -9.96271],
						"3.7917": [-4.92442, -0.86717, -9.96271],
						"3.875": [-1.93953, -0.69374, -7.97017],
						"3.9167": [-1.93953, -0.69374, -7.97017],
						"4.0417": [0, 0, 0],
						"4.0833": [0, 0, 0],
						"4.125": [0, 0, 0]
					},
					"position": {
						"2.9583": {
							"pre": [0, 0, 0],
							"post": [0, 0, 0],
							"lerp_mode": "catmullrom"
						},
						"3.0833": {
							"post": [0, -2.85, 0],
							"lerp_mode": "catmullrom"
						},
						"3.2083": {
							"post": [1.15, -3.65, -0.475],
							"lerp_mode": "catmullrom"
						},
						"3.375": {
							"post": [1.375, -3.45, -0.645],
							"lerp_mode": "catmullrom"
						},
						"3.5": {
							"post": [1.25, -3.56, -0.725],
							"lerp_mode": "catmullrom"
						},
						"3.5833": {
							"post": [1.15, -3.65, -0.475],
							"lerp_mode": "catmullrom"
						},
						"3.6667": {
							"post": [0.63, -4.055, -0.56],
							"lerp_mode": "catmullrom"
						},
						"3.75": [0.6, -3.15, -0.8],
						"3.7917": [0.6, -3.325, -0.8],
						"3.875": [0.53, -3.325, -0.605],
						"3.9167": [0.53, -3.025, -0.23],
						"4.0417": [0, -2.75, 0],
						"4.0833": [0, -2.6, 0],
						"4.125": [0, 0, 0]
					}
				},
				"bullet": {
					"scale": 0
				},
				"lefthand": {
					"rotation": {
						"0.0": [107.0152, -378.11296, -163.85497],
						"0.0833": [107.0152, -378.11296, -163.85497],
						"0.2083": [112.45489, -402.87061, -174.15154],
						"2.4167": [112.45489, -402.87061, -174.15154],
						"2.6667": [87.94971, -393.30187, -126.38513],
						"2.75": [87.94971, -393.30187, -126.38513],
						"2.8333": [87.95, -393.3, -126.39],
						"4.3333": [87.95, -393.3, -126.39],
						"4.375": [87.94971, -393.30187, -126.38513],
						"4.4167": [96.05, -362.18, -135.39],
						"4.4583": [100.53, -363.21, -144.41],
						"4.5": [106.5, -364.74, -157.28],
						"4.5417": [107.0152, -378.11296, -163.85497]
					},
					"position": {
						"0.0": [8.375, -15, -12],
						"0.0833": [8.375, -15, -12],
						"0.2083": [8.375, -15, -12],
						"2.4167": [8.375, -15, -12],
						"2.5833": [8.53, -16.92, -7.01],
						"2.6667": [7.43, -17.22, -7.01],
						"2.75": [7.43, -17.22, -7.01],
						"2.8333": [7.13, -15.495, -7.76],
						"4.3333": [7.13, -15.495, -7.76],
						"4.375": [7.43, -17.22, -7.01],
						"4.4167": [9, -17.495, -4.5],
						"4.5": [9.575, -17.42, -7.99],
						"4.5833": [8.375, -15, -12]
					},
					"scale": [1, 1.5, 1]
				},
				"camera": {
					"rotation": {
						"0.0": {
							"post": [0, 0, 0],
							"lerp_mode": "catmullrom"
						},
						"0.2083": {
							"post": [0.455, -0.05, -0.4],
							"lerp_mode": "catmullrom"
						},
						"0.5417": {
							"post": [2.75, -1.15, -1.9],
							"lerp_mode": "catmullrom"
						},
						"1.0": {
							"post": [3.4, -1.2, -2.1],
							"lerp_mode": "catmullrom"
						},
						"1.4583": {
							"post": [3.25, -0.425, -2.35],
							"lerp_mode": "catmullrom"
						},
						"1.7917": {
							"post": [3.3, 0.05, -2.075],
							"lerp_mode": "catmullrom"
						},
						"2.375": {
							"post": [2.7, 0.575, -2.15],
							"lerp_mode": "catmullrom"
						},
						"2.6667": {
							"post": [1.24, 0.84, -1.33],
							"lerp_mode": "catmullrom"
						},
						"2.7917": {
							"post": [1.025, 0.35, -1.15],
							"lerp_mode": "catmullrom"
						},
						"2.9167": {
							"post": [1.02, 0.18, -1.14],
							"lerp_mode": "catmullrom"
						},
						"3.0": {
							"post": [1.435, 0.07, -1.16],
							"lerp_mode": "catmullrom"
						},
						"3.0833": {
							"post": [2.97, 0, 0.175],
							"lerp_mode": "catmullrom"
						},
						"3.2083": {
							"post": [2.785, -0.33, -1.48],
							"lerp_mode": "catmullrom"
						},
						"3.3333": {
							"post": [4.17, -0.825, -0.125],
							"lerp_mode": "catmullrom"
						},
						"3.5833": {
							"post": [3.75, -1, -0.775],
							"lerp_mode": "catmullrom"
						},
						"3.875": {
							"post": [2.025, -0.25, -1.325],
							"lerp_mode": "catmullrom"
						},
						"4.0833": {
							"post": [1.48, 0.06, -1.71],
							"lerp_mode": "catmullrom"
						},
						"4.2083": {
							"post": [3.43, 0.425, -0.35],
							"lerp_mode": "catmullrom"
						},
						"4.2917": {
							"post": [1.825, 0.71, -2.015],
							"lerp_mode": "catmullrom"
						},
						"4.4167": {
							"post": [3, 1.14, -0.295],
							"lerp_mode": "catmullrom"
						},
						"4.5833": {
							"post": [2.84, 1.8, 0.3],
							"lerp_mode": "catmullrom"
						},
						"4.8333": {
							"post": [3.405, 2.775, 1.625],
							"lerp_mode": "catmullrom"
						},
						"4.9167": {
							"post": [3.39, 2.86, 1.4],
							"lerp_mode": "catmullrom"
						},
						"5.0833": {
							"post": [3.12, 2.92, 1.2],
							"lerp_mode": "catmullrom"
						},
						"5.25": {
							"post": [3.735, 3.01, 2],
							"lerp_mode": "catmullrom"
						},
						"5.8333": {
							"post": [3.46, 3.2, 2.36],
							"lerp_mode": "catmullrom"
						},
						"6.0": {
							"post": [5.21, 3.175, 3.85],
							"lerp_mode": "catmullrom"
						},
						"6.125": {
							"post": [2.62, 2.88, 0.8],
							"lerp_mode": "catmullrom"
						},
						"6.2917": {
							"post": [2.185, 2.325, 1.425],
							"lerp_mode": "catmullrom"
						},
						"6.4167": {
							"post": [-0.525, 0.175, -0.35],
							"lerp_mode": "catmullrom"
						},
						"6.5": {
							"post": [0.5, 0, 0.575],
							"lerp_mode": "catmullrom"
						},
						"6.6667": {
							"post": [-0.25, 0.025, -0.3],
							"lerp_mode": "catmullrom"
						},
						"6.9167": {
							"post": [0, 0, 0],
							"lerp_mode": "catmullrom"
						}
					}
				},
				"bolt_group": {
					"position": {
						"5.125": [0, 0, 0],
						"5.3333": [0, 0, 2.625],
						"5.4167": [0, 0, 2.755],
						"5.4583": [0, 0, 2.765],
						"5.5": [0, 0, 2.625],
						"5.9167": [0, 0, 2.625],
						"6.0833": [0, 0, 0]
					}
				},
				"bolt_rotate": {
					"rotation": {
						"5.0417": [0, 0, 0],
						"5.125": [0, 0, 60],
						"6.0833": [0, 0, 60],
						"6.125": [0, 0, 0]
					}
				},
				"shell_ejection": {
					"position": {
						"5.2083": [0, 0, 0],
						"5.25": [0, 0, 0.775],
						"5.2917": [0, 0, 1.605],
						"5.3333": [0, 0, 2.46],
						"5.375": [0, 0, 2.46],
						"5.9167": [0, 0, 2.46],
						"5.9583": [0, 0, 1.86],
						"6.0": [0, 0, 1.16],
						"6.0417": [0, 0, 0.56],
						"6.0833": [0, 0, 0]
					}
				},
				"magazine_catch": {
					"rotation": {
						"2.875": [0, 0, 0],
						"2.9167": [-11, 0, 0],
						"2.9583": [0, 0, 0],
						"4.0417": [0, 0, 0],
						"4.0833": [10, 0, 0],
						"4.125": [0, 0, 0]
					},
					"position": {
						"2.875": [0, 0, 0],
						"2.9167": [0, 0, 0],
						"2.9583": [0, 0, 0],
						"4.0417": [0, 0, 0],
						"4.0833": [0, 0, 0],
						"4.125": [0, 0, 0]
					}
				}
			},
			"sound_effects": {
				"0.0": {
					"effect": "ex:rebirth/rebirth_inspect"
				}
			}
		},
		"inspect_empty": {
			"animation_length": 7.5,
			"bones": {
				"bullet2": {
					"position": {
						"0.0": [0, 0.63, 0],
						"5.25": [0, 0.63, 0]
					},
					"scale": {
						"0.0": [0, 0, 0],
						"5.875": [1, 1, 1]
					}
				},
				"root": {
					"rotation": {
						"0.0": {
							"post": [0, 0, 0],
							"lerp_mode": "catmullrom"
						},
						"0.0833": {
							"post": [-1.57552, -4.18517, -5.87258],
							"lerp_mode": "catmullrom"
						},
						"0.25": {
							"post": [-4.02414, -13.28009, -10.40473],
							"lerp_mode": "catmullrom"
						},
						"0.5": {
							"post": [-1.45629, -43.05513, -11.98818],
							"lerp_mode": "catmullrom"
						},
						"0.625": {
							"post": [-0.31181, -51.80625, -12.43088],
							"lerp_mode": "catmullrom"
						},
						"0.7917": {
							"post": [-0.49109, -55.27374, -11.40282],
							"lerp_mode": "catmullrom"
						},
						"1.375": {
							"post": [0.03278, -56.21834, -11.77058],
							"lerp_mode": "catmullrom"
						},
						"1.5417": {
							"post": [1.52879, -56.85486, -12.7078],
							"lerp_mode": "catmullrom"
						},
						"1.6667": {
							"post": [1.01368, -56.69611, -13.34944],
							"lerp_mode": "catmullrom"
						},
						"1.8333": {
							"post": [0.79794, -56.84607, -14.39354],
							"lerp_mode": "catmullrom"
						},
						"2.0417": {
							"post": [-1.48956, -56.78982, -13.34354],
							"lerp_mode": "catmullrom"
						},
						"2.25": {
							"post": [-2.98956, -53.78982, -13.33104],
							"lerp_mode": "catmullrom"
						},
						"2.4167": {
							"post": [-10.67, -46.585, -14.92],
							"lerp_mode": "catmullrom"
						},
						"2.5417": {
							"post": [-30.11122, -26.09675, -11.89334],
							"lerp_mode": "catmullrom"
						},
						"2.6667": {
							"post": [-34.29063, -30.84703, -23.03454],
							"lerp_mode": "catmullrom"
						},
						"2.7917": {
							"post": [-33.63149, -29.74839, -27.2996],
							"lerp_mode": "catmullrom"
						},
						"3.0833": [-33.63, -29.75, -24.72],
						"3.75": [-33.58, -29.81, -24.69],
						"4.0833": {
							"pre": [-33.63, -29.75, -24.72],
							"post": [-33.63, -29.75, -24.72],
							"lerp_mode": "catmullrom"
						},
						"4.1667": {
							"post": [-31.13018, -37.2508, -35.73132],
							"lerp_mode": "catmullrom"
						},
						"4.25": {
							"post": [-39.13662, -28.77784, -21.5149],
							"lerp_mode": "catmullrom"
						},
						"4.375": {
							"post": [-32.41298, -28.48824, -24.12616],
							"lerp_mode": "catmullrom"
						},
						"4.5": {
							"post": [-32.35, -13.84, -3.68],
							"lerp_mode": "catmullrom"
						},
						"4.7083": {
							"post": [-24.44887, 16.79261, 57.72468],
							"lerp_mode": "catmullrom"
						},
						"4.8333": {
							"post": [-24.44887, 20.53011, 65.20593],
							"lerp_mode": "catmullrom"
						},
						"5.0": {
							"post": [-21.77341, 23.0934, 71.11487],
							"lerp_mode": "catmullrom"
						},
						"5.2083": {
							"post": [-22.39217, 21.46309, 67.78261],
							"lerp_mode": "catmullrom"
						},
						"5.4167": {
							"post": [-26.81, 21.01, 71.44],
							"lerp_mode": "catmullrom"
						},
						"5.9167": {
							"post": [-20.84, 21.16, 71.73],
							"lerp_mode": "catmullrom"
						},
						"6.0417": {
							"post": [-7.84549, 16.54573, 69.70345],
							"lerp_mode": "catmullrom"
						},
						"6.2917": {
							"post": [-1.21178, 8.01632, 73.47421],
							"lerp_mode": "catmullrom"
						},
						"6.375": {
							"post": [-5.86619, 12.82082, 58.31199],
							"lerp_mode": "catmullrom"
						},
						"6.5": {
							"post": [-9.81809, 9.02297, 53.47799],
							"lerp_mode": "catmullrom"
						},
						"6.7083": {
							"post": [-7.6537, -2.37338, 13.11169],
							"lerp_mode": "catmullrom"
						},
						"6.7917": {
							"post": [-2.89977, -0.56617, 0.01026],
							"lerp_mode": "catmullrom"
						},
						"6.875": {
							"post": [-0.81567, -0.58037, -3.89535],
							"lerp_mode": "catmullrom"
						},
						"6.9583": {
							"post": [-0.97803, -1.26726, 0.24991],
							"lerp_mode": "catmullrom"
						},
						"7.0417": {
							"post": [0.25, -0.5, -1.25],
							"lerp_mode": "catmullrom"
						},
						"7.1667": {
							"post": [0, 0, 0],
							"lerp_mode": "catmullrom"
						},
						"7.2917": {
							"post": [0, 0, 0],
							"lerp_mode": "catmullrom"
						}
					},
					"position": {
						"0.0": {
							"post": [0, 0, 0],
							"lerp_mode": "catmullrom"
						},
						"0.0833": {
							"post": [0.2, -0.725, -0.9],
							"lerp_mode": "catmullrom"
						},
						"0.25": {
							"post": [0.725, -0.47, -1.45],
							"lerp_mode": "catmullrom"
						},
						"0.5": {
							"post": [1.55, 0.855, -1.70625],
							"lerp_mode": "catmullrom"
						},
						"0.75": {
							"post": [1.65, 0.73, -1.725],
							"lerp_mode": "catmullrom"
						},
						"1.0833": {
							"post": [1.725, 0.78, -1.76],
							"lerp_mode": "catmullrom"
						},
						"1.3333": {
							"post": [1.75, 0.73, -1.8],
							"lerp_mode": "catmullrom"
						},
						"1.5": {
							"post": [1.805, 0.525, -1.79],
							"lerp_mode": "catmullrom"
						},
						"1.6667": {
							"post": [1.805, 0.525, -1.68],
							"lerp_mode": "catmullrom"
						},
						"1.8333": {
							"post": [1.78625, 0.81125, -1.87],
							"lerp_mode": "catmullrom"
						},
						"2.0417": {
							"post": [1.905, 0.9125, -1.87],
							"lerp_mode": "catmullrom"
						},
						"2.2083": {
							"post": [1.73, 0.91125, -1.91],
							"lerp_mode": "catmullrom"
						},
						"2.2917": {
							"post": [1.3175, 0.58125, -1.77],
							"lerp_mode": "catmullrom"
						},
						"2.4167": {
							"post": [0.75, -0.52, -1.345],
							"lerp_mode": "catmullrom"
						},
						"2.5417": {
							"post": [0.555, -0.82, -1.025],
							"lerp_mode": "catmullrom"
						},
						"2.6667": {
							"post": [0.375, -1.045, -1.02],
							"lerp_mode": "catmullrom"
						},
						"2.7917": {
							"post": [0.055, -1.12, -1.02],
							"lerp_mode": "catmullrom"
						},
						"2.9167": {
							"post": [0.01, -1.235, -1.02],
							"lerp_mode": "catmullrom"
						},
						"3.0": {
							"post": [0.02375, -1.2825, -1.02],
							"lerp_mode": "catmullrom"
						},
						"3.0833": [0.24, -1.715, -1.02],
						"3.75": [0, -1.66, -1.02],
						"3.875": [-0.025, -1.94, -1.02],
						"4.0833": {
							"pre": [0.20625, -2.425, -1.77],
							"post": [0.20625, -2.425, -1.77],
							"lerp_mode": "catmullrom"
						},
						"4.125": {
							"post": [0.6575, -2.58, -1.77],
							"lerp_mode": "catmullrom"
						},
						"4.3333": {
							"post": [1.38, -2.51375, -1.77],
							"lerp_mode": "catmullrom"
						},
						"4.5417": {
							"post": [1.38, -1.87, -1.77],
							"lerp_mode": "catmullrom"
						},
						"4.7083": {
							"post": [1.48, -2.77, -1.42],
							"lerp_mode": "catmullrom"
						},
						"4.8333": {
							"post": [1.56, -2.97, -1.12],
							"lerp_mode": "catmullrom"
						},
						"4.9167": {
							"post": [1.54, -2.66, -0.94],
							"lerp_mode": "catmullrom"
						},
						"5.0": {
							"post": [1.51, -2.095, -0.92],
							"lerp_mode": "catmullrom"
						},
						"5.1667": {
							"post": [1.435, -1.695, -0.62],
							"lerp_mode": "catmullrom"
						},
						"5.4167": {
							"post": [1.52, -1.61, 0.08],
							"lerp_mode": "catmullrom"
						},
						"5.5417": {
							"post": [1.53, -1.63, -0.11],
							"lerp_mode": "catmullrom"
						},
						"5.9167": {
							"post": [1.53, -1.63, -0.11],
							"lerp_mode": "catmullrom"
						},
						"6.0417": {
							"post": [1.52, -1.71, -1.41],
							"lerp_mode": "catmullrom"
						},
						"6.3333": {
							"post": [1.51, -1.795, -1.52],
							"lerp_mode": "catmullrom"
						},
						"6.4167": {
							"post": [1.51, -1.87, -1.05125],
							"lerp_mode": "catmullrom"
						},
						"6.5": {
							"post": [1.35, -1.785, -0.85],
							"lerp_mode": "catmullrom"
						},
						"6.5833": {
							"post": [1.08, -1.96, -0.68],
							"lerp_mode": "catmullrom"
						},
						"6.6667": {
							"post": [0.56, -2.1, -0.5875],
							"lerp_mode": "catmullrom"
						},
						"6.75": {
							"post": [0.11, -2.08125, -0.515],
							"lerp_mode": "catmullrom"
						},
						"6.8333": {
							"post": [0.07, -1.475, -0.31],
							"lerp_mode": "catmullrom"
						},
						"6.9167": {
							"post": [-0.04, -0.91, 0.2],
							"lerp_mode": "catmullrom"
						},
						"7.0417": {
							"post": [-0.075, -0.15625, 0.325],
							"lerp_mode": "catmullrom"
						},
						"7.125": {
							"post": [0, -0.125, 0.35],
							"lerp_mode": "catmullrom"
						},
						"7.2083": {
							"post": [0, 0, -0.125],
							"lerp_mode": "catmullrom"
						},
						"7.3333": {
							"post": [0, 0, 0],
							"lerp_mode": "catmullrom"
						}
					}
				},
				"gun_and_righthand": {
					"rotation": {
						"3.0833": {
							"pre": [0, 0, 0],
							"post": [0, 0, 0],
							"lerp_mode": "catmullrom"
						},
						"3.25": {
							"post": [-3.25006, -0.00982, 0.74994],
							"lerp_mode": "catmullrom"
						},
						"3.4167": {
							"post": [-3.07127, -1.97943, -3.14676],
							"lerp_mode": "catmullrom"
						},
						"3.625": {
							"post": [-0.27223, -0.23014, -3.09702],
							"lerp_mode": "catmullrom"
						},
						"3.75": {
							"post": [0.02917, -0.08324, -3.23879],
							"lerp_mode": "catmullrom"
						},
						"3.7917": {
							"post": [0, 0, 0],
							"lerp_mode": "catmullrom"
						}
					},
					"position": {
						"3.0833": {
							"pre": [0, 0, 0],
							"post": [0, 0, 0],
							"lerp_mode": "catmullrom"
						},
						"3.25": {
							"post": [-0.48875, 0.46625, 0.005],
							"lerp_mode": "catmullrom"
						},
						"3.4167": {
							"post": [-0.75875, 0.235, 0.005],
							"lerp_mode": "catmullrom"
						},
						"3.625": {
							"post": [-0.4575, 0.22, 0.005],
							"lerp_mode": "catmullrom"
						},
						"3.7917": {
							"post": [0, 0, 0],
							"lerp_mode": "catmullrom"
						}
					}
				},
				"righthand": {
					"rotation": {
						"0.0": [99.92205, 19.38449, -168.50279],
						"0.2083": [89.5, 7, -180.06],
						"0.375": [89.5, 7, -180.06],
						"2.625": [89.5, 7, -180.06],
						"2.7917": [89.5, 7, -180.06],
						"2.9167": [99.98562, 15.24968, -180.13436],
						"3.125": [99.98562, 15.24968, -180.13436],
						"3.2917": [89.5, 7, -180.06],
						"4.9583": [89.5, 7, -180.06],
						"5.0417": [115.26, 18.47, -189.31],
						"5.125": [141.00581, 29.94227, -198.55925],
						"6.0": [141.00581, 29.94227, -198.55925],
						"6.0833": [141.00581, 29.94227, -198.55925],
						"6.25": [99.92205, 19.38449, -168.50279]
					},
					"position": {
						"0.0": [-6.8, -15.825, 0.45],
						"0.2083": [-6.85, -15.82, 0.43],
						"0.375": [-8.325, -15.82, 0.43],
						"2.625": [-8.325, -15.82, 0.43],
						"2.7917": [-7.325, -15.82, -0.52],
						"2.9167": [-6.85, -15.82, -2.07],
						"3.125": [-6.85, -15.82, -2.07],
						"3.2917": [-6.85, -15.82, 0.43],
						"4.9583": [-6.85, -15.82, 0.43],
						"5.0417": [-7.01, -13.53, -0.57],
						"5.125": [-7.17, -11.2425, -1.56],
						"5.25": [-7.32, -11.23, -0.85],
						"5.2917": [-7.46, -11.22, -0.045],
						"5.3333": [-7.61, -11.21, 0.89],
						"5.9167": [-7.61, -11.21, 0.89],
						"6.0": [-7.61, -11.21, -0.185],
						"6.0833": [-7.61, -11.21, -1.51],
						"6.25": [-6.8, -15.825, 0.45]
					},
					"scale": {
						"0.0": [1, 1.5, 1],
						"6.25": [1, 1.5, 1]
					}
				},
				"mag_and_lefthand": {
					"rotation": {
						"2.9583": {
							"pre": [0, 0, 0],
							"post": [0, 0, 0],
							"lerp_mode": "catmullrom"
						},
						"3.0833": {
							"post": [0, 0, 0],
							"lerp_mode": "catmullrom"
						},
						"3.2083": {
							"post": [-9.98938, -1.44898, 15.30138],
							"lerp_mode": "catmullrom"
						},
						"3.5833": {
							"post": [-9.98938, -1.44898, 15.30138],
							"lerp_mode": "catmullrom"
						},
						"3.75": [-4.92442, -0.86717, -9.96271],
						"3.7917": [-4.92442, -0.86717, -9.96271],
						"3.875": [-1.93953, -0.69374, -7.97017],
						"3.9167": [-1.93953, -0.69374, -7.97017],
						"4.0417": [0, 0, 0],
						"4.0833": [0, 0, 0],
						"4.125": [0, 0, 0]
					},
					"position": {
						"2.9583": {
							"pre": [0, 0, 0],
							"post": [0, 0, 0],
							"lerp_mode": "catmullrom"
						},
						"3.0833": {
							"post": [0, -2.85, 0],
							"lerp_mode": "catmullrom"
						},
						"3.2083": {
							"post": [1.15, -3.65, -0.475],
							"lerp_mode": "catmullrom"
						},
						"3.375": {
							"post": [1.375, -3.45, -0.645],
							"lerp_mode": "catmullrom"
						},
						"3.5": {
							"post": [1.25, -3.56, -0.725],
							"lerp_mode": "catmullrom"
						},
						"3.5833": {
							"post": [1.15, -3.65, -0.475],
							"lerp_mode": "catmullrom"
						},
						"3.6667": {
							"post": [0.63, -4.055, -0.56],
							"lerp_mode": "catmullrom"
						},
						"3.75": [0.6, -3.15, -0.8],
						"3.7917": [0.6, -3.325, -0.8],
						"3.875": [0.53, -3.325, -0.605],
						"3.9167": [0.53, -3.025, -0.23],
						"4.0417": [0, -2.75, 0],
						"4.0833": [0, -2.6, 0],
						"4.125": [0, 0, 0]
					}
				},
				"bullet": {
					"scale": 0
				},
				"lefthand": {
					"rotation": {
						"0.0": [107.0152, -378.11296, -163.85497],
						"0.0833": [107.0152, -378.11296, -163.85497],
						"0.2083": [112.45489, -402.87061, -174.15154],
						"2.4167": [112.45489, -402.87061, -174.15154],
						"2.6667": [87.94971, -393.30187, -126.38513],
						"2.75": [87.94971, -393.30187, -126.38513],
						"2.8333": [87.95, -393.3, -126.39],
						"4.3333": [87.95, -393.3, -126.39],
						"4.375": [87.94971, -393.30187, -126.38513],
						"4.4167": [96.05, -362.18, -135.39],
						"4.4583": [100.53, -363.21, -144.41],
						"4.5": [106.5, -364.74, -157.28],
						"4.5417": [107.0152, -378.11296, -163.85497]
					},
					"position": {
						"0.0": [8.375, -15, -12],
						"0.0833": [8.375, -15, -12],
						"0.2083": [8.375, -15, -12],
						"2.4167": [8.375, -15, -12],
						"2.5833": [8.53, -16.92, -7.01],
						"2.6667": [7.43, -17.22, -7.01],
						"2.75": [7.43, -17.22, -7.01],
						"2.8333": [7.13, -15.495, -7.76],
						"4.3333": [7.13, -15.495, -7.76],
						"4.375": [7.43, -17.22, -7.01],
						"4.4167": [9, -17.495, -4.5],
						"4.5": [9.575, -17.42, -7.99],
						"4.5833": [8.375, -15, -12]
					},
					"scale": [1, 1.5, 1]
				},
				"camera": {
					"rotation": {
						"0.0": {
							"post": [0, 0, 0],
							"lerp_mode": "catmullrom"
						},
						"0.2083": {
							"post": [0.455, -0.05, -0.4],
							"lerp_mode": "catmullrom"
						},
						"0.5417": {
							"post": [2.75, -1.15, -1.9],
							"lerp_mode": "catmullrom"
						},
						"1.0": {
							"post": [3.4, -1.2, -2.1],
							"lerp_mode": "catmullrom"
						},
						"1.4583": {
							"post": [3.25, -0.425, -2.35],
							"lerp_mode": "catmullrom"
						},
						"1.7917": {
							"post": [3.3, 0.05, -2.075],
							"lerp_mode": "catmullrom"
						},
						"2.375": {
							"post": [2.7, 0.575, -2.15],
							"lerp_mode": "catmullrom"
						},
						"2.6667": {
							"post": [1.24, 0.84, -1.33],
							"lerp_mode": "catmullrom"
						},
						"2.7917": {
							"post": [1.025, 0.35, -1.15],
							"lerp_mode": "catmullrom"
						},
						"2.9167": {
							"post": [1.02, 0.18, -1.14],
							"lerp_mode": "catmullrom"
						},
						"3.0": {
							"post": [1.435, 0.07, -1.16],
							"lerp_mode": "catmullrom"
						},
						"3.0833": {
							"post": [2.97, 0, 0.175],
							"lerp_mode": "catmullrom"
						},
						"3.2083": {
							"post": [2.785, -0.33, -1.48],
							"lerp_mode": "catmullrom"
						},
						"3.3333": {
							"post": [4.17, -0.825, -0.125],
							"lerp_mode": "catmullrom"
						},
						"3.5833": {
							"post": [3.75, -1, -0.775],
							"lerp_mode": "catmullrom"
						},
						"3.875": {
							"post": [2.025, -0.25, -1.325],
							"lerp_mode": "catmullrom"
						},
						"4.0833": {
							"post": [1.48, 0.06, -1.71],
							"lerp_mode": "catmullrom"
						},
						"4.2083": {
							"post": [3.43, 0.425, -0.35],
							"lerp_mode": "catmullrom"
						},
						"4.2917": {
							"post": [1.825, 0.71, -2.015],
							"lerp_mode": "catmullrom"
						},
						"4.4167": {
							"post": [3, 1.14, -0.295],
							"lerp_mode": "catmullrom"
						},
						"4.5833": {
							"post": [2.84, 1.8, 0.3],
							"lerp_mode": "catmullrom"
						},
						"4.8333": {
							"post": [3.405, 2.775, 1.625],
							"lerp_mode": "catmullrom"
						},
						"4.9167": {
							"post": [3.39, 2.86, 1.4],
							"lerp_mode": "catmullrom"
						},
						"5.0833": {
							"post": [3.12, 2.92, 1.2],
							"lerp_mode": "catmullrom"
						},
						"5.25": {
							"post": [3.735, 3.01, 2],
							"lerp_mode": "catmullrom"
						},
						"5.8333": {
							"post": [3.46, 3.2, 2.36],
							"lerp_mode": "catmullrom"
						},
						"6.0": {
							"post": [5.21, 3.175, 3.85],
							"lerp_mode": "catmullrom"
						},
						"6.125": {
							"post": [2.62, 2.88, 0.8],
							"lerp_mode": "catmullrom"
						},
						"6.2917": {
							"post": [2.185, 2.325, 1.425],
							"lerp_mode": "catmullrom"
						},
						"6.4167": {
							"post": [-0.525, 0.175, -0.35],
							"lerp_mode": "catmullrom"
						},
						"6.5": {
							"post": [0.5, 0, 0.575],
							"lerp_mode": "catmullrom"
						},
						"6.6667": {
							"post": [-0.25, 0.025, -0.3],
							"lerp_mode": "catmullrom"
						},
						"6.9167": {
							"post": [0, 0, 0],
							"lerp_mode": "catmullrom"
						}
					}
				},
				"bolt_group": {
					"position": {
						"5.125": [0, 0, 0],
						"5.3333": [0, 0, 2.625],
						"5.4167": [0, 0, 2.755],
						"5.4583": [0, 0, 2.765],
						"5.5": [0, 0, 2.625],
						"5.9167": [0, 0, 2.625],
						"6.0833": [0, 0, 0]
					}
				},
				"bolt_rotate": {
					"rotation": {
						"5.0833": [0, 0, 0],
						"5.125": [0, 0, 60],
						"5.9583": [0, 0, 60],
						"6.0": [0, 0, 0]
					}
				},
				"shell_ejection": {
					"position": {
						"5.2083": [0, 0, 0],
						"5.25": [0, 0, 0.775],
						"5.2917": [0, 0, 1.605],
						"5.3333": [0, 0, 2.46],
						"5.375": [0, 0, 2.46],
						"5.9167": [0, 0, 2.46],
						"5.9583": [0, 0, 1.86],
						"6.0": [0, 0, 1.16],
						"6.0417": [0, 0, 0.56],
						"6.0833": [0, 0, 0]
					}
				},
				"bullet_in_mag": {
					"position": [0, -1, 0]
				},
				"magazine_catch": {
					"rotation": {
						"2.875": [0, 0, 0],
						"2.9167": [-11, 0, 0],
						"2.9583": [0, 0, 0],
						"4.0417": [0, 0, 0],
						"4.0833": [10, 0, 0],
						"4.125": [0, 0, 0]
					},
					"position": {
						"2.875": [0, 0, 0],
						"2.9167": [0, 0, 0],
						"2.9583": [0, 0, 0],
						"4.0417": [0, 0, 0],
						"4.0833": [0, 0, 0],
						"4.125": [0, 0, 0]
					}
				}
			},
			"sound_effects": {
				"0.0": {
					"effect": "ex:rebirth/rebirth_inspect"
				}
			}
		},
		"run": {
			"loop": true,
			"animation_length": 0.8,
			"bones": {
				"root": {
					"rotation": {
						"0.0": [-68.73, -5.5, -3.14],
						"0.05": [-68.99, -7.39, -3.57],
						"0.1": [-69.36, -9.11, -3.81],
						"0.15": [-69.45, -10.1, -3.75],
						"0.2": [-68.82, -9.82, -3.09],
						"0.25": [-67.92, -8.81, -2.13],
						"0.3": [-67.68, -8.15, -1.7],
						"0.35": [-68.9, -8.72, -2.46],
						"0.4": [-70.77, -9.63, -3.74],
						"0.45": [-71.87, -9.32, -4.34],
						"0.5": [-71.58, -7.25, -3.75],
						"0.55": [-70.7, -4.07, -2.59],
						"0.6": [-69.68, -1.04, -1.42],
						"0.65": [-68.98, 0.57, -0.8],
						"0.7": [-68.67, -0.33, -1.21],
						"0.75": [-68.65, -3, -2.27],
						"0.8": [-68.73, -5.5, -3.14]
					},
					"position": {
						"0.0": [-3.64, -7.68, -1.74],
						"0.05": [-3.63, -7.82, -1.74],
						"0.1": [-3.66, -8.17, -1.74],
						"0.15": [-3.67, -8.53, -1.74],
						"0.2": [-3.64, -8.68, -1.74],
						"0.25": [-3.52, -8.48, -1.74],
						"0.3": [-3.34, -8.08, -1.74],
						"0.35": [-3.19, -7.69, -1.74],
						"0.4": [-3.14, -7.53, -1.74],
						"0.45": [-3.26, -7.77, -1.74],
						"0.5": [-3.5, -8.24, -1.74],
						"0.55": [-3.74, -8.72, -1.74],
						"0.6": [-3.89, -8.94, -1.74],
						"0.65": [-3.89, -8.76, -1.74],
						"0.7": [-3.81, -8.34, -1.74],
						"0.75": [-3.71, -7.9, -1.74],
						"0.8": [-3.64, -7.68, -1.74]
					}
				},
				"camera": {
					"rotation": {
						"0.0": [0, 0, 0],
						"0.05": [0.09, 0, 0.15],
						"0.1": [0.13, 0, 0.25],
						"0.15": [-0.07, 0, 0.07],
						"0.2": [-0.25, 0, -0.12],
						"0.25": [-0.15, 0, -0.09],
						"0.3": [0, 0, 0],
						"0.35": [0.02, 0, 0.02],
						"0.4": [0, 0, 0],
						"0.45": [-0.01, 0, -0.08],
						"0.5": [0, 0, -0.12],
						"0.55": [0.08, 0, 0],
						"0.6": [0.13, 0, 0.13],
						"0.65": [0, 0, 0.08],
						"0.7": [-0.12, 0, 0],
						"0.75": [-0.09, 0, -0.02],
						"0.8": [0, 0, 0]
					}
				}
			}
		},
		"run_start": {
			"animation_length": 0.55,
			"bones": {
				"root": {
					"rotation": {
						"0.0": [0, 0, 0],
						"0.05": [2.8, -0.48, 3.97],
						"0.1": [5.79, -1.19, 9.23],
						"0.15": [1.73, -2.05, 11.57],
						"0.2": [-10.48, -2.9, 9.39],
						"0.25": [-28.47, -3.91, 4.94],
						"0.3": [-46.79, -4.85, 0.12],
						"0.35": [-59.98, -5.5, -3.14],
						"0.4": [-66.1, -5.75, -4.18],
						"0.45": [-68.22, -5.72, -4.06],
						"0.5": [-68.4, -5.59, -3.49],
						"0.55": [-68.73, -5.5, -3.14]
					},
					"position": {
						"0.0": [0, 0, 0],
						"0.05": [0.06, -0.64, -0.32],
						"0.1": [0.17, -1.58, -0.79],
						"0.15": [0.17, -2.44, -1.22],
						"0.2": [-0.09, -2.83, -1.45],
						"0.25": [-1.13, -3.25, -1.98],
						"0.3": [-2.54, -4.06, -1.83],
						"0.35": [-3.57, -5.19, -1.51],
						"0.4": [-3.83, -6.04, -1.47],
						"0.45": [-3.82, -7.12, -1.51],
						"0.5": [-3.71, -7.48, -1.59],
						"0.55": [-3.64, -7.68, -1.74]
					}
				},
				"camera": {
					"rotation": {
						"0.0": {
							"post": [0, 0, 0],
							"lerp_mode": "catmullrom"
						},
						"0.1": {
							"post": [0.75, 0, -0.5],
							"lerp_mode": "catmullrom"
						},
						"0.2": {
							"post": [-0.25, 0, 0.1875],
							"lerp_mode": "catmullrom"
						},
						"0.3": {
							"post": [0, 0, 0],
							"lerp_mode": "catmullrom"
						},
						"0.4": {
							"post": [0, 0, 0],
							"lerp_mode": "catmullrom"
						}
					}
				}
			}
		},
		"run_end": {
			"animation_length": 0.65,
			"bones": {
				"root": {
					"rotation": {
						"0.0": [-68.73, -5.5, -3.14],
						"0.05": [-55.61, -4.21, 0.37],
						"0.1": [-36.44, -2.32, 5.59],
						"0.15": [-17.16, -0.44, 10.34],
						"0.2": [-3.66, 0.81, 12.47],
						"0.25": [1.72, 1.17, 10.52],
						"0.3": [2.4, 1, 5.92],
						"0.35": [1.03, 0.62, 0.91],
						"0.4": [0.28, 0.35, -2.3],
						"0.45": [0.49, 0.21, -2.71],
						"0.5": [0.23, 0.09, -1.23],
						"0.55": [0, 0, 0],
						"0.6": [-0.02, -0.02, 0.14],
						"0.65": [0, 0, 0]
					},
					"position": {
						"0.0": [-3.64, -7.68, -1.74],
						"0.05": [-2.73, -1.11, -1.21],
						"0.1": [-1.47, -2.08, -1.96],
						"0.15": [-0.5, -2.5, -2.25],
						"0.2": [-0.17, -2.06, -1.84],
						"0.25": [-0.04, -1.17, -1.06],
						"0.3": [-0.01, -0.24, -0.23],
						"0.35": [0.02, 0.37, 0.3],
						"0.4": [0.06, 0.47, 0.4],
						"0.45": [0.05, 0.22, 0.18],
						"0.5": [0.03, 0.01, -0.01],
						"0.55": [0.02, -0.02, -0.03],
						"0.6": [0.01, -0.01, -0.01],
						"0.65": [0, 0, 0]
					}
				},
				"camera": {
					"rotation": {
						"0.25": {
							"pre": [0, 0, 0],
							"post": [0, 0, 0],
							"lerp_mode": "catmullrom"
						},
						"0.3": {
							"post": [0, 0, 0.3],
							"lerp_mode": "catmullrom"
						},
						"0.35": {
							"post": [0, 0, -0.125],
							"lerp_mode": "catmullrom"
						},
						"0.45": {
							"post": [0, 0, 0],
							"lerp_mode": "catmullrom"
						}
					}
				}
			}
		},
		"run_hold": {
			"animation_length": 0.2917,
			"bones": {
				"root": {
					"rotation": [-68.73, -5.5, -3.14],
					"position": [-3.64, -7.68, -1.74]
				}
			}
		}
	}
}