{
	"format_version": "1.8.0",
	"animations": {
		"static_idle": {
			"loop": true,
			"animation_length": 2,
			"bones": {
				"lefthand": {
					"rotation": [91.00802, -387.87001, -127.739],
					"position": [6.325, -15.35, 0.5],
					"scale": [1, 1.5, 1]
				},
				"righthand": {
					"rotation": [92.95715, -348.33003, -179.8124],
					"position": [-8.85, -15.75, 9.975],
					"scale": [1, 1.5, 1]
				},
				"root": {
					"rotation": [0, 0, 0],
					"position": [0, 0, 0]
				},
				"le_illuminated": {
					"position": {
						"0.0": [0, 0, 0],
						"1.0": [0, 0, -0.01],
						"2.0": [0, 0, 0]
					}
				},
				"re_illuminated": {
					"position": {
						"0.0": [0, 0, 0],
						"1.0": [0, 0, -0.01],
						"2.0": [0, 0, 0]
					}
				},
				"leb_illuminated": {
					"position": {
						"0.0": [0, 0, -0.01],
						"1.0": [0, 0, 0],
						"2.0": [0, 0, -0.01]
					}
				},
				"reb_illuminated": {
					"position": {
						"0.0": [0, 0, -0.01],
						"1.0": [0, 0, 0],
						"2.0": [0, 0, -0.01]
					}
				},
				"empty_illuminated": {
					"scale": 0
				},
				"zephyr_illuminated": {
					"scale": 1
				},
				"bmpty_illuminated": {
					"scale": 0
				},
				"empty2_illuminated": {
					"scale": 0
				},
				"bmpty2_illuminated": {
					"scale": 0
				},
				"emp_illuminated": {
					"position": [0, 0, -0.01],
					"scale": 0
				},
				"em_illuminated": {
					"position": [0, 0, -0.01],
					"scale": 0
				},
				"eyemp_illuminated": {
					"scale": 0
				}
			}
		},
		"static_bolt_caught": {
			"loop": true,
			"animation_length": 0.3333,
			"bones": {
				"root": {
					"rotation": [0, 0, 0],
					"position": [0, 0, 0]
				},
				"bolt": {
					"position": [0, 0, 5.175]
				},
				"zephyr": {
					"position": [0, -1, 0]
				},
				"le_illuminated": {
					"scale": 0
				},
				"re_illuminated": {
					"scale": 0
				},
				"zephyr_illuminated": {
					"scale": 0
				},
				"leb_illuminated": {
					"scale": 0
				},
				"reb_illuminated": {
					"scale": 0
				},
				"empty_illuminated": {
					"scale": 1
				},
				"bmpty_illuminated": {
					"scale": {
						"0.0": [0, 0, 0],
						"0.0417": [0, 0, 0],
						"0.0833": [0, 0, 0],
						"0.125": [1, 1, 1],
						"0.1667": [1, 1, 1],
						"0.2083": [1, 1, 1],
						"0.25": [0, 0, 0],
						"0.2917": [0, 0, 0],
						"0.3333": [0, 0, 0]
					}
				},
				"empty2_illuminated": {
					"scale": 1
				},
				"bmpty2_illuminated": {
					"scale": {
						"0.0": [0, 0, 0],
						"0.0417": [0, 0, 0],
						"0.0833": [0, 0, 0],
						"0.125": [1, 1, 1],
						"0.1667": [1, 1, 1],
						"0.2083": [1, 1, 1],
						"0.25": [0, 0, 0],
						"0.2917": [0, 0, 0],
						"0.3333": [0, 0, 0]
					}
				},
				"emp_illuminated": {
					"scale": 1
				},
				"em_illuminated": {
					"scale": 1
				},
				"eye_illuminated": {
					"scale": 0
				},
				"eyemp_illuminated": {
					"scale": 1
				}
			}
		},
		"draw": {
			"animation_length": 0.9,
			"bones": {
				"lefthand": {
					"rotation": [91.00802, -387.87001, -127.739],
					"position": [6.325, -15.35, 0.5],
					"scale": [1, 1.5, 1]
				},
				"constraint": {
					"rotation": [0.05, 0.05, 0.05],
					"position": [0.2, 0.2, 0.2]
				},
				"righthand": {
					"rotation": [92.95715, -348.33003, -179.8124],
					"position": [-8.85, -15.75, 9.975],
					"scale": [1, 1.5, 1]
				},
				"root": {
					"rotation": {
						"0.0": [0, -43.3, 30],
						"0.0833": {
							"pre": [-1.98055, -32.52171, 45.99519],
							"post": [-1.98055, -32.52171, 45.99519],
							"lerp_mode": "catmullrom"
						},
						"0.125": [-3.08, -18.02, 39.4],
						"0.1667": {
							"pre": [-7.08671, -7.41701, 31.92312],
							"post": [-7.08671, -7.41701, 31.92312],
							"lerp_mode": "catmullrom"
						},
						"0.25": {
							"post": [-3.365, -2.52, 13.07],
							"lerp_mode": "catmullrom"
						},
						"0.2917": [-3.36, -1.97, 8.87],
						"0.375": [-1.585, -1.145, 2.325],
						"0.5": [1.47, -0.095, -2.07],
						"0.625": [2.68, -0.06, -4.055],
						"0.6667": [1.25, -0.05, -4.18],
						"0.75": [-1.61, -0.03, 1.51],
						"0.7917": [-1.07, -0.02, 3.21],
						"0.875": [0, 0, 0]
					},
					"position": {
						"0.0": [5, -20, 20],
						"0.0833": {
							"pre": [4, -6.3, 12],
							"post": [4, -6.3, 12],
							"lerp_mode": "catmullrom"
						},
						"0.1667": [2.55, -2.975, 7.925],
						"0.25": [2, -1.8, 5.525],
						"0.375": [1.025, -0.825, 3.1],
						"0.5": [0.3, -0.175, 1.4],
						"0.5833": [0, -0.62, 0],
						"0.6667": [0, -0.69, -0.5],
						"0.75": [0, 0.11, -0.125],
						"0.875": [0, 0, 0]
					}
				},
				"camera": {
					"rotation": {
						"0.0": {
							"post": [0, 0, 0],
							"lerp_mode": "catmullrom"
						},
						"0.2083": {
							"post": [1.5, 0, 0],
							"lerp_mode": "catmullrom"
						},
						"0.4167": {
							"post": [-0.2, 0, 0],
							"lerp_mode": "catmullrom"
						},
						"0.5417": {
							"post": [0.13, 0, -0.7],
							"lerp_mode": "catmullrom"
						},
						"0.625": {
							"post": [0.39, 0, 0],
							"lerp_mode": "catmullrom"
						},
						"0.7083": {
							"post": [0.23, 0, 0.55],
							"lerp_mode": "catmullrom"
						},
						"0.875": {
							"post": [-0.2, 0, 0],
							"lerp_mode": "catmullrom"
						}
					}
				}
			}
		},
		"put_away": {
			"animation_length": 0.4,
			"bones": {
				"lefthand": {
					"rotation": [91.00802, -387.87001, -127.739],
					"position": [6.325, -15.35, 0.5],
					"scale": [1, 1.5, 1]
				},
				"constraint": {
					"rotation": [0.05, 0.05, 0.05],
					"position": [0.2, 0.2, 0.2]
				},
				"righthand": {
					"rotation": [92.95715, -348.33003, -179.8124],
					"position": [-8.85, -15.75, 9.975],
					"scale": [1, 1.5, 1]
				},
				"root": {
					"rotation": {
						"0.0": [0, 0, 0],
						"0.0833": [5.5, -5, -5],
						"0.1667": [20, -15, -11.6],
						"0.25": [35, -25, -11.6]
					},
					"position": {
						"0.0": [0, 0, 0],
						"0.0833": [2, -2, 0],
						"0.1667": [5.5, -5.7, 0],
						"0.25": [10, -12.8, 0]
					}
				},
				"camera": {
					"rotation": {
						"0.0": {
							"post": [0, 0, 0],
							"lerp_mode": "catmullrom"
						},
						"0.2083": {
							"post": [0.7, 0, 0],
							"lerp_mode": "catmullrom"
						},
						"0.375": {
							"post": [0, 0, 0],
							"lerp_mode": "catmullrom"
						}
					}
				}
			}
		},
		"shoot": {
			"animation_length": 0.6,
			"bones": {
				"root": {
					"rotation": {
						"0.0": {
							"post": [0, 0, 0],
							"lerp_mode": "catmullrom"
						},
						"0.0333": {
							"post": [1.24069, 0.15232, -1],
							"lerp_mode": "catmullrom"
						},
						"0.0667": {
							"post": [-5.02024, 1.33042, 1],
							"lerp_mode": "catmullrom"
						},
						"0.1": {
							"post": [-6.38564, -0.61289, -1.91761],
							"lerp_mode": "catmullrom"
						},
						"0.1333": {
							"post": [-5.6388, -0.64862, -3.1926],
							"lerp_mode": "catmullrom"
						},
						"0.1667": {
							"post": [-3.22698, -0.95049, 0.5],
							"lerp_mode": "catmullrom"
						},
						"0.2": {
							"post": [-0.42425, 0.27786, 0.43549],
							"lerp_mode": "catmullrom"
						},
						"0.3333": {
							"post": [0.23068, -0.16405, -0.46178],
							"lerp_mode": "catmullrom"
						},
						"0.4": {
							"post": [-0.09988, 0.076, 0.12379],
							"lerp_mode": "catmullrom"
						},
						"0.5": {
							"post": [0.04509, 0.01634, -0.04605],
							"lerp_mode": "catmullrom"
						},
						"0.5667": {
							"post": [0, 0, 0],
							"lerp_mode": "catmullrom"
						}
					},
					"position": {
						"0.0": {
							"post": [0, 0, 0],
							"lerp_mode": "catmullrom"
						},
						"0.0333": {
							"post": [0, -0.09, 3],
							"lerp_mode": "catmullrom"
						},
						"0.0667": {
							"post": [0, 0.32, 3.5],
							"lerp_mode": "catmullrom"
						},
						"0.1": {
							"post": [0, 0.74, 3.14],
							"lerp_mode": "catmullrom"
						},
						"0.1333": {
							"post": [0, 0.73, 1.84],
							"lerp_mode": "catmullrom"
						},
						"0.1667": {
							"post": [0, 0.61, 1],
							"lerp_mode": "catmullrom"
						},
						"0.2": {
							"post": [0, 0.42, 0.27],
							"lerp_mode": "catmullrom"
						},
						"0.2333": {
							"post": [0, 0.32, 0.11],
							"lerp_mode": "catmullrom"
						},
						"0.2667": {
							"post": [0, 0.19, 0.01],
							"lerp_mode": "catmullrom"
						},
						"0.3": {
							"post": [0, 0.06, -0.06],
							"lerp_mode": "catmullrom"
						},
						"0.3333": {
							"post": [0, -0.05, -0.09],
							"lerp_mode": "catmullrom"
						},
						"0.3667": {
							"post": [0, -0.12, -0.12],
							"lerp_mode": "catmullrom"
						},
						"0.4": {
							"post": [0, -0.13, -0.13],
							"lerp_mode": "catmullrom"
						},
						"0.4333": {
							"post": [0, -0.12, -0.11],
							"lerp_mode": "catmullrom"
						},
						"0.4667": {
							"post": [0, -0.09, -0.08],
							"lerp_mode": "catmullrom"
						},
						"0.5": {
							"post": [0, -0.05, -0.05],
							"lerp_mode": "catmullrom"
						},
						"0.5333": {
							"post": [0, -0.02, -0.02],
							"lerp_mode": "catmullrom"
						},
						"0.5667": {
							"post": [0, 0, 0],
							"lerp_mode": "catmullrom"
						}
					}
				},
				"constraint": {
					"rotation": {
						"0.1667": [0.002, 0.05, 0.006],
						"0.3333": [0, 0, 0]
					},
					"position": {
						"0.1667": [0.01, 0.01, 0.25],
						"0.3333": [0, 0, 0]
					}
				},
				"bolt": {
					"position": {
						"0.0": [0, 0, 0],
						"0.0333": [0, 0, 5.175]
					}
				},
				"skyshatter": {
					"position": {
						"0.0333": [0, 0, 0],
						"0.2": [0, 0, -900]
					}
				},
				"bone6": {
					"rotation": {
						"0.0667": [0, 0, 0],
						"0.2": [-6.43, 360, 0],
						"0.2333": [0, 0, 0]
					},
					"position": {
						"0.0": [0, 0, 0],
						"0.0333": [0, 0, 4.4],
						"0.0667": [0, 0, 4.4],
						"0.2": [-14, 4, 1],
						"0.2333": [0, 0, 0]
					},
					"scale": {
						"0.1": [1, 1, 1],
						"0.2": [0, 0, 0]
					}
				},
				"camera": {
					"rotation": {
						"0.0": {
							"post": [0, 0, 0],
							"lerp_mode": "catmullrom"
						},
						"0.0333": {
							"post": [0, 0, 2],
							"lerp_mode": "catmullrom"
						},
						"0.0667": {
							"post": [0, 0, -2],
							"lerp_mode": "catmullrom"
						},
						"0.1": {
							"post": [0, 0, 1],
							"lerp_mode": "catmullrom"
						},
						"0.1667": {
							"post": [0, 0, -0.5],
							"lerp_mode": "catmullrom"
						},
						"0.2333": {
							"post": [0, 0, 0.295],
							"lerp_mode": "catmullrom"
						},
						"0.3": {
							"post": [0, 0, -0.175],
							"lerp_mode": "catmullrom"
						},
						"0.3667": {
							"post": [0, 0, 0.15],
							"lerp_mode": "catmullrom"
						},
						"0.4333": {
							"post": [0, 0, -0.125],
							"lerp_mode": "catmullrom"
						},
						"0.5333": {
							"post": [0, 0, 0],
							"lerp_mode": "catmullrom"
						}
					}
				},
				"re_illuminated": {
					"rotation": [0, 0, 0],
					"position": {
						"0.0": [0, 0, 0],
						"0.0667": [-1, 0, 0],
						"0.1333": [0, 0, 0]
					},
					"scale": {
						"0.1333": [1, 1, 1],
						"0.1667": [0, 0, 0]
					}
				},
				"le_illuminated": {
					"rotation": [0, 0, 0],
					"position": {
						"0.0": [0, 0, 0],
						"0.0667": [1, 0, 0],
						"0.1333": [0, 0, 0]
					},
					"scale": {
						"0.1333": [1, 1, 1],
						"0.1667": [0, 0, 0]
					}
				},
				"trigger": {
					"rotation": {
						"0.0": [0, 0, 0],
						"0.0333": [22.5, 0, 0],
						"0.1": [0, 0, 0]
					},
					"position": {
						"0.0": [0, 0, 0],
						"0.0333": [0, 0, 0],
						"0.1": [0, 0, 0]
					}
				},
				"leb_illuminated": {
					"scale": {
						"0.1333": [0, 0, 0],
						"0.1667": [1, 1, 1]
					}
				},
				"reb_illuminated": {
					"scale": {
						"0.1333": [0, 0, 0],
						"0.1667": [1, 1, 1]
					}
				},
				"emp_illuminated": {
					"scale": {
						"0.1333": [0, 0, 0],
						"0.1667": [1, 1, 1]
					}
				},
				"em_illuminated": {
					"scale": {
						"0.1333": [0, 0, 0],
						"0.1667": [1, 1, 1]
					}
				}
			}
		},
		"reload_empty": {
			"animation_length": 1.25,
			"bones": {
				"lefthand": {
					"rotation": [91.00802, -387.87001, -127.739],
					"position": [6.325, -15.35, 0.5],
					"scale": [1, 1.5, 1]
				},
				"righthand": {
					"rotation": {
						"0.0": [92.95715, -348.33003, -179.8124],
						"0.125": [92.95715, -348.33003, -179.8124],
						"0.2083": [104.95715, -348.33003, -179.8124],
						"0.3333": [102.32138, -342.50091, -178.35157],
						"0.375": [92.32138, -342.50091, -178.35157],
						"0.4167": [88.32, -342.5, -178.35],
						"0.4583": [95.32, -342.5, -178.35],
						"0.5417": [92.95715, -348.33003, -179.8124]
					},
					"position": {
						"0.0": [-8.85, -15.75, 9.975],
						"0.125": [-8.85, -15.75, 9.975],
						"0.2083": [-14.95, -15.75, 16.78],
						"0.25": [-10.15, -12.05, 14.08],
						"0.2917": [-10.05, -11.85, 14.28],
						"0.3333": [-9.55, -11.85, 14.28],
						"0.375": [-9.3, -11.85, 14.43],
						"0.4167": [-9.45, -11.85, 14.48],
						"0.4583": [-10.35, -11.85, 13.78],
						"0.5": [-10.55, -12.75, 13.78],
						"0.5417": [-8.85, -15.75, 9.975]
					},
					"scale": [1, 1.5, 1]
				},
				"root": {
					"rotation": {
						"0.0": [0, 0, 0],
						"0.25": {
							"pre": [-2.5, 0, 0],
							"post": [-2.5, 0, 0],
							"lerp_mode": "catmullrom"
						},
						"0.375": [-2.5, 0, 0],
						"0.4583": {
							"pre": [-4.5, 0, -2.5],
							"post": [-4.5, 0, -2.5],
							"lerp_mode": "catmullrom"
						},
						"0.5417": [-2.5, 0, 0],
						"0.6667": {
							"pre": [-0.8, 0, 0],
							"post": [-0.8, 0, 0],
							"lerp_mode": "catmullrom"
						},
						"0.7083": {
							"post": [0, 0, 3.5],
							"lerp_mode": "catmullrom"
						},
						"0.7917": {
							"post": [-0.89271, -0.20917, -0.69454],
							"lerp_mode": "catmullrom"
						},
						"0.875": {
							"post": [0.40395, -0.5042, 0.55954],
							"lerp_mode": "catmullrom"
						},
						"0.9583": {
							"post": [-0.4, 0, 0],
							"lerp_mode": "catmullrom"
						},
						"1.0": {
							"post": [-0.34, 0, 1.5],
							"lerp_mode": "catmullrom"
						},
						"1.25": [0, 0, 0]
					},
					"position": {
						"0.0": [0, 0, 0],
						"0.125": {
							"pre": [0, 0.5, 0.8],
							"post": [0, 0.5, 0.8],
							"lerp_mode": "catmullrom"
						},
						"0.625": {
							"post": [0, 0.5, 1],
							"lerp_mode": "catmullrom"
						},
						"0.6667": [0, 0, -0.8],
						"0.7083": [0, 0, -0.2],
						"0.7917": [0, 0, 0.15],
						"0.875": [0, 0, -0.1],
						"0.9583": [0, 0, 0.05],
						"1.0417": [0, 0, 0]
					}
				},
				"camera": {
					"rotation": {
						"0.0": {
							"post": [0, 0, 0],
							"lerp_mode": "catmullrom"
						},
						"0.125": {
							"post": [1.5, 0.8, 0],
							"lerp_mode": "catmullrom"
						},
						"0.2917": {
							"post": [1.9, 1.2, 0],
							"lerp_mode": "catmullrom"
						},
						"0.4583": {
							"post": [1.8, 1, 0],
							"lerp_mode": "catmullrom"
						},
						"0.5833": {
							"post": [1.2, 1.1, 0],
							"lerp_mode": "catmullrom"
						},
						"0.625": {
							"post": [-0.4, 0, 1],
							"lerp_mode": "catmullrom"
						},
						"0.7083": {
							"post": [0.2, 0, -1.2],
							"lerp_mode": "catmullrom"
						},
						"0.7917": {
							"post": [-0.1, 0, 0.5],
							"lerp_mode": "catmullrom"
						},
						"0.9167": {
							"post": [0, 0, 0],
							"lerp_mode": "catmullrom"
						}
					}
				},
				"bolt": {
					"position": {
						"0.0": [0, 0, 5.175],
						"0.625": [0, 0, 5.175],
						"0.6667": [0, 0, 0]
					}
				},
				"zephyr": {
					"rotation": {
						"0.2917": [-15, 0, 0],
						"0.375": [-22.5, 0, 0],
						"0.4583": [0, 0, 0]
					},
					"position": {
						"0.125": [0, -1, 0],
						"0.1667": [-3.2, -3.4, 4],
						"0.2083": [-6, -3, 8],
						"0.25": [-1.13, 0.24, 4.97],
						"0.2917": [-1, 0.6, 5],
						"0.375": [0, 0.7, 5.1],
						"0.4167": [0, 0.3, 5.1],
						"0.4583": [0, 0.08, 5.16],
						"0.625": [0, 0.08, 5.16],
						"0.6667": [0, 0, 0]
					},
					"scale": 1
				},
				"le_illuminated": {
					"scale": {
						"0.0": [0, 0, 0],
						"0.5833": [0, 0, 0],
						"0.625": [1, 1, 1]
					}
				},
				"re_illuminated": {
					"scale": {
						"0.0": [0, 0, 0],
						"0.5833": [0, 0, 0],
						"0.625": [1, 1, 1]
					}
				},
				"leb_illuminated": {
					"scale": 0
				},
				"reb_illuminated": {
					"scale": 0
				},
				"zephyr_illuminated": {
					"scale": {
						"0.0": [0, 0, 0],
						"0.625": [0, 0, 0],
						"0.6667": [1, 1, 1]
					}
				},
				"empty_illuminated": {
					"scale": {
						"0.625": [1, 1, 1],
						"0.6667": [0, 0, 0]
					}
				},
				"bmpty_illuminated": {
					"scale": {
						"0.0": [0, 0, 0],
						"0.0417": [0, 0, 0],
						"0.0833": [0, 0, 0],
						"0.125": [1, 1, 1],
						"0.1667": [1, 1, 1],
						"0.2083": [1, 1, 1],
						"0.25": [0, 0, 0],
						"0.2917": [0, 0, 0],
						"0.3333": [0, 0, 0],
						"0.375": [0, 0, 0],
						"0.4167": [0, 0, 0],
						"0.4583": [0, 0, 0],
						"0.5": [1, 1, 1],
						"0.5417": [1, 1, 1],
						"0.5833": [1, 1, 1],
						"0.625": [0, 0, 0]
					}
				},
				"empty2_illuminated": {
					"scale": {
						"0.625": [1, 1, 1],
						"0.6667": [0, 0, 0]
					}
				},
				"bmpty2_illuminated": {
					"scale": {
						"0.0": [0, 0, 0],
						"0.0417": [0, 0, 0],
						"0.0833": [0, 0, 0],
						"0.125": [1, 1, 1],
						"0.1667": [1, 1, 1],
						"0.2083": [1, 1, 1],
						"0.25": [0, 0, 0],
						"0.2917": [0, 0, 0],
						"0.3333": [0, 0, 0],
						"0.375": [0, 0, 0],
						"0.4167": [0, 0, 0],
						"0.4583": [0, 0, 0],
						"0.5": [1, 1, 1],
						"0.5417": [1, 1, 1],
						"0.5833": [1, 1, 1],
						"0.625": [0, 0, 0]
					}
				},
				"emp_illuminated": {
					"scale": {
						"0.0": [1, 1, 1],
						"0.5833": [1, 1, 1],
						"0.625": [0, 0, 0]
					}
				},
				"em_illuminated": {
					"scale": {
						"0.0": [1, 1, 1],
						"0.5833": [1, 1, 1],
						"0.625": [0, 0, 0]
					}
				},
				"eye_illuminated": {
					"scale": {
						"0.0": [0, 0, 0],
						"0.5833": [0, 0, 0],
						"0.625": [1, 1, 1]
					}
				},
				"eyemp_illuminated": {
					"scale": {
						"0.0": [1, 1, 1],
						"0.5833": [1, 1, 1],
						"0.625": [0, 0, 0]
					}
				}
			},
			"sound_effects": {
				"0.0": {
					"effect": "ex:revolt/revolt_fast_reload"
				}
			}
		},
		"inspect": {
			"loop": "hold_on_last_frame",
			"animation_length": 7.2,
			"bones": {
				"lefthand": {
					"rotation": [91.00802, -387.87001, -127.739],
					"position": [6.325, -15.35, 0.5],
					"scale": [1, 1.5, 1]
				},
				"righthand": {
					"rotation": {
						"0.0": [92.95715, -348.33003, -179.8124],
						"1.6667": [92.96, -348.33, -179.81],
						"3.1667": [92.96, -348.33, -179.81],
						"4.0417": [92.96, -348.33, -179.81],
						"4.1667": [100.89952, -361.31316, -180.47575],
						"4.25": [100.7379, -362.08222, -182.448],
						"4.5417": [100.74, -362.08, -182.45],
						"4.625": [100.74, -362.08, -182.45],
						"4.9167": [100.75376, -363.55369, -182.73004],
						"5.25": [100.74, -362.08, -182.45],
						"5.5": [104.7308, -361.1151, -182.19356],
						"5.75": [104.33723, -355.87817, -170.52688],
						"5.875": [98.71885, -356.76873, -164.58103],
						"6.0833": [98.75644, -353.80353, -164.1238],
						"6.25": [92.95715, -348.33003, -179.8124],
						"6.2917": [94.66548, -344.73732, -173.38665],
						"6.375": [92.95715, -348.33003, -179.8124]
					},
					"position": {
						"0.0": [-8.85, -15.75, 9.975],
						"1.6667": [-8.85, -15.75, 9.98],
						"1.75": [-6.95, -15.75, 10.68],
						"3.0833": [-6.95, -15.75, 10.68],
						"3.1667": [-8.85, -15.75, 9.98],
						"4.0417": [-8.85, -15.75, 9.98],
						"4.1667": [-27.05, -13.35, 18.68],
						"4.25": [-18.85, -16.05, 18.08],
						"4.2917": [-17.95, -15.05, 13.98],
						"4.5": [-17.95, -15.05, 13.98],
						"4.6667": [-17.95, -15.85, 13.88],
						"5.0": [-17.95, -15.85, 13.88],
						"5.25": [-17.95, -15.85, 13.88],
						"5.5": [-13.3, -12.15, 14.08],
						"5.75": [-10, -10.85, 14.68],
						"5.9583": [-9.3, -11.75, 14.48],
						"6.0833": [-10, -11.75, 13.98],
						"6.1667": [-12.72, -15.85, 13.68],
						"6.25": [-8.85, -15.75, 9.975]
					},
					"scale": {
						"0.0": [1, 1.5, 1],
						"5.75": [1, 1.5, 1]
					}
				},
				"root": {
					"rotation": {
						"0.0": [0, 0, 0],
						"0.1667": [-0.47, 0, -1.33],
						"0.25": [-1.3, -2, -2],
						"0.3333": [-3, -7.375, -2.4],
						"0.4167": [-5.5, -13.9, -2.5],
						"0.5": [-9.2, -19.975, -1.925],
						"0.5833": [-13.88066, -24.49125, -1.17469],
						"0.6667": [-18.51052, -26.00833, -2.14411],
						"0.75": [-20.2, -26.69, -2.14],
						"0.8333": [-20.04, -27.38, -2.14],
						"0.9167": [-20.09, -27.38, -2.14],
						"1.0": [-21.34, -27.38, -2.14],
						"1.25": {
							"pre": [-19.37268, -29.14317, -7.45284],
							"post": [-19.37268, -29.14317, -7.45284],
							"lerp_mode": "catmullrom"
						},
						"1.5": [-22.796, -30.99981, -6.59993],
						"1.5833": [-24.24454, -29.43294, -4.60379],
						"1.6667": [-27.06426, -25.81552, 3.20676],
						"1.75": [-31.79269, -14.6331, 21.58073],
						"1.875": [-34.275, 2.695, 40.795],
						"2.0": [-29.24293, 15.62372, 49.02764],
						"2.0833": [-31.59, 20.445, 50.05],
						"2.2083": [-30.715, 21.25, 50.05],
						"2.3333": [-33.74455, 20.36481, 46.81619],
						"2.5": [-33.30436, 20.25784, 47.89207],
						"2.5833": [-33.50779, 21.09482, 48.85656],
						"2.75": [-30.98279, 21.09482, 48.33156],
						"2.8333": [-34.68079, 16.58778, 41.47214],
						"3.0": [-35.62019, -1.47704, 19.06999],
						"3.0833": [-32.55933, -14.67049, 1.43737],
						"3.1667": [-26.35, -17.8, -9.48],
						"3.25": [-20.14166, -20.22325, -13.90586],
						"3.3333": [-20.32015, -17.80312, -10.99621],
						"3.4167": [-20.89, -13.04, 0.21],
						"3.4583": [-21.18, -11.51, -0.04],
						"3.5": [-21.46915, -13.47282, -1.79053],
						"3.5417": [-21.63173, -11.77293, -0.18155],
						"3.5833": [-20.32973, -12.78646, -1.60641],
						"3.625": [-21.71384, -8.02701, 3.88662],
						"3.7083": [-10.41, -4.83, 8.79],
						"3.8333": [-0.86566, -3.24741, 11.87856],
						"3.9167": [1.88551, -5.47356, 12.42485],
						"4.0": [1.78, -11.77, 11.86],
						"4.0833": {
							"pre": [-0.30659, -19.27373, 11.29679],
							"post": [-0.30659, -19.27373, 11.29679],
							"lerp_mode": "catmullrom"
						},
						"4.25": {
							"post": [-15.85238, -30.45645, 37.96622],
							"lerp_mode": "catmullrom"
						},
						"4.375": [-18.85, -30.86, 41.47],
						"4.5833": [-18.77602, -29.11086, 42.00408],
						"4.75": [-17.96574, -28.99497, 41.08936],
						"5.0": {
							"pre": [-16.81456, -30.52452, 42.55244],
							"post": [-16.81456, -30.52452, 42.55244],
							"lerp_mode": "catmullrom"
						},
						"5.25": [-15.01402, -29.81615, 41.14779],
						"5.3333": [-15.91858, -31.47717, 40.6378],
						"5.4583": [-15.30124, -28.89349, 37.05114],
						"5.5417": [-12.85, -19.02, 30.8],
						"5.625": {
							"pre": [-6.74796, -2.94072, 17.86497],
							"post": [-6.74796, -2.94072, 17.86497],
							"lerp_mode": "catmullrom"
						},
						"5.6667": [-4.08, -2.8, 11.74],
						"5.7083": [-3.11, -2.66, 7.67],
						"5.75": [-2.49, -2.52, 4.1],
						"5.8333": [-0.5, -1.22, -0.6],
						"5.9167": [-0.5, -0.72, -1.7],
						"6.0": [-0.5, 0, -0.8],
						"6.0833": [-0.5, 0, 0.6],
						"6.1667": [-0.5, 0, 1.6],
						"6.25": [-0.5, 0, 1.5],
						"6.375": [-0.29, 0, -0.8],
						"6.4167": [-1.18878, 1.9649, 6.50101],
						"6.4583": [-1.69292, 0.01143, -3.99869],
						"6.5": [-1.79, 1.3, 2.3],
						"6.5417": [-1.49, 0, 0.1],
						"6.5833": [-0.565, 0, 1.5],
						"6.625": [0.81, 0, 1.5],
						"6.6667": [1.8, 0.77, 2.47],
						"6.7083": [2.505, 1.53, 3.43],
						"6.75": [3.01, 2.3, 4.4],
						"6.7917": [2.385, 1.83, 3.15],
						"6.8333": [1.485, 1.095, 1.675],
						"6.875": [0.01, 0, -0.3],
						"6.9167": [-0.59, 0, -0.55],
						"7.0": [0, 0, 0]
					},
					"position": {
						"0.0": [0, 0, 0],
						"0.125": [0.05, -0.5, 1],
						"0.25": [0.475, -0.45, 1.125],
						"0.3333": [1.2, -0.025, 1.875],
						"0.375": [1.45, 0.4, 2.275],
						"0.4167": [1.725, 0.875, 2.5],
						"0.4583": [2, 1.325, 2.575],
						"0.5": [2.35, 1.9, 2.575],
						"0.5417": [2.65, 2.63, 2.505],
						"0.5833": [3.075, 3.43, 2.43],
						"0.6667": [3.93, 5.23, 2.43],
						"0.7083": [4.23, 5.455, 2.43],
						"0.75": [4.405, 5.505, 2.43],
						"0.7917": [4.505, 5.33, 2.43],
						"0.9167": [4.505, 5.055, 2.43],
						"1.0": [4.53, 5.13, 2.43],
						"1.25": [4.78, 5.585, 2.43],
						"1.3333": [4.905, 5.765, 2.43],
						"1.5": [4.91, 5.87, 2.43],
						"1.5833": [5.51, 5.87, 2.43],
						"1.6667": [7.11, 5.57, 2.805],
						"1.75": [8.11, 4.845, 3.205],
						"1.875": {
							"pre": [8.16, 3.945, 3.23],
							"post": [8.16, 3.945, 3.23],
							"lerp_mode": "catmullrom"
						},
						"2.0": {
							"post": [7.06, 3.95, 1.13],
							"lerp_mode": "catmullrom"
						},
						"2.125": [6.735, 5.425, 0.93],
						"2.2083": [6.835, 6.2, 0.93],
						"2.3333": [6.995, 6.75, 0.75],
						"2.5": [6.935, 6.78, 0.81],
						"2.75": [6.74, 6.86, 0.935],
						"2.9167": {
							"pre": [6.24, 6.41, 1.26],
							"post": [6.24, 6.41, 1.26],
							"lerp_mode": "catmullrom"
						},
						"3.0": [5.24, 6.085, 0.86],
						"3.1667": [4.04, 5.535, 0.06],
						"3.4167": [3.74, 4.285, 0.06],
						"3.5": [3.74, 4.16, 0.06],
						"3.5417": [3.74, 4.01, -0.04],
						"3.5833": [3.74, 3.435, -0.34],
						"3.625": [3.74, 2.46, -0.54],
						"3.7083": [4.04, 0.66, -0.54],
						"3.7917": [4.59, -0.89, -0.54],
						"3.9583": [6.84, -2.79, 0.36],
						"4.0417": [8.64, -3.34, 1.06],
						"4.25": {
							"pre": [12.54, -3.34, 1.56],
							"post": [12.54, -3.34, 1.56],
							"lerp_mode": "catmullrom"
						},
						"4.5": [12.54, -3.34, 1.66],
						"5.0": [12.54, -3.74, 1.56],
						"5.25": [12.54, -3.74, 1.56],
						"5.3333": [11.94, -4.14, 1.56],
						"5.4583": [8.615, -3.965, 0.76],
						"5.625": [2.44, -0.515, -0.14],
						"5.6667": [1.2, 0.29, -0.54],
						"5.7083": [0.57, 0.39, -0.54],
						"5.75": [0.34, 0.29, -0.04],
						"5.8333": [0.04, 0.29, 0.26],
						"5.9167": [0, -0.085, 0.26],
						"6.0": [0, -0.11, 0.56],
						"6.0833": [0, -0.11, 0.66],
						"6.1667": [0, -0.11, 0.56],
						"6.25": [0, -0.11, 0.36],
						"6.3333": [0, -0.11, -0.04],
						"6.4167": [0.1, -0.185, -0.89],
						"6.4583": [0.125, -0.21, -1.165],
						"6.5": [0.13, -0.21, -1.315],
						"6.5417": [0.13, -0.31, -1.465],
						"6.5833": [0.13, -0.31, -1.585],
						"6.625": [0.13, -0.31, -1.66],
						"6.75": [0.13, -0.71, -0.885],
						"6.7917": [0.08, -0.76, -0.59],
						"6.8333": [0.04, -0.815, -0.215],
						"6.875": [0, -0.81, 0.215],
						"6.9167": [0, -0.735, 0.615],
						"6.9583": [0, -0.365, 0.75],
						"7.0": [0, 0.015, 0.69],
						"7.0417": [0, 0.075, 0.58],
						"7.0833": [0, 0.08, 0.32],
						"7.125": [0, 0.04, 0.04],
						"7.1667": [0, 0, 0]
					}
				},
				"bolt": {
					"position": {
						"3.5417": [0, 0, 0],
						"3.5833": [0, 0, 5.175],
						"6.3333": [0, 0, 5.175],
						"6.375": [0, 0, 0],
						"6.4583": [0, 0, 0.2],
						"6.5": [0, 0, 0]
					}
				},
				"camera": {
					"rotation": {
						"0.0": {
							"post": [0, 0, 0],
							"lerp_mode": "catmullrom"
						},
						"0.6667": {
							"post": [-2.2, -2.2, 0],
							"lerp_mode": "catmullrom"
						},
						"0.9583": {
							"post": [-1.2, -1.5, 0],
							"lerp_mode": "catmullrom"
						},
						"1.2083": {
							"post": [-1.76, -0.49, 0.7],
							"lerp_mode": "catmullrom"
						},
						"1.4167": {
							"post": [-2.3, -0.3, 0.7],
							"lerp_mode": "catmullrom"
						},
						"1.6667": {
							"post": [-1.63, -1.15, 0.16],
							"lerp_mode": "catmullrom"
						},
						"1.9583": {
							"post": [-0.9, 0.6, -0.5],
							"lerp_mode": "catmullrom"
						},
						"2.2083": {
							"post": [-2.2, 1.3, -0.5],
							"lerp_mode": "catmullrom"
						},
						"2.5": {
							"post": [-2.2, 1.5, 0.1],
							"lerp_mode": "catmullrom"
						},
						"3.0": {
							"post": [0.2, 0.8, 0.5],
							"lerp_mode": "catmullrom"
						},
						"3.2917": {
							"post": [0.59, 0.74, 0.31],
							"lerp_mode": "catmullrom"
						},
						"3.5": {
							"post": [-0.5, 2.3, 0.3],
							"lerp_mode": "catmullrom"
						},
						"3.625": {
							"post": [-1.025, -0.5, 3.6],
							"lerp_mode": "catmullrom"
						},
						"3.75": {
							"post": [-1.9, 1.8, 0.2],
							"lerp_mode": "catmullrom"
						},
						"3.875": {
							"post": [-3.35, 7.4, 2.5],
							"lerp_mode": "catmullrom"
						},
						"4.2083": {
							"post": [3.65, 7.5, 2.5],
							"lerp_mode": "catmullrom"
						},
						"4.4167": {
							"post": [0.95, 6.7, 2.5],
							"lerp_mode": "catmullrom"
						},
						"4.5417": {
							"post": [3.85, 6, 2.5],
							"lerp_mode": "catmullrom"
						},
						"4.9583": {
							"post": [3.35, 4.9, 2.5],
							"lerp_mode": "catmullrom"
						},
						"5.3333": {
							"post": [3.95, 3.6, 2.5],
							"lerp_mode": "catmullrom"
						},
						"5.6667": {
							"post": [1.45, 2.4, 2.5],
							"lerp_mode": "catmullrom"
						},
						"5.9583": {
							"post": [3.55, 1.2, 1.1],
							"lerp_mode": "catmullrom"
						},
						"6.375": {
							"post": [-0.85, -0.6, -0.6],
							"lerp_mode": "catmullrom"
						},
						"6.4167": {
							"post": [-0.85, 0.5, 1.8],
							"lerp_mode": "catmullrom"
						},
						"6.4583": {
							"post": [-0.85, -0.6, -0.3],
							"lerp_mode": "catmullrom"
						},
						"6.5833": {
							"post": [0.45, 1, 2.3],
							"lerp_mode": "catmullrom"
						},
						"6.7917": {
							"post": [1.55, 0, -0.1],
							"lerp_mode": "catmullrom"
						},
						"7.1667": {
							"post": [0, 0, 0],
							"lerp_mode": "catmullrom"
						}
					}
				},
				"zephyr_and_righthand": {
					"rotation": {
						"4.25": [0, 0, 0],
						"4.3333": [0, 0, 22.4],
						"4.5": [-32.32769, 16.47074, 23.80005],
						"4.625": [-53.42182, 36.84191, 4.37116],
						"4.75": [-53.42182, 36.84191, -1.02884],
						"5.0": [-54.65907, 38.0146, -3.06853],
						"5.25": [-54.03, 37.43, -2.04],
						"5.5": [0, 0, 0]
					},
					"position": {
						"4.25": [0, 0, 0],
						"4.3333": [3.6, 0, -1.8],
						"4.5": [4.1, 9.5, 1.4],
						"4.625": [0, 13.9, 4.5],
						"4.75": [-0.6, 13.9, 5.1],
						"5.0": [-1.3, 13.9, 5.1],
						"5.25": [-1.3, 13.9, 5.1],
						"5.5": [0, 0, 0]
					}
				},
				"zephyr": {
					"rotation": {
						"3.5833": [0, 0, 0],
						"3.6667": [-162.5, -0.74, 1.35],
						"3.7083": [325, -1.4789, 2.69138],
						"4.25": [0, 0, 0],
						"5.25": [0, 0, 0],
						"5.5": [-7.5, 0, 0],
						"5.75": [-6.2, 0, 0],
						"6.0": [0, 0, 0],
						"6.3333": [0, 0, 0]
					},
					"position": {
						"3.5": [0, 0, 0],
						"3.5417": [0, 0, 1.9],
						"3.5833": [0, 0, 4.5],
						"3.625": [-1.5, 2.4, 3],
						"3.6667": [-2.2, 4.4, 3],
						"3.8333": [-5.23, 4.83, 3],
						"4.0": [-8.16, 4.8, 3],
						"4.125": [-9.78, 3.85, 3],
						"4.25": [-9.8, -2.8, 6.8],
						"4.2917": [-9.8, -2.8, 6.8],
						"4.3333": [-9.4, -2.8, 4.2],
						"4.4583": [-10.825, -2.8, 4.2],
						"4.5": [-11.2, -2.8, 4.2],
						"5.25": [-11.2, -2.8, 4.2],
						"5.5": [-5, 0.1, 4.7],
						"5.75": [-0.9, 1.3, 5.1],
						"5.875": [0, 0, 5.15],
						"6.0833": [0, 0, 5.15],
						"6.1667": [0, 0, 5.15],
						"6.3333": [0, 0, 5.15],
						"6.4167": [0, 0, 0]
					}
				}
			},
			"sound_effects": {
				"0.0": {
					"effect": "ex:revolt/revolt_inspect"
				}
			}
		},
		"inspect_empty": {
			"loop": "hold_on_last_frame",
			"animation_length": 4.4,
			"bones": {
				"lefthand": {
					"rotation": [91.00802, -387.87001, -127.739],
					"position": [6.325, -15.35, 0.5],
					"scale": [1, 1.5, 1]
				},
				"righthand": {
					"rotation": {
						"0.0": [92.95715, -348.33003, -179.8124],
						"1.6667": [92.96, -348.33, -179.81]
					},
					"position": {
						"0.0": [-8.85, -15.75, 9.975],
						"1.6667": [-8.85, -15.75, 9.98],
						"1.75": [-6.95, -15.75, 10.68]
					},
					"scale": [1, 1.5, 1]
				},
				"root": {
					"rotation": {
						"0.0": [0, 0, 0],
						"0.1667": [-0.47, 0, -1.33],
						"0.25": [-1.3, -2, -2],
						"0.3333": [-3, -7.375, -2.4],
						"0.4167": [-5.5, -13.9, -2.5],
						"0.5": [-9.2, -19.975, -1.925],
						"0.5833": [-13.88066, -24.49125, -1.17469],
						"0.6667": [-18.51052, -26.00833, -2.14411],
						"0.75": [-20.2, -26.69, -2.14],
						"0.8333": [-20.04, -27.38, -2.14],
						"0.9167": [-20.09, -27.38, -2.14],
						"1.0": [-21.34, -27.38, -2.14],
						"1.25": {
							"pre": [-19.37268, -29.14317, -7.45284],
							"post": [-19.37268, -29.14317, -7.45284],
							"lerp_mode": "catmullrom"
						},
						"1.5": [-22.796, -30.99981, -6.59993],
						"1.5833": [-24.24454, -29.43294, -4.60379],
						"1.6667": [-27.06426, -25.81552, 3.20676],
						"1.75": [-31.79269, -14.6331, 21.58073],
						"1.875": [-34.275, 2.695, 40.795],
						"2.0": [-29.24293, 15.62372, 49.02764],
						"2.0833": [-31.59, 20.445, 50.05],
						"2.2083": [-30.715, 21.25, 50.05],
						"2.3333": [-33.74455, 20.36481, 46.81619],
						"2.5": [-33.30436, 20.25784, 47.89207],
						"2.5833": [-33.50779, 21.09482, 48.85656],
						"2.875": [-31.1808, 21.518, 48.35255],
						"3.0833": [-29.1586, 20.18963, 48.99356],
						"3.3333": [-27.95779, 21.09482, 48.33156],
						"3.625": {
							"pre": [-17.78079, 16.58778, 41.47214],
							"post": [-17.78079, 16.58778, 41.47214],
							"lerp_mode": "catmullrom"
						},
						"3.7917": {
							"post": [-3.875, 4.72, 12.72],
							"lerp_mode": "catmullrom"
						},
						"3.875": [0.125, 1.9, 7.5],
						"3.9583": [1.8, 0.77, 4.545],
						"4.0": [2.505, 1.53, 3.43],
						"4.0417": [3.01, 2.3, 4.4],
						"4.0833": [2.385, 1.83, 3.15],
						"4.125": [1.485, 1.095, 1.675],
						"4.1667": [0.01, 0, -0.3],
						"4.2083": [-0.59, 0, -0.55],
						"4.2917": [0, 0, 0]
					},
					"position": {
						"0.0": [0, 0, 0],
						"0.125": [0.05, -0.5, 1],
						"0.25": [0.475, -0.45, 1.125],
						"0.3333": [1.2, -0.025, 1.875],
						"0.375": [1.45, 0.4, 2.275],
						"0.4167": [1.725, 0.875, 2.5],
						"0.4583": [2, 1.325, 2.575],
						"0.5": [2.35, 1.9, 2.575],
						"0.5417": [2.65, 2.63, 2.505],
						"0.5833": [3.075, 3.43, 2.43],
						"0.6667": [3.93, 5.23, 2.43],
						"0.7083": [4.23, 5.455, 2.43],
						"0.75": [4.405, 5.505, 2.43],
						"0.7917": [4.505, 5.33, 2.43],
						"0.9167": [4.505, 5.055, 2.43],
						"1.0": [4.53, 5.13, 2.43],
						"1.25": [4.78, 5.585, 2.43],
						"1.3333": [4.905, 5.765, 2.43],
						"1.5": [4.91, 5.87, 2.43],
						"1.5833": [5.51, 5.87, 2.43],
						"1.6667": [7.11, 5.57, 2.805],
						"1.75": [8.11, 4.845, 3.205],
						"1.875": {
							"pre": [8.16, 3.945, 3.23],
							"post": [8.16, 3.945, 3.23],
							"lerp_mode": "catmullrom"
						},
						"2.0": {
							"post": [7.06, 3.85, 2.93],
							"lerp_mode": "catmullrom"
						},
						"2.125": [6.735, 4.825, 1.93],
						"2.2083": [6.835, 6, 1.23],
						"2.3333": [6.995, 6.75, 1.05],
						"2.5": [6.935, 6.78, 0.81],
						"2.7917": [6.82, 6.63, 0.88],
						"3.0": [6.78, 6.73, 0.91],
						"3.25": {
							"pre": [6.74, 6.86, 0.935],
							"post": [6.74, 6.86, 0.935],
							"lerp_mode": "catmullrom"
						},
						"3.4167": [5.49, 5.68, 0.7],
						"3.5417": {
							"pre": [3.34, 2.11, 0.46],
							"post": [3.34, 2.11, 0.46],
							"lerp_mode": "catmullrom"
						},
						"3.75": {
							"post": [1.22, -0.33, 0.08],
							"lerp_mode": "catmullrom"
						},
						"3.9167": [0.13, -0.71, -0.685],
						"3.9583": [0.08, -0.76, -0.89],
						"4.0": [0.04, -0.815, -0.415],
						"4.0417": [0, -0.61, 0.415],
						"4.0833": [0, -0.735, 0.815],
						"4.125": [0, -0.365, 0.95],
						"4.1667": [0, 0.015, 0.89],
						"4.2083": [0, 0.075, 0.78],
						"4.25": [0, 0.08, 0.52],
						"4.2917": [0, 0.04, 0.24],
						"4.3333": [0, 0, 0]
					}
				},
				"bolt": {
					"position": [0, 0, 5.175]
				},
				"camera": {
					"rotation": {
						"0.0": {
							"post": [0, 0, 0],
							"lerp_mode": "catmullrom"
						},
						"0.6667": {
							"post": [-2.2, -2.2, 0],
							"lerp_mode": "catmullrom"
						},
						"0.9583": {
							"post": [-1.2, -1.5, 0],
							"lerp_mode": "catmullrom"
						},
						"1.2083": {
							"post": [-1.76, -0.49, 0.7],
							"lerp_mode": "catmullrom"
						},
						"1.4167": {
							"post": [-2.3, -0.3, 0.7],
							"lerp_mode": "catmullrom"
						},
						"1.6667": {
							"post": [-1.63, -1.15, 0.16],
							"lerp_mode": "catmullrom"
						},
						"1.9583": {
							"post": [-0.9, 0.6, -0.5],
							"lerp_mode": "catmullrom"
						},
						"2.2083": {
							"post": [-2.2, 1.3, -0.5],
							"lerp_mode": "catmullrom"
						},
						"2.5": {
							"post": [-2.2, 1.5, 0.1],
							"lerp_mode": "catmullrom"
						},
						"2.9583": {
							"post": [-0.45, 0, -0.1],
							"lerp_mode": "catmullrom"
						},
						"3.375": {
							"post": [1.35, -0.09, -0.06],
							"lerp_mode": "catmullrom"
						},
						"3.75": {
							"post": [1.35, 0, -0.75],
							"lerp_mode": "catmullrom"
						},
						"4.0": {
							"post": [-0.23, 0, 0.68],
							"lerp_mode": "catmullrom"
						},
						"4.1667": {
							"post": [-1.06, 0, 0],
							"lerp_mode": "catmullrom"
						},
						"4.375": {
							"post": [0, 0, 0],
							"lerp_mode": "catmullrom"
						}
					}
				},
				"zephyr": {
					"position": [0, -1, 0]
				}
			},
			"sound_effects": {
				"0.0": {
					"effect": "ex:revolt/revolt_inspect_empty"
				}
			}
		},
		"run": {
			"loop": true,
			"animation_length": 0.8,
			"bones": {
				"root": {
					"rotation": {
						"0.0": [-68.73, -5.5, -3.14],
						"0.05": [-68.99, -7.39, -3.57],
						"0.1": [-69.36, -9.11, -3.81],
						"0.15": [-69.45, -10.1, -3.75],
						"0.2": [-68.82, -9.82, -3.09],
						"0.25": [-67.92, -8.81, -2.13],
						"0.3": [-67.68, -8.15, -1.7],
						"0.35": [-68.9, -8.72, -2.46],
						"0.4": [-70.77, -9.63, -3.74],
						"0.45": [-71.87, -9.32, -4.34],
						"0.5": [-71.58, -7.25, -3.75],
						"0.55": [-70.7, -4.07, -2.59],
						"0.6": [-69.68, -1.04, -1.42],
						"0.65": [-68.98, 0.57, -0.8],
						"0.7": [-68.67, -0.33, -1.21],
						"0.75": [-68.65, -3, -2.27],
						"0.8": [-68.73, -5.5, -3.14]
					},
					"position": {
						"0.0": [-3.64, 5.47, 7.06],
						"0.05": [-3.63, 5.33, 7.06],
						"0.1": [-3.66, 4.98, 7.06],
						"0.15": [-3.67, 4.62, 7.06],
						"0.2": [-3.64, 4.47, 7.06],
						"0.25": [-3.52, 4.67, 7.06],
						"0.3": [-3.34, 5.07, 7.06],
						"0.35": [-3.19, 5.46, 7.06],
						"0.4": [-3.14, 5.62, 7.06],
						"0.45": [-3.26, 5.38, 7.06],
						"0.5": [-3.5, 4.91, 7.06],
						"0.55": [-3.74, 4.43, 7.06],
						"0.6": [-3.89, 4.21, 7.06],
						"0.65": [-3.89, 4.39, 7.06],
						"0.7": [-3.81, 4.81, 7.06],
						"0.75": [-3.71, 5.25, 7.06],
						"0.8": [-3.64, 5.47, 7.06]
					}
				},
				"lefthand_pos": {
					"position": [-14, -25, 15.5],
					"scale": 0
				},
				"righthand": {
					"rotation": [92.95715, -348.33003, -179.8124],
					"position": [-8.85, -15.75, 9.975],
					"scale": [1, 1.5, 1]
				},
				"camera": {
					"rotation": {
						"0.0": [0, 0, 0],
						"0.05": [0.09, 0, 0.15],
						"0.1": [0.13, 0, 0.25],
						"0.15": [-0.07, 0, 0.07],
						"0.2": [-0.25, 0, -0.12],
						"0.25": [-0.15, 0, -0.09],
						"0.3": [0, 0, 0],
						"0.35": [0.02, 0, 0.02],
						"0.4": [0, 0, 0],
						"0.45": [-0.01, 0, -0.08],
						"0.5": [0, 0, -0.12],
						"0.55": [0.08, 0, 0],
						"0.6": [0.13, 0, 0.13],
						"0.65": [0, 0, 0.08],
						"0.7": [-0.12, 0, 0],
						"0.75": [-0.09, 0, -0.02],
						"0.8": [0, 0, 0]
					}
				}
			}
		},
		"run_start": {
			"animation_length": 0.55,
			"bones": {
				"root": {
					"rotation": {
						"0.0": [0, 0, 0],
						"0.05": [2.8, -0.48, 3.97],
						"0.1": [5.79, -1.19, 9.23],
						"0.15": [1.73, -2.05, 11.57],
						"0.2": [-10.48, -2.9, 9.39],
						"0.25": [-28.47, -3.91, 4.94],
						"0.3": [-46.79, -4.85, 0.12],
						"0.35": [-59.98, -5.5, -3.14],
						"0.4": [-66.1, -5.75, -4.18],
						"0.45": [-68.22, -5.72, -4.06],
						"0.5": [-68.4, -5.59, -3.49],
						"0.55": [-68.73, -5.5, -3.14]
					},
					"position": {
						"0.0": [0, 0, 0],
						"0.05": [0.06, -0.64, -0.32],
						"0.1": [0.17, -1.58, -0.79],
						"0.15": [0.17, -2.44, -1.22],
						"0.2": [-0.09, -2.83, -1.175],
						"0.25": [-1.13, -2.425, -0.38],
						"0.3": [-2.54, -1.46, 0.97],
						"0.35": [-3.57, -0.39, 2.54],
						"0.4": [-3.83, 0.91, 4.23],
						"0.45": [-3.82, 2.43, 5.69],
						"0.5": [-3.71, 3.945, 7.085],
						"0.55": [-3.64, 5.47, 7.06]
					}
				},
				"lefthand_pos": {
					"position": {
						"0.0": [0, 0, 0],
						"0.1": [-7.17, -3.67, 0],
						"0.2": [-11.83, -12.08, 2],
						"0.3": [-14, -25, 15.5]
					},
					"scale": {
						"0.2": [1, 1, 1],
						"0.3": [0, 0, 0]
					}
				},
				"camera": {
					"rotation": {
						"0.0": {
							"post": [0, 0, 0],
							"lerp_mode": "catmullrom"
						},
						"0.1": {
							"post": [0.75, 0, -0.5],
							"lerp_mode": "catmullrom"
						},
						"0.2": {
							"post": [-0.25, 0, 0.1875],
							"lerp_mode": "catmullrom"
						},
						"0.3": {
							"post": [0, 0, 0],
							"lerp_mode": "catmullrom"
						},
						"0.4": {
							"post": [0, 0, 0],
							"lerp_mode": "catmullrom"
						}
					}
				}
			}
		},
		"run_hold": {
			"loop": true,
			"bones": {
				"root": {
					"rotation": [-68.73, -5.5, -3.14],
					"position": [-3.64, 5.47, 7.06]
				},
				"lefthand_pos": {
					"position": [-14, -25, 15.5],
					"scale": 0
				}
			}
		},
		"run_end": {
			"animation_length": 0.65,
			"bones": {
				"root": {
					"rotation": {
						"0.0": [-68.73, -5.5, -3.14],
						"0.05": [-55.61, -4.21, 0.37],
						"0.1": [-36.44, -2.32, 5.59],
						"0.15": [-17.16, -0.44, 10.34],
						"0.2": [-3.66, 0.81, 12.47],
						"0.25": [1.72, 1.17, 10.52],
						"0.3": [2.4, 1, 5.92],
						"0.35": [1.03, 0.62, 0.91],
						"0.4": [0.28, 0.35, -2.3],
						"0.45": [0.49, 0.21, -2.71],
						"0.5": [0.23, 0.09, -1.23],
						"0.55": [0, 0, 0],
						"0.6": [-0.02, -0.02, 0.14],
						"0.65": [0, 0, 0]
					},
					"position": {
						"0.0": [-3.64, 5.47, 7.06],
						"0.05": [-2.43, -0.81, -0.91],
						"0.1": [-1.27, -2.08, -1.96],
						"0.15": [-0.5, -2.5, -2.25],
						"0.2": [-0.17, -2.06, -1.84],
						"0.25": [-0.04, -1.17, -1.06],
						"0.3": [-0.01, -0.24, -0.23],
						"0.35": [0.02, 0.37, 0.3],
						"0.4": [0.06, 0.47, 0.4],
						"0.45": [0.05, 0.22, 0.18],
						"0.5": [0.03, 0.01, -0.01],
						"0.55": [0.02, -0.02, -0.03],
						"0.6": [0.01, -0.01, -0.01],
						"0.65": [0, 0, 0]
					}
				},
				"lefthand_pos": {
					"position": {
						"0.0": [-14, -25, 15.5],
						"0.1": [-11.83, -12.08, 2],
						"0.2": [-7.17, -3.67, 0],
						"0.3": [0, 0, 0]
					},
					"scale": {
						"0.15": [0, 0, 0],
						"0.2": [1, 1, 1]
					}
				},
				"camera": {
					"rotation": {
						"0.25": {
							"pre": [0, 0, 0],
							"post": [0, 0, 0],
							"lerp_mode": "catmullrom"
						},
						"0.3": {
							"post": [0, 0, 0.3],
							"lerp_mode": "catmullrom"
						},
						"0.35": {
							"post": [0, 0, -0.125],
							"lerp_mode": "catmullrom"
						},
						"0.45": {
							"post": [0, 0, 0],
							"lerp_mode": "catmullrom"
						}
					}
				}
			}
		}
	}
}