{
	"format_version": "1.8.0",
	"animations": {
		"static_idle": {
			"loop": true,
			"bones": {
				"lefthand": {
					"rotation": [91.47237, -398.26212, -126.75784],
					"position": [7.125, -11.625, -12.5],
					"scale": [1, 1.5, 1]
				},
				"righthand": {
					"rotation": [100.21875, 11.81504, -177.88617],
					"position": [-6.6, -14.2, -2.525],
					"scale": [1, 1.5, 1]
				},
				"constraint": {
					"rotation": [0.05, 0.2, 0.1],
					"position": [0.15, 0.2, 0.35]
				}
			}
		},
		"static_bolt_caught": {
			"loop": true,
			"bones": {
				"bullet": {
					"scale": 0
				},
				"m4a1_bolt": {
					"position": [0, 0, 4.7]
				},
				"bolt_release": {
					"rotation": [0, 0, 15]
				}
			}
		},
		"shoot": {
			"animation_length": 0.7,
			"bones": {
				"root": {
					"rotation": {
						"0.0": [0, 0, 0],
						"0.0333": [1.23, 0, 0.73],
						"0.0667": [-1.87, 0, -1.17],
						"0.1": [-1.99, 0, -1.23],
						"0.1333": [-0.91, 0, -0.35],
						"0.1667": [0.18, 0, 0.53],
						"0.2": [0.27, 0, 0.27],
						"0.2333": [0.36, 0, 0.01],
						"0.2667": [0.45, 0, -0.25],
						"0.3": [0.38, -0.07, -0.08],
						"0.3333": [0.3, -0.13, 0.08],
						"0.3667": [0.23, -0.2, 0.25],
						"0.4": [0.18, -0.17, 0.17],
						"0.4333": [0.14, -0.14, 0.09],
						"0.4667": [0.1, -0.11, 0.01],
						"0.5": [0.06, -0.07, -0.07],
						"0.5333": [0.04, -0.06, -0.06],
						"0.5667": [0.03, -0.04, -0.04],
						"0.6": [0.01, -0.02, -0.02],
						"0.6333": [0, 0, 0]
					},
					"position": {
						"0.0": [0, 0, 0],
						"0.0333": [0, -0.02, 0.83],
						"0.0667": [0, -0.05, 0.38],
						"0.1": [0, -0.05, -0.03],
						"0.1333": [0, -0.05, -0.04],
						"0.1667": [0, -0.04, -0.01],
						"0.2": [0, -0.04, 0.03],
						"0.2333": [0, -0.03, 0.06],
						"0.2667": [0, -0.02, 0.1],
						"0.3": [0, -0.02, 0.07],
						"0.3333": [0, -0.01, 0.03],
						"0.3667": [0, 0, 0]
					}
				},
				"pull": {
					"position": {
						"0.0": [0, 0, 0],
						"0.0333": [0, 0, 0.25],
						"0.0667": [0, 0, 0],
						"0.1": [0, 0, 0.15],
						"0.1333": [0, 0, 0]
					}
				},
				"bolt": {
					"position": {
						"0.0": [0, 0, 0],
						"0.0333": [0, 0, 3],
						"0.0667": [0, 0, 0]
					}
				},
				"constraint": {
					"position": {
						"0.0333": [0, 0, 0],
						"0.0667": [0, -0.1, 0.1],
						"0.1": [0, 0, 0]
					}
				}
			}
		},
		"draw": {
			"animation_length": 0.6,
			"bones": {
				"root": {
					"rotation": {
						"0.0": [0.81, -32.64, 33.95],
						"0.0333": [0.27, -29.86, 31.4],
						"0.0667": [-0.53, -25.86, 27.73],
						"0.1": [-1.28, -21.36, 23.7],
						"0.1333": [-1.65, -17.06, 20.1],
						"0.1667": [-1.47, -12.69, 17.07],
						"0.2": [-0.93, -8.04, 14.24],
						"0.2333": [-0.31, -3.86, 11.52],
						"0.2667": [0.1, -0.92, 8.88],
						"0.3": [0.23, 0.25, 6.05],
						"0.3333": [0.22, 0.18, 3.17],
						"0.3667": [0.16, -0.37, 0.67],
						"0.4": [0.11, -0.62, -0.98],
						"0.4333": [0.05, -0.14, -0.96],
						"0.4667": [-0.01, 0.27, 0.27],
						"0.5": [-0.02, 0.27, 0.3],
						"0.5333": [-0.01, 0.19, 0.21],
						"0.5667": [0, 0.07, 0.08],
						"0.6": [0, 0, 0]
					},
					"position": {
						"0.0": [-3.18, -5.58, 24],
						"0.0333": [-2.73, -4.99, 20.05],
						"0.0667": [-2.08, -4.13, 14.3],
						"0.1": [-1.41, -3.22, 8.44],
						"0.1333": [-0.9, -2.45, 4.15],
						"0.1667": [-0.45, -1.32, 1.17],
						"0.2": [-0.25, -0.53, 0.54],
						"0.2333": [-0.14, -0.24, -0.06],
						"0.2667": [-0.07, -0.1, -0.38],
						"0.3": [-0.03, -0.04, -0.5],
						"0.3333": [-0.01, -0.05, -0.36],
						"0.3667": [-0.02, -0.14, -0.04],
						"0.4": [-0.03, -0.19, 0.17],
						"0.4333": [-0.02, -0.13, 0.02],
						"0.4667": [-0.01, -0.05, -0.18],
						"0.5": [-0.01, -0.02, -0.16],
						"0.5333": [0, -0.01, -0.07],
						"0.5667": [0, 0, 0]
					}
				},
				"lefthand": {
					"rotation": {
						"0.0333": [91.47, -398.26, -126.76],
						"0.2667": [91.47237, -398.26212, -126.75784]
					},
					"position": {
						"0.0333": [11.13, -11.62, -9.5],
						"0.2667": [7.125, -11.625, -12.5]
					},
					"scale": [1, 1.5, 1]
				},
				"righthand": {
					"rotation": [100.21875, 11.81504, -177.88617],
					"position": [-6.6, -14.2, -2.525],
					"scale": [1, 1.5, 1]
				},
				"camera": {
					"rotation": {
						"0.0": [0, 0, 0],
						"0.0333": [0.01, 0.01, 0.02],
						"0.0667": [0.03, 0.03, 0.06],
						"0.1": [0.11, 0.06, 0.13],
						"0.1333": [0.43, 0.14, 0.35],
						"0.1667": [0.76, 0.22, 0.53],
						"0.2": [0.91, 0.23, 0.52],
						"0.2333": [1.01, 0.22, 0.45],
						"0.2667": [1.02, 0.19, 0.35],
						"0.3": [0.79, 0.09, 0.05],
						"0.3333": [0.48, 0, -0.17],
						"0.3667": [0.31, -0.02, -0.02],
						"0.4": [0.17, -0.01, 0.19],
						"0.4333": [-0.17, -0.01, 0.09],
						"0.4667": [-0.11, 0, 0.01],
						"0.5": [0, 0, -0.05],
						"0.5333": [0.01, 0, -0.05],
						"0.5667": [0.01, 0, -0.02],
						"0.6": [0, 0, 0]
					}
				}
			},
			"sound_effects": {
				"0.0": {
					"effect": "ex:ro635/ro635_draw"
				},
				"0.0333": {
					"effect": "ex:ro635/ro635_attack"
				}
			}
		},
		"put_away": {
			"animation_length": 0.5,
			"bones": {
				"root": {
					"rotation": {
						"0.0": [0, 0, 0],
						"0.1": [7.5, -15, 0],
						"0.3333": [3.34915, -53.64686, 15.2689],
						"0.5": [-20.85115, -72.47954, 42.16438]
					},
					"position": {
						"0.0": [0, 0, 0],
						"0.1667": [1.7375, -2.84375, 0],
						"0.2667": [3.0875, -6.44375, 0],
						"0.4333": [6.24, -18.7875, 0]
					}
				},
				"lefthand": {
					"rotation": [91.47237, -398.26212, -126.75784],
					"position": [7.125, -11.625, -12.5],
					"scale": [1, 1.5, 1]
				},
				"righthand": {
					"rotation": [100.21875, 11.81504, -177.88617],
					"position": [-6.6, -14.2, -2.525],
					"scale": [1, 1.5, 1]
				},
				"camera": {
					"rotation": {
						"0.0": [0, 0, 0],
						"0.0333": [0.05, 0, -0.02],
						"0.0667": [0.12, 0, -0.04],
						"0.1": [0.18, 0, -0.07],
						"0.1333": [0.18, 0, -0.1],
						"0.1667": [0.07, 0, -0.14],
						"0.2": [-0.1, 0, -0.2],
						"0.2333": [-0.26, 0, -0.24],
						"0.2667": [-0.35, 0, -0.25],
						"0.3": [-0.32, 0, -0.21],
						"0.3333": [-0.21, 0, -0.13],
						"0.3667": [-0.08, 0, -0.05],
						"0.4": [0, 0, 0]
					}
				}
			},
			"sound_effects": {
				"0.0": {
					"effect": "ex:ro635/ro635_put_away"
				}
			}
		},
		"reload_tactical": {
			"animation_length": 2.4,
			"bones": {
				"lefthand": {
					"rotation": {
						"0.0": [91.47237, -398.26212, -126.75784],
						"0.2333": [153.50847, -397.57248, -164.5756],
						"0.7333": [153.50847, -397.57248, -164.5756],
						"0.8": [153.50847, -397.57248, -164.5756],
						"0.9333": [153.50847, -397.57248, -164.5756],
						"1.3": [153.50847, -397.57248, -164.5756],
						"1.5667": [153.50847, -397.57248, -164.5756],
						"1.6667": [153.50847, -397.57248, -164.5756],
						"1.8667": [96.3949, -386.64097, -130.13831],
						"1.9333": [91.47237, -398.26212, -126.75784]
					},
					"position": {
						"0.0": [7.125, -11.625, -12.5],
						"0.2333": [6.275, -15.895, -7.43],
						"0.7333": [6.275, -15.895, -7.43],
						"1.3": [6.275, -15.895, -7.43],
						"1.4333": [6.275, -15.895, -7.43],
						"1.5": [6.40276, -20.74392, -5.95931],
						"1.5667": [8.22345, -28.20821, -1.61571],
						"1.6667": [8.22345, -28.20821, -1.61571],
						"1.8": [9.22056, -16.64921, -10.14525],
						"1.8667": [7.06457, -11.92884, -12.50898],
						"1.9333": [7.125, -11.625, -12.5]
					},
					"scale": [1, 1.5, 1]
				},
				"righthand": {
					"rotation": [100.21875, 11.81504, -177.88617],
					"position": [-6.6, -14.2, -2.525],
					"scale": [1, 1.5, 1]
				},
				"root": {
					"rotation": {
						"0.0": {
							"post": [0, 0, 0],
							"lerp_mode": "catmullrom"
						},
						"0.1": {
							"post": [-3.39058, 0.28629, 1.84737],
							"lerp_mode": "catmullrom"
						},
						"0.2333": {
							"post": [-15.02627, -13.21118, -27.57717],
							"lerp_mode": "catmullrom"
						},
						"0.3667": {
							"post": [-19.74235, -17.60041, -31.95266],
							"lerp_mode": "catmullrom"
						},
						"0.4667": {
							"post": [-19.60203, -16.52838, -29.44782],
							"lerp_mode": "catmullrom"
						},
						"0.6": {
							"post": [-17.74694, -16.2267, -30.26296],
							"lerp_mode": "catmullrom"
						},
						"0.7333": {
							"post": [-18.35208, -17.28687, -29.64263],
							"lerp_mode": "catmullrom"
						},
						"0.8": {
							"post": [-18.6521, -14.33136, -29.05652],
							"lerp_mode": "catmullrom"
						},
						"0.8667": {
							"post": [-21.44668, -15.60891, -35.76364],
							"lerp_mode": "catmullrom"
						},
						"0.9667": {
							"post": [-20.51, -16.885, -35.155],
							"lerp_mode": "catmullrom"
						},
						"1.0667": {
							"post": [-22.58, -18.43, -38.52],
							"lerp_mode": "catmullrom"
						},
						"1.1333": {
							"post": [-24.14718, -19.36223, -40.42979],
							"lerp_mode": "catmullrom"
						},
						"1.2333": {
							"post": [-25.86568, -18.60362, -39.43117],
							"lerp_mode": "catmullrom"
						},
						"1.2667": {
							"post": [-20.99501, -20.7155, -42.58894],
							"lerp_mode": "catmullrom"
						},
						"1.3": {
							"post": [-21.82846, -19.64614, -34.60032],
							"lerp_mode": "catmullrom"
						},
						"1.3667": {
							"post": [-20.15865, -22.61855, -40.66399],
							"lerp_mode": "catmullrom"
						},
						"1.4667": {
							"post": [-19.78756, -20.34191, -34.63564],
							"lerp_mode": "catmullrom"
						},
						"1.5667": {
							"post": [-22.07672, -17.69201, -31.64182],
							"lerp_mode": "catmullrom"
						},
						"1.7333": {
							"post": [-15.02312, -14.02803, -26.63737],
							"lerp_mode": "catmullrom"
						},
						"1.8333": {
							"post": [-6.80188, -3.25192, -14.58751],
							"lerp_mode": "catmullrom"
						},
						"1.9333": {
							"post": [2.0003, -0.99939, -2.8349],
							"lerp_mode": "catmullrom"
						},
						"2.0": {
							"post": [0.91765, 0.12214, 2.96963],
							"lerp_mode": "catmullrom"
						},
						"2.0333": {
							"post": [0, 0, -1],
							"lerp_mode": "catmullrom"
						},
						"2.1333": {
							"post": [-0.26875, 0, 1.75],
							"lerp_mode": "catmullrom"
						},
						"2.2333": {
							"post": [0, 0, 0],
							"lerp_mode": "catmullrom"
						},
						"2.3333": {
							"post": [0, 0, 0],
							"lerp_mode": "catmullrom"
						}
					},
					"position": {
						"0.0": {
							"post": [0, 0, 0],
							"lerp_mode": "catmullrom"
						},
						"0.0667": {
							"post": [-0.07, -0.32, -0.14],
							"lerp_mode": "catmullrom"
						},
						"0.1333": {
							"post": [-0.2, -0.615, -1.29],
							"lerp_mode": "catmullrom"
						},
						"0.2667": {
							"post": [-0.2, -0.19, -0.93],
							"lerp_mode": "catmullrom"
						},
						"0.3667": {
							"post": [-0.27, -0.955, -0.69],
							"lerp_mode": "catmullrom"
						},
						"0.5": {
							"post": [-0.35, -0.965, -0.805],
							"lerp_mode": "catmullrom"
						},
						"0.7": {
							"post": [-0.3, -0.845, -0.67],
							"lerp_mode": "catmullrom"
						},
						"0.8333": {
							"post": [-0.15, -0.985, -0.705],
							"lerp_mode": "catmullrom"
						},
						"0.9": {
							"post": [-0.45, 0.035, -0.605],
							"lerp_mode": "catmullrom"
						},
						"1.0": {
							"post": [-0.575, -0.425, -0.745],
							"lerp_mode": "catmullrom"
						},
						"1.1": {
							"post": [-0.355, -0.67, -0.605],
							"lerp_mode": "catmullrom"
						},
						"1.2": {
							"post": [-0.37, -0.445, -0.605],
							"lerp_mode": "catmullrom"
						},
						"1.2333": {
							"post": [-0.29, -0.445, -0.605],
							"lerp_mode": "catmullrom"
						},
						"1.2667": {
							"post": [-0.4, -0.615, -0.605],
							"lerp_mode": "catmullrom"
						},
						"1.3": {
							"post": [-0.135, -1.43, -0.65],
							"lerp_mode": "catmullrom"
						},
						"1.3667": {
							"post": [-0.47, -1, -0.76],
							"lerp_mode": "catmullrom"
						},
						"1.4667": {
							"post": [-0.275, -0.85, -0.83],
							"lerp_mode": "catmullrom"
						},
						"1.5667": {
							"post": [-0.375, -0.775, -0.6],
							"lerp_mode": "catmullrom"
						},
						"1.7333": {
							"post": [-0.535, -0.805, -0.595],
							"lerp_mode": "catmullrom"
						},
						"1.8667": {
							"post": [-0.375, -1.5, -1.65],
							"lerp_mode": "catmullrom"
						},
						"2.0333": {
							"post": [0, -0.175, 0.1],
							"lerp_mode": "catmullrom"
						},
						"2.1333": {
							"post": [-0.08125, -0.01, -0.08],
							"lerp_mode": "catmullrom"
						},
						"2.2333": {
							"post": [0, 0, 0.075],
							"lerp_mode": "catmullrom"
						},
						"2.4": {
							"post": [0, 0, 0],
							"lerp_mode": "catmullrom"
						}
					}
				},
				"magazine_bullet": {
					"scale": {
						"0.0": [0, 0, 0],
						"0.3": {
							"pre": [0, 0, 0],
							"post": [1, 1, 1]
						}
					}
				},
				"additional_magazine": {
					"rotation": {
						"0.7667": [0, 0, 0],
						"0.8667": [0, 0, 0],
						"1.0": [-99.81924, -7.51466, -2.75196],
						"1.3": [-102.31924, -7.51466, -2.75196],
						"1.4333": [-102.32, -7.51, -2.75],
						"1.5": [-103.88834, -3.94483, 4.34706],
						"1.5667": [-88.0676, -42.76537, -32.60857]
					},
					"position": {
						"0.7667": [0, 0, 0],
						"0.8": [-0.01375, 0.005, 0.015],
						"0.8667": [-0.16375, -5.095, -0.16],
						"0.9333": [-0.31, -6.335, 1.84],
						"1.0": [-0.86, -8.475, 1.745],
						"1.0667": [-1.00375, -8.225, 2.135],
						"1.1667": [-1.36875, -6.65, 2],
						"1.2333": [-1.50375, -6.57, 2.205],
						"1.2667": [-1.64375, -6.15, 2.25],
						"1.3": [-1.81875, -3.35, 2.25],
						"1.4333": [-1.82, -3.35, 2.25],
						"1.5": [-1.77224, -8.31892, 3.76569],
						"1.5667": [0.80813, -15.28726, 7.65993]
					}
				},
				"camera": {
					"rotation": {
						"0.0": {
							"post": [0, 0, 0],
							"lerp_mode": "catmullrom"
						},
						"0.1333": {
							"post": [0.215, 0, -0.175],
							"lerp_mode": "catmullrom"
						},
						"0.3667": {
							"post": [1.95, 0.125, -1],
							"lerp_mode": "catmullrom"
						},
						"0.5667": {
							"post": [1.52, 0.125, -0.825],
							"lerp_mode": "catmullrom"
						},
						"0.8": {
							"post": [1.65, 0.125, -0.675],
							"lerp_mode": "catmullrom"
						},
						"0.8667": {
							"post": [2.055, 0, -0.05],
							"lerp_mode": "catmullrom"
						},
						"0.9667": {
							"post": [1.345, 0.125, -1.05],
							"lerp_mode": "catmullrom"
						},
						"1.1": {
							"post": [1.42, 0.13, -0.345],
							"lerp_mode": "catmullrom"
						},
						"1.2667": {
							"post": [1.51, 0.125, -0.675],
							"lerp_mode": "catmullrom"
						},
						"1.3333": {
							"post": [2.33, 0.025, 0],
							"lerp_mode": "catmullrom"
						},
						"1.4": {
							"post": [1.88, 0.125, -1],
							"lerp_mode": "catmullrom"
						},
						"1.5667": {
							"post": [1.88, 0.13, -0.235],
							"lerp_mode": "catmullrom"
						},
						"1.7333": {
							"post": [1.875, 0.125, -0.55],
							"lerp_mode": "catmullrom"
						},
						"2.0333": {
							"post": [-0.3, 0, 0.2],
							"lerp_mode": "catmullrom"
						},
						"2.1": {
							"post": [0.225, 0, -0.1],
							"lerp_mode": "catmullrom"
						},
						"2.2": {
							"post": [-0.125, 0, 0.1],
							"lerp_mode": "catmullrom"
						},
						"2.3": {
							"post": [0, 0, 0],
							"lerp_mode": "catmullrom"
						}
					}
				},
				"bullet": {
					"scale": 1
				},
				"constraint": {
					"rotation": {
						"0.0": [0.1, 0.1, 0.1],
						"0.2": [0.03, 0.03, 0.03],
						"1.7333": [0.03, 0.03, 0.03],
						"2.0333": [0.1, 0.1, 0.1]
					},
					"position": {
						"0.0": [0.1, 0.1, 0.4],
						"0.2": [0.03, 0.03, 0.03],
						"1.7333": [0.03, 0.03, 0.03],
						"2.0333": [0.1, 0.1, 0.4]
					}
				},
				"mag_and_lefthand": {
					"rotation": {
						"0.0": [0, 0, 0],
						"0.0667": [2.28516, 0.46364, -15.90029],
						"0.1333": [-9.29233, 3.95655, -47.62145],
						"0.2333": [-9.29233, 3.95655, -47.62145],
						"0.4333": [-9.29233, 3.95655, -47.62145],
						"0.5": [27.89308, -2.20816, 1.04072],
						"0.7": [82.72815, 4.09982, -3.25274],
						"0.8": [82.72815, 4.09982, -3.25274],
						"0.8667": [78.74684, 0.13189, -2.74684],
						"1.0": [4.01957, 0.13189, -2.74684],
						"1.1667": [2.74684, 0.13189, -2.74684],
						"1.2667": [0, 0, 0],
						"1.3": [0, 0, 0]
					},
					"position": {
						"0.0": [0, 0, 0],
						"0.0667": [2.85298, 0.37012, 2.02562],
						"0.1333": [7.05469, -5.83111, 4.93477],
						"0.2333": [6.16325, -13.56187, 7.97192],
						"0.4333": [6.16325, -13.56187, 7.97192],
						"0.5": [5.1268, -13.0699, 8.05087],
						"0.6": [2.81431, -5.32017, 1.21068],
						"0.6667": [2.11, -2.865, -0.87],
						"0.7": [1.23, -2.57, -1.66],
						"0.8": [1.23, -2.57, -1.66],
						"0.8667": [1.08, -6.82, -1.835],
						"1.0667": [0.64, -5.25, 0.085],
						"1.1667": [0.275, -3.525, -0.25],
						"1.2333": [0.14, -3.42, -0.045],
						"1.2667": [0, -3.325, 0],
						"1.3": [0, 0, 0]
					}
				},
				"mag_and_bullet": {
					"scale": {
						"0.0": [0, 0, 0],
						"0.3": {
							"pre": [0, 0, 0],
							"post": [1, 1, 1]
						}
					}
				},
				"mag_release": {
					"position": {
						"0.6333": [0, 0, 0],
						"0.6667": [0.125, 0, 0],
						"0.9333": [0.125, 0, 0],
						"1.0": [0, 0, 0],
						"1.2667": [0, 0, 0],
						"1.3": [0.125, 0, 0],
						"1.3667": [0.125, 0, 0],
						"1.4": [0, 0, 0]
					}
				}
			},
			"sound_effects": {
				"0.0": {
					"effect": "ex:ro635/ro635_reload_tactical"
				}
			}
		},
		"reload_empty": {
			"animation_length": 2.5,
			"bones": {
				"lefthand": {
					"rotation": {
						"0.0": [91.47237, -398.26212, -126.75784],
						"0.0667": [99.62672, -367.20331, -142.37897],
						"0.1333": [122.59229, -397.28892, -174.69583],
						"0.2667": [122.59229, -397.28892, -174.69583],
						"0.3333": [125.02976, -380.64048, -196.2389],
						"0.4333": [51.15282, -384.75442, -163.94465],
						"0.5667": [76.94743, -357.32779, -190.87075],
						"0.6": [119.94743, -357.32779, -190.87075],
						"0.6667": [97.65, -356.16, -84.19],
						"0.7333": [97.65, -356.16, -84.19],
						"0.7667": [97.65, -356.16, -84.19],
						"0.8333": [97.65, -356.16, -84.19],
						"0.9": [97.65, -356.16, -84.19],
						"0.9333": [97.65, -356.16, -84.19],
						"0.9667": [97.65, -356.16, -84.19],
						"1.0333": [97.65, -356.16, -84.19],
						"1.0667": [97.65, -356.16, -84.19],
						"1.1333": [97.65, -356.16, -84.19],
						"1.2": [97.65, -356.16, -84.19],
						"1.2667": [97.65, -356.16, -84.19],
						"1.3333": [97.65, -356.16, -84.19],
						"1.3667": [97.65, -356.16, -84.19],
						"1.4": [97.65, -356.16, -84.19],
						"1.4333": [109.2, -358.25, -99.86],
						"1.4667": [125.54, -360.75, -121.99],
						"1.5333": [153.50847, -351.42248, -171.4756],
						"1.7": [165.12839, -305.97775, -162.84801],
						"1.8": [165.12839, -305.97775, -162.84801],
						"1.8333": [160.63832, -306.41343, -188.33435],
						"2.0": [121.31242, -374.78487, -178.50127],
						"2.0667": [113.51, -370.93, -152.8],
						"2.1333": [91.47237, -398.26212, -126.75784]
					},
					"position": {
						"0.0": [7.125, -11.625, -12.5],
						"0.1": [10.005, -12.97, -8.33],
						"0.1667": [8.5, -15.5, -6.75],
						"0.3": [7.75, -17.5, -6.75],
						"0.3667": [8.02331, -22.92095, -6.25205],
						"0.4667": [11.76607, -27.10816, -4.73566],
						"0.6": [14.96252, -31.26568, -4.06475],
						"0.6333": [10.27, -22.475, -5.375],
						"0.7": [5.9, -20.275, -5.62],
						"0.7667": [5.9, -20.275, -5.62],
						"0.8": [5.9, -20.275, -5.62],
						"0.8667": [5.9, -20.275, -5.62],
						"0.9333": [5.9, -20.275, -5.62],
						"0.9667": [5.9, -20.275, -5.62],
						"1.0": [5.9, -20.275, -5.62],
						"1.0667": [5.9, -20.275, -5.62],
						"1.1": [5.9, -20.275, -5.62],
						"1.1667": [5.9, -20.275, -5.62],
						"1.2333": [5.9, -20.275, -5.62],
						"1.3": [5.9, -20.275, -5.62],
						"1.3667": [5.9, -20.275, -5.62],
						"1.4": [5.9, -20.275, -5.62],
						"1.4333": [5.9, -20.275, -5.62],
						"1.5333": [9.65, -15.745, -6.03],
						"1.7": [13.79784, -12.9078, -4.7268],
						"1.8": [14.72602, -10.93687, -3.88804],
						"1.8333": [8.46113, -10.93987, -3.8018],
						"2.0333": [9.9, -14.675, -7.22],
						"2.1333": [7.125, -11.625, -12.5]
					},
					"scale": [1, 1.5, 1]
				},
				"righthand": {
					"rotation": [100.21875, 11.81504, -177.88617],
					"position": [-6.6, -14.2, -2.525],
					"scale": [1, 1.5, 1]
				},
				"root": {
					"rotation": {
						"0.0": [0, 0, 0],
						"0.0667": [-8.24, -7.45, -12.865],
						"0.1667": [-13.24555, -14.41508, -23.96232],
						"0.2667": [-15.26969, -15.51821, -25.93526],
						"0.3333": [-16.78542, -15.71372, -19.8806],
						"0.4": [-17.24345, -15.13608, -28.74562],
						"0.4667": [-18.18621, -15.19727, -24.25001],
						"0.5667": [-18.94623, -18.24673, -27.46656],
						"0.6667": [-18.4671, -18.5388, -25.70116],
						"0.7333": [-22.82774, -22.91483, -33.8338],
						"0.8333": [-19.11764, -26.26197, -43.46232],
						"1.0": [-18.35448, -24.75054, -43.29042],
						"1.1": [-18.21659, -25.58997, -45.00368],
						"1.2333": [-20.62001, -25.48525, -41.08157],
						"1.2667": [-18.26161, -27.29629, -46.88577],
						"1.3": [-14.43748, -28.80314, -52.10021],
						"1.3667": [-16.88751, -26.73632, -41.96785],
						"1.4667": [-17.36278, -13.38079, -20.78565],
						"1.5667": [-12.41466, -10.83375, -18.31749],
						"1.6333": [-11.61388, -9.71404, -15.66897],
						"1.7": [-8.61, -7.765, -16.29],
						"1.7667": [-8.44778, -7.27641, -12.63697],
						"1.8": [-10.70316, -7.63396, -14.53726],
						"1.8667": [-8.8364, -4.39288, -7.23099],
						"1.9": [-4.85391, -5.01359, -11.76373],
						"1.9667": [-1.92838, -4.63142, -17.15104],
						"2.0333": [-2.86394, -2.37303, -13.64201],
						"2.1333": [-1.17724, -0.52456, -3.81208],
						"2.2333": [0.46831, 0.03241, -5.70459],
						"2.3": [-0.27794, 0.48501, -1.00445],
						"2.4": [0, 0, 1.25],
						"2.5": [0, 0, 0]
					},
					"position": {
						"0.0": [0, 0, 0],
						"0.1": [0, 0.9, 0.225],
						"0.2": [-0.06, 1.2, 0.36],
						"0.2667": [-0.1, 0.35, 0.425],
						"0.3333": [-0.15, -0.17, 0.45],
						"0.4": [-0.225, -0.25, 0.42],
						"0.5": [-0.505, 0.03125, 0.12],
						"0.6333": [-1.075, 0.315, -0.43],
						"0.7667": [-1.48, 0.56, -0.08],
						"0.8667": [-1.255, 0.76, -0.005],
						"1.0": [-1.155, 0.865, -0.13],
						"1.1": [-1.28, 0.465, -0.13],
						"1.2333": [-1.33, 0.59, -0.13],
						"1.2667": [-0.81, 0.63, -0.03],
						"1.3": [-0.88, 0.465, 0.045],
						"1.3667": [-1.185, 0.47, -0.09],
						"1.4667": [-1.275, -0.025, -0.34],
						"1.5333": [-1.29, -0.235, -0.34],
						"1.6333": [-0.935, 0.185, -0.335],
						"1.7": [-1.005, -0.355, -0.14],
						"1.8": [-1, -0.31, -0.2],
						"1.8667": [-0.985, -0.105, -0.165],
						"1.9333": [-0.965, -0.18, -0.375],
						"2.0": [-0.87, -0.28, -0.92],
						"2.1": [-0.25, -0.13, -1.52],
						"2.2": [0.095, -0.6, -1.225],
						"2.3": [0, -0.175, 0.5],
						"2.4": [0, 0, -0.175],
						"2.5": [0, 0, 0]
					}
				},
				"lefthand_pos": {
					"rotation": {
						"0.0": [0, 0, 0],
						"1.9333": [0, 0, 0]
					}
				},
				"mag_and_bullet": {
					"scale": {
						"0.0": [0, 0, 0],
						"0.6333": [0, 0, 0],
						"0.6667": [1, 1, 1]
					}
				},
				"additional_magazine": {
					"rotation": [0, 0, 0],
					"position": {
						"0.2667": [0, 0, 0],
						"0.3667": [0, -11, 0]
					},
					"scale": {
						"0.4": [1, 1, 1],
						"0.4333": [0, 0, 0]
					}
				},
				"bullet": {
					"scale": {
						"0.0": [0, 0, 0],
						"0.3333": {
							"pre": [0, 0, 0],
							"post": [1, 1, 1]
						}
					}
				},
				"constraint": {
					"rotation": {
						"0.2667": [0.2, 0.1, 0.2],
						"0.6667": [0.01, 0.02, 0.04],
						"1.9667": [0.01, 0.02, 0.04],
						"2.3": [0.2, 0.1, 0.2]
					},
					"position": {
						"0.2667": [0.2, 0.2, 0.4],
						"0.6667": [0.05, 0.05, 0.1],
						"1.9667": [0.05, 0.05, 0.1],
						"2.3": [0.2, 0.2, 0.4]
					}
				},
				"mag_and_lefthand": {
					"rotation": {
						"0.0": [0, 0, 0],
						"0.5667": {
							"pre": [0, 0, 0],
							"post": [-0.7061, 20.2714, -25.6577]
						},
						"0.6": [-0.7061, 20.27135, -25.65768],
						"0.7667": {
							"pre": [-0.7061, 20.27135, -25.65768],
							"post": [-0.7061, 20.27135, -25.65768]
						},
						"0.8667": [-8.55767, 6.24861, -35.49853],
						"1.0": [-3, 0, -11],
						"1.1": [0, 0, -10],
						"1.1333": [0, 0, -6.67],
						"1.2333": [0, 0, 0],
						"1.2667": [0, 0, 0]
					},
					"position": {
						"0.0": [0, 0, 0],
						"0.5667": {
							"pre": [0, 0, 0],
							"post": [-0.253, -13.1729, 5.1424]
						},
						"0.6": [-0.25298, -13.17286, 5.1424],
						"0.7667": {
							"pre": [-0.25298, -13.17286, 5.1424],
							"post": [-0.25298, -13.17286, 5.1424]
						},
						"0.8667": [0.75881, -5.98048, -0.23633],
						"0.9333": [0.39861, -4.5891, -0.99821],
						"1.0": [0.775, -3.475, -0.25],
						"1.1": [0.775, -3, -0.175],
						"1.1333": [0.52, -2.83, -0.33],
						"1.2333": [0, -2.7, -0.1],
						"1.2667": [0, 0, 0]
					}
				},
				"camera": {
					"rotation": {
						"0.0": {
							"post": [0, 0, 0],
							"lerp_mode": "catmullrom"
						},
						"0.2333": {
							"post": [-0.575, 0, 0.475],
							"lerp_mode": "catmullrom"
						},
						"0.3667": {
							"post": [0.305, 0.125, -0.4],
							"lerp_mode": "catmullrom"
						},
						"0.4667": {
							"post": [0.65, 0.125, 0.825],
							"lerp_mode": "catmullrom"
						},
						"0.6": {
							"post": [0.51, 0.04, -0.07],
							"lerp_mode": "catmullrom"
						},
						"0.7333": {
							"post": [0.455, 0, 0.275],
							"lerp_mode": "catmullrom"
						},
						"1.0333": {
							"post": [1.51, 0.35, -0.6],
							"lerp_mode": "catmullrom"
						},
						"1.2333": {
							"post": [1.435, 0.5, -0.725],
							"lerp_mode": "catmullrom"
						},
						"1.3333": {
							"post": [2.49, 0.5, 0.125],
							"lerp_mode": "catmullrom"
						},
						"1.4333": {
							"post": [1.51, 0.5, -1],
							"lerp_mode": "catmullrom"
						},
						"1.5667": {
							"post": [1.86, 0.35, -0.6],
							"lerp_mode": "catmullrom"
						},
						"1.6667": {
							"post": [1.17, 0.24, -0.73],
							"lerp_mode": "catmullrom"
						},
						"1.7667": {
							"post": [0.76, 0.175, -0.45],
							"lerp_mode": "catmullrom"
						},
						"1.8667": {
							"post": [1.585, 0.175, 0.35],
							"lerp_mode": "catmullrom"
						},
						"1.9667": {
							"post": [0.49, 0.1, -0.725],
							"lerp_mode": "catmullrom"
						},
						"2.1": {
							"post": [0.94, 0.1, -0.15],
							"lerp_mode": "catmullrom"
						},
						"2.2333": {
							"post": [0.27, 0.04, -0.215],
							"lerp_mode": "catmullrom"
						},
						"2.3": {
							"post": [-0.2, 0, 0.15],
							"lerp_mode": "catmullrom"
						},
						"2.4": {
							"post": [0.15, 0, -0.225],
							"lerp_mode": "catmullrom"
						},
						"2.5": {
							"post": [-0.1, 0, 0.125],
							"lerp_mode": "catmullrom"
						},
						"2.5667": {
							"post": [0, 0, 0],
							"lerp_mode": "catmullrom"
						}
					}
				},
				"m4a1_bolt": {
					"position": {
						"0.0": [0, 0, 4.7],
						"0.0333": [0, 0, 4.7],
						"0.0667": [0, 0, 4.7],
						"0.1": [0, 0, 4.7],
						"0.1333": [0, 0, 4.7],
						"0.1667": [0, 0, 4.7],
						"0.2": [0, 0, 4.7],
						"0.2333": [0, 0, 4.7],
						"0.2667": [0, 0, 4.7],
						"0.3": [0, 0, 4.7],
						"0.3333": [0, 0, 4.7],
						"0.3667": [0, 0, 4.7],
						"0.4": [0, 0, 4.7],
						"0.4333": [0, 0, 4.7],
						"0.4667": [0, 0, 4.7],
						"0.5": [0, 0, 4.7],
						"0.5333": [0, 0, 4.7],
						"0.5667": [0, 0, 4.7],
						"0.6": [0, 0, 4.7],
						"0.6333": [0, 0, 4.7],
						"0.6667": [0, 0, 4.7],
						"0.7": [0, 0, 4.7],
						"0.7333": [0, 0, 4.7],
						"0.7667": [0, 0, 4.7],
						"0.8": [0, 0, 4.7],
						"0.8333": [0, 0, 4.7],
						"0.8667": [0, 0, 4.7],
						"0.9": [0, 0, 4.7],
						"0.9333": [0, 0, 4.7],
						"0.9667": [0, 0, 4.7],
						"1.0": [0, 0, 4.7],
						"1.0333": [0, 0, 4.7],
						"1.0667": [0, 0, 4.7],
						"1.1": [0, 0, 4.7],
						"1.1333": [0, 0, 4.7],
						"1.1667": [0, 0, 4.7],
						"1.2": [0, 0, 4.7],
						"1.2333": [0, 0, 4.7],
						"1.2667": [0, 0, 4.7],
						"1.3": [0, 0, 4.7],
						"1.3333": [0, 0, 4.7],
						"1.3667": [0, 0, 4.7],
						"1.4": [0, 0, 4.7],
						"1.4333": [0, 0, 4.7],
						"1.4667": [0, 0, 4.7],
						"1.5": [0, 0, 4.7],
						"1.5333": [0, 0, 4.7],
						"1.5667": [0, 0, 4.7],
						"1.6": [0, 0, 4.7],
						"1.6333": [0, 0, 4.7],
						"1.6667": [0, 0, 4.7],
						"1.7": [0, 0, 4.7],
						"1.7333": [0, 0, 4.7],
						"1.7667": [0, 0, 4.7],
						"1.8": [0, 0, 4.7],
						"1.8333": [0, 0, 4.7],
						"1.8667": [0, 0, 0],
						"1.9": [0, 0, 0.13],
						"1.9333": [0, 0, 0]
					}
				},
				"bolt_release": {
					"rotation": {
						"0.0": [0, 0, 15],
						"1.7667": [0, 0, 15],
						"1.8": [0, 0, 0]
					}
				},
				"mag_release": {
					"position": {
						"0.2333": [0, 0, 0],
						"0.2667": [0.125, 0, 0],
						"0.5667": [0.125, 0, 0],
						"0.6": [0, 0, 0],
						"1.2333": [0, 0, 0],
						"1.2667": [0.125, 0, 0],
						"1.3333": [0.125, 0, 0],
						"1.3667": [0, 0, 0]
					}
				}
			},
			"sound_effects": {
				"0.0": {
					"effect": "ex:ro635/ro635_reload_empty"
				}
			}
		},
		"inspect": {
			"animation_length": 5.8,
			"bones": {
				"root": {
					"rotation": {
						"0.0": [0, 0, 0],
						"0.0417": [-5.79, 0.13, 1.95],
						"0.1667": [-17.59, -10.78, -12.86],
						"0.25": [-25.6, -24.52, -35.41],
						"0.2917": [-27.59976, -27.22756, -41.19159],
						"0.3333": [-29.18247, -28.58725, -44.21775],
						"0.4167": [-31.13848, -27.68974, -42.19082],
						"0.5": [-30.66598, -28.14222, -43.20004],
						"0.5833": [-31.42, -28.14, -43.2],
						"0.7083": [-32.01, -27.44, -41.92],
						"0.9167": [-31.74, -28, -42.94],
						"1.0": [-31.76, -28.22, -43.36],
						"1.5": [-31.20393, -28.6466, -44.18009],
						"1.5417": [-29.85, -30.65, -48.19],
						"1.6667": [-29.18045, -31.65513, -50.18764],
						"1.7917": [-29.71221, -31.16351, -49.16731],
						"1.9583": [-29.71, -31.16, -49.17],
						"2.2083": [-29.1733, -31.63628, -50.20015],
						"2.2917": [-28.77, -30.86, -48.82],
						"2.4167": [-27.89, -26.22, -40.22],
						"2.4583": [-26.12, -16.94, -23.01],
						"2.5": [-27.22851, -1.49811, -0.30357],
						"2.6667": [-27.64133, 13.07175, 55.7761],
						"2.7917": [-27.55942, 13.18741, 56.01913],
						"2.9167": [-26.63512, 14.213, 58.2211],
						"3.0833": [-27.05095, 13.76144, 57.23672],
						"3.2917": [-27.18, 13.27, 56.94],
						"3.5": [-27.3, 13.11, 56.64],
						"3.75": [-27.43825, 13.30227, 56.26287],
						"3.9583": [-27.13612, 16.9047, 59.22256],
						"4.125": [-27.60586, 16.4605, 58.21082],
						"4.3333": [-27.25, 16.82, 58.99],
						"4.5417": [-27.1, 16.74, 59.31],
						"4.7083": [-26.95, 16.21, 59.62],
						"4.7917": [-26.5, 14.14, 57.6],
						"4.9167": [-25.69, 10.35, 53.37],
						"5.0": [-27.3, 2.08, 39.44],
						"5.25": [-4.78485, -1.03643, 9.2118],
						"5.375": [1.9612, -0.55625, 7.98076],
						"5.5": [0.66898, -0.48139, 1.31942],
						"5.5833": [-1.00521, -0.46117, 2.73757],
						"5.75": [0, 0, 0]
					},
					"position": {
						"0.0": [0, 0, 0],
						"0.0833": [-0.07, 0.23, 0],
						"0.1667": [-0.13, 0.5, 0],
						"0.2917": [-0.11, 1.07, 0],
						"0.375": [-0.2, 0.3, 0],
						"0.5": [-0.4, 0.9, 0],
						"0.5833": [-0.4, 1.3, 0],
						"0.7083": [-0.4, 1.3, 0],
						"0.7917": [-0.4, 1.3, 0],
						"0.875": [-0.4, 1.3, 0],
						"1.0417": [-0.4, 1.3, 0],
						"1.2917": [-0.4, 1.3, 0],
						"1.5417": [-0.4, 1.3, 0],
						"1.625": [-0.4, 1.3, 0],
						"2.0": [-0.4, 1.3, 0],
						"2.0833": [-0.4, 1.3, 0],
						"2.2917": [-0.4, 1.3, 0],
						"2.375": [-0.3, 1.3, 0],
						"2.5": [-0.05, 1.3, -0.9],
						"2.625": [0.25, 0.9, -1.2],
						"2.75": [0.6, 0.88, -1.3],
						"2.8333": [0.6, 0.88, -1.3],
						"3.0": [0.6, 0.88, -1.3],
						"3.2083": [0.6, 0.88, -1.3],
						"3.75": [0.6, 0.88, -1.3],
						"4.0417": [0.6, 0.88, -1.3],
						"4.3333": [0.6, 0.88, -1.3],
						"4.8333": [0.6, 0.88, -1.3],
						"4.9583": [0.2, 0.48, -1.3],
						"5.0833": [-0.22, -0.145, -1.12],
						"5.2083": [-0.1, -0.3, -0.3],
						"5.5417": [0, 0, 0.22],
						"5.625": [0, -0.2, -0.17],
						"5.7917": [0, 0, 0]
					}
				},
				"righthand": {
					"rotation": [100.21875, 11.81504, -177.88617],
					"position": [-6.6, -14.2, -2.525],
					"scale": [1, 1.5, 1]
				},
				"lefthand": {
					"rotation": {
						"0.0": [91.47237, -398.26212, -126.75784],
						"5.25": [91.47237, -398.26212, -126.75784]
					},
					"position": {
						"0.0": [7.125, -11.625, -12.5],
						"0.5": [10.89, -15.62, 25.26],
						"2.25": [-3.11, -29.62, 25.26],
						"2.5": [6.79, -15.495, -6.665],
						"4.9583": [6.79, -15.495, -6.665],
						"5.25": [7.125, -11.625, -12.5]
					},
					"scale": {
						"0.0": [1, 1.5, 1],
						"0.5": [0, 0, 0],
						"2.25": [0, 0, 0],
						"2.4583": [1, 1, 1],
						"2.5": [1, 1.5, 1],
						"4.9583": [1, 1.5, 1]
					}
				},
				"camera": {
					"rotation": {
						"0.0": {
							"post": [0, 0, 0],
							"lerp_mode": "catmullrom"
						},
						"0.0833": {
							"post": [2.38, 0.54, 0],
							"lerp_mode": "catmullrom"
						},
						"0.2083": {
							"post": [2.43, 0.89, 0],
							"lerp_mode": "catmullrom"
						},
						"0.2917": {
							"post": [1.29, 1.16, 0],
							"lerp_mode": "catmullrom"
						},
						"0.4167": {
							"post": [-1, 1.1, 0],
							"lerp_mode": "catmullrom"
						},
						"0.5833": {
							"post": [-2.00275, 1.09939, -0.03503],
							"lerp_mode": "catmullrom"
						},
						"0.9167": {
							"post": [-1.25, 1.1, -0.04],
							"lerp_mode": "catmullrom"
						},
						"1.2083": {
							"post": [-1.53, 1.64, -0.05],
							"lerp_mode": "catmullrom"
						},
						"1.4167": {
							"post": [-1.9, 1.87, -0.05],
							"lerp_mode": "catmullrom"
						},
						"1.7083": {
							"post": [-2.6, 2.1, -0.05],
							"lerp_mode": "catmullrom"
						},
						"1.9167": {
							"post": [-2.45, 2.1, -0.05],
							"lerp_mode": "catmullrom"
						},
						"2.0833": {
							"post": [-2.62, 2.1, -0.05],
							"lerp_mode": "catmullrom"
						},
						"2.25": {
							"post": [-3, 2.1, -0.05],
							"lerp_mode": "catmullrom"
						},
						"2.4167": {
							"post": [-0.74, 1.55, 0.02],
							"lerp_mode": "catmullrom"
						},
						"2.5": {
							"post": [0.26, 1.85, 0.06],
							"lerp_mode": "catmullrom"
						},
						"2.5833": {
							"post": [0.76, 1.75, 0.08],
							"lerp_mode": "catmullrom"
						},
						"2.7917": {
							"post": [1.76, 1.75, 0.08],
							"lerp_mode": "catmullrom"
						},
						"2.9167": {
							"post": [1.47, 1.75, 0.08],
							"lerp_mode": "catmullrom"
						},
						"3.0": {
							"post": [1.4, 1.75, 0.08],
							"lerp_mode": "catmullrom"
						},
						"3.1667": {
							"post": [1.32, 1.75, 0.08],
							"lerp_mode": "catmullrom"
						},
						"3.3333": {
							"post": [1.06, 1.75, 0.08],
							"lerp_mode": "catmullrom"
						},
						"3.7083": {
							"post": [0.36, 1.75, 0.08],
							"lerp_mode": "catmullrom"
						},
						"3.7917": {
							"post": [0.04, 1.75, 0.08],
							"lerp_mode": "catmullrom"
						},
						"3.9167": {
							"post": [-0.41, 1.75, 0.08],
							"lerp_mode": "catmullrom"
						},
						"4.0417": {
							"post": [-0.82, 1.75, 0.08],
							"lerp_mode": "catmullrom"
						},
						"4.4167": {
							"post": [-0.77, 1.75, 0.08],
							"lerp_mode": "catmullrom"
						},
						"4.5833": {
							"post": [-0.75, 1.75, 0.08],
							"lerp_mode": "catmullrom"
						},
						"4.7917": {
							"post": [-0.74, 1.75, 0.08],
							"lerp_mode": "catmullrom"
						},
						"4.9167": {
							"post": [1.29018, 1.7103, 1.07967],
							"lerp_mode": "catmullrom"
						},
						"5.0": {
							"post": [2.13, 1.06, 0.67],
							"lerp_mode": "catmullrom"
						},
						"5.125": {
							"post": [1.91, 0.55, 0.35],
							"lerp_mode": "catmullrom"
						},
						"5.25": {
							"post": [-1, 0, 0],
							"lerp_mode": "catmullrom"
						},
						"5.375": {
							"post": [0.4, 0, 0],
							"lerp_mode": "catmullrom"
						},
						"5.5": {
							"post": [0, 0, 0],
							"lerp_mode": "catmullrom"
						}
					}
				}
			},
			"sound_effects": {
				"0.0": {
					"effect": "ex:ro635/ro635_inspect"
				}
			}
		},
		"inspect_empty": {
			"animation_length": 5.8,
			"bones": {
				"root": {
					"rotation": {
						"0.0": [0, 0, 0],
						"0.0417": [-5.79, 0.13, 1.95],
						"0.1667": [-17.59, -10.78, -12.86],
						"0.25": [-25.6, -24.52, -35.41],
						"0.2917": [-27.59976, -27.22756, -41.19159],
						"0.3333": [-29.18247, -28.58725, -44.21775],
						"0.4167": [-31.13848, -27.68974, -42.19082],
						"0.5": [-30.66598, -28.14222, -43.20004],
						"0.5833": [-31.42, -28.14, -43.2],
						"0.7083": [-32.01, -27.44, -41.92],
						"0.9167": [-31.74, -28, -42.94],
						"1.0": [-31.76, -28.22, -43.36],
						"1.5": [-31.20393, -28.6466, -44.18009],
						"1.5417": [-29.85, -30.65, -48.19],
						"1.6667": [-29.18045, -31.65513, -50.18764],
						"1.7917": [-29.71221, -31.16351, -49.16731],
						"1.9583": [-29.71, -31.16, -49.17],
						"2.2083": [-29.1733, -31.63628, -50.20015],
						"2.2917": [-28.77, -30.86, -48.82],
						"2.4167": [-27.89, -26.22, -40.22],
						"2.4583": [-26.12, -16.94, -23.01],
						"2.5": [-27.22851, -1.49811, -0.30357],
						"2.6667": [-27.64133, 13.07175, 55.7761],
						"2.7917": [-27.55942, 13.18741, 56.01913],
						"2.9167": [-26.63512, 14.213, 58.2211],
						"3.0833": [-27.05095, 13.76144, 57.23672],
						"3.2917": [-27.18, 13.27, 56.94],
						"3.5": [-27.3, 13.11, 56.64],
						"3.75": [-27.43825, 13.30227, 56.26287],
						"3.9583": [-27.13612, 16.9047, 59.22256],
						"4.125": [-27.60586, 16.4605, 58.21082],
						"4.3333": [-27.25, 16.82, 58.99],
						"4.5417": [-27.1, 16.74, 59.31],
						"4.7083": [-26.95, 16.21, 59.62],
						"4.7917": [-26.5, 14.14, 57.6],
						"4.9167": [-25.69, 10.35, 53.37],
						"5.0": [-27.3, 2.08, 39.44],
						"5.25": [-4.78485, -1.03643, 9.2118],
						"5.375": [1.9612, -0.55625, 7.98076],
						"5.5": [0.66898, -0.48139, 1.31942],
						"5.5833": [-1.00521, -0.46117, 2.73757],
						"5.75": [0, 0, 0]
					},
					"position": {
						"0.0": [0, 0, 0],
						"0.0833": [-0.07, 0.23, 0],
						"0.1667": [-0.13, 0.5, 0],
						"0.2917": [-0.11, 1.07, 0],
						"0.375": [-0.2, 0.3, 0],
						"0.5": [-0.4, 0.9, 0],
						"0.5833": [-0.4, 1.3, 0],
						"0.7083": [-0.4, 1.3, 0],
						"0.7917": [-0.4, 1.3, 0],
						"0.875": [-0.4, 1.3, 0],
						"1.0417": [-0.4, 1.3, 0],
						"1.2917": [-0.4, 1.3, 0],
						"1.5417": [-0.4, 1.3, 0],
						"1.625": [-0.4, 1.3, 0],
						"2.0": [-0.4, 1.3, 0],
						"2.0833": [-0.4, 1.3, 0],
						"2.2917": [-0.4, 1.3, 0],
						"2.375": [-0.3, 1.3, 0],
						"2.5": [-0.05, 1.3, -0.9],
						"2.625": [0.25, 0.9, -1.2],
						"2.75": [0.6, 0.88, -1.3],
						"2.8333": [0.6, 0.88, -1.3],
						"3.0": [0.6, 0.88, -1.3],
						"3.2083": [0.6, 0.88, -1.3],
						"3.75": [0.6, 0.88, -1.3],
						"4.0417": [0.6, 0.88, -1.3],
						"4.3333": [0.6, 0.88, -1.3],
						"4.8333": [0.6, 0.88, -1.3],
						"4.9583": [0.2, 0.48, -1.3],
						"5.0833": [-0.22, -0.145, -1.12],
						"5.2083": [-0.1, -0.3, -0.3],
						"5.5417": [0, 0, 0.22],
						"5.625": [0, -0.2, -0.17],
						"5.7917": [0, 0, 0]
					}
				},
				"righthand": {
					"rotation": [100.21875, 11.81504, -177.88617],
					"position": [-6.6, -14.2, -2.525],
					"scale": [1, 1.5, 1]
				},
				"lefthand": {
					"rotation": {
						"0.0": [91.47237, -398.26212, -126.75784],
						"5.25": [91.47237, -398.26212, -126.75784]
					},
					"position": {
						"0.0": [7.125, -11.625, -12.5],
						"0.5": [10.89, -15.62, 25.26],
						"2.25": [-3.11, -29.62, 25.26],
						"2.5": [6.79, -15.495, -6.665],
						"4.9583": [6.79, -15.495, -6.665],
						"5.25": [7.125, -11.625, -12.5]
					},
					"scale": {
						"0.0": [1, 1.5, 1],
						"0.5": [0, 0, 0],
						"2.25": [0, 0, 0],
						"2.4583": [1, 1, 1],
						"2.5": [1, 1.5, 1],
						"4.9583": [1, 1.5, 1]
					}
				},
				"m4a1_bolt": {
					"position": [0, 0, 4.7]
				},
				"camera": {
					"rotation": {
						"0.0": {
							"post": [0, 0, 0],
							"lerp_mode": "catmullrom"
						},
						"0.0833": {
							"post": [2.38, 0.54, 0],
							"lerp_mode": "catmullrom"
						},
						"0.2083": {
							"post": [2.43, 0.89, 0],
							"lerp_mode": "catmullrom"
						},
						"0.2917": {
							"post": [1.29, 1.16, 0],
							"lerp_mode": "catmullrom"
						},
						"0.4167": {
							"post": [-1, 1.1, 0],
							"lerp_mode": "catmullrom"
						},
						"0.5833": {
							"post": [-2.00275, 1.09939, -0.03503],
							"lerp_mode": "catmullrom"
						},
						"0.9167": {
							"post": [-1.25, 1.1, -0.04],
							"lerp_mode": "catmullrom"
						},
						"1.2083": {
							"post": [-1.53, 1.64, -0.05],
							"lerp_mode": "catmullrom"
						},
						"1.4167": {
							"post": [-1.9, 1.87, -0.05],
							"lerp_mode": "catmullrom"
						},
						"1.7083": {
							"post": [-2.6, 2.1, -0.05],
							"lerp_mode": "catmullrom"
						},
						"1.9167": {
							"post": [-2.45, 2.1, -0.05],
							"lerp_mode": "catmullrom"
						},
						"2.0833": {
							"post": [-2.62, 2.1, -0.05],
							"lerp_mode": "catmullrom"
						},
						"2.25": {
							"post": [-3, 2.1, -0.05],
							"lerp_mode": "catmullrom"
						},
						"2.4167": {
							"post": [-0.74, 1.55, 0.02],
							"lerp_mode": "catmullrom"
						},
						"2.5": {
							"post": [0.26, 1.85, 0.06],
							"lerp_mode": "catmullrom"
						},
						"2.5833": {
							"post": [0.76, 1.75, 0.08],
							"lerp_mode": "catmullrom"
						},
						"2.7917": {
							"post": [1.76, 1.75, 0.08],
							"lerp_mode": "catmullrom"
						},
						"2.9167": {
							"post": [1.47, 1.75, 0.08],
							"lerp_mode": "catmullrom"
						},
						"3.0": {
							"post": [1.4, 1.75, 0.08],
							"lerp_mode": "catmullrom"
						},
						"3.1667": {
							"post": [1.32, 1.75, 0.08],
							"lerp_mode": "catmullrom"
						},
						"3.3333": {
							"post": [1.06, 1.75, 0.08],
							"lerp_mode": "catmullrom"
						},
						"3.7083": {
							"post": [0.36, 1.75, 0.08],
							"lerp_mode": "catmullrom"
						},
						"3.7917": {
							"post": [0.04, 1.75, 0.08],
							"lerp_mode": "catmullrom"
						},
						"3.9167": {
							"post": [-0.41, 1.75, 0.08],
							"lerp_mode": "catmullrom"
						},
						"4.0417": {
							"post": [-0.82, 1.75, 0.08],
							"lerp_mode": "catmullrom"
						},
						"4.4167": {
							"post": [-0.77, 1.75, 0.08],
							"lerp_mode": "catmullrom"
						},
						"4.5833": {
							"post": [-0.75, 1.75, 0.08],
							"lerp_mode": "catmullrom"
						},
						"4.7917": {
							"post": [-0.74, 1.75, 0.08],
							"lerp_mode": "catmullrom"
						},
						"4.9167": {
							"post": [1.29018, 1.7103, 1.07967],
							"lerp_mode": "catmullrom"
						},
						"5.0": {
							"post": [2.13, 1.06, 0.67],
							"lerp_mode": "catmullrom"
						},
						"5.125": {
							"post": [1.91, 0.55, 0.35],
							"lerp_mode": "catmullrom"
						},
						"5.25": {
							"post": [-1, 0, 0],
							"lerp_mode": "catmullrom"
						},
						"5.375": {
							"post": [0.4, 0, 0],
							"lerp_mode": "catmullrom"
						},
						"5.5": {
							"post": [0, 0, 0],
							"lerp_mode": "catmullrom"
						}
					}
				},
				"bolt_release": {
					"rotation": [0, 0, 15]
				}
			},
			"sound_effects": {
				"0.0": {
					"effect": "ex:ro635/ro635_inspect"
				}
			}
		},
		"run_start": {
			"animation_length": 0.55,
			"bones": {
				"root": {
					"rotation": {
						"0.0": [0, 0, 0],
						"0.05": [2.8, -0.48, 3.97],
						"0.1": [5.79, -1.19, 9.23],
						"0.15": [1.73, -2.05, 11.57],
						"0.2": [-10.48, -2.9, 9.39],
						"0.25": [-28.47, -3.91, 4.94],
						"0.3": [-46.79, -4.85, 0.12],
						"0.35": [-59.98, -5.5, -3.14],
						"0.4": [-66.1, -5.75, -4.18],
						"0.45": [-68.22, -5.72, -4.06],
						"0.5": [-68.4, -5.59, -3.49],
						"0.55": [-68.73, -5.5, -3.14]
					},
					"position": {
						"0.0": [0, 0, 0],
						"0.05": [0.06, -0.64, -0.32],
						"0.1": [0.17, -1.58, -0.79],
						"0.15": [0.17, -2.44, -1.22],
						"0.2": [-0.09, -2.83, -1.45],
						"0.25": [-1.13, -2.25, -1.28],
						"0.3": [-2.54, -1.06, -0.83],
						"0.35": [-3.57, -0.19, -0.51],
						"0.4": [-3.83, -0.04, -0.47],
						"0.45": [-3.82, -0.12, -0.51],
						"0.5": [-3.71, -0.28, -0.59],
						"0.55": [-3.64, -0.38, -0.64]
					}
				},
				"lefthand_pos": {
					"position": {
						"0.0": [0, 0, 0],
						"0.1": [-7.17, -3.67, 0],
						"0.2": [-11.83, -12.08, 2],
						"0.3": [-14, -25, 15.5]
					},
					"scale": {
						"0.2": [1, 1, 1],
						"0.3": [0, 0, 0]
					}
				},
				"camera": {
					"rotation": {
						"0.0": {
							"post": [0, 0, 0],
							"lerp_mode": "catmullrom"
						},
						"0.1": {
							"post": [0.75, 0, -0.5],
							"lerp_mode": "catmullrom"
						},
						"0.2": {
							"post": [-0.25, 0, 0.1875],
							"lerp_mode": "catmullrom"
						},
						"0.3": {
							"post": [0, 0, 0],
							"lerp_mode": "catmullrom"
						},
						"0.4": {
							"post": [0, 0, 0],
							"lerp_mode": "catmullrom"
						}
					}
				}
			}
		},
		"run": {
			"loop": true,
			"animation_length": 0.8,
			"bones": {
				"root": {
					"rotation": {
						"0.0": [-68.73, -5.5, -3.14],
						"0.05": [-68.99, -7.39, -3.57],
						"0.1": [-69.36, -9.11, -3.81],
						"0.15": [-69.45, -10.1, -3.75],
						"0.2": [-68.82, -9.82, -3.09],
						"0.25": [-67.92, -8.81, -2.13],
						"0.3": [-67.68, -8.15, -1.7],
						"0.35": [-68.9, -8.72, -2.46],
						"0.4": [-70.77, -9.63, -3.74],
						"0.45": [-71.87, -9.32, -4.34],
						"0.5": [-71.58, -7.25, -3.75],
						"0.55": [-70.7, -4.07, -2.59],
						"0.6": [-69.68, -1.04, -1.42],
						"0.65": [-68.98, 0.57, -0.8],
						"0.7": [-68.67, -0.33, -1.21],
						"0.75": [-68.65, -3, -2.27],
						"0.8": [-68.73, -5.5, -3.14]
					},
					"position": {
						"0.0": [-3.64, -0.38, -0.64],
						"0.05": [-3.63, -0.52, -0.64],
						"0.1": [-3.66, -0.87, -0.64],
						"0.15": [-3.67, -1.23, -0.64],
						"0.2": [-3.64, -1.38, -0.64],
						"0.25": [-3.52, -1.18, -0.64],
						"0.3": [-3.34, -0.78, -0.64],
						"0.35": [-3.19, -0.39, -0.64],
						"0.4": [-3.14, -0.23, -0.64],
						"0.45": [-3.26, -0.47, -0.64],
						"0.5": [-3.5, -0.94, -0.64],
						"0.55": [-3.74, -1.42, -0.64],
						"0.6": [-3.89, -1.64, -0.64],
						"0.65": [-3.89, -1.46, -0.64],
						"0.7": [-3.81, -1.04, -0.64],
						"0.75": [-3.71, -0.6, -0.64],
						"0.8": [-3.64, -0.38, -0.64]
					}
				},
				"lefthand_pos": {
					"position": [-14, -25, 15.5],
					"scale": 0
				},
				"camera": {
					"rotation": {
						"0.0": [0, 0, 0],
						"0.05": [0.09, 0, 0.15],
						"0.1": [0.13, 0, 0.25],
						"0.15": [-0.07, 0, 0.07],
						"0.2": [-0.25, 0, -0.12],
						"0.25": [-0.15, 0, -0.09],
						"0.3": [0, 0, 0],
						"0.35": [0.02, 0, 0.02],
						"0.4": [0, 0, 0],
						"0.45": [-0.01, 0, -0.08],
						"0.5": [0, 0, -0.12],
						"0.55": [0.08, 0, 0],
						"0.6": [0.13, 0, 0.13],
						"0.65": [0, 0, 0.08],
						"0.7": [-0.12, 0, 0],
						"0.75": [-0.09, 0, -0.02],
						"0.8": [0, 0, 0]
					}
				}
			}
		},
		"run_hold": {
			"animation_length": 0.2917,
			"bones": {
				"root": {
					"rotation": [-68.73314, -5.50468, -3.14473],
					"position": [-3.64, -0.38, -0.64]
				},
				"lefthand_pos": {
					"position": [-14, -25, 15.5],
					"scale": 0
				}
			}
		},
		"run_end": {
			"animation_length": 0.65,
			"bones": {
				"root": {
					"rotation": {
						"0.0": [-68.73, -5.5, -3.14],
						"0.05": [-55.61, -4.21, 0.37],
						"0.1": [-36.44, -2.32, 5.59],
						"0.15": [-17.16, -0.44, 10.34],
						"0.2": [-3.66, 0.81, 12.47],
						"0.25": [1.72, 1.17, 10.52],
						"0.3": [2.4, 1, 5.92],
						"0.35": [1.03, 0.62, 0.91],
						"0.4": [0.28, 0.35, -2.3],
						"0.45": [0.49, 0.21, -2.71],
						"0.5": [0.23, 0.09, -1.23],
						"0.55": [0, 0, 0],
						"0.6": [-0.02, -0.02, 0.14],
						"0.65": [0, 0, 0]
					},
					"position": {
						"0.0": [-3.64, -0.38, -0.64],
						"0.05": [-2.73, -1.11, -1.21],
						"0.1": [-1.47, -2.08, -1.96],
						"0.15": [-0.5, -2.5, -2.25],
						"0.2": [-0.17, -2.06, -1.84],
						"0.25": [-0.04, -1.17, -1.06],
						"0.3": [-0.01, -0.24, -0.23],
						"0.35": [0.02, 0.37, 0.3],
						"0.4": [0.06, 0.47, 0.4],
						"0.45": [0.05, 0.22, 0.18],
						"0.5": [0.03, 0.01, -0.01],
						"0.55": [0.02, -0.02, -0.03],
						"0.6": [0.01, -0.01, -0.01],
						"0.65": [0, 0, 0]
					}
				},
				"camera": {
					"rotation": {
						"0.25": {
							"pre": [0, 0, 0],
							"post": [0, 0, 0],
							"lerp_mode": "catmullrom"
						},
						"0.3": {
							"post": [0, 0, 0.3],
							"lerp_mode": "catmullrom"
						},
						"0.35": {
							"post": [0, 0, -0.125],
							"lerp_mode": "catmullrom"
						},
						"0.45": {
							"post": [0, 0, 0],
							"lerp_mode": "catmullrom"
						}
					}
				},
				"lefthand_pos": {
					"position": {
						"0.0": [-14, -25, 15.5],
						"0.1": [-11.83, -12.08, 2],
						"0.2": [-7.17, -3.67, 0],
						"0.3": [0, 0, 0]
					},
					"scale": {
						"0.15": [0, 0, 0],
						"0.2": [1, 1, 1]
					}
				}
			}
		},
		"melee_stock": {
			"loop": true,
			"bones": {
				"root": {
					"rotation": [0, 0, 0],
					"position": [0, 0, 0]
				}
			},
			"sound_effects": {
				"0.0": {
					"effect": "ex:inspect/ro635_ping"
				}
			}
		}
	}
}