{
	"format_version": "1.8.0",
	"animations": {
		"static_idle": {
			"loop": true,
			"bones": {
				"lefthand": {
					"rotation": [108.3949, -30.74097, -137.03831],
					"position": [7.875, -11.25, -4.85],
					"scale": [1, 1.5, 1]
				},
				"righthand": {
					"rotation": [91.56042, 15.99437, -179.56993],
					"position": [-6.75, -13.075, 3.225],
					"scale": [1, 1.5, 1]
				},
				"constraint": {
					"rotation": [0.2, 0.2, 0.2],
					"position": [0.2, 0.2, 0.2]
				}
			}
		},
		"draw": {
			"animation_length": 0.7,
			"bones": {
				"lefthand": {
					"rotation": [108.3949, -30.74097, -137.03831],
					"position": [7.875, -11.25, -4.85],
					"scale": [1, 1.5, 1]
				},
				"righthand": {
					"rotation": [91.56042, 15.99437, -179.56993],
					"position": [-6.75, -13.075, 3.225],
					"scale": [1, 1.5, 1]
				},
				"root": {
					"rotation": {
						"0.0": {
							"post": [32.5, -51.75, 0],
							"lerp_mode": "catmullrom"
						},
						"0.1": {
							"post": [8.11282, -35.33927, 20.62746],
							"lerp_mode": "catmullrom"
						},
						"0.2": {
							"post": [-1.99121, -9.61253, 11.33917],
							"lerp_mode": "catmullrom"
						},
						"0.3333": {
							"post": [0.00023, -0.51527, -0.58314],
							"lerp_mode": "catmullrom"
						},
						"0.5": {
							"post": [0.24895, -0.05452, 0.25058],
							"lerp_mode": "catmullrom"
						},
						"0.6": {
							"post": [-0.5, 0, 0],
							"lerp_mode": "catmullrom"
						},
						"0.7": {
							"post": [0, 0, 0],
							"lerp_mode": "catmullrom"
						}
					},
					"position": {
						"0.0": {
							"post": [-3.40625, -8.28125, 7],
							"lerp_mode": "catmullrom"
						},
						"0.1667": {
							"post": [-0.2625, -1.84, -1.5025],
							"lerp_mode": "catmullrom"
						},
						"0.3": {
							"post": [0, 0.075, 0.45],
							"lerp_mode": "catmullrom"
						},
						"0.5": {
							"post": [0, -0.125, -0.26875],
							"lerp_mode": "catmullrom"
						},
						"0.6": {
							"post": [0, 0, 0.03125],
							"lerp_mode": "catmullrom"
						},
						"0.7": {
							"post": [0, 0, 0],
							"lerp_mode": "catmullrom"
						}
					}
				},
				"camera": {
					"rotation": {
						"0.0": {
							"post": [0, 0, 0],
							"lerp_mode": "catmullrom"
						},
						"0.1667": {
							"post": [0.45, -0.175, 0.6],
							"lerp_mode": "catmullrom"
						},
						"0.4333": {
							"post": [-0.1, 0.05, -0.175],
							"lerp_mode": "catmullrom"
						},
						"0.5667": {
							"post": [0.05, 0, 0.05],
							"lerp_mode": "catmullrom"
						},
						"0.7333": {
							"post": [0, 0, 0],
							"lerp_mode": "catmullrom"
						}
					}
				}
			}
		},
		"put_away": {
			"animation_length": 0.7,
			"bones": {
				"lefthand": {
					"rotation": {
						"0.0": [108.3949, -30.74097, -137.03831],
						"0.1": [127.61796, -30.03546, -186.39645],
						"0.2667": [174.8087, -17.01894, -201.10214]
					},
					"position": {
						"0.0": [7.875, -11.25, -4.85],
						"0.1": [8.4425, -11.25, -4.85],
						"0.2667": [7.815, -6.3375, -5.075]
					},
					"scale": [1, 1.5, 1]
				},
				"righthand": {
					"rotation": [91.56042, 15.99437, -179.56993],
					"position": [-6.75, -13.075, 3.225],
					"scale": [1, 1.5, 1]
				},
				"root": {
					"rotation": {
						"0.0": {
							"post": [0, 0, 0],
							"lerp_mode": "catmullrom"
						},
						"0.1": {
							"post": [-0.51171, -3.6801, -4.19401],
							"lerp_mode": "catmullrom"
						},
						"0.2333": {
							"post": [4.36882, -11.73179, -10.29382],
							"lerp_mode": "catmullrom"
						},
						"0.3333": {
							"post": [11.60471, -21.56305, -3.66288],
							"lerp_mode": "catmullrom"
						},
						"0.4": {
							"post": [16.97, -33.62, 3.38],
							"lerp_mode": "catmullrom"
						},
						"0.5": {
							"post": [34.73, -56.04, -3.09],
							"lerp_mode": "catmullrom"
						}
					},
					"position": {
						"0.0": {
							"post": [0, 0, 0],
							"lerp_mode": "catmullrom"
						},
						"0.1": {
							"post": [1, -0.49, -0.02],
							"lerp_mode": "catmullrom"
						},
						"0.2333": {
							"post": [2.28, -1.47, -0.56],
							"lerp_mode": "catmullrom"
						},
						"0.3333": {
							"post": [4.24, -2.92, -0.84],
							"lerp_mode": "catmullrom"
						},
						"0.4": {
							"post": [6.63, -5.86, -0.16],
							"lerp_mode": "catmullrom"
						},
						"0.5": {
							"post": [10.22, -13.2425, 0.16],
							"lerp_mode": "catmullrom"
						},
						"0.6": {
							"post": [12.72, -18.865, 0.16],
							"lerp_mode": "catmullrom"
						}
					}
				},
				"camera": {
					"rotation": {
						"0.0": {
							"post": [0, 0, 0],
							"lerp_mode": "catmullrom"
						},
						"0.1333": {
							"post": [0.35, 0.025, -0.225],
							"lerp_mode": "catmullrom"
						},
						"0.3": {
							"post": [0.1, 0.025, 0.075],
							"lerp_mode": "catmullrom"
						},
						"0.4333": {
							"post": [0, 0, 0],
							"lerp_mode": "catmullrom"
						}
					}
				}
			}
		},
		"shoot": {
			"animation_length": 0.6,
			"bones": {
				"root": {
					"rotation": {
						"0.0": {
							"post": [0, 0, 0],
							"lerp_mode": "catmullrom"
						},
						"0.0333": {
							"post": [1.225, 0, 0.725],
							"lerp_mode": "catmullrom"
						},
						"0.0667": {
							"post": [-0.595, 0, -1.175],
							"lerp_mode": "catmullrom"
						},
						"0.1": {
							"post": [-0.72, 0, -1.225],
							"lerp_mode": "catmullrom"
						},
						"0.1667": {
							"post": [0.18, 0, 0.525],
							"lerp_mode": "catmullrom"
						},
						"0.2667": {
							"post": [0.45, 0, -0.25],
							"lerp_mode": "catmullrom"
						},
						"0.3667": {
							"post": [0.225, -0.2, 0.25],
							"lerp_mode": "catmullrom"
						},
						"0.5": {
							"post": [0.055, -0.075, -0.075],
							"lerp_mode": "catmullrom"
						},
						"0.6": {
							"post": [0, 0, 0],
							"lerp_mode": "catmullrom"
						}
					},
					"position": {
						"0.0": {
							"post": [0, 0, 0],
							"lerp_mode": "catmullrom"
						},
						"0.0333": {
							"post": [0, -0.025, 1.725],
							"lerp_mode": "catmullrom"
						},
						"0.0667": {
							"post": [0, -0.05, 1.38],
							"lerp_mode": "catmullrom"
						},
						"0.1333": {
							"post": [0, -0.05, -0.045],
							"lerp_mode": "catmullrom"
						},
						"0.2667": {
							"post": [0, -0.025, 0.1],
							"lerp_mode": "catmullrom"
						},
						"0.3667": {
							"post": [0, 0, 0],
							"lerp_mode": "catmullrom"
						}
					}
				},
				"bolt": {
					"position": {
						"0.0": [0, 0, 0],
						"0.0333": [0, 0, 5],
						"0.0667": [0, 0, 0]
					}
				},
				"camera": {
					"rotation": {
						"0.0": {
							"post": [0, 0, 0],
							"lerp_mode": "catmullrom"
						},
						"0.0333": {
							"post": [0, 0, 0.3],
							"lerp_mode": "catmullrom"
						},
						"0.0667": {
							"post": [0, 0, -0.3],
							"lerp_mode": "catmullrom"
						},
						"0.1": {
							"post": [0, 0, 0.3],
							"lerp_mode": "catmullrom"
						},
						"0.1667": {
							"post": [0, 0, -0.2],
							"lerp_mode": "catmullrom"
						},
						"0.2333": {
							"post": [0, 0, 0.075],
							"lerp_mode": "catmullrom"
						},
						"0.3": {
							"post": [0, 0, 0],
							"lerp_mode": "catmullrom"
						}
					}
				},
				"constraint": {
					"position": {
						"0.0": [0, 0, 0],
						"0.0333": [0, 0, 0.3],
						"0.2667": [0, 0, 0]
					}
				}
			}
		},
		"reload_tactical": {
			"animation_length": 2,
			"bones": {
				"lefthand": {
					"rotation": {
						"0.0": [108.3949, -30.74097, -137.03831],
						"0.4167": [108.39, -30.74, -137.04],
						"0.4583": [108.39, -30.74, -137.04],
						"0.5": [108.39, -30.74, -137.04],
						"0.5417": [108.39, -30.74, -137.04],
						"0.5833": [108.39, -30.74, -137.04],
						"0.75": [88.54312, -35.32693, -101.48047],
						"0.7917": [88.54312, -35.32693, -101.48047],
						"0.8333": [88.54, -35.33, -101.48],
						"0.875": [88.54, -35.33, -101.48],
						"0.9167": [88.54, -35.33, -101.48],
						"0.9583": [88.54, -35.33, -101.48],
						"1.0": [88.54, -35.33, -101.48],
						"1.0417": [88.54, -35.33, -101.48],
						"1.0833": [88.54, -35.33, -101.48],
						"1.125": [88.54, -35.33, -101.48],
						"1.1667": [88.54, -35.33, -101.48],
						"1.2083": [88.54, -35.33, -101.48],
						"1.25": [88.54, -35.33, -101.48],
						"1.2917": [88.54, -35.33, -101.48],
						"1.3333": [88.54, -35.33, -101.48],
						"1.375": [88.54, -35.33, -101.48],
						"1.4167": [88.54, -35.33, -101.48],
						"1.4583": [88.54, -35.33, -101.48],
						"1.5": [115.8, -25.06, -152.77],
						"1.5417": [115.8, -25.06, -152.77],
						"1.5833": [108.3949, -30.74097, -137.03831]
					},
					"position": {
						"0.0": [7.875, -11.25, -4.85],
						"0.4167": [8.08, -11.25, -4.85],
						"0.4583": [9.98, -14.6, -1.95],
						"0.5": [18.48, -18.7, 8.25],
						"0.5417": [20.48, -24.8, 19.75],
						"0.5833": [20.48, -24.8, 19.75],
						"0.75": [19.43, -26.275, 17.325],
						"0.7917": [19.43, -26.275, 17.325],
						"0.8333": [19.43, -26.27, 17.33],
						"0.875": [19.43, -26.27, 17.33],
						"0.9167": [19.43, -26.27, 17.33],
						"0.9583": [19.43, -26.27, 17.33],
						"1.0": [6.28, -17.47, 9.105],
						"1.0417": [6.28, -17.47, 9.11],
						"1.0833": [6.28, -17.47, 9.11],
						"1.125": [6.28, -17.47, 9.11],
						"1.1667": [6.28, -17.47, 9.11],
						"1.2083": [6.28, -17.47, 9.11],
						"1.25": [6.28, -17.47, 9.11],
						"1.2917": [6.28, -17.47, 9.11],
						"1.3333": [6.28, -17.47, 9.11],
						"1.375": [6.28, -17.47, 9.11],
						"1.4167": [5.955, -18.47, 5.885],
						"1.4583": [10.28, -16.47, 3.41],
						"1.5": [9.26, -12.67, -2.51],
						"1.5417": [8.96, -11.845, -2.735],
						"1.5833": [7.875, -11.25, -4.85]
					},
					"scale": [1, 1.5, 1]
				},
				"righthand": {
					"rotation": [91.56042, 15.99437, -179.56993],
					"position": [-6.75, -13.075, 3.225],
					"scale": [1, 1.5, 1]
				},
				"constraint": {
					"rotation": [0.2, 0.2, 0.2],
					"position": [0.2, 0.2, 0.2]
				},
				"root": {
					"rotation": {
						"0.0": [0, 0, 0],
						"0.0417": [0.2, 0, 0],
						"0.0833": [1, 0, 0],
						"0.125": [1.5, 0, 0],
						"0.1667": [0.5, 0, 0],
						"0.2083": [-1.5, 0, -1.9],
						"0.25": [-3.5, 0, -5.8],
						"0.2917": [-5.5, 0, -11.2],
						"0.3333": [-7.5, 0, -6],
						"0.375": [-9.5, 0, -1.3],
						"0.4167": [-9.03, 0, -8.23],
						"0.4583": [-8.56, 0, -14.37],
						"0.5": [-8.1, 0, -21.2],
						"0.6667": [-15, -1.9, -15],
						"0.7083": [-18, -1.4, -20],
						"0.8333": [-23.8, -12.7, -36.7],
						"0.9583": [-20.68, -13.78, -37.78],
						"1.0": [-19.64, -11.14, -41.74],
						"1.0417": [-18.6, -14.5, -39.6],
						"1.0833": [-19.45, -11.38, -40.98],
						"1.2083": [-22, -12, -33],
						"1.2917": [-22, -12, -30],
						"1.3333": [-20, -10, -25],
						"1.4167": [-20, -10, -25],
						"1.5417": [-5, -1.7, -3.5],
						"1.625": [-2, 0, 0],
						"1.6667": [0, 0, 0],
						"1.7083": [0, 0, 0.5],
						"1.7917": [0, 0, 0.2],
						"1.875": [0, 0, 0.1],
						"1.9583": [0, 0, 0],
						"2.0": [0, 0, 0]
					},
					"position": {
						"0.0": [0, 0, 0],
						"0.0833": [0, 0, 0],
						"0.1667": [0, 0, -1.4],
						"0.25": [-1, 1.2, -2.6],
						"0.4167": [-1, 3.1, -2.6],
						"0.5": [-1, 3.7, -2.8],
						"0.5833": [-1, 4, -2.8],
						"0.7083": [-1, 4, -1.8],
						"0.7917": [-1, 4, -0.8],
						"1.0417": [-1.1, 4.1, -2.5],
						"1.1667": [-0.97, 4.06, -1.4],
						"1.375": [0, 3.2, -1.3],
						"1.4583": [0, -0.5, -1.5],
						"1.5": [0, -0.5, -1.5],
						"1.5833": [0, -0.2, -1.2],
						"1.6667": [-0.2, 0, 0],
						"1.75": [0, 0, 0],
						"1.8333": [0, 0, 0],
						"2.0": [0, 0, 0]
					}
				},
				"mag_and_hand": {
					"rotation": {
						"0.0": [0, 0, 0],
						"0.4167": [0, 0, 0],
						"0.4583": [0, 0, 0],
						"0.75": [0, 0, 0],
						"0.7917": [0, 0, -55.5],
						"0.8333": [0, 0, -30.5],
						"0.875": [0, 0, -30.5],
						"0.9167": [0, 0, -5],
						"0.9583": [0, 0, -5],
						"1.0": [0, 0, 0]
					},
					"position": {
						"0.0": [0, 0, 0],
						"0.4167": [0, 0, 0],
						"0.4583": [0, 0, 0],
						"0.75": [-3.75, 0, 0],
						"0.7917": [-5.025, -15.475, -12.6],
						"0.8333": [-6.42, -12.62, -12.6],
						"0.875": [-13.17, -2.195, -12.05],
						"0.9167": [-13.745, 6.36, -11.25],
						"0.9583": [-13.74, 6.36, -10.95],
						"1.0": [0, 0, 0]
					}
				},
				"mag_and_bullet": {
					"rotation": {
						"0.0": [0, 0, 0],
						"0.4167": [0, 0, 0],
						"0.4583": [0, 0, 0],
						"0.75": [0, 0, 0],
						"0.7917": [0, 0, 0],
						"0.8333": [0, 0, 0],
						"0.875": [0, 0, 0],
						"0.9167": [0, 0, 0],
						"0.9583": [0, 0, 0],
						"1.0": [0, 0, 0]
					},
					"position": {
						"0.0": [0, 0, 0],
						"0.4167": [0, 0, 0],
						"0.4583": [0, -3.6, 0],
						"0.5417": [0, -15, 0],
						"0.75": [13.55, -8.65, 11],
						"0.7917": [13.55, -8.65, 11],
						"0.8333": [13.55, -8.65, 11],
						"0.875": [13.55, -8.65, 11],
						"0.9167": [13.55, -8.65, 11],
						"0.9583": [13.55, -8.65, 11],
						"1.0": [0, 0, 0]
					}
				},
				"camera": {
					"rotation": {
						"0.0": {
							"post": [0, 0, 0],
							"lerp_mode": "catmullrom"
						},
						"0.2917": {
							"post": [1, -1, 0],
							"lerp_mode": "catmullrom"
						},
						"0.3333": {
							"post": [0.3, -1, -2],
							"lerp_mode": "catmullrom"
						},
						"0.375": {
							"post": [1, -1, -1],
							"lerp_mode": "catmullrom"
						},
						"0.4167": {
							"post": [1, -1, -0.34],
							"lerp_mode": "catmullrom"
						},
						"0.5417": {
							"post": [0.86, -0.95, -0.36],
							"lerp_mode": "catmullrom"
						},
						"0.6667": {
							"post": [0.69, -0.9, -0.42],
							"lerp_mode": "catmullrom"
						},
						"0.8333": {
							"post": [0.5, -0.7, 0.4],
							"lerp_mode": "catmullrom"
						},
						"1.0": {
							"post": [0.7, 0.3, 1.5],
							"lerp_mode": "catmullrom"
						},
						"1.0417": {
							"post": [0.5, -0.2, -1.2],
							"lerp_mode": "catmullrom"
						},
						"1.0833": {
							"post": [0.5, -0.2, 0.9],
							"lerp_mode": "catmullrom"
						},
						"1.125": {
							"post": [0.5, -0.2, -0.8],
							"lerp_mode": "catmullrom"
						},
						"1.1667": {
							"post": [0.5, -0.2, 0.4],
							"lerp_mode": "catmullrom"
						},
						"1.5417": {
							"post": [0.5, -0.2, 0.9],
							"lerp_mode": "catmullrom"
						},
						"1.625": {
							"post": [0.5, -0.2, -1.6],
							"lerp_mode": "catmullrom"
						},
						"1.7083": {
							"post": [0.5, -0.2, 0.4],
							"lerp_mode": "catmullrom"
						},
						"1.9167": {
							"post": [0, 0, 0],
							"lerp_mode": "catmullrom"
						}
					}
				}
			},
			"sound_effects": {
				"0.0": {
					"effect": "ex:ronin/ronin_sleight_of_hand_tactical"
				}
			}
		},
		"reload_empty": {
			"animation_length": 2,
			"bones": {
				"lefthand": {
					"rotation": {
						"0.0": [108.3949, -30.74097, -137.03831],
						"0.4167": [108.39, -30.74, -137.04],
						"0.4583": [108.39, -30.74, -137.04],
						"0.5": [108.39, -30.74, -137.04],
						"0.5417": [108.39, -30.74, -137.04],
						"0.5833": [108.39, -30.74, -137.04],
						"0.75": [88.54312, -35.32693, -101.48047],
						"0.7917": [88.54312, -35.32693, -101.48047],
						"0.8333": [88.54, -35.33, -101.48],
						"0.875": [88.54, -35.33, -101.48],
						"0.9167": [88.54, -35.33, -101.48],
						"0.9583": [88.54, -35.33, -101.48],
						"1.0": [88.54, -35.33, -101.48],
						"1.0417": [88.54, -35.33, -101.48],
						"1.0833": [88.54, -35.33, -101.48],
						"1.125": [88.54, -35.33, -101.48],
						"1.1667": [88.54, -35.33, -101.48],
						"1.2083": [88.54, -35.33, -101.48],
						"1.25": [115.79708, -25.06256, -152.77268],
						"1.2917": [115.79708, -25.06256, -152.77268],
						"1.3333": [115.79708, -25.06256, -152.77268],
						"1.375": [115.79708, -25.06256, -152.77268],
						"1.4167": [115.79708, -25.06256, -152.77268],
						"1.4583": [115.79708, -25.06256, -152.77268],
						"1.5": [115.79708, -25.06256, -152.77268],
						"1.5417": [115.79708, -25.06256, -152.77268],
						"1.5833": [115.79708, -25.06256, -152.77268],
						"1.625": [115.79708, -25.06256, -152.77268],
						"1.6667": [115.79708, -25.06256, -152.77268],
						"1.7083": [115.8, -25.06, -152.77],
						"1.75": [115.8, -25.06, -152.77],
						"1.7917": [108.3949, -30.74097, -137.03831]
					},
					"position": {
						"0.0": [7.875, -11.25, -4.85],
						"0.4167": [8.08, -11.25, -4.85],
						"0.4583": [9.98, -14.6, -1.95],
						"0.5": [18.48, -18.7, 8.25],
						"0.5417": [20.48, -24.8, 19.75],
						"0.5833": [20.48, -24.8, 19.75],
						"0.75": [19.43, -26.275, 17.325],
						"0.7917": [19.43, -26.275, 17.325],
						"0.8333": [19.43, -26.27, 17.33],
						"0.875": [19.43, -26.27, 17.33],
						"0.9167": [19.43, -26.27, 17.33],
						"0.9583": [19.43, -26.27, 17.33],
						"1.0": [6.28, -17.47, 9.105],
						"1.0417": [6.28, -17.47, 9.11],
						"1.0833": [6.28, -17.47, 9.11],
						"1.125": [6.28, -17.47, 9.11],
						"1.1667": [8.28, -17.47, 7.11],
						"1.2083": [8.28, -13.47, 3.11],
						"1.25": [7.305, -8.82, -0.44],
						"1.2917": [7.305, -8.82, -0.44],
						"1.3333": [7.305, -8.82, 0.535],
						"1.375": [7.305, -8.82, 4.435],
						"1.4167": [7.305, -8.82, 7.435],
						"1.4583": [7.305, -8.82, 7.435],
						"1.5": [7.305, -8.82, 10.435],
						"1.5417": [7.305, -8.82, 10.435],
						"1.5833": [7.305, -8.82, 10.435],
						"1.625": [7.305, -8.82, 10.435],
						"1.6667": [7.305, -8.82, 7.435],
						"1.7083": [7.31, -10.82, 5.44],
						"1.75": [8.66, -11.67, 2.49],
						"1.7917": [7.875, -11.25, -4.85]
					},
					"scale": [1, 1.5, 1]
				},
				"righthand": {
					"rotation": [91.56042, 15.99437, -179.56993],
					"position": [-6.75, -13.075, 3.225],
					"scale": [1, 1.5, 1]
				},
				"constraint": {
					"rotation": [0.2, 0.2, 0.2],
					"position": [0.2, 0.2, 0.2]
				},
				"root": {
					"rotation": {
						"0.0": [0, 0, 0],
						"0.0417": [0.2, 0, 0],
						"0.0833": [1, 0, 0],
						"0.125": [1.5, 0, 0],
						"0.1667": [0.5, 0, 0],
						"0.2083": [-1.5, 0, -1.9],
						"0.25": [-3.5, 0, -8.1],
						"0.2917": [-5.5, 0, -15.9],
						"0.3333": [-7.5, 0, -7.6],
						"0.375": [-9.5, 0, -1.3],
						"0.4167": [-9.03, 0, -8.23],
						"0.4583": [-8.56, 0, -16.17],
						"0.5": [-8.1, 0, -21.2],
						"0.6667": [-15, -1.9, -15],
						"0.7083": [-18, -1.4, -20],
						"0.8333": [-23.8, -12.7, -36.7],
						"0.9583": [-20.68, -13.78, -37.78],
						"1.0": [-19.64, -11.14, -41.74],
						"1.0417": [-18.6, -14.5, -39.6],
						"1.0833": [-19.45, -11.38, -40.98],
						"1.2083": [-22, -12, -30],
						"1.2917": [-20.4, -12, -30],
						"1.3333": [-26.1, -10, -25],
						"1.4167": [-28, -10, -25],
						"1.4583": [-27.84, -7.23, -17.84],
						"1.5417": [-5, -1.7, -3.5],
						"1.5833": [-2.3, -0.85, 2.85],
						"1.625": [-0.3, 0, -3.7],
						"1.6667": [1.1, 0, 2.5],
						"1.7083": [1.1, 0, 0.5],
						"1.7917": [0, 0, 0.2],
						"1.875": [0, 0, 0.1],
						"1.9583": [0, 0, 0],
						"2.0": [0, 0, 0]
					},
					"position": {
						"0.0": [0, 0, 0],
						"0.0833": [0, 0, 0],
						"0.1667": [0, 0, -1.4],
						"0.25": [-1, 1.2, -2.6],
						"0.4167": [-1, 3.1, -2.6],
						"0.5": [-1, 3.7, -2.8],
						"0.5833": [-1, 4, -2.8],
						"0.7083": [-1, 4, -1.8],
						"0.7917": [-1, 4, -0.8],
						"1.125": [-1.1, 4, -1.8],
						"1.1667": [-0.97, 3.96, -1],
						"1.25": [-0.97, 3.96, 0.5],
						"1.2917": [-0.99, 3.98, 1.3],
						"1.3333": [-1.02, 4, 1.3],
						"1.4167": [-0.97, 4.16, 2.5],
						"1.4583": [-0.97, 3.8, 2.58],
						"1.5": [0, 3.3, 0.7],
						"1.5417": [0, -0.5, -0.9],
						"1.5833": [0, -0.5, 0.8],
						"1.6667": [0, -0.2, -0.8],
						"1.75": [-0.2, 0, 0.6],
						"1.8333": [0, 0, 0],
						"1.9167": [0, 0, 0],
						"2.0": [0, 0, 0]
					}
				},
				"mag_and_hand": {
					"rotation": {
						"0.0": [0, 0, 0],
						"0.4167": [0, 0, 0],
						"0.4583": [0, 0, 0],
						"0.75": [0, 0, 0],
						"0.7917": [0, 0, -55.5],
						"0.8333": [0, 0, -30.5],
						"0.875": [0, 0, -30.5],
						"0.9167": [0, 0, -5],
						"0.9583": [0, 0, -5],
						"1.0": [0, 0, 0]
					},
					"position": {
						"0.0": [0, 0, 0],
						"0.4167": [0, 0, 0],
						"0.4583": [0, 0, 0],
						"0.75": [-3.75, 0, 0],
						"0.7917": [-6.425, -15.475, -12.6],
						"0.8333": [-6.42, -12.62, -12.6],
						"0.875": [-13.17, -2.195, -12.05],
						"0.9167": [-13.745, 6.36, -11.25],
						"0.9583": [-13.74, 6.36, -10.95],
						"1.0": [0, 0, 0]
					}
				},
				"mag_and_bullet": {
					"rotation": {
						"0.0": [0, 0, 0],
						"0.4167": [0, 0, 0],
						"0.4583": [0, 0, 0],
						"0.75": [0, 0, 0],
						"0.7917": [0, 0, 0],
						"0.8333": [0, 0, 0],
						"0.875": [0, 0, 0],
						"0.9167": [0, 0, 0],
						"0.9583": [0, 0, 0],
						"1.0": [0, 0, 0]
					},
					"position": {
						"0.0": [0, 0, 0],
						"0.4167": [0, 0, 0],
						"0.4583": [0, -3.6, 0],
						"0.5417": [0, -15, 0],
						"0.75": [13.55, -8.65, 11],
						"0.7917": [13.55, -8.65, 11],
						"0.8333": [13.55, -8.65, 11],
						"0.875": [13.55, -8.65, 11],
						"0.9167": [13.55, -8.65, 11],
						"0.9583": [13.55, -8.65, 11],
						"1.0": [0, 0, 0]
					}
				},
				"bolt_group": {
					"position": {
						"0.0": [0, 0, 0],
						"1.2917": [0, 0, 0],
						"1.3333": [0, 0, 1],
						"1.375": [0, 0, 5],
						"1.4167": [0, 0, 5],
						"1.5417": [0, 0, 0],
						"1.625": [0, 0, 1.6],
						"1.7083": [0, 0, 0]
					}
				},
				"camera": {
					"rotation": {
						"0.0": {
							"post": [0, 0, 0],
							"lerp_mode": "catmullrom"
						},
						"0.4167": {
							"post": [1, -1, 2],
							"lerp_mode": "catmullrom"
						},
						"0.4583": {
							"post": [0.3, 0, 0],
							"lerp_mode": "catmullrom"
						},
						"0.5": {
							"post": [1, -1, 1],
							"lerp_mode": "catmullrom"
						},
						"0.8333": {
							"post": [0.5, -0.7, 1.4],
							"lerp_mode": "catmullrom"
						},
						"1.0": {
							"post": [0.7, 0.3, 1.5],
							"lerp_mode": "catmullrom"
						},
						"1.0417": {
							"post": [0.5, -0.2, -1.2],
							"lerp_mode": "catmullrom"
						},
						"1.0833": {
							"post": [0.5, -0.2, 0.9],
							"lerp_mode": "catmullrom"
						},
						"1.125": {
							"post": [0.5, -0.2, -0.8],
							"lerp_mode": "catmullrom"
						},
						"1.1667": {
							"post": [0.5, -0.2, 0.4],
							"lerp_mode": "catmullrom"
						},
						"1.5417": {
							"post": [0.5, -0.2, 0.9],
							"lerp_mode": "catmullrom"
						},
						"1.625": {
							"post": [0.5, -0.2, -1.6],
							"lerp_mode": "catmullrom"
						},
						"1.7083": {
							"post": [0.5, -0.2, 0.4],
							"lerp_mode": "catmullrom"
						},
						"1.9167": {
							"post": [0, 0, 0],
							"lerp_mode": "catmullrom"
						}
					}
				}
			},
			"sound_effects": {
				"0.0": {
					"effect": "ex:ronin/ronin_sleight_of_hand_empty"
				}
			}
		},
		"inspect": {
			"animation_length": 4.9667,
			"bones": {
				"lefthand": {
					"rotation": {
						"0.0": [108.3949, -30.74097, -137.03831],
						"2.4667": [75.8949, 16.45903, -137.03831],
						"2.5667": [57.13365, 31.89733, -120.45563],
						"4.0": [57.13365, 31.89733, -120.45563],
						"4.5": [108.3949, -30.74097, -137.03831]
					},
					"position": {
						"0.0": [7.875, -11.25, -4.85],
						"0.0667": [9.4425, -14.25, -4.85],
						"0.1667": [9.44, -29.1875, 5.15],
						"0.3333": [9.44, -52.19, 24.15],
						"2.0": [9.44, -52.19, 24.15],
						"2.2": [10.44, -34.49, 12.15],
						"2.5667": [9.44, -7.19, -3.85],
						"4.0": [9.44, -7.19, -3.85],
						"4.5": [7.875, -11.25, -4.85]
					},
					"scale": {
						"0.0": [1, 1.5, 1],
						"0.3667": [0, 0, 0],
						"2.0": [0, 0, 0],
						"2.0667": [1, 1, 1],
						"2.1333": [1, 1.5, 1]
					}
				},
				"righthand": {
					"rotation": [91.56042, 15.99437, -179.56993],
					"position": [-6.75, -13.075, 3.225],
					"scale": [1, 1.5, 1]
				},
				"root": {
					"rotation": {
						"0.0": [0, 0, 0],
						"0.1333": {
							"pre": [-19.24933, -8.31325, -24.61201],
							"post": [-19.24933, -8.31325, -24.61201],
							"lerp_mode": "catmullrom"
						},
						"0.3333": {
							"post": [-13.99512, -46.55857, -55.52602],
							"lerp_mode": "catmullrom"
						},
						"0.4": {
							"post": [-4.50184, -49.21291, -70.92316],
							"lerp_mode": "catmullrom"
						},
						"0.4667": {
							"post": [-11.83402, -47.37809, -59.11913],
							"lerp_mode": "catmullrom"
						},
						"0.6": {
							"post": [-8.6496, -48.34002, -64.28159],
							"lerp_mode": "catmullrom"
						},
						"0.7333": {
							"post": [-11.55152, -47.42905, -59.14176],
							"lerp_mode": "catmullrom"
						},
						"0.9333": {
							"post": [-10.88813, -47.62105, -59.66596],
							"lerp_mode": "catmullrom"
						},
						"1.0333": {
							"post": [-12.55668, -47.1192, -56.92491],
							"lerp_mode": "catmullrom"
						},
						"1.1667": {
							"post": [-12.3365, -47.97527, -57.28081],
							"lerp_mode": "catmullrom"
						},
						"1.3333": {
							"post": [-10.73323, -48.44133, -59.09453],
							"lerp_mode": "catmullrom"
						},
						"1.5": {
							"post": [-10.06163, -48.47863, -60.74489],
							"lerp_mode": "catmullrom"
						},
						"1.5333": {
							"post": [-8.49626, -48.90405, -63.24872],
							"lerp_mode": "catmullrom"
						},
						"1.6333": {
							"post": [-4.68955, -50.30196, -69.49986],
							"lerp_mode": "catmullrom"
						},
						"1.6667": {
							"post": [-6.53939, -50.01605, -66.65499],
							"lerp_mode": "catmullrom"
						},
						"1.7": {
							"post": [-5.52713, -50.16091, -68.20309],
							"lerp_mode": "catmullrom"
						},
						"1.9333": {
							"post": [-4.67861, -50.30201, -69.51561],
							"lerp_mode": "catmullrom"
						},
						"2.1333": {
							"post": [-5.52713, -50.16091, -68.20309],
							"lerp_mode": "catmullrom"
						},
						"2.2667": {
							"post": [-22.63999, -33.74685, -39.74527],
							"lerp_mode": "catmullrom"
						},
						"2.3667": {
							"post": [-30.4146, -16.63887, -10.32827],
							"lerp_mode": "catmullrom"
						},
						"2.5": {
							"post": [-33.99206, -1.09683, 35.97108],
							"lerp_mode": "catmullrom"
						},
						"2.6": {
							"post": [-15.55896, 24.81624, 74.73261],
							"lerp_mode": "catmullrom"
						},
						"2.6667": {
							"post": [-15.38002, 25.34203, 88.12114],
							"lerp_mode": "catmullrom"
						},
						"2.7667": {
							"post": [-17.55944, 23.89482, 82.80242],
							"lerp_mode": "catmullrom"
						},
						"2.8667": {
							"post": [-18.95437, 22.35245, 80.77632],
							"lerp_mode": "catmullrom"
						},
						"3.0667": {
							"post": [-17.93424, 23.12518, 83.56112],
							"lerp_mode": "catmullrom"
						},
						"3.2": {
							"post": [-17.85243, 23.20776, 83.77289],
							"lerp_mode": "catmullrom"
						},
						"3.3667": {
							"post": [-18.26888, 22.88921, 82.65209],
							"lerp_mode": "catmullrom"
						},
						"3.5": {
							"post": [-15.29369, 24.91498, 89.98468],
							"lerp_mode": "catmullrom"
						},
						"3.6": {
							"post": [-14.06805, 28.48652, 95.24225],
							"lerp_mode": "catmullrom"
						},
						"3.7": {
							"post": [-17.80159, 27.72772, 88.40788],
							"lerp_mode": "catmullrom"
						},
						"3.8333": {
							"post": [-15.64702, 28.89285, 92.80622],
							"lerp_mode": "catmullrom"
						},
						"3.9333": {
							"post": [-16.91381, 28.24986, 90.29943],
							"lerp_mode": "catmullrom"
						},
						"4.1": {
							"post": [-26.05163, 15.4019, 58.57172],
							"lerp_mode": "catmullrom"
						},
						"4.2333": {
							"post": [-15.21119, -3.61636, 31.54509],
							"lerp_mode": "catmullrom"
						},
						"4.3667": {
							"post": [0, 0, 0],
							"lerp_mode": "catmullrom"
						},
						"4.4667": {
							"post": [0, 0, 2.75],
							"lerp_mode": "catmullrom"
						},
						"4.5333": {
							"post": [0, 0, -1],
							"lerp_mode": "catmullrom"
						},
						"4.6333": {
							"post": [0, 0, 0.5],
							"lerp_mode": "catmullrom"
						},
						"4.7667": {
							"post": [0, 0, 0],
							"lerp_mode": "catmullrom"
						}
					},
					"position": {
						"0.0": [0, 0, 0],
						"0.1": [0, 1.375, -1.435],
						"0.2": [0, 3.685, -2.7775],
						"0.2667": {
							"pre": [-0.25, 5.19, -1.805],
							"post": [-0.25, 5.19, -1.805],
							"lerp_mode": "catmullrom"
						},
						"0.3333": {
							"post": [-0.25, 5.195, -1.4925],
							"lerp_mode": "catmullrom"
						},
						"0.3667": {
							"post": [-0.25, 4.7375, -1.4925],
							"lerp_mode": "catmullrom"
						},
						"0.4667": {
							"post": [-0.25, 5.3875, -1.43],
							"lerp_mode": "catmullrom"
						},
						"0.5": {
							"post": [-0.25, 5.5525, -1.4325],
							"lerp_mode": "catmullrom"
						},
						"0.6333": {
							"post": [-0.25, 5.705, -1.4325],
							"lerp_mode": "catmullrom"
						},
						"0.8333": {
							"post": [-0.25, 5.71813, -1.4325],
							"lerp_mode": "catmullrom"
						},
						"1.0333": {
							"post": [-0.25, 5.79875, -1.4325],
							"lerp_mode": "catmullrom"
						},
						"1.1667": {
							"post": [-0.25, 5.705, -1.4325],
							"lerp_mode": "catmullrom"
						},
						"1.3667": {
							"post": [-0.25, 5.75188, -1.4325],
							"lerp_mode": "catmullrom"
						},
						"1.5": {
							"post": [-0.25, 5.705, -1.4325],
							"lerp_mode": "catmullrom"
						},
						"1.6333": {
							"post": [-0.25, 5.6575, -1.4325],
							"lerp_mode": "catmullrom"
						},
						"1.7": {
							"post": [-0.25, 5.70188, -1.4325],
							"lerp_mode": "catmullrom"
						},
						"1.9333": {
							"post": [-0.25, 5.7675, -1.4325],
							"lerp_mode": "catmullrom"
						},
						"2.1333": {
							"post": [-0.25, 5.70188, -1.4325],
							"lerp_mode": "catmullrom"
						},
						"2.2667": {
							"post": [-0.16, 3.31, -1.4025],
							"lerp_mode": "catmullrom"
						},
						"2.3667": {
							"post": [0.1875, 1.23625, -2.1825],
							"lerp_mode": "catmullrom"
						},
						"2.5": {
							"post": [1.3975, 0.90125, -1.8375],
							"lerp_mode": "catmullrom"
						},
						"2.6": {
							"post": [0.21, 0.90125, -2.1225],
							"lerp_mode": "catmullrom"
						},
						"2.6667": {
							"post": [0.21, 0.90125, -2.03],
							"lerp_mode": "catmullrom"
						},
						"2.7667": {
							"post": [0.19, 0.90125, -1.18],
							"lerp_mode": "catmullrom"
						},
						"2.8667": {
							"post": [0.19, 0.90125, -1.18],
							"lerp_mode": "catmullrom"
						},
						"3.1": {
							"post": [0.19, 0.90125, -1.08],
							"lerp_mode": "catmullrom"
						},
						"3.4": {
							"post": [0.19, 0.90125, -0.96125],
							"lerp_mode": "catmullrom"
						},
						"3.5": {
							"post": [0.19, 0.90125, -0.96125],
							"lerp_mode": "catmullrom"
						},
						"3.6": {
							"post": [0.19, 0.90125, -0.96],
							"lerp_mode": "catmullrom"
						},
						"3.7": {
							"post": [0.19, 0.90125, -0.96],
							"lerp_mode": "catmullrom"
						},
						"3.8333": {
							"post": [0.19, 0.90125, -0.96],
							"lerp_mode": "catmullrom"
						},
						"3.9333": {
							"post": [0.19, 0.90125, -0.96],
							"lerp_mode": "catmullrom"
						},
						"4.0333": {
							"post": [0.19, 0.90125, -0.96],
							"lerp_mode": "catmullrom"
						},
						"4.1667": {
							"post": [0.19, 0.54813, -0.46],
							"lerp_mode": "catmullrom"
						},
						"4.3333": {
							"post": [0.175, -1.35, -3.95],
							"lerp_mode": "catmullrom"
						},
						"4.4333": {
							"post": [0, -0.125, 0.65],
							"lerp_mode": "catmullrom"
						},
						"4.5333": {
							"post": [0, -0.05, -0.225],
							"lerp_mode": "catmullrom"
						},
						"4.6667": {
							"post": [0, 0, 0],
							"lerp_mode": "catmullrom"
						}
					}
				},
				"camera": {
					"rotation": {
						"0.0": {
							"post": [0, 0, 0],
							"lerp_mode": "catmullrom"
						},
						"0.1": {
							"post": [0.49018, 0, -0.95318],
							"lerp_mode": "catmullrom"
						},
						"0.3": {
							"post": [1.54237, 0, 1.05382],
							"lerp_mode": "catmullrom"
						},
						"0.3667": {
							"post": [1.04237, 0, 1.05382],
							"lerp_mode": "catmullrom"
						},
						"0.4667": {
							"post": [2.51695, 0, -1.24331],
							"lerp_mode": "catmullrom"
						},
						"0.6": {
							"post": [3.51695, 0, -1.24331],
							"lerp_mode": "catmullrom"
						},
						"0.8": {
							"post": [3.62913, 0, -0.60709],
							"lerp_mode": "catmullrom"
						},
						"1.3333": {
							"post": [2.72596, 0, -1.24374],
							"lerp_mode": "catmullrom"
						},
						"1.5333": {
							"post": [2.22596, 0, -1.24374],
							"lerp_mode": "catmullrom"
						},
						"1.6667": {
							"post": [2.18464, 0, -2.7443],
							"lerp_mode": "catmullrom"
						},
						"1.8333": {
							"post": [2.2122, 0, -1.74392],
							"lerp_mode": "catmullrom"
						},
						"2.0": {
							"post": [2.22596, 0, -1.24374],
							"lerp_mode": "catmullrom"
						},
						"2.2": {
							"post": [3.00342, 0, -0.24336],
							"lerp_mode": "catmullrom"
						},
						"2.4333": {
							"post": [4.89875, 0, 3.75619],
							"lerp_mode": "catmullrom"
						},
						"2.5667": {
							"post": [4.89875, 0, 2.25619],
							"lerp_mode": "catmullrom"
						},
						"2.6333": {
							"post": [4.87561, 0, 1.93974],
							"lerp_mode": "catmullrom"
						},
						"2.7": {
							"post": [4.94119, 0, 2.16193],
							"lerp_mode": "catmullrom"
						},
						"2.8667": {
							"post": [3.66849, 0, 1.00459],
							"lerp_mode": "catmullrom"
						},
						"3.3667": {
							"post": [3.61531, 0, -0.68099],
							"lerp_mode": "catmullrom"
						},
						"3.4667": {
							"post": [3.68134, 0, 0.45728],
							"lerp_mode": "catmullrom"
						},
						"3.5333": {
							"post": [3.68768, 0, 0.70706],
							"lerp_mode": "catmullrom"
						},
						"3.6333": {
							"post": [3.66849, 0, -0.04229],
							"lerp_mode": "catmullrom"
						},
						"3.8667": {
							"post": [3.68134, 0, 0.45728],
							"lerp_mode": "catmullrom"
						},
						"4.1667": {
							"post": [5.26465, 0, 0.9977],
							"lerp_mode": "catmullrom"
						},
						"4.3": {
							"post": [1.75, 0.2, 0.225],
							"lerp_mode": "catmullrom"
						},
						"4.4333": {
							"post": [0.4, 0, -0.225],
							"lerp_mode": "catmullrom"
						},
						"4.4667": {
							"post": [-0.04, -0.01, 0.44],
							"lerp_mode": "catmullrom"
						},
						"4.5": {
							"post": [-0.175, 0, -0.275],
							"lerp_mode": "catmullrom"
						},
						"4.5667": {
							"post": [0.15, 0, 0.3],
							"lerp_mode": "catmullrom"
						},
						"4.6667": {
							"post": [0, 0, 0],
							"lerp_mode": "catmullrom"
						}
					}
				}
			},
			"sound_effects": {
				"0.0": {
					"effect": "ex:ronin/ronin_inspect"
				}
			}
		},
		"inspect_empty": {
			"animation_length": 4.9667,
			"bones": {
				"lefthand": {
					"rotation": {
						"0.0": [108.3949, -30.74097, -137.03831],
						"2.4667": [75.8949, 16.45903, -137.03831],
						"2.5667": [57.13365, 31.89733, -120.45563],
						"4.0": [57.13365, 31.89733, -120.45563],
						"4.5": [108.3949, -30.74097, -137.03831]
					},
					"position": {
						"0.0": [7.875, -11.25, -4.85],
						"0.0667": [9.4425, -14.25, -4.85],
						"0.1667": [9.44, -29.1875, 5.15],
						"0.3333": [9.44, -52.19, 24.15],
						"2.0": [9.44, -52.19, 24.15],
						"2.2": [10.44, -34.49, 12.15],
						"2.5667": [9.44, -7.19, -3.85],
						"4.0": [9.44, -7.19, -3.85],
						"4.5": [7.875, -11.25, -4.85]
					},
					"scale": {
						"0.0": [1, 1.5, 1],
						"0.3667": [0, 0, 0],
						"2.0": [0, 0, 0],
						"2.0667": [1, 1, 1],
						"2.1333": [1, 1.5, 1]
					}
				},
				"righthand": {
					"rotation": [91.56042, 15.99437, -179.56993],
					"position": [-6.75, -13.075, 3.225],
					"scale": [1, 1.5, 1]
				},
				"root": {
					"rotation": {
						"0.0": [0, 0, 0],
						"0.1333": {
							"pre": [-19.24933, -8.31325, -24.61201],
							"post": [-19.24933, -8.31325, -24.61201],
							"lerp_mode": "catmullrom"
						},
						"0.3333": {
							"post": [-13.99512, -46.55857, -55.52602],
							"lerp_mode": "catmullrom"
						},
						"0.4": {
							"post": [-4.50184, -49.21291, -70.92316],
							"lerp_mode": "catmullrom"
						},
						"0.4667": {
							"post": [-11.83402, -47.37809, -59.11913],
							"lerp_mode": "catmullrom"
						},
						"0.6": {
							"post": [-8.6496, -48.34002, -64.28159],
							"lerp_mode": "catmullrom"
						},
						"0.7333": {
							"post": [-11.55152, -47.42905, -59.14176],
							"lerp_mode": "catmullrom"
						},
						"0.9333": {
							"post": [-10.88813, -47.62105, -59.66596],
							"lerp_mode": "catmullrom"
						},
						"1.0333": {
							"post": [-12.55668, -47.1192, -56.92491],
							"lerp_mode": "catmullrom"
						},
						"1.1667": {
							"post": [-12.3365, -47.97527, -57.28081],
							"lerp_mode": "catmullrom"
						},
						"1.3333": {
							"post": [-10.73323, -48.44133, -59.09453],
							"lerp_mode": "catmullrom"
						},
						"1.5": {
							"post": [-10.06163, -48.47863, -60.74489],
							"lerp_mode": "catmullrom"
						},
						"1.5333": {
							"post": [-8.49626, -48.90405, -63.24872],
							"lerp_mode": "catmullrom"
						},
						"1.6333": {
							"post": [-4.68955, -50.30196, -69.49986],
							"lerp_mode": "catmullrom"
						},
						"1.6667": {
							"post": [-6.53939, -50.01605, -66.65499],
							"lerp_mode": "catmullrom"
						},
						"1.7": {
							"post": [-5.52713, -50.16091, -68.20309],
							"lerp_mode": "catmullrom"
						},
						"1.9333": {
							"post": [-4.67861, -50.30201, -69.51561],
							"lerp_mode": "catmullrom"
						},
						"2.1333": {
							"post": [-5.52713, -50.16091, -68.20309],
							"lerp_mode": "catmullrom"
						},
						"2.2667": {
							"post": [-22.63999, -33.74685, -39.74527],
							"lerp_mode": "catmullrom"
						},
						"2.3667": {
							"post": [-30.4146, -16.63887, -10.32827],
							"lerp_mode": "catmullrom"
						},
						"2.5": {
							"post": [-33.99206, -1.09683, 35.97108],
							"lerp_mode": "catmullrom"
						},
						"2.6": {
							"post": [-15.55896, 24.81624, 74.73261],
							"lerp_mode": "catmullrom"
						},
						"2.6667": {
							"post": [-15.38002, 25.34203, 88.12114],
							"lerp_mode": "catmullrom"
						},
						"2.7667": {
							"post": [-17.55944, 23.89482, 82.80242],
							"lerp_mode": "catmullrom"
						},
						"2.8667": {
							"post": [-18.95437, 22.35245, 80.77632],
							"lerp_mode": "catmullrom"
						},
						"3.0667": {
							"post": [-17.93424, 23.12518, 83.56112],
							"lerp_mode": "catmullrom"
						},
						"3.2": {
							"post": [-17.85243, 23.20776, 83.77289],
							"lerp_mode": "catmullrom"
						},
						"3.3667": {
							"post": [-18.26888, 22.88921, 82.65209],
							"lerp_mode": "catmullrom"
						},
						"3.5": {
							"post": [-15.29369, 24.91498, 89.98468],
							"lerp_mode": "catmullrom"
						},
						"3.6": {
							"post": [-14.06805, 28.48652, 95.24225],
							"lerp_mode": "catmullrom"
						},
						"3.7": {
							"post": [-17.80159, 27.72772, 88.40788],
							"lerp_mode": "catmullrom"
						},
						"3.8333": {
							"post": [-15.64702, 28.89285, 92.80622],
							"lerp_mode": "catmullrom"
						},
						"3.9333": {
							"post": [-16.91381, 28.24986, 90.29943],
							"lerp_mode": "catmullrom"
						},
						"4.1": {
							"post": [-26.05163, 15.4019, 58.57172],
							"lerp_mode": "catmullrom"
						},
						"4.2333": {
							"post": [-15.21119, -3.61636, 31.54509],
							"lerp_mode": "catmullrom"
						},
						"4.3667": {
							"post": [0, 0, 0],
							"lerp_mode": "catmullrom"
						},
						"4.4667": {
							"post": [0, 0, 2.75],
							"lerp_mode": "catmullrom"
						},
						"4.5333": {
							"post": [0, 0, -1],
							"lerp_mode": "catmullrom"
						},
						"4.6333": {
							"post": [0, 0, 0.5],
							"lerp_mode": "catmullrom"
						},
						"4.7667": {
							"post": [0, 0, 0],
							"lerp_mode": "catmullrom"
						}
					},
					"position": {
						"0.0": [0, 0, 0],
						"0.1": [0, 1.375, -1.435],
						"0.2": [0, 3.685, -2.7775],
						"0.2667": {
							"pre": [-0.25, 5.19, -1.805],
							"post": [-0.25, 5.19, -1.805],
							"lerp_mode": "catmullrom"
						},
						"0.3333": {
							"post": [-0.25, 5.195, -1.4925],
							"lerp_mode": "catmullrom"
						},
						"0.3667": {
							"post": [-0.25, 4.7375, -1.4925],
							"lerp_mode": "catmullrom"
						},
						"0.4667": {
							"post": [-0.25, 5.3875, -1.43],
							"lerp_mode": "catmullrom"
						},
						"0.5": {
							"post": [-0.25, 5.5525, -1.4325],
							"lerp_mode": "catmullrom"
						},
						"0.6333": {
							"post": [-0.25, 5.705, -1.4325],
							"lerp_mode": "catmullrom"
						},
						"0.8333": {
							"post": [-0.25, 5.71813, -1.4325],
							"lerp_mode": "catmullrom"
						},
						"1.0333": {
							"post": [-0.25, 5.79875, -1.4325],
							"lerp_mode": "catmullrom"
						},
						"1.1667": {
							"post": [-0.25, 5.705, -1.4325],
							"lerp_mode": "catmullrom"
						},
						"1.3667": {
							"post": [-0.25, 5.75188, -1.4325],
							"lerp_mode": "catmullrom"
						},
						"1.5": {
							"post": [-0.25, 5.705, -1.4325],
							"lerp_mode": "catmullrom"
						},
						"1.6333": {
							"post": [-0.25, 5.6575, -1.4325],
							"lerp_mode": "catmullrom"
						},
						"1.7": {
							"post": [-0.25, 5.70188, -1.4325],
							"lerp_mode": "catmullrom"
						},
						"1.9333": {
							"post": [-0.25, 5.7675, -1.4325],
							"lerp_mode": "catmullrom"
						},
						"2.1333": {
							"post": [-0.25, 5.70188, -1.4325],
							"lerp_mode": "catmullrom"
						},
						"2.2667": {
							"post": [-0.16, 3.31, -1.4025],
							"lerp_mode": "catmullrom"
						},
						"2.3667": {
							"post": [0.1875, 1.23625, -2.1825],
							"lerp_mode": "catmullrom"
						},
						"2.5": {
							"post": [1.3975, 0.90125, -1.8375],
							"lerp_mode": "catmullrom"
						},
						"2.6": {
							"post": [0.21, 0.90125, -2.1225],
							"lerp_mode": "catmullrom"
						},
						"2.6667": {
							"post": [0.21, 0.90125, -2.03],
							"lerp_mode": "catmullrom"
						},
						"2.7667": {
							"post": [0.19, 0.90125, -1.18],
							"lerp_mode": "catmullrom"
						},
						"2.8667": {
							"post": [0.19, 0.90125, -1.18],
							"lerp_mode": "catmullrom"
						},
						"3.1": {
							"post": [0.19, 0.90125, -1.08],
							"lerp_mode": "catmullrom"
						},
						"3.4": {
							"post": [0.19, 0.90125, -0.96125],
							"lerp_mode": "catmullrom"
						},
						"3.5": {
							"post": [0.19, 0.90125, -0.96125],
							"lerp_mode": "catmullrom"
						},
						"3.6": {
							"post": [0.19, 0.90125, -0.96],
							"lerp_mode": "catmullrom"
						},
						"3.7": {
							"post": [0.19, 0.90125, -0.96],
							"lerp_mode": "catmullrom"
						},
						"3.8333": {
							"post": [0.19, 0.90125, -0.96],
							"lerp_mode": "catmullrom"
						},
						"3.9333": {
							"post": [0.19, 0.90125, -0.96],
							"lerp_mode": "catmullrom"
						},
						"4.0333": {
							"post": [0.19, 0.90125, -0.96],
							"lerp_mode": "catmullrom"
						},
						"4.1667": {
							"post": [0.19, 0.54813, -0.46],
							"lerp_mode": "catmullrom"
						},
						"4.3333": {
							"post": [0.175, -1.35, -3.95],
							"lerp_mode": "catmullrom"
						},
						"4.4333": {
							"post": [0, -0.125, 0.65],
							"lerp_mode": "catmullrom"
						},
						"4.5333": {
							"post": [0, -0.05, -0.225],
							"lerp_mode": "catmullrom"
						},
						"4.6667": {
							"post": [0, 0, 0],
							"lerp_mode": "catmullrom"
						}
					}
				},
				"camera": {
					"rotation": {
						"0.0": {
							"post": [0, 0, 0],
							"lerp_mode": "catmullrom"
						},
						"0.1": {
							"post": [0.49018, 0, -0.95318],
							"lerp_mode": "catmullrom"
						},
						"0.3": {
							"post": [1.54237, 0, 1.05382],
							"lerp_mode": "catmullrom"
						},
						"0.3667": {
							"post": [1.04237, 0, 1.05382],
							"lerp_mode": "catmullrom"
						},
						"0.4667": {
							"post": [2.51695, 0, -1.24331],
							"lerp_mode": "catmullrom"
						},
						"0.6": {
							"post": [3.51695, 0, -1.24331],
							"lerp_mode": "catmullrom"
						},
						"0.8": {
							"post": [3.62913, 0, -0.60709],
							"lerp_mode": "catmullrom"
						},
						"1.3333": {
							"post": [2.72596, 0, -1.24374],
							"lerp_mode": "catmullrom"
						},
						"1.5333": {
							"post": [2.22596, 0, -1.24374],
							"lerp_mode": "catmullrom"
						},
						"1.6667": {
							"post": [2.18464, 0, -2.7443],
							"lerp_mode": "catmullrom"
						},
						"1.8333": {
							"post": [2.2122, 0, -1.74392],
							"lerp_mode": "catmullrom"
						},
						"2.0": {
							"post": [2.22596, 0, -1.24374],
							"lerp_mode": "catmullrom"
						},
						"2.2": {
							"post": [3.00342, 0, -0.24336],
							"lerp_mode": "catmullrom"
						},
						"2.4333": {
							"post": [4.89875, 0, 3.75619],
							"lerp_mode": "catmullrom"
						},
						"2.5667": {
							"post": [4.89875, 0, 2.25619],
							"lerp_mode": "catmullrom"
						},
						"2.6333": {
							"post": [4.87561, 0, 1.93974],
							"lerp_mode": "catmullrom"
						},
						"2.7": {
							"post": [4.94119, 0, 2.16193],
							"lerp_mode": "catmullrom"
						},
						"2.8667": {
							"post": [3.66849, 0, 1.00459],
							"lerp_mode": "catmullrom"
						},
						"3.3667": {
							"post": [3.61531, 0, -0.68099],
							"lerp_mode": "catmullrom"
						},
						"3.4667": {
							"post": [3.68134, 0, 0.45728],
							"lerp_mode": "catmullrom"
						},
						"3.5333": {
							"post": [3.68768, 0, 0.70706],
							"lerp_mode": "catmullrom"
						},
						"3.6333": {
							"post": [3.66849, 0, -0.04229],
							"lerp_mode": "catmullrom"
						},
						"3.8667": {
							"post": [3.68134, 0, 0.45728],
							"lerp_mode": "catmullrom"
						},
						"4.1667": {
							"post": [5.26465, 0, 0.9977],
							"lerp_mode": "catmullrom"
						},
						"4.3": {
							"post": [1.75, 0.2, 0.225],
							"lerp_mode": "catmullrom"
						},
						"4.4333": {
							"post": [0.4, 0, -0.225],
							"lerp_mode": "catmullrom"
						},
						"4.4667": {
							"post": [-0.04, -0.01, 0.44],
							"lerp_mode": "catmullrom"
						},
						"4.5": {
							"post": [-0.175, 0, -0.275],
							"lerp_mode": "catmullrom"
						},
						"4.5667": {
							"post": [0.15, 0, 0.3],
							"lerp_mode": "catmullrom"
						},
						"4.6667": {
							"post": [0, 0, 0],
							"lerp_mode": "catmullrom"
						}
					}
				}
			},
			"sound_effects": {
				"0.0": {
					"effect": "ex:ronin/ronin_inspect"
				}
			}
		},
		"run": {
			"loop": true,
			"animation_length": 0.8,
			"bones": {
				"root": {
					"rotation": {
						"0.0": [-68.73, -5.5, -3.14],
						"0.05": [-68.99, -7.39, -3.57],
						"0.1": [-69.36, -9.11, -3.81],
						"0.15": [-69.45, -10.1, -3.75],
						"0.2": [-68.82, -9.82, -3.09],
						"0.25": [-67.92, -8.81, -2.13],
						"0.3": [-67.68, -8.15, -1.7],
						"0.35": [-68.9, -8.72, -2.46],
						"0.4": [-70.77, -9.63, -3.74],
						"0.45": [-71.87, -9.32, -4.34],
						"0.5": [-71.58, -7.25, -3.75],
						"0.55": [-70.7, -4.07, -2.59],
						"0.6": [-69.68, -1.04, -1.42],
						"0.65": [-68.98, 0.57, -0.8],
						"0.7": [-68.67, -0.33, -1.21],
						"0.75": [-68.65, -3, -2.27],
						"0.8": [-68.73, -5.5, -3.14]
					},
					"position": {
						"0.0": [-3.64, -0.38, -0.64],
						"0.05": [-3.63, -0.52, -0.64],
						"0.1": [-3.66, -0.87, -0.64],
						"0.15": [-3.67, -1.23, -0.64],
						"0.2": [-3.64, -1.38, -0.64],
						"0.25": [-3.52, -1.18, -0.64],
						"0.3": [-3.34, -0.78, -0.64],
						"0.35": [-3.19, -0.39, -0.64],
						"0.4": [-3.14, -0.23, -0.64],
						"0.45": [-3.26, -0.47, -0.64],
						"0.5": [-3.5, -0.94, -0.64],
						"0.55": [-3.74, -1.42, -0.64],
						"0.6": [-3.89, -1.64, -0.64],
						"0.65": [-3.89, -1.46, -0.64],
						"0.7": [-3.81, -1.04, -0.64],
						"0.75": [-3.71, -0.6, -0.64],
						"0.8": [-3.64, -0.38, -0.64]
					}
				},
				"lefthand_pos": {
					"position": [-14, -25, 15.5],
					"scale": 0
				},
				"camera": {
					"rotation": {
						"0.0": [0, 0, 0],
						"0.05": [0.09, 0, 0.15],
						"0.1": [0.13, 0, 0.25],
						"0.15": [-0.07, 0, 0.07],
						"0.2": [-0.25, 0, -0.12],
						"0.25": [-0.15, 0, -0.09],
						"0.3": [0, 0, 0],
						"0.35": [0.02, 0, 0.02],
						"0.4": [0, 0, 0],
						"0.45": [-0.01, 0, -0.08],
						"0.5": [0, 0, -0.12],
						"0.55": [0.08, 0, 0],
						"0.6": [0.13, 0, 0.13],
						"0.65": [0, 0, 0.08],
						"0.7": [-0.12, 0, 0],
						"0.75": [-0.09, 0, -0.02],
						"0.8": [0, 0, 0]
					}
				}
			}
		},
		"run_start": {
			"animation_length": 0.55,
			"bones": {
				"root": {
					"rotation": {
						"0.0": [0, 0, 0],
						"0.05": [2.8, -0.48, 3.97],
						"0.1": [5.79, -1.19, 9.23],
						"0.15": [1.73, -2.05, 11.57],
						"0.2": [-10.48, -2.9, 9.39],
						"0.25": [-28.47, -3.91, 4.94],
						"0.3": [-46.79, -4.85, 0.12],
						"0.35": [-59.98, -5.5, -3.14],
						"0.4": [-66.1, -5.75, -4.18],
						"0.45": [-68.22, -5.72, -4.06],
						"0.5": [-68.4, -5.59, -3.49],
						"0.55": [-68.73, -5.5, -3.14]
					},
					"position": {
						"0.0": [0, 0, 0],
						"0.05": [0.06, -0.64, -0.32],
						"0.1": [0.17, -1.58, -0.79],
						"0.15": [0.17, -2.44, -1.22],
						"0.2": [-0.09, -2.83, -1.45],
						"0.25": [-1.13, -2.25, -1.28],
						"0.3": [-2.54, -1.06, -0.83],
						"0.35": [-3.57, -0.19, -0.51],
						"0.4": [-3.83, -0.04, -0.47],
						"0.45": [-3.82, -0.12, -0.51],
						"0.5": [-3.71, -0.28, -0.59],
						"0.55": [-3.64, -0.38, -0.64]
					}
				},
				"lefthand_pos": {
					"position": {
						"0.0": [0, 0, 0],
						"0.1": [-7.17, -3.67, 0],
						"0.2": [-11.83, -12.08, 2],
						"0.3": [-14, -25, 15.5]
					},
					"scale": {
						"0.2": [1, 1, 1],
						"0.3": [0, 0, 0]
					}
				},
				"camera": {
					"rotation": {
						"0.0": {
							"post": [0, 0, 0],
							"lerp_mode": "catmullrom"
						},
						"0.1": {
							"post": [0.75, 0, -0.5],
							"lerp_mode": "catmullrom"
						},
						"0.2": {
							"post": [-0.25, 0, 0.1875],
							"lerp_mode": "catmullrom"
						},
						"0.3": {
							"post": [0, 0, 0],
							"lerp_mode": "catmullrom"
						},
						"0.4": {
							"post": [0, 0, 0],
							"lerp_mode": "catmullrom"
						}
					}
				}
			}
		},
		"run_end": {
			"animation_length": 0.65,
			"bones": {
				"root": {
					"rotation": {
						"0.0": [-68.73, -5.5, -3.14],
						"0.05": [-55.61, -4.21, 0.37],
						"0.1": [-36.44, -2.32, 5.59],
						"0.15": [-17.16, -0.44, 10.34],
						"0.2": [-3.66, 0.81, 12.47],
						"0.25": [1.72, 1.17, 10.52],
						"0.3": [2.4, 1, 5.92],
						"0.35": [1.03, 0.62, 0.91],
						"0.4": [0.28, 0.35, -2.3],
						"0.45": [0.49, 0.21, -2.71],
						"0.5": [0.23, 0.09, -1.23],
						"0.55": [0, 0, 0],
						"0.6": [-0.02, -0.02, 0.14],
						"0.65": [0, 0, 0]
					},
					"position": {
						"0.0": [-3.64, -0.38, -0.64],
						"0.05": [-2.73, -1.11, -1.21],
						"0.1": [-1.47, -2.08, -1.96],
						"0.15": [-0.5, -2.5, -2.25],
						"0.2": [-0.17, -2.06, -1.84],
						"0.25": [-0.04, -1.17, -1.06],
						"0.3": [-0.01, -0.24, -0.23],
						"0.35": [0.02, 0.37, 0.3],
						"0.4": [0.06, 0.47, 0.4],
						"0.45": [0.05, 0.22, 0.18],
						"0.5": [0.03, 0.01, -0.01],
						"0.55": [0.02, -0.02, -0.03],
						"0.6": [0.01, -0.01, -0.01],
						"0.65": [0, 0, 0]
					}
				},
				"lefthand_pos": {
					"position": {
						"0.0": [-14, -25, 15.5],
						"0.1": [-11.83, -12.08, 2],
						"0.2": [-7.17, -3.67, 0],
						"0.3": [0, 0, 0]
					},
					"scale": {
						"0.15": [0, 0, 0],
						"0.2": [1, 1, 1]
					}
				},
				"camera": {
					"rotation": {
						"0.25": {
							"pre": [0, 0, 0],
							"post": [0, 0, 0],
							"lerp_mode": "catmullrom"
						},
						"0.3": {
							"post": [0, 0, 0.3],
							"lerp_mode": "catmullrom"
						},
						"0.35": {
							"post": [0, 0, -0.125],
							"lerp_mode": "catmullrom"
						},
						"0.45": {
							"post": [0, 0, 0],
							"lerp_mode": "catmullrom"
						}
					}
				}
			}
		},
		"run_hold": {
			"animation_length": 0.2917,
			"bones": {
				"root": {
					"rotation": [-68.73314, -5.50468, -3.14473],
					"position": [-3.64, -0.38, -0.64]
				},
				"lefthand_pos": {
					"position": [-14, -25, 15.5],
					"scale": 0
				}
			}
		}
	}
}