{
	"format_version": "1.8.0",
	"animations": {
		"static_idle": {
			"loop": "hold_on_last_frame",
			"animation_length": 0.2083,
			"bones": {
				"righthand": {
					"rotation": [95, 0, -180],
					"position": [-6.4, -13.5, 6.8],
					"scale": [1, 1.5, 1]
				},
				"lefthand": {
					"rotation": [-273.87487, -27.33823, 235.83124],
					"position": [7.7, -12, -8.35],
					"scale": [1, 1.5, 1]
				},
				"root": {
					"rotation": {
						"0.0": {
							"post": [0, 0, 0],
							"lerp_mode": "catmullrom"
						}
					},
					"position": {
						"0.0": {
							"post": [0, 0, 0],
							"lerp_mode": "catmullrom"
						}
					}
				},
				"constraint": {
					"rotation": [0.2, 0.2, 0.2],
					"position": [0.15, 0.15, 0.15]
				},
				"muzzle_flash_illuminated": {
					"scale": 0.1
				}
			}
		},
		"draw": {
			"loop": "hold_on_last_frame",
			"animation_length": 1.15,
			"bones": {
				"righthand": {
					"rotation": [95, 0, -180],
					"position": [-6.4, -13.5, 6.8],
					"scale": [1, 1.5, 1]
				},
				"lefthand": {
					"rotation": {
						"0.0": {
							"post": [-207.60111, 3.20674, 140.57627],
							"lerp_mode": "catmullrom"
						},
						"0.1": {
							"post": [-222.73142, -0.84544, 134.26253],
							"lerp_mode": "catmullrom"
						},
						"0.2": {
							"post": [-222.73, -0.85, 134.26],
							"lerp_mode": "catmullrom"
						},
						"0.45": {
							"post": [-273.87487, -27.33823, 235.83124],
							"lerp_mode": "catmullrom"
						}
					},
					"position": {
						"0.0": {
							"post": [7.11772, -8.77865, 0.25648],
							"lerp_mode": "catmullrom"
						},
						"0.1": {
							"post": [6.45085, -10.0926, -3.15682],
							"lerp_mode": "catmullrom"
						},
						"0.2": {
							"post": [6.45085, -10.0926, -3.15682],
							"lerp_mode": "catmullrom"
						},
						"0.35": {
							"post": [8.81847, -11.08869, -6.15249],
							"lerp_mode": "catmullrom"
						},
						"0.45": {
							"post": [7.7, -12, -8.35],
							"lerp_mode": "catmullrom"
						}
					},
					"scale": [1, 1.5, 1]
				},
				"root": {
					"rotation": {
						"0.0": {
							"post": [-78.31051, -36.76392, -14.04902],
							"lerp_mode": "catmullrom"
						},
						"0.1": {
							"post": [-68.67601, -18.09846, -17.02779],
							"lerp_mode": "catmullrom"
						},
						"0.2": {
							"post": [-40.05236, 2.83355, -1.12837],
							"lerp_mode": "catmullrom"
						},
						"0.45": {
							"post": [0, 0, 1.75],
							"lerp_mode": "catmullrom"
						},
						"0.6": {
							"post": [0, 0, -0.11],
							"lerp_mode": "catmullrom"
						},
						"0.7": {
							"post": [0, 0, -1],
							"lerp_mode": "catmullrom"
						},
						"0.8": {
							"post": [0, 0, 0.75],
							"lerp_mode": "catmullrom"
						},
						"0.95": {
							"post": [0, 0, 0],
							"lerp_mode": "catmullrom"
						}
					},
					"position": {
						"0.0": {
							"post": [-6.5, -0.1, 10.4],
							"lerp_mode": "catmullrom"
						},
						"0.1": {
							"post": [-3.94, -3.4, 3.93],
							"lerp_mode": "catmullrom"
						},
						"0.25": {
							"post": [-0.9, 0.3, -0.8],
							"lerp_mode": "catmullrom"
						},
						"0.45": {
							"post": [0, -0.7, -1.9],
							"lerp_mode": "catmullrom"
						},
						"0.6": {
							"post": [0, -0.3, 0.5],
							"lerp_mode": "catmullrom"
						},
						"0.75": {
							"post": [0, -0.1, -0.05],
							"lerp_mode": "catmullrom"
						},
						"0.85": {
							"post": [0, -0.025, 0],
							"lerp_mode": "catmullrom"
						},
						"1.0": {
							"post": [0, 0, 0],
							"lerp_mode": "catmullrom"
						}
					}
				},
				"camera": {
					"rotation": {
						"0.0": {
							"post": [0, 0, 0],
							"lerp_mode": "catmullrom"
						},
						"0.25": {
							"post": [-1.175, 0.325, -0.7],
							"lerp_mode": "catmullrom"
						},
						"0.5": {
							"post": [0.88, -0.025, -0.925],
							"lerp_mode": "catmullrom"
						},
						"0.75": {
							"post": [-0.245, 0.025, 0.175],
							"lerp_mode": "catmullrom"
						},
						"0.85": {
							"post": [0.15, 0, -0.2],
							"lerp_mode": "catmullrom"
						},
						"0.9": {
							"post": [0.02, 0, -0.08],
							"lerp_mode": "catmullrom"
						},
						"0.95": {
							"post": [-0.15, 0, 0.3],
							"lerp_mode": "catmullrom"
						},
						"1.05": {
							"post": [-0.06, 0, -0.205],
							"lerp_mode": "catmullrom"
						},
						"1.15": {
							"post": [0, 0, 0],
							"lerp_mode": "catmullrom"
						}
					}
				},
				"muzzle_flash_illuminated": {
					"scale": 0
				}
			}
		},
		"put_away": {
			"animation_length": 0.85,
			"bones": {
				"root": {
					"rotation": {
						"0.0": [0, 0, 0],
						"0.0833": [5.4, -0.4, -1.2],
						"0.1667": [-17.95334, -1.20464, -6.84412],
						"0.25": [-61.95334, -2.50464, -9.24412],
						"0.3333": [-72.95, -2.5, -9.24]
					},
					"position": {
						"0.0": [0, 0, 0],
						"0.0833": [-0.4, -0.4, 0],
						"0.1667": [-1, 0.3, 0.4],
						"0.25": [-2, -3.5, -0.8],
						"0.3333": [-2.8, -3.4, 1],
						"0.4583": [-2.8, -1.2, 7.4],
						"0.5833": [-2.8, -1.2, 19.3],
						"0.7083": [-2.8, -1.2, 26.3]
					}
				},
				"righthand": {
					"rotation": {
						"0.0": [95, 0, -180],
						"0.2917": [92.05, -0.38, -179.47],
						"0.3333": [89.78843, 9.28445, -163.44406],
						"0.375": [76.78843, 9.28445, -163.44406],
						"0.4167": [68.78843, 14.65945, -163.44406],
						"0.4583": [58.015, 25.43, -163.44],
						"0.5": [60.30826, 29.62661, -166.79253],
						"0.5417": [33.31, 29.63, -166.79],
						"0.5833": [11.81, 29.63, -166.79]
					},
					"position": {
						"0.0": [-6.4, -13.5, 6.8],
						"0.2917": [-6.7, -15.25, 13.05],
						"0.3333": [-1.8, -16.95, 0.15],
						"0.375": [-1.8, -20.95, 0.05],
						"0.4167": [-1.8, -25.25, 0.35],
						"0.4583": [-1.8, -27.25, 0.35],
						"0.5": [-2.9, -29.15, 0.35],
						"0.5417": [-4.55, -30.05, 0.1],
						"0.5833": [-6.2, -30.05, -0.15],
						"0.625": [-13, -30.05, 4.65]
					},
					"scale": [1, 1.5, 1]
				},
				"lefthand": {
					"rotation": {
						"0.0": [-273.87487, -27.33823, 235.83124],
						"0.2083": [-273.69811, -26.70716, 236.40378]
					},
					"position": {
						"0.0": [7.7, -12, -8.35],
						"0.2083": [7.48, -11.77, -8.2],
						"0.375": [7.48, -11.77, -8.2]
					},
					"scale": [1, 1.5, 1]
				},
				"camera": {
					"rotation": {
						"0.0": {
							"post": [0, 0, 0],
							"lerp_mode": "catmullrom"
						},
						"0.125": {
							"post": [-0.225, 0, -0.125],
							"lerp_mode": "catmullrom"
						},
						"0.375": {
							"post": [0.725, 0, 0.175],
							"lerp_mode": "catmullrom"
						},
						"0.5": {
							"post": [1.125, 0, 1.575],
							"lerp_mode": "catmullrom"
						},
						"0.75": {
							"post": [0.275, 0, 1.5],
							"lerp_mode": "catmullrom"
						},
						"0.8333": {
							"post": [0, 0, 0],
							"lerp_mode": "catmullrom"
						}
					}
				}
			}
		},
		"shoot": {
			"animation_length": 1.3,
			"bones": {
				"root": {
					"rotation": {
						"0.8": {
							"pre": [0, 0, 0],
							"post": [0, 0, 0],
							"lerp_mode": "catmullrom"
						},
						"0.8333": {
							"post": [1.24069, 0.15232, -6.99835],
							"lerp_mode": "catmullrom"
						},
						"0.8667": {
							"post": [-5.82024, 1.33042, 5.79388],
							"lerp_mode": "catmullrom"
						},
						"0.9": {
							"post": [-6.38564, -0.61289, -1.91761],
							"lerp_mode": "catmullrom"
						},
						"0.9667": {
							"post": [-6.0138, -0.64862, -3.1926],
							"lerp_mode": "catmullrom"
						},
						"1.0667": {
							"post": [-3.22698, -0.95049, 1.89646],
							"lerp_mode": "catmullrom"
						},
						"1.1667": {
							"post": [-0.09988, 0.076, 0.12379],
							"lerp_mode": "catmullrom"
						},
						"1.3": {
							"post": [0.04509, 0.01634, -0.04605],
							"lerp_mode": "catmullrom"
						},
						"1.4333": {
							"post": [0, 0, 0],
							"lerp_mode": "catmullrom"
						}
					},
					"position": {
						"0.8": {
							"pre": [0, 0, 0],
							"post": [0, 0, 0],
							"lerp_mode": "catmullrom"
						},
						"0.8333": {
							"post": [0, -0.75, 1.95],
							"lerp_mode": "catmullrom"
						},
						"0.8667": {
							"post": [0, 0.675, 2.33],
							"lerp_mode": "catmullrom"
						},
						"0.9333": {
							"post": [-0.125, 1.18, 1.275],
							"lerp_mode": "catmullrom"
						},
						"1.0667": {
							"post": [-0.075, 0.51, -0.005],
							"lerp_mode": "catmullrom"
						},
						"1.1333": {
							"post": [0, -0.15, 0.1],
							"lerp_mode": "catmullrom"
						},
						"1.2": {
							"post": [0, 0, 0],
							"lerp_mode": "catmullrom"
						}
					}
				},
				"constraint": {
					"rotation": {
						"0.0": [0.75, 0.15, 0.65],
						"1.2333": [0, 0, 0]
					},
					"position": {
						"0.0": [0.5, 0.5, 0.6],
						"1.2333": [0, 0, 0]
					}
				},
				"gemini_illuminated": {
					"rotation": {
						"0.1667": [0, 0, 0],
						"0.8": [0, 0, -703],
						"0.8333": [0, 0, 0]
					},
					"position": {
						"0.0": [0, 0, 0],
						"0.1667": [0, 0, -383.575],
						"0.3": [0, 0.34, -408],
						"0.3333": [-0.1, 0.18, -408],
						"0.3667": [-0.3, 0.02, -408],
						"0.4": [-0.5, -0.15, -408],
						"0.4667": [0, -0.475, -408],
						"0.5333": [0.51, -0.2, -408],
						"0.5667": [0.22, 0.3, -408],
						"0.6333": [-0.35, 0.4, -408],
						"0.6667": [-0.635, 0.2, -408],
						"0.7": [-0.35, 0.03, -408],
						"0.7333": [-0.6, -0.8, -408],
						"0.8": [0, 0.34, -408],
						"0.8333": [0.5, -0.5, -402],
						"1.0": [0.1, -0.8, -405]
					},
					"scale": {
						"0.6667": [1, 1, 1],
						"0.7": [1, 1, 1],
						"0.7333": {
							"pre": [0.3, 0.3, 3000],
							"post": [0.3, 0.3, 3000],
							"lerp_mode": "catmullrom"
						},
						"0.8": [2, 2, 3000],
						"0.8333": [5, 5, 3000],
						"1.2": [5, 5, 3000],
						"1.2667": [0, 0, 0]
					}
				},
				"camera": {
					"rotation": {
						"0.8": {
							"pre": [0, 0, 0],
							"post": [0, 0, 0],
							"lerp_mode": "catmullrom"
						},
						"0.8333": {
							"post": [0, 0, 1.6],
							"lerp_mode": "catmullrom"
						},
						"0.8667": {
							"post": [0, 0, -1.4],
							"lerp_mode": "catmullrom"
						},
						"0.9": {
							"post": [0, 0, 0.375],
							"lerp_mode": "catmullrom"
						},
						"0.9667": {
							"post": [0, 0, -0.225],
							"lerp_mode": "catmullrom"
						},
						"1.0333": {
							"post": [0, 0, 0.075],
							"lerp_mode": "catmullrom"
						},
						"1.1": {
							"post": [0, 0, 0],
							"lerp_mode": "catmullrom"
						}
					}
				},
				"muzzle_flash_illuminated": {
					"rotation": {
						"0.1667": [0, 0, 0],
						"1.2667": [0, 0, -800]
					},
					"position": [0, 0, 0],
					"scale": {
						"0.1667": [0.1, 0.1, 0.1],
						"0.2": [0.1, 0.1, 0.1],
						"0.2333": {
							"pre": [1, 1, 1],
							"post": [1, 1, 1],
							"lerp_mode": "catmullrom"
						},
						"0.8": [1, 1, 1],
						"0.8333": [100, 100, 100],
						"1.2": [5, 5, 5],
						"1.2667": [0, 0, 0]
					}
				}
			}
		},
		"shoot_old": {
			"loop": true,
			"animation_length": 1.2333,
			"bones": {
				"root": {
					"rotation": {
						"0.0": {
							"post": [0, 0, 0],
							"lerp_mode": "catmullrom"
						},
						"0.0333": {
							"post": [1.24069, 0.15232, -6.99835],
							"lerp_mode": "catmullrom"
						},
						"0.0667": {
							"post": [-5.82024, 1.33042, 5.79388],
							"lerp_mode": "catmullrom"
						},
						"0.1333": {
							"post": [-6.38564, -0.61289, -1.91761],
							"lerp_mode": "catmullrom"
						},
						"0.2": {
							"post": [-6.0138, -0.64862, -3.1926],
							"lerp_mode": "catmullrom"
						},
						"0.3": {
							"post": [-3.22698, -0.95049, 1.89646],
							"lerp_mode": "catmullrom"
						},
						"0.4667": {
							"post": [-0.42425, 0.27786, 0.43549],
							"lerp_mode": "catmullrom"
						},
						"0.7": {
							"post": [0.23068, -0.21405, -0.46178],
							"lerp_mode": "catmullrom"
						},
						"0.9": {
							"post": [-0.09988, 0.076, 0.12379],
							"lerp_mode": "catmullrom"
						},
						"1.0667": {
							"post": [0.04509, 0.01634, -0.04605],
							"lerp_mode": "catmullrom"
						},
						"1.2333": {
							"post": [0, 0, 0],
							"lerp_mode": "catmullrom"
						}
					},
					"position": {
						"0.0": {
							"post": [0, 0, 0],
							"lerp_mode": "catmullrom"
						},
						"0.0333": {
							"post": [0, -0.75, 1.95],
							"lerp_mode": "catmullrom"
						},
						"0.0667": {
							"post": [0, 0.675, 2.33],
							"lerp_mode": "catmullrom"
						},
						"0.1667": {
							"post": [-0.125, 1.18, 1.275],
							"lerp_mode": "catmullrom"
						},
						"0.2333": {
							"post": [-0.11, 0.94, 0.41],
							"lerp_mode": "catmullrom"
						},
						"0.3": {
							"post": [-0.075, 0.51, -0.005],
							"lerp_mode": "catmullrom"
						},
						"0.4333": {
							"post": [0, -0.47, -0.485],
							"lerp_mode": "catmullrom"
						},
						"0.5667": {
							"post": [0, -0.78, -0.095],
							"lerp_mode": "catmullrom"
						},
						"0.7333": {
							"post": [0, -0.415, 0.06],
							"lerp_mode": "catmullrom"
						},
						"0.9": {
							"post": [0, -0.15, 0.1],
							"lerp_mode": "catmullrom"
						},
						"1.0667": {
							"post": [0.03125, -0.17, -0.03],
							"lerp_mode": "catmullrom"
						},
						"1.2333": {
							"post": [0, 0, 0],
							"lerp_mode": "catmullrom"
						}
					}
				},
				"gun_barrel": {
					"position": {
						"0.0": [0, 0, 0],
						"0.1": [0, 0, 6],
						"0.2": [0, 0, 0],
						"0.2667": [0, 0, 0.55],
						"0.3333": [0, 0, 0]
					}
				},
				"constraint": {
					"rotation": {
						"0.0": [0.75, 0.15, 0.65],
						"1.2333": [0, 0, 0]
					},
					"position": {
						"0.0": [0.5, 0.5, 0.6],
						"1.2333": [0, 0, 0]
					}
				},
				"bolt": {
					"position": {
						"0.0": [0, 0, 0],
						"0.1": {
							"pre": [0, 0, 6],
							"post": [0, 0, 6],
							"lerp_mode": "catmullrom"
						},
						"0.1667": [0, 0, 9],
						"0.3": {
							"pre": [0, 0, 0],
							"post": [0, 0, 0],
							"lerp_mode": "catmullrom"
						}
					}
				},
				"bullet_in_mag": {
					"rotation": {
						"0.1333": [0, 0, 0],
						"0.1667": [-5, 0, 0],
						"0.2": [0, 0, 0]
					},
					"position": {
						"0.1667": [0, 0, 0.04],
						"0.2": [0, 0.4981, 0.04358],
						"0.3": [0, 0.5, -8]
					}
				},
				"camera": {
					"rotation": {
						"0.0": {
							"post": [0, 0, 0],
							"lerp_mode": "catmullrom"
						},
						"0.0333": {
							"post": [0, 0, 3.4],
							"lerp_mode": "catmullrom"
						},
						"0.0667": {
							"post": [0, 0, -2.875],
							"lerp_mode": "catmullrom"
						},
						"0.1": {
							"post": [0, 0, 2.445],
							"lerp_mode": "catmullrom"
						},
						"0.1667": {
							"post": [0, 0, -2.055],
							"lerp_mode": "catmullrom"
						},
						"0.2333": {
							"post": [0, 0, 1.37],
							"lerp_mode": "catmullrom"
						},
						"0.3": {
							"post": [0, 0, -0.85],
							"lerp_mode": "catmullrom"
						},
						"0.3667": {
							"post": [0, 0, 0.525],
							"lerp_mode": "catmullrom"
						},
						"0.4333": {
							"post": [0, 0, -0.125],
							"lerp_mode": "catmullrom"
						},
						"0.5333": {
							"post": [0, 0, 0],
							"lerp_mode": "catmullrom"
						}
					}
				},
				"shell_ejection": {
					"rotation": {
						"0.1": [0, 0, 0],
						"0.1667": [0, 0, 0],
						"0.2": [0, -135.42, 0],
						"0.2667": [0, -270.83, 0],
						"0.3667": [0, -406.25, 0],
						"0.4333": [0, -541.67, 0],
						"0.5": [0, -677.08, 0],
						"0.5333": [0, -812.5, 0],
						"0.5667": [0, 0, 0]
					},
					"position": {
						"0.0667": [0, 0, 0],
						"0.1667": [0, 0.0875, 6.01875],
						"0.2": {
							"pre": [-9.1, 1.0875, -1.98125],
							"post": [-9.1, 1.0875, -1.98125],
							"lerp_mode": "catmullrom"
						},
						"0.2667": {
							"post": [-16.3, 1.0875, -7.98125],
							"lerp_mode": "catmullrom"
						},
						"0.3667": {
							"post": [-24.4, -2.9125, -14.98125],
							"lerp_mode": "catmullrom"
						},
						"0.4333": {
							"post": [-31.8, -8.9125, -21.98125],
							"lerp_mode": "catmullrom"
						},
						"0.5": {
							"post": [-37.8, -16.9125, -27.28125],
							"lerp_mode": "catmullrom"
						},
						"0.5333": {
							"post": [-42, -25.3125, -30.28125],
							"lerp_mode": "catmullrom"
						},
						"0.5667": [-46.1, -35.0125, -33.48125],
						"0.6333": [0, 0, 0]
					},
					"scale": {
						"0.0": [1, 1, 1],
						"0.5333": {
							"pre": [1, 1, 1],
							"post": [0, 0, 0]
						},
						"0.7667": {
							"pre": [0, 0, 0],
							"post": [1, 1, 1]
						}
					}
				}
			}
		},
		"over_heat": {
			"animation_length": 2.6,
			"bones": {
				"root": {
					"rotation": {
						"0.0": {
							"post": [0, 0, 0],
							"lerp_mode": "catmullrom"
						},
						"0.05": {
							"post": [1.22274, -1.27668, 1.22274],
							"lerp_mode": "catmullrom"
						},
						"0.15": {
							"post": [0.39505, 0.5563, 0.40792],
							"lerp_mode": "catmullrom"
						},
						"0.35": {
							"post": [2.06738, -0.11066, -0.42414],
							"lerp_mode": "catmullrom"
						},
						"0.7": {
							"post": [4.02085, -3.5426, 7.57594],
							"lerp_mode": "catmullrom"
						},
						"0.95": {
							"post": [5.03384, -3.71711, 6.47411],
							"lerp_mode": "catmullrom"
						},
						"1.4": {
							"post": [4.56369, -3.17025, 5.43034],
							"lerp_mode": "catmullrom"
						},
						"1.65": {
							"post": [4.08887, -1.56127, 3.69567],
							"lerp_mode": "catmullrom"
						},
						"1.95": {
							"post": [7.25611, -1.98501, 4.70728],
							"lerp_mode": "catmullrom"
						},
						"2.15": {
							"post": [-0.86, -0.13, 2.725],
							"lerp_mode": "catmullrom"
						},
						"2.25": {
							"post": [-1.76804, 0.40298, -0.29141],
							"lerp_mode": "catmullrom"
						},
						"2.35": {
							"post": [0.15, 0.36, 1.105],
							"lerp_mode": "catmullrom"
						},
						"2.4": {
							"post": [0.63, 0.23, -0.38],
							"lerp_mode": "catmullrom"
						},
						"2.5": {
							"post": [0.375, 0, 0],
							"lerp_mode": "catmullrom"
						},
						"2.6": {
							"post": [0, 0, 0],
							"lerp_mode": "catmullrom"
						}
					},
					"position": {
						"0.0": {
							"post": [0, 0, 0],
							"lerp_mode": "catmullrom"
						},
						"0.1": {
							"post": [0, -0.3, 0.745],
							"lerp_mode": "catmullrom"
						},
						"0.25": {
							"post": [-0.225, -0.375, 0.475],
							"lerp_mode": "catmullrom"
						},
						"0.4": {
							"post": [-0.22, -0.35, 0.35],
							"lerp_mode": "catmullrom"
						},
						"0.85": {
							"post": [-0.13, -0.56, 0.22],
							"lerp_mode": "catmullrom"
						},
						"1.35": {
							"post": [-0.04, -0.48, 1.84],
							"lerp_mode": "catmullrom"
						},
						"1.55": {
							"post": [-0.015, -0.59, -0.85],
							"lerp_mode": "catmullrom"
						},
						"1.8": {
							"post": [-0.04, -2.105, 0.31],
							"lerp_mode": "catmullrom"
						},
						"1.9": {
							"post": [-0.05, -2.07, 0.19],
							"lerp_mode": "catmullrom"
						},
						"1.95": {
							"post": [-0.06, -1.405, 0],
							"lerp_mode": "catmullrom"
						},
						"2.05": {
							"post": [-0.07, 0.16, 0.16],
							"lerp_mode": "catmullrom"
						},
						"2.15": {
							"post": [-0.09, 0.8, 0.28],
							"lerp_mode": "catmullrom"
						},
						"2.25": {
							"post": [-0.11, 0.54, 0.015],
							"lerp_mode": "catmullrom"
						},
						"2.3": {
							"post": [-0.11, 0.36, -0.03],
							"lerp_mode": "catmullrom"
						},
						"2.35": {
							"post": [-0.11, -0.34, -0.035],
							"lerp_mode": "catmullrom"
						},
						"2.5": {
							"post": [-0.05, -0.005, -0.02],
							"lerp_mode": "catmullrom"
						},
						"2.6": {
							"post": [0, 0, 0],
							"lerp_mode": "catmullrom"
						}
					}
				},
				"barrel_rotate": {
					"rotation": {
						"0.0": [0, 0, 0],
						"0.25": [0, 0, 120],
						"0.5": {
							"pre": [0, 0, 240],
							"post": [0, 0, 240],
							"lerp_mode": "catmullrom"
						},
						"0.75": {
							"post": [0, 0, 335.92],
							"lerp_mode": "catmullrom"
						},
						"1.0": [0, 0, 360],
						"1.15": [0, 0, 360],
						"1.4": [0, 0, 360],
						"1.75": {
							"pre": [0, 0, 384.08],
							"post": [0, 0, 384.08],
							"lerp_mode": "catmullrom"
						},
						"2.1": {
							"post": [0, 0, 480],
							"lerp_mode": "catmullrom"
						},
						"2.3": [0, 0, 600],
						"2.6": [0, 0, 720]
					}
				},
				"camera": {
					"rotation": {
						"0.0": {
							"post": [0, 0, 0],
							"lerp_mode": "catmullrom"
						},
						"0.1": {
							"post": [-0.205, 0, 0.725],
							"lerp_mode": "catmullrom"
						},
						"0.2": {
							"post": [-0.11, -0.03, 0.095],
							"lerp_mode": "catmullrom"
						},
						"0.35": {
							"post": [0.355, -0.1, 0.475],
							"lerp_mode": "catmullrom"
						},
						"0.55": {
							"post": [3, -0.325, 0.675],
							"lerp_mode": "catmullrom"
						},
						"0.75": {
							"post": [3.61, -0.325, 0.725],
							"lerp_mode": "catmullrom"
						},
						"0.95": {
							"post": [2.95, -0.525, 1.05],
							"lerp_mode": "catmullrom"
						},
						"1.15": {
							"post": [2.195, -0.59, 1.06],
							"lerp_mode": "catmullrom"
						},
						"1.4": {
							"post": [2.58, -0.625, 1.025],
							"lerp_mode": "catmullrom"
						},
						"1.65": {
							"post": [2.59, -0.425, 1.025],
							"lerp_mode": "catmullrom"
						},
						"1.85": {
							"post": [3.51, -0.425, 0.875],
							"lerp_mode": "catmullrom"
						},
						"2.0": {
							"post": [2.68, -0.425, 0.625],
							"lerp_mode": "catmullrom"
						},
						"2.25": {
							"post": [-0.255, 0, 0],
							"lerp_mode": "catmullrom"
						},
						"2.35": {
							"post": [0.255, 0.02, 0.53],
							"lerp_mode": "catmullrom"
						},
						"2.45": {
							"post": [0, 0, -0.3],
							"lerp_mode": "catmullrom"
						},
						"2.6": {
							"post": [0, 0, 0],
							"lerp_mode": "catmullrom"
						}
					}
				},
				"muzzle_flash_illuminated": {
					"scale": 0
				},
				"righthand": {
					"rotation": {
						"0.0": [0, 0, 0],
						"0.75": [0, 0, 0],
						"1.05": [0, 0, 0],
						"1.15": [0, 0, 0],
						"1.35": [0, 0, 0],
						"1.4": [0, 0, 0],
						"1.45": {
							"pre": [0, 0, 0],
							"post": [0, 0, 0],
							"lerp_mode": "catmullrom"
						},
						"1.6": [0, 0, 0]
					},
					"position": {
						"0.0": [0, 0, 0],
						"0.75": [0, 0, 0],
						"0.9": {
							"pre": [-3.25, 4.5, -10],
							"post": [-3.25, 4.5, -10],
							"lerp_mode": "catmullrom"
						},
						"1.05": [-3.25, 4.5, -10],
						"1.15": [-3.25, 4.5, -10],
						"1.35": [-3.25, 4.5, 2.5],
						"1.4": [-3.25, 4.5, 2.5],
						"1.45": {
							"pre": [-5.5, 4.5, 7.5],
							"post": [-5.5, 4.5, 7.5],
							"lerp_mode": "catmullrom"
						},
						"1.6": [0, 0, 0]
					}
				},
				"bolt": {
					"position": {
						"1.15": [0, 0, 0],
						"1.35": [0, 0, 8],
						"1.4": [0, 0, 8],
						"1.45": [0, 0, 0],
						"1.5": [0, 0, 0.4],
						"1.55": [0, 0, 0]
					}
				},
				"gun_barrel": {
					"position": {
						"1.15": [0, 0, 0],
						"1.35": [0, 0, 6],
						"1.4": [0, 0, 6],
						"1.45": [0, 0, 0],
						"1.5": [0, 0, 0.4],
						"1.55": [0, 0, 0]
					}
				}
			},
			"sound_effects": {
				"0.0": {
					"effect": "tacz:minigun/minigun_winddown"
				},
				"0.05": {
					"effect": "tacz:minigun/minigun_overheat_buzz"
				},
				"0.35": {
					"effect": "tacz:minigun/minigun_overheat_mvmt1"
				},
				"1.15": {
					"effect": "ex:rytec/rytec_bolt"
				},
				"1.25": {
					"effect": "tacz:minigun/minigun_windup"
				},
				"1.8": {
					"effect": "tacz:minigun/minigun_overheat_mvmt2"
				},
				"2.1": {
					"effect": "tacz:minigun/minigun_overheat_mvmt3"
				}
			}
		},
		"inspect": {
			"animation_length": 6.35,
			"bones": {
				"righthand": {
					"rotation": [95, 0, -180],
					"position": [-6.4, -13.5, 6.8],
					"scale": [1, 1.5, 1]
				},
				"lefthand": {
					"rotation": {
						"0.0": {
							"post": [-273.87487, -27.33823, 235.83124],
							"lerp_mode": "catmullrom"
						},
						"0.15": {
							"post": [-272.01903, -27.34565, 244.83935],
							"lerp_mode": "catmullrom"
						},
						"0.35": {
							"post": [-272.02, -27.35, 244.84],
							"lerp_mode": "catmullrom"
						},
						"0.45": {
							"post": [-274.63931, -25.89574, 250.82835],
							"lerp_mode": "catmullrom"
						},
						"0.55": {
							"post": [-287.30007, -21.608, 280.67426],
							"lerp_mode": "catmullrom"
						},
						"0.65": {
							"post": [-298.5081, -24.73849, 281.38289],
							"lerp_mode": "catmullrom"
						},
						"0.8": {
							"post": [-287.30007, -21.608, 280.67426],
							"lerp_mode": "catmullrom"
						},
						"1.2": {
							"post": [-287.30007, -21.608, 280.67426],
							"lerp_mode": "catmullrom"
						},
						"1.4": [-282.59474, -18.90372, 283.93671],
						"2.1": [-282.59474, -18.90372, 283.93671],
						"2.55": [-282.59474, -18.90372, 283.93671],
						"2.7": {
							"pre": [-271.96346, -26.94926, 223.40363],
							"post": [-271.96346, -26.94926, 223.40363],
							"lerp_mode": "catmullrom"
						},
						"2.9": [-283.46851, -16.05011, 184.13109],
						"3.9": [-283.46851, -16.05011, 184.13109],
						"4.1": [-289.46966, -16.05002, 184.13025],
						"5.0": [-289.46966, -16.05002, 184.13025],
						"5.15": {
							"pre": [-286.16807, -18.79679, 195.05293],
							"post": [-286.16807, -18.79679, 195.05293],
							"lerp_mode": "catmullrom"
						},
						"5.3": {
							"post": [-286.17384, -22.56992, 234.17113],
							"lerp_mode": "catmullrom"
						},
						"5.5": {
							"post": [-272.6533, -24.37324, 235.32335],
							"lerp_mode": "catmullrom"
						},
						"5.6": {
							"post": [-270.43062, -28.96836, 235.67438],
							"lerp_mode": "catmullrom"
						},
						"5.7": {
							"post": [-273.87487, -27.33823, 235.83124],
							"lerp_mode": "catmullrom"
						}
					},
					"position": {
						"0.0": {
							"post": [7.7, -12, -8.35],
							"lerp_mode": "catmullrom"
						},
						"0.25": {
							"post": [7.7, -12, -8.3],
							"lerp_mode": "catmullrom"
						},
						"0.4": {
							"post": [7.79156, -16.08039, -3.12861],
							"lerp_mode": "catmullrom"
						},
						"0.5": [6.10203, -16.31507, -0.8109],
						"2.5": [6.10203, -16.31507, -0.8109],
						"2.65": {
							"pre": [8.74227, -16.19057, -1.84762],
							"post": [8.74227, -16.19057, -1.84762],
							"lerp_mode": "catmullrom"
						},
						"2.75": {
							"post": [10.04351, -12.6539, -3.30857],
							"lerp_mode": "catmullrom"
						},
						"2.85": [8.47403, -9.12817, -3.16856],
						"3.85": [8.47403, -9.12817, -3.16856],
						"4.95": [8.47403, -9.12817, -3.16856],
						"5.1": {
							"pre": [10.94994, -10.7244, -5.60495],
							"post": [10.94994, -10.7244, -5.60495],
							"lerp_mode": "catmullrom"
						},
						"5.25": {
							"post": [7.29751, -12.48093, -7.83448],
							"lerp_mode": "catmullrom"
						},
						"5.45": {
							"post": [7.7, -12, -8.3],
							"lerp_mode": "catmullrom"
						},
						"5.7": {
							"post": [7.7, -12, -8.35],
							"lerp_mode": "catmullrom"
						}
					},
					"scale": [1, 1.5, 1]
				},
				"root": {
					"rotation": {
						"0.0": {
							"post": [0, 0, 0],
							"lerp_mode": "catmullrom"
						},
						"0.15": {
							"post": [-6.54042, -7.48069, -5.76575],
							"lerp_mode": "catmullrom"
						},
						"0.45": {
							"post": [-43.56542, -30.99756, -26.12008],
							"lerp_mode": "catmullrom"
						},
						"0.6": {
							"post": [-48.50286, -33.78882, -26.81763],
							"lerp_mode": "catmullrom"
						},
						"0.65": {
							"post": [-45.34952, -38.99227, -31.01891],
							"lerp_mode": "catmullrom"
						},
						"0.75": {
							"post": [-46.55427, -37.71945, -29.2062],
							"lerp_mode": "catmullrom"
						},
						"0.9": {
							"post": [-45.88623, -39.0724, -30.65221],
							"lerp_mode": "catmullrom"
						},
						"1.2": {
							"post": [-46.94, -38.53, -29.73],
							"lerp_mode": "catmullrom"
						},
						"1.4": {
							"post": [-41.02563, -45.06851, -38.70839],
							"lerp_mode": "catmullrom"
						},
						"2.4": {
							"post": [-40.29, -47.37, -40.97],
							"lerp_mode": "catmullrom"
						},
						"2.55": {
							"post": [-39.86164, -46.04164, -40.33869],
							"lerp_mode": "catmullrom"
						},
						"2.75": {
							"post": [-55.45159, 2.00504, 7.36013],
							"lerp_mode": "catmullrom"
						},
						"2.95": {
							"post": [-46.29628, 37.84128, 43.42955],
							"lerp_mode": "catmullrom"
						},
						"3.2": {
							"post": [-44.36604, 38.73558, 46.35069],
							"lerp_mode": "catmullrom"
						},
						"3.5": {
							"post": [-45.03616, 42.45179, 45.21245],
							"lerp_mode": "catmullrom"
						},
						"3.9": {
							"post": [-45.03616, 42.45179, 45.21245],
							"lerp_mode": "catmullrom"
						},
						"4.1": {
							"post": [-39.93695, 47.62889, 52.88769],
							"lerp_mode": "catmullrom"
						},
						"4.35": {
							"post": [-39.11, 50.09, 53.54],
							"lerp_mode": "catmullrom"
						},
						"4.9": {
							"post": [-39.17, 51.63, 53.45],
							"lerp_mode": "catmullrom"
						},
						"5.05": {
							"post": [-39.93695, 44.87889, 46.38769],
							"lerp_mode": "catmullrom"
						},
						"5.2": {
							"post": [-46.25895, 13.96242, 18.11131],
							"lerp_mode": "catmullrom"
						},
						"5.3": {
							"post": [-45.91369, -4.55734, 1.13144],
							"lerp_mode": "catmullrom"
						},
						"5.5": {
							"post": [-45.14, -8.11, -3.07],
							"lerp_mode": "catmullrom"
						},
						"5.65": {
							"post": [-32.48927, -5.70496, -2.36773],
							"lerp_mode": "catmullrom"
						},
						"5.8": {
							"post": [-21.84361, -1.71781, 3.19559],
							"lerp_mode": "catmullrom"
						},
						"5.9": {
							"post": [-10.27127, -0.25331, 3.91355],
							"lerp_mode": "catmullrom"
						},
						"6.0": {
							"post": [0, 0, -2],
							"lerp_mode": "catmullrom"
						},
						"6.1": {
							"post": [0, 0, 0.5],
							"lerp_mode": "catmullrom"
						},
						"6.2": {
							"post": [0, 0, 0],
							"lerp_mode": "catmullrom"
						}
					},
					"position": {
						"0.0": {
							"post": [0, 0, 0],
							"lerp_mode": "catmullrom"
						},
						"0.15": {
							"post": [0.26, -0.26, -0.24],
							"lerp_mode": "catmullrom"
						},
						"0.45": {
							"post": [1.17, 1.56, -0.8],
							"lerp_mode": "catmullrom"
						},
						"0.65": {
							"post": [1.32615, -0.29886, -0.7],
							"lerp_mode": "catmullrom"
						},
						"0.8": {
							"post": [1.3, 0.4, -0.9],
							"lerp_mode": "catmullrom"
						},
						"1.15": {
							"post": [1.22781, 0.23205, -0.91],
							"lerp_mode": "catmullrom"
						},
						"1.6": {
							"post": [1.4378, 0.38997, -0.9],
							"lerp_mode": "catmullrom"
						},
						"2.05": {
							"post": [1.33182, 0.36875, -0.89],
							"lerp_mode": "catmullrom"
						},
						"2.4": {
							"post": [1.3, 0.4, -0.9],
							"lerp_mode": "catmullrom"
						},
						"2.6": {
							"post": [0.82077, -0.28285, -1.05],
							"lerp_mode": "catmullrom"
						},
						"2.8": {
							"post": [-1.29844, 0.68658, -1.32],
							"lerp_mode": "catmullrom"
						},
						"3.05": {
							"post": [-1.97385, -0.24886, -1.45],
							"lerp_mode": "catmullrom"
						},
						"3.35": {
							"post": [-2.04239, -0.07431, -1.5],
							"lerp_mode": "catmullrom"
						},
						"4.0": {
							"post": [-2.07383, -0.00178, -1.5],
							"lerp_mode": "catmullrom"
						},
						"4.4": {
							"post": [-2.10853, -0.2376, -1.58],
							"lerp_mode": "catmullrom"
						},
						"4.95": {
							"post": [-2.20465, -0.55922, -1.6],
							"lerp_mode": "catmullrom"
						},
						"5.1": {
							"post": [-1.84619, -0.45716, -1.06],
							"lerp_mode": "catmullrom"
						},
						"5.3": {
							"post": [0.95756, 0.87195, -0.3],
							"lerp_mode": "catmullrom"
						},
						"5.5": {
							"post": [1.23615, -0.15886, -0.47],
							"lerp_mode": "catmullrom"
						},
						"5.7": {
							"post": [0.67771, 0.58772, -1.47],
							"lerp_mode": "catmullrom"
						},
						"5.9": {
							"post": [0, 0, -2.4],
							"lerp_mode": "catmullrom"
						},
						"6.0": {
							"post": [0, 0, 0.7],
							"lerp_mode": "catmullrom"
						},
						"6.1": {
							"post": [0, 0, 0],
							"lerp_mode": "catmullrom"
						}
					}
				},
				"camera": {
					"rotation": {
						"0.0": [0, 0, 0],
						"0.2": {
							"pre": [0.23, 0, 0.96],
							"post": [0.23, 0, 0.96],
							"lerp_mode": "catmullrom"
						},
						"0.3": {
							"post": [0.36, 0, 0.13],
							"lerp_mode": "catmullrom"
						},
						"0.45": {
							"post": [0.53, 0, 0.03],
							"lerp_mode": "catmullrom"
						},
						"0.6": {
							"post": [0.55, 0, 1],
							"lerp_mode": "catmullrom"
						},
						"0.7": {
							"post": [0, 0, -2],
							"lerp_mode": "catmullrom"
						},
						"0.8": {
							"post": [-0.73, 0, -0.03],
							"lerp_mode": "catmullrom"
						},
						"1.1": {
							"post": [-0.11, 0, -1.82],
							"lerp_mode": "catmullrom"
						},
						"1.35": [-17.5, 0, 0],
						"1.75": {
							"pre": [-14.5, 0, -2],
							"post": [-14.5, 0, -2],
							"lerp_mode": "catmullrom"
						},
						"2.15": {
							"post": [-16.49, -2, -2.01],
							"lerp_mode": "catmullrom"
						},
						"2.55": {
							"post": [-15.14, -3, -2.05],
							"lerp_mode": "catmullrom"
						},
						"2.9": {
							"post": [-2.5625, -1, -0.75],
							"lerp_mode": "catmullrom"
						},
						"3.0": {
							"post": [-0.36, 0, 2.45],
							"lerp_mode": "catmullrom"
						},
						"3.2": {
							"post": [-0.09, 0, -1.14],
							"lerp_mode": "catmullrom"
						},
						"3.5": {
							"post": [4.18, 0, 0.01],
							"lerp_mode": "catmullrom"
						},
						"3.8": {
							"post": [18.14, 0, -0.01],
							"lerp_mode": "catmullrom"
						},
						"4.25": {
							"post": [25.61, 7, 4],
							"lerp_mode": "catmullrom"
						},
						"4.85": {
							"post": [25.75, 7, 4],
							"lerp_mode": "catmullrom"
						},
						"5.25": {
							"post": [21.82, 0, 0],
							"lerp_mode": "catmullrom"
						},
						"5.65": {
							"post": [4.25, 0, 0],
							"lerp_mode": "catmullrom"
						},
						"5.9": {
							"post": [0.04, 0, -0.04],
							"lerp_mode": "catmullrom"
						},
						"6.0": {
							"post": [1.52, 0, 0.71],
							"lerp_mode": "catmullrom"
						},
						"6.15": {
							"post": [-1.5, 0, -0.75],
							"lerp_mode": "catmullrom"
						},
						"6.3": {
							"post": [0, 0, 0],
							"lerp_mode": "catmullrom"
						}
					}
				},
				"muzzle_flash_illuminated": {
					"scale": 0
				}
			},
			"sound_effects": {
				"0.0": {
					"effect": "tacz:m107/m107_inspect_01"
				},
				"1.1": {
					"effect": "tacz:m107/m107_inspect_02"
				},
				"2.4": {
					"effect": "tacz:m107/m107_inspect_03"
				},
				"2.55": {
					"effect": "tacz:m107/m107_inspect_05"
				},
				"3.8": {
					"effect": "tacz:m107/m107_inspect_04"
				},
				"5.0": {
					"effect": "tacz:m107/m107_inspect_grabrotate"
				},
				"5.45": {
					"effect": "tacz:m107/m107_inspect_end"
				}
			}
		},
		"inspect_empty": {
			"animation_length": 6.35,
			"bones": {
				"righthand": {
					"rotation": [95, 0, -180],
					"position": [-6.4, -13.5, 6.8],
					"scale": [1, 1.5, 1]
				},
				"lefthand": {
					"rotation": {
						"0.0": {
							"post": [-273.87487, -27.33823, 235.83124],
							"lerp_mode": "catmullrom"
						},
						"0.15": {
							"post": [-272.01903, -27.34565, 244.83935],
							"lerp_mode": "catmullrom"
						},
						"0.35": {
							"post": [-272.02, -27.35, 244.84],
							"lerp_mode": "catmullrom"
						},
						"0.45": {
							"post": [-274.63931, -25.89574, 250.82835],
							"lerp_mode": "catmullrom"
						},
						"0.55": {
							"post": [-287.30007, -21.608, 280.67426],
							"lerp_mode": "catmullrom"
						},
						"0.65": {
							"post": [-298.5081, -24.73849, 281.38289],
							"lerp_mode": "catmullrom"
						},
						"0.8": {
							"post": [-287.30007, -21.608, 280.67426],
							"lerp_mode": "catmullrom"
						},
						"1.2": {
							"post": [-287.30007, -21.608, 280.67426],
							"lerp_mode": "catmullrom"
						},
						"1.4": [-282.59474, -18.90372, 283.93671],
						"2.1": [-282.59474, -18.90372, 283.93671],
						"2.55": [-282.59474, -18.90372, 283.93671],
						"2.7": {
							"pre": [-271.96346, -26.94926, 223.40363],
							"post": [-271.96346, -26.94926, 223.40363],
							"lerp_mode": "catmullrom"
						},
						"2.9": [-283.46851, -16.05011, 184.13109],
						"3.9": [-283.46851, -16.05011, 184.13109],
						"4.1": [-289.46966, -16.05002, 184.13025],
						"5.0": [-289.46966, -16.05002, 184.13025],
						"5.15": {
							"pre": [-286.16807, -18.79679, 195.05293],
							"post": [-286.16807, -18.79679, 195.05293],
							"lerp_mode": "catmullrom"
						},
						"5.3": {
							"post": [-286.17384, -22.56992, 234.17113],
							"lerp_mode": "catmullrom"
						},
						"5.5": {
							"post": [-272.6533, -24.37324, 235.32335],
							"lerp_mode": "catmullrom"
						},
						"5.6": {
							"post": [-270.43062, -28.96836, 235.67438],
							"lerp_mode": "catmullrom"
						},
						"5.7": {
							"post": [-273.87487, -27.33823, 235.83124],
							"lerp_mode": "catmullrom"
						}
					},
					"position": {
						"0.0": {
							"post": [7.7, -12, -8.35],
							"lerp_mode": "catmullrom"
						},
						"0.25": {
							"post": [7.7, -12, -8.3],
							"lerp_mode": "catmullrom"
						},
						"0.4": {
							"post": [7.79156, -16.08039, -3.12861],
							"lerp_mode": "catmullrom"
						},
						"0.5": [6.10203, -16.31507, -0.8109],
						"2.5": [6.10203, -16.31507, -0.8109],
						"2.65": {
							"pre": [8.74227, -16.19057, -1.84762],
							"post": [8.74227, -16.19057, -1.84762],
							"lerp_mode": "catmullrom"
						},
						"2.75": {
							"post": [10.04351, -12.6539, -3.30857],
							"lerp_mode": "catmullrom"
						},
						"2.85": [8.47403, -9.12817, -3.16856],
						"3.85": [8.47403, -9.12817, -3.16856],
						"4.95": [8.47403, -9.12817, -3.16856],
						"5.1": {
							"pre": [10.94994, -10.7244, -5.60495],
							"post": [10.94994, -10.7244, -5.60495],
							"lerp_mode": "catmullrom"
						},
						"5.25": {
							"post": [7.29751, -12.48093, -7.83448],
							"lerp_mode": "catmullrom"
						},
						"5.45": {
							"post": [7.7, -12, -8.3],
							"lerp_mode": "catmullrom"
						},
						"5.7": {
							"post": [7.7, -12, -8.35],
							"lerp_mode": "catmullrom"
						}
					},
					"scale": [1, 1.5, 1]
				},
				"root": {
					"rotation": {
						"0.0": {
							"post": [0, 0, 0],
							"lerp_mode": "catmullrom"
						},
						"0.15": {
							"post": [-6.54042, -7.48069, -5.76575],
							"lerp_mode": "catmullrom"
						},
						"0.45": {
							"post": [-43.56542, -30.99756, -26.12008],
							"lerp_mode": "catmullrom"
						},
						"0.6": {
							"post": [-48.50286, -33.78882, -26.81763],
							"lerp_mode": "catmullrom"
						},
						"0.65": {
							"post": [-45.34952, -38.99227, -31.01891],
							"lerp_mode": "catmullrom"
						},
						"0.75": {
							"post": [-46.55427, -37.71945, -29.2062],
							"lerp_mode": "catmullrom"
						},
						"0.9": {
							"post": [-45.88623, -39.0724, -30.65221],
							"lerp_mode": "catmullrom"
						},
						"1.2": {
							"post": [-46.94, -38.53, -29.73],
							"lerp_mode": "catmullrom"
						},
						"1.4": {
							"post": [-41.02563, -45.06851, -38.70839],
							"lerp_mode": "catmullrom"
						},
						"2.4": {
							"post": [-40.29, -47.37, -40.97],
							"lerp_mode": "catmullrom"
						},
						"2.55": {
							"post": [-39.86164, -46.04164, -40.33869],
							"lerp_mode": "catmullrom"
						},
						"2.75": {
							"post": [-55.45159, 2.00504, 7.36013],
							"lerp_mode": "catmullrom"
						},
						"2.95": {
							"post": [-46.29628, 37.84128, 43.42955],
							"lerp_mode": "catmullrom"
						},
						"3.2": {
							"post": [-44.36604, 38.73558, 46.35069],
							"lerp_mode": "catmullrom"
						},
						"3.5": {
							"post": [-45.03616, 42.45179, 45.21245],
							"lerp_mode": "catmullrom"
						},
						"3.9": {
							"post": [-45.03616, 42.45179, 45.21245],
							"lerp_mode": "catmullrom"
						},
						"4.1": {
							"post": [-39.93695, 47.62889, 52.88769],
							"lerp_mode": "catmullrom"
						},
						"4.35": {
							"post": [-39.11, 50.09, 53.54],
							"lerp_mode": "catmullrom"
						},
						"4.9": {
							"post": [-39.17, 51.63, 53.45],
							"lerp_mode": "catmullrom"
						},
						"5.05": {
							"post": [-39.93695, 44.87889, 46.38769],
							"lerp_mode": "catmullrom"
						},
						"5.2": {
							"post": [-46.25895, 13.96242, 18.11131],
							"lerp_mode": "catmullrom"
						},
						"5.3": {
							"post": [-45.91369, -4.55734, 1.13144],
							"lerp_mode": "catmullrom"
						},
						"5.5": {
							"post": [-45.14, -8.11, -3.07],
							"lerp_mode": "catmullrom"
						},
						"5.65": {
							"post": [-32.48927, -5.70496, -2.36773],
							"lerp_mode": "catmullrom"
						},
						"5.8": {
							"post": [-21.84361, -1.71781, 3.19559],
							"lerp_mode": "catmullrom"
						},
						"5.9": {
							"post": [-10.27127, -0.25331, 3.91355],
							"lerp_mode": "catmullrom"
						},
						"6.0": {
							"post": [0, 0, -2],
							"lerp_mode": "catmullrom"
						},
						"6.1": {
							"post": [0, 0, 0.5],
							"lerp_mode": "catmullrom"
						},
						"6.2": {
							"post": [0, 0, 0],
							"lerp_mode": "catmullrom"
						}
					},
					"position": {
						"0.0": {
							"post": [0, 0, 0],
							"lerp_mode": "catmullrom"
						},
						"0.15": {
							"post": [0.26, -0.26, -0.24],
							"lerp_mode": "catmullrom"
						},
						"0.45": {
							"post": [1.17, 1.56, -0.8],
							"lerp_mode": "catmullrom"
						},
						"0.65": {
							"post": [1.32615, -0.29886, -0.7],
							"lerp_mode": "catmullrom"
						},
						"0.8": {
							"post": [1.3, 0.4, -0.9],
							"lerp_mode": "catmullrom"
						},
						"1.15": {
							"post": [1.22781, 0.23205, -0.91],
							"lerp_mode": "catmullrom"
						},
						"1.6": {
							"post": [1.4378, 0.38997, -0.9],
							"lerp_mode": "catmullrom"
						},
						"2.05": {
							"post": [1.33182, 0.36875, -0.89],
							"lerp_mode": "catmullrom"
						},
						"2.4": {
							"post": [1.3, 0.4, -0.9],
							"lerp_mode": "catmullrom"
						},
						"2.6": {
							"post": [0.82077, -0.28285, -1.05],
							"lerp_mode": "catmullrom"
						},
						"2.8": {
							"post": [-1.29844, 0.68658, -1.32],
							"lerp_mode": "catmullrom"
						},
						"3.05": {
							"post": [-1.97385, -0.24886, -1.45],
							"lerp_mode": "catmullrom"
						},
						"3.35": {
							"post": [-2.04239, -0.07431, -1.5],
							"lerp_mode": "catmullrom"
						},
						"4.0": {
							"post": [-2.07383, -0.00178, -1.5],
							"lerp_mode": "catmullrom"
						},
						"4.4": {
							"post": [-2.10853, -0.2376, -1.58],
							"lerp_mode": "catmullrom"
						},
						"4.95": {
							"post": [-2.20465, -0.55922, -1.6],
							"lerp_mode": "catmullrom"
						},
						"5.1": {
							"post": [-1.84619, -0.45716, -1.06],
							"lerp_mode": "catmullrom"
						},
						"5.3": {
							"post": [0.95756, 0.87195, -0.3],
							"lerp_mode": "catmullrom"
						},
						"5.5": {
							"post": [1.23615, -0.15886, -0.47],
							"lerp_mode": "catmullrom"
						},
						"5.7": {
							"post": [0.67771, 0.58772, -1.47],
							"lerp_mode": "catmullrom"
						},
						"5.9": {
							"post": [0, 0, -2.4],
							"lerp_mode": "catmullrom"
						},
						"6.0": {
							"post": [0, 0, 0.7],
							"lerp_mode": "catmullrom"
						},
						"6.1": {
							"post": [0, 0, 0],
							"lerp_mode": "catmullrom"
						}
					}
				},
				"camera": {
					"rotation": {
						"0.0": [0, 0, 0],
						"0.2": {
							"pre": [0.23, 0, 0.96],
							"post": [0.23, 0, 0.96],
							"lerp_mode": "catmullrom"
						},
						"0.3": {
							"post": [0.36, 0, 0.13],
							"lerp_mode": "catmullrom"
						},
						"0.45": {
							"post": [0.53, 0, 0.03],
							"lerp_mode": "catmullrom"
						},
						"0.6": {
							"post": [0.55, 0, 1],
							"lerp_mode": "catmullrom"
						},
						"0.7": {
							"post": [0, 0, -2],
							"lerp_mode": "catmullrom"
						},
						"0.8": {
							"post": [-0.73, 0, -0.03],
							"lerp_mode": "catmullrom"
						},
						"1.1": {
							"post": [-0.11, 0, -1.82],
							"lerp_mode": "catmullrom"
						},
						"1.35": [-17.5, 0, 0],
						"1.75": {
							"pre": [-14.5, 0, -2],
							"post": [-14.5, 0, -2],
							"lerp_mode": "catmullrom"
						},
						"2.15": {
							"post": [-16.49, -2, -2.01],
							"lerp_mode": "catmullrom"
						},
						"2.55": {
							"post": [-15.14, -3, -2.05],
							"lerp_mode": "catmullrom"
						},
						"2.9": {
							"post": [-2.5625, -1, -0.75],
							"lerp_mode": "catmullrom"
						},
						"3.0": {
							"post": [-0.36, 0, 2.45],
							"lerp_mode": "catmullrom"
						},
						"3.2": {
							"post": [-0.09, 0, -1.14],
							"lerp_mode": "catmullrom"
						},
						"3.5": {
							"post": [4.18, 0, 0.01],
							"lerp_mode": "catmullrom"
						},
						"3.8": {
							"post": [18.14, 0, -0.01],
							"lerp_mode": "catmullrom"
						},
						"4.25": {
							"post": [25.61, 7, 4],
							"lerp_mode": "catmullrom"
						},
						"4.85": {
							"post": [25.75, 7, 4],
							"lerp_mode": "catmullrom"
						},
						"5.25": {
							"post": [21.82, 0, 0],
							"lerp_mode": "catmullrom"
						},
						"5.65": {
							"post": [4.25, 0, 0],
							"lerp_mode": "catmullrom"
						},
						"5.9": {
							"post": [0.04, 0, -0.04],
							"lerp_mode": "catmullrom"
						},
						"6.0": {
							"post": [1.52, 0, 0.71],
							"lerp_mode": "catmullrom"
						},
						"6.15": {
							"post": [-1.5, 0, -0.75],
							"lerp_mode": "catmullrom"
						},
						"6.3": {
							"post": [0, 0, 0],
							"lerp_mode": "catmullrom"
						}
					}
				},
				"muzzle_flash_illuminated": {
					"scale": 0
				}
			},
			"sound_effects": {
				"0.0": {
					"effect": "tacz:m107/m107_inspect_01"
				},
				"1.1": {
					"effect": "tacz:m107/m107_inspect_02"
				},
				"2.4": {
					"effect": "tacz:m107/m107_inspect_03"
				},
				"2.55": {
					"effect": "tacz:m107/m107_inspect_05"
				},
				"3.8": {
					"effect": "tacz:m107/m107_inspect_04"
				},
				"5.0": {
					"effect": "tacz:m107/m107_inspect_grabrotate"
				},
				"5.45": {
					"effect": "tacz:m107/m107_inspect_end"
				}
			}
		},
		"run": {
			"loop": true,
			"animation_length": 0.8,
			"bones": {
				"root": {
					"rotation": {
						"0.0": [-68.73, -5.5, -3.14],
						"0.05": [-68.99, -7.39, -3.57],
						"0.1": [-69.36, -9.11, -3.81],
						"0.15": [-69.45, -10.1, -3.75],
						"0.2": [-68.82, -9.82, -3.09],
						"0.25": [-67.92, -8.81, -2.13],
						"0.3": [-67.68, -8.15, -1.7],
						"0.35": [-68.9, -8.72, -2.46],
						"0.4": [-70.77, -9.63, -3.74],
						"0.45": [-71.87, -9.32, -4.34],
						"0.5": [-71.58, -7.25, -3.75],
						"0.55": [-70.7, -4.07, -2.59],
						"0.6": [-69.68, -1.04, -1.42],
						"0.65": [-68.98, 0.57, -0.8],
						"0.7": [-68.67, -0.33, -1.21],
						"0.75": [-68.65, -3, -2.27],
						"0.8": [-68.73, -5.5, -3.14]
					},
					"position": {
						"0.0": [-3.64, -11.18, -6.04],
						"0.05": [-3.63, -11.52, -6.04],
						"0.1": [-3.66, -11.87, -6.04],
						"0.15": [-3.67, -12.23, -6.04],
						"0.2": [-3.64, -12.38, -6.04],
						"0.25": [-3.52, -12.18, -6.04],
						"0.3": [-3.34, -11.78, -6.04],
						"0.35": [-3.19, -11.39, -6.04],
						"0.4": [-3.14, -11.23, -6.04],
						"0.45": [-3.26, -11.47, -6.04],
						"0.5": [-3.5, -11.94, -6.04],
						"0.55": [-3.74, -12.42, -6.04],
						"0.6": [-3.89, -12.64, -6.04],
						"0.65": [-3.89, -12.46, -6.04],
						"0.7": [-3.81, -12.04, -6.04],
						"0.75": [-3.71, -11.6, -6.04],
						"0.8": [-3.64, -11.18, -6.04]
					}
				},
				"camera": {
					"rotation": {
						"0.0": [0, 0, 0],
						"0.05": [0.09, 0, 0.15],
						"0.1": [0.13, 0, 0.25],
						"0.15": [-0.07, 0, 0.07],
						"0.2": [-0.25, 0, -0.12],
						"0.25": [-0.15, 0, -0.09],
						"0.3": [0, 0, 0],
						"0.35": [0.02, 0, 0.02],
						"0.4": [0, 0, 0],
						"0.45": [-0.01, 0, -0.08],
						"0.5": [0, 0, -0.12],
						"0.55": [0.08, 0, 0],
						"0.6": [0.13, 0, 0.13],
						"0.65": [0, 0, 0.08],
						"0.7": [-0.12, 0, 0],
						"0.75": [-0.09, 0, -0.02],
						"0.8": [0, 0, 0]
					}
				}
			}
		},
		"run_start": {
			"animation_length": 0.55,
			"bones": {
				"root": {
					"rotation": {
						"0.0": [0, 0, 0],
						"0.05": [2.8, -0.48, 3.97],
						"0.1": [5.79, -1.19, 9.23],
						"0.15": [1.73, -2.05, 11.57],
						"0.2": [-10.48, -2.9, 9.39],
						"0.25": [-28.47, -3.91, 4.94],
						"0.3": [-46.79, -4.85, 0.12],
						"0.35": [-59.98, -5.5, -3.14],
						"0.4": [-66.1, -5.75, -4.18],
						"0.45": [-68.22, -5.72, -4.06],
						"0.5": [-68.4, -5.59, -3.49],
						"0.55": [-68.73, -5.5, -3.14]
					},
					"position": {
						"0.0": [0, 0, 0],
						"0.05": [0.06, -0.64, -0.32],
						"0.1": [0.17, -1.58, -0.79],
						"0.15": [0.17, -2.44, -1.22],
						"0.2": [-0.39, -3.13, -1.65],
						"0.25": [-1.03, -4.05, -2.08],
						"0.3": [-1.54, -5.26, -2.43],
						"0.35": [-1.87, -6.49, -2.91],
						"0.4": [-2.43, -7.74, -3.57],
						"0.45": [-2.72, -8.92, -4.21],
						"0.5": [-3.11, -10.08, -5.09],
						"0.55": [-3.64, -11.18, -6.04]
					}
				},
				"camera": {
					"rotation": {
						"0.0": {
							"post": [0, 0, 0],
							"lerp_mode": "catmullrom"
						},
						"0.1": {
							"post": [0.75, 0, -0.5],
							"lerp_mode": "catmullrom"
						},
						"0.2": {
							"post": [-0.25, 0, 0.1875],
							"lerp_mode": "catmullrom"
						},
						"0.3": {
							"post": [0, 0, 0],
							"lerp_mode": "catmullrom"
						},
						"0.4": {
							"post": [0, 0, 0],
							"lerp_mode": "catmullrom"
						}
					}
				}
			}
		},
		"run_hold": {
			"animation_length": 0.2917,
			"bones": {
				"root": {
					"rotation": [-68.73, -5.5, -3.14],
					"position": [-3.64, -11.18, -6.04]
				}
			}
		},
		"run_end": {
			"animation_length": 0.65,
			"bones": {
				"root": {
					"rotation": {
						"0.0": [-68.73, -5.5, -3.14],
						"0.05": [-55.61, -4.21, 0.37],
						"0.1": [-36.44, -2.32, 5.59],
						"0.15": [-17.16, -0.44, 10.34],
						"0.2": [-3.66, 0.81, 12.47],
						"0.25": [1.72, 1.17, 10.52],
						"0.3": [2.4, 1, 5.92],
						"0.35": [1.03, 0.62, 0.91],
						"0.4": [0.28, 0.35, -2.3],
						"0.45": [0.49, 0.21, -2.71],
						"0.5": [0.23, 0.09, -1.23],
						"0.55": [0, 0, 0],
						"0.6": [-0.02, -0.02, 0.14],
						"0.65": [0, 0, 0]
					},
					"position": {
						"0.0": [-3.64, -11.18, -6.04],
						"0.05": [-2.73, -9.51, -4.91],
						"0.1": [-1.47, -7.18, -3.86],
						"0.15": [-0.5, -5.5, -2.65],
						"0.2": [-0.17, -3.06, -1.74],
						"0.25": [-0.04, -1.17, -0.66],
						"0.3": [-0.01, -0.24, -0.23],
						"0.35": [0.02, 0.37, 0.3],
						"0.4": [0.06, 0.47, 0.4],
						"0.45": [0.05, 0.22, 0.18],
						"0.5": [0.03, 0.01, -0.01],
						"0.55": [0.02, -0.02, -0.03],
						"0.6": [0.01, -0.01, -0.01],
						"0.65": [0, 0, 0]
					}
				},
				"camera": {
					"rotation": {
						"0.25": {
							"pre": [0, 0, 0],
							"post": [0, 0, 0],
							"lerp_mode": "catmullrom"
						},
						"0.3": {
							"post": [0, 0, 0.3],
							"lerp_mode": "catmullrom"
						},
						"0.35": {
							"post": [0, 0, -0.125],
							"lerp_mode": "catmullrom"
						},
						"0.45": {
							"post": [0, 0, 0],
							"lerp_mode": "catmullrom"
						}
					}
				}
			}
		},
		"melee_stock": {
			"loop": true,
			"bones": {
				"root": {
					"rotation": [0, 0, 0],
					"position": [0, 0, 0]
				}
			},
			"sound_effects": {
				"0.0": {
					"effect": "ex:inspect/kuiji_ping2"
				}
			}
		}
	}
}