{
	"format_version": "1.8.0",
	"animations": {
		"static_idle": {
			"loop": true,
			"bones": {
				"lefthand": {
					"rotation": [107.06948, -26.54246, -157.78735],
					"position": [8.4, -12.02, -9.32],
					"scale": [1, 1.5, 1]
				},
				"righthand": {
					"rotation": [89.34309, 2.32981, -180.13183],
					"position": [-6.725, -13.175, 1.225],
					"scale": [1, 1.5, 1]
				},
				"root": {
					"rotation": [0, 0, 0],
					"position": [0, 0, 0]
				}
			}
		},
		"draw": {
			"animation_length": 0.75,
			"bones": {
				"root": {
					"rotation": {
						"0.0": {
							"post": [42.57929, -37.55577, -0.08401],
							"lerp_mode": "catmullrom"
						},
						"0.15": {
							"post": [24.01193, -29.89831, -5.38555],
							"lerp_mode": "catmullrom"
						},
						"0.25": {
							"post": [-3.04998, -9.12352, 1.70645],
							"lerp_mode": "catmullrom"
						},
						"0.4": {
							"post": [-1.46, 0.47, -1.3],
							"lerp_mode": "catmullrom"
						},
						"0.5": {
							"post": [-0.55, -0.01, 0.82],
							"lerp_mode": "catmullrom"
						},
						"0.65": {
							"post": [0, 0, -0.3],
							"lerp_mode": "catmullrom"
						},
						"0.75": {
							"post": [0, 0, 0],
							"lerp_mode": "catmullrom"
						}
					},
					"position": {
						"0.0": {
							"post": [3.3, -17, 5.7],
							"lerp_mode": "catmullrom"
						},
						"0.1": {
							"post": [1.18, -6.07, -2.76],
							"lerp_mode": "catmullrom"
						},
						"0.2": {
							"post": [0.41, -0.67, -0.3],
							"lerp_mode": "catmullrom"
						},
						"0.35": {
							"post": [0.17, 0, 0.29938],
							"lerp_mode": "catmullrom"
						},
						"0.45": {
							"post": [0.1, 0, 0.6],
							"lerp_mode": "catmullrom"
						},
						"0.55": {
							"post": [0.03, 0.04, -0.06188],
							"lerp_mode": "catmullrom"
						},
						"0.65": {
							"post": [0, 0, 0],
							"lerp_mode": "catmullrom"
						},
						"0.75": {
							"post": [0, 0, 0],
							"lerp_mode": "catmullrom"
						}
					}
				},
				"righthand": {
					"rotation": [89.34309, 2.32981, -180.13183],
					"position": [-6.725, -13.175, 1.225],
					"scale": [1, 1.5, 1]
				},
				"lefthand": {
					"rotation": [107.06948, -26.54246, -157.78735],
					"position": [8.4, -12.02, -9.32],
					"scale": [1, 1.5, 1]
				},
				"camera": {
					"rotation": {
						"0.0": {
							"post": [0, 0, 0],
							"lerp_mode": "catmullrom"
						},
						"0.1": {
							"post": [0.89297, -0.12891, 0.44141],
							"lerp_mode": "catmullrom"
						},
						"0.25": {
							"post": [0.94297, -0.19141, 0.44531],
							"lerp_mode": "catmullrom"
						},
						"0.4": {
							"post": [-0.1, 0.01953, -0.25391],
							"lerp_mode": "catmullrom"
						},
						"0.45": {
							"post": [0.1, 0.01953, 0.27344],
							"lerp_mode": "catmullrom"
						},
						"0.65": {
							"post": [-0.0375, 0.01953, -0.01953],
							"lerp_mode": "catmullrom"
						},
						"0.75": {
							"post": [0, 0, 0],
							"lerp_mode": "catmullrom"
						}
					}
				}
			}
		},
		"put_away": {
			"animation_length": 0.25,
			"bones": {
				"lefthand": {
					"rotation": [107.06948, -26.54246, -157.78735],
					"position": [8.4, -12.02, -9.32],
					"scale": [1, 1.5, 1]
				},
				"righthand": {
					"rotation": [89.34309, 2.32981, -180.13183],
					"position": [-6.725, -13.175, 1.225],
					"scale": [1, 1.5, 1]
				},
				"root": {
					"rotation": {
						"0.0": [0, 0, 0],
						"0.0417": [-2.5, -1, 2],
						"0.0833": [15.6, -4, 6],
						"0.125": [38.5, -4, 6]
					},
					"position": {
						"0.0": [0, 0, 0],
						"0.0417": [0, 0, -1],
						"0.0833": [0, -0.5, 0.5],
						"0.125": [0, -4.1, 0.5],
						"0.25": [0, -8, 0.5]
					}
				},
				"camera": {
					"rotation": {
						"0.0": {
							"post": [0, 0, 0],
							"lerp_mode": "catmullrom"
						},
						"0.0833": {
							"post": [1, 0, -1],
							"lerp_mode": "catmullrom"
						},
						"0.1667": {
							"post": [-1, 0, 1],
							"lerp_mode": "catmullrom"
						},
						"0.25": {
							"post": [0, 0, 0],
							"lerp_mode": "catmullrom"
						}
					}
				}
			}
		},
		"shoot": {
			"animation_length": 1.0417,
			"bones": {
				"root": {
					"rotation": {
						"0.0": {
							"post": [0, 0, 0],
							"lerp_mode": "catmullrom"
						},
						"0.0417": {
							"post": [1.24069, 3.15232, 12],
							"lerp_mode": "catmullrom"
						},
						"0.0833": {
							"post": [-12.82024, 5.33042, -10],
							"lerp_mode": "catmullrom"
						},
						"0.125": {
							"post": [-14.33564, 3.13711, 5.08239],
							"lerp_mode": "catmullrom"
						},
						"0.2083": {
							"post": [-11.7638, 2.35138, -3.1926],
							"lerp_mode": "catmullrom"
						},
						"0.2917": {
							"post": [-7.37698, 2.04951, -4.95354],
							"lerp_mode": "catmullrom"
						},
						"0.4583": {
							"post": [0.92575, -0.17214, -0.01451],
							"lerp_mode": "catmullrom"
						},
						"0.6667": {
							"post": [0.25012, 0.226, 0.49879],
							"lerp_mode": "catmullrom"
						},
						"0.875": {
							"post": [0.04509, 0.01634, -0.42105],
							"lerp_mode": "catmullrom"
						},
						"1.0417": {
							"post": [0, 0, 0],
							"lerp_mode": "catmullrom"
						}
					},
					"position": {
						"0.0": {
							"post": [0, 0, 0],
							"lerp_mode": "catmullrom"
						},
						"0.0417": {
							"post": [0, -0.75, 5],
							"lerp_mode": "catmullrom"
						},
						"0.0833": {
							"post": [0, 0.3, 2],
							"lerp_mode": "catmullrom"
						},
						"0.1667": {
							"post": [-0.125, 0.83, 0.925],
							"lerp_mode": "catmullrom"
						},
						"0.2917": {
							"post": [-0.075, 0.735, 0.92],
							"lerp_mode": "catmullrom"
						},
						"0.4167": {
							"post": [0, 0.03, 0.79],
							"lerp_mode": "catmullrom"
						},
						"0.5417": {
							"post": [0, -0.28, 0.48],
							"lerp_mode": "catmullrom"
						},
						"0.6667": {
							"post": [0, -0.15, 0.025],
							"lerp_mode": "catmullrom"
						},
						"0.8333": {
							"post": [0.03125, -0.01375, 0.095],
							"lerp_mode": "catmullrom"
						},
						"1.0417": {
							"post": [0, 0, 0],
							"lerp_mode": "catmullrom"
						}
					}
				},
				"camera": {
					"rotation": {
						"0.0": {
							"post": [0, 0, 0],
							"lerp_mode": "catmullrom"
						},
						"0.0417": {
							"post": [0, 0, -3],
							"lerp_mode": "catmullrom"
						},
						"0.0833": {
							"post": [0, 0, 3],
							"lerp_mode": "catmullrom"
						},
						"0.1667": {
							"post": [0, 0, -2],
							"lerp_mode": "catmullrom"
						},
						"0.25": {
							"post": [0, 0, 2],
							"lerp_mode": "catmullrom"
						},
						"0.2917": {
							"post": [0, 0, -1],
							"lerp_mode": "catmullrom"
						},
						"0.375": {
							"post": [0, 0, 0.525],
							"lerp_mode": "catmullrom"
						},
						"0.4167": {
							"post": [0, 0, -0.125],
							"lerp_mode": "catmullrom"
						},
						"0.5417": {
							"post": [0, 0, 0],
							"lerp_mode": "catmullrom"
						}
					}
				},
				"constraint": {
					"rotation": {
						"0.0": [0.4, 0.1, 0.1],
						"0.5833": [0, 0, 0]
					},
					"position": {
						"0.0": [0.2, 0.3, 0.2],
						"0.5833": [0, 0, 0]
					}
				}
			}
		},
		"reload_tactical": {
			"loop": true,
			"animation_length": 1,
			"bones": {
				"lefthand": {
					"rotation": {
						"0.0417": [107.06948, -26.54246, -157.78735],
						"0.125": [115.81052, -18.20123, -180.43693],
						"0.2917": [154.76251, -52.99757, -206.84051],
						"0.75": [154.76, -53, -206.84],
						"0.9167": [107.06948, -26.54246, -157.78735]
					},
					"position": {
						"0.0417": [8.4, -12.02, -9.32],
						"0.125": [11.1, -16.02, -2.72],
						"0.2917": [10.7, -16.02, 0.58],
						"0.375": [12.6, -7.12, 0.68],
						"0.4167": [11, -4.42, -0.02],
						"0.4583": [8.8, -4.42, -1.22],
						"0.5": [8.2, -5.62, -2.52],
						"0.5417": [8.2, -5.92, -2.82],
						"0.625": [8.2, -5.62, -2.52],
						"0.7083": [11.9, -8.62, -3.62],
						"0.7917": [12.9, -14.02, -4.32],
						"0.9167": [8.4, -12.02, -9.32]
					},
					"scale": [1, 1.5, 1]
				},
				"righthand": {
					"rotation": [89.34309, 2.32981, -180.13183],
					"position": {
						"0.0": [-6.725, -13.175, 1.225],
						"0.0833": [-6.72, -11.17, 1.23],
						"0.1667": [-6.725, -13.175, 1.225]
					},
					"scale": [1, 1.5, 1]
				},
				"root": {
					"rotation": {
						"0.0": [0, 0, 0],
						"0.0833": [6.8, 0.9, -4.6],
						"0.1667": [9.70869, 2.40766, -12.49549],
						"0.25": [10.31, 3.21, -20],
						"0.375": [9.82131, 2.50103, -18.24139],
						"0.5": [9.4798, 1.38604, -15.15813],
						"0.5833": [11.6, 1.39, -11.68],
						"0.75": [2, 11.09, -3.68],
						"0.8333": [-17.2, 11.09, -3.68],
						"1.0": [0, 0, 0]
					},
					"position": {
						"0.0": [0, 0, 0],
						"0.0833": [0.25, -0.35, 0.125],
						"0.1667": [0.45, -1, 0.35],
						"0.25": [0.55, -1.475, 0.575],
						"0.375": [0.7, -1.85, 0.725],
						"0.5": [0.65, -1.975, 0.73],
						"0.5833": [0.375, -2.375, 0.73],
						"0.6667": [-0.15, -2.3, 0.73],
						"0.75": [-0.15, -1.17, 1.03],
						"0.8333": [-0.15, 0.055, 1.93],
						"0.9167": [-0.08, 0.26, 0.595],
						"1.0": [0, 0, 0]
					}
				},
				"lever": {
					"rotation": {
						"0.0833": [0, 0, 0],
						"0.125": [0, -17.5, 0],
						"0.7917": [0, -17.5, 0],
						"0.8333": [0, 0, 0]
					},
					"position": {
						"0.0833": [0, 0, 0],
						"0.125": [-0.35, 0, 0],
						"0.7917": [-0.35, 0, 0],
						"0.8333": [0, 0, 0]
					}
				},
				"front_part": {
					"rotation": {
						"0.0833": [0, 0, 0],
						"0.1667": [50, 0, 0],
						"0.75": [50, 0, 0],
						"0.7917": [0, 0, 0]
					},
					"position": {
						"0.0833": [0, 0, 0],
						"0.1667": [0, 0, -0.2],
						"0.75": [0, 0, -0.2],
						"0.7917": [0, 0, 0]
					}
				},
				"bullet": {
					"rotation": {
						"0.0833": [0, 0, 0],
						"0.125": [0, 0, 0],
						"0.1667": {
							"pre": [-72.5, 0, 0],
							"post": [-72.5, 0, 0],
							"lerp_mode": "catmullrom"
						},
						"0.3333": {
							"post": [-235, 0, 0],
							"lerp_mode": "catmullrom"
						},
						"0.375": [0, 0, 0]
					},
					"position": {
						"0.0833": [0, 0, 0],
						"0.125": [0, 0, 1.95],
						"0.1667": {
							"pre": [0.1, -1.9, 4.8],
							"post": [0.1, -1.9, 4.8],
							"lerp_mode": "catmullrom"
						},
						"0.2083": {
							"post": [-3.35, -5.05, 3.75],
							"lerp_mode": "catmullrom"
						},
						"0.3333": {
							"post": [-5, -15, -1],
							"lerp_mode": "catmullrom"
						},
						"0.375": [3.9, -3.2, 2.2],
						"0.4167": [2.2, -1.03, 3.27],
						"0.4583": [0, -0.02, 2.54],
						"0.5": [0, 0, 0]
					}
				},
				"camera": {
					"rotation": {
						"0.0": {
							"post": [0, 0, 0],
							"lerp_mode": "catmullrom"
						},
						"0.0833": {
							"post": [1.1, 0, 0],
							"lerp_mode": "catmullrom"
						},
						"0.2083": {
							"post": [1.6, 0, 0],
							"lerp_mode": "catmullrom"
						},
						"0.3333": {
							"post": [1.6, 1, 0],
							"lerp_mode": "catmullrom"
						},
						"0.4583": {
							"post": [1.4, 1.2, 0],
							"lerp_mode": "catmullrom"
						},
						"0.5": {
							"post": [-0.1, 1.2, 1.5],
							"lerp_mode": "catmullrom"
						},
						"0.5833": {
							"post": [1.2, 1.2, -1.2],
							"lerp_mode": "catmullrom"
						},
						"0.6667": {
							"post": [0.1, 1, 0.2],
							"lerp_mode": "catmullrom"
						},
						"0.7917": {
							"post": [-1.57, 1.07, 0.02],
							"lerp_mode": "catmullrom"
						},
						"0.8333": {
							"post": [-1.8, 1, 1.4],
							"lerp_mode": "catmullrom"
						},
						"0.875": {
							"post": [-1.48, 0.79, -0.69],
							"lerp_mode": "catmullrom"
						},
						"0.9583": {
							"post": [-0.66, 0.54, 0.36],
							"lerp_mode": "catmullrom"
						},
						"1.0": {
							"post": [0, 0, 0],
							"lerp_mode": "catmullrom"
						}
					}
				}
			},
			"sound_effects": {
				"0.0": {
					"effect": "ex:725/725_reload"
				}
			}
		},
		"reload_empty": {
			"loop": true,
			"animation_length": 1,
			"bones": {
				"lefthand": {
					"rotation": {
						"0.0417": [107.06948, -26.54246, -157.78735],
						"0.125": [115.81052, -18.20123, -180.43693],
						"0.2917": [154.76251, -52.99757, -206.84051],
						"0.75": [154.76, -53, -206.84],
						"0.9167": [107.06948, -26.54246, -157.78735]
					},
					"position": {
						"0.0417": [8.4, -12.02, -9.32],
						"0.125": [11.1, -16.02, -2.72],
						"0.2917": [10.7, -16.02, 0.58],
						"0.375": [12.4, -7.12, 1.48],
						"0.4167": [11, -4.62, 0.78],
						"0.4583": [8.7, -4.62, -0.42],
						"0.5": [8.2, -5.72, -1.72],
						"0.5417": [8.2, -6.12, -2.02],
						"0.625": [8.2, -5.72, -1.72],
						"0.7083": [11.9, -8.62, -3.62],
						"0.7917": [12.9, -14.02, -4.32],
						"0.9167": [8.4, -12.02, -9.32]
					},
					"scale": [1, 1.5, 1]
				},
				"righthand": {
					"rotation": [89.34309, 2.32981, -180.13183],
					"position": {
						"0.0": [-6.725, -13.175, 1.225],
						"0.0833": [-6.72, -11.17, 1.23],
						"0.1667": [-6.725, -13.175, 1.225]
					},
					"scale": [1, 1.5, 1]
				},
				"root": {
					"rotation": {
						"0.0": [0, 0, 0],
						"0.0833": [6.8, 0.9, -4.6],
						"0.1667": [9.70869, 2.40766, -12.49549],
						"0.25": [10.31, 3.21, -20],
						"0.375": [9.82131, 2.50103, -18.24139],
						"0.5": [9.4798, 1.38604, -15.15813],
						"0.5833": [11.6, 1.39, -11.68],
						"0.75": [2, 11.09, -3.68],
						"0.8333": [-17.2, 11.09, -3.68],
						"1.0": [0, 0, 0]
					},
					"position": {
						"0.0": [0, 0, 0],
						"0.0833": [0.25, -0.35, 0.125],
						"0.1667": [0.45, -1, 0.35],
						"0.25": [0.55, -1.475, 0.575],
						"0.375": [0.7, -1.95, 0.725],
						"0.5": [0.65, -1.975, 0.73],
						"0.5833": [0.375, -2.275, 0.73],
						"0.6667": [-0.15, -2.2, 0.73],
						"0.75": [-0.15, -1.17, 1.03],
						"0.8333": [-0.15, -0.27, 1.93],
						"0.9167": [-0.08, -0.14, 0.47],
						"1.0": [0, 0, 0]
					}
				},
				"lever": {
					"rotation": {
						"0.0833": [0, 0, 0],
						"0.125": [0, -17.5, 0],
						"0.7917": [0, -17.5, 0],
						"0.8333": [0, 0, 0]
					},
					"position": {
						"0.0833": [0, 0, 0],
						"0.125": [-0.35, 0, 0],
						"0.7917": [-0.35, 0, 0],
						"0.8333": [0, 0, 0]
					}
				},
				"front_part": {
					"rotation": {
						"0.0833": [0, 0, 0],
						"0.1667": [50, 0, 0],
						"0.75": [50, 0, 0],
						"0.7917": [0, 0, 0]
					},
					"position": {
						"0.0833": [0, 0, 0],
						"0.1667": [0, 0, -0.2],
						"0.75": [0, 0, -0.2],
						"0.7917": [0, 0, 0]
					}
				},
				"bullet": {
					"rotation": {
						"0.125": [0, 0, 0],
						"0.1667": [0, 0, 0],
						"0.2083": {
							"pre": [-72.5, 0, 0],
							"post": [-72.5, 0, 0],
							"lerp_mode": "catmullrom"
						},
						"0.3333": {
							"post": [-235, 0, 0],
							"lerp_mode": "catmullrom"
						},
						"0.375": [0, 0, 0]
					},
					"position": {
						"0.125": [0, 0, 0],
						"0.1667": [0, 0, 1.95],
						"0.2083": {
							"pre": [0.1, -1.9, 4.8],
							"post": [0.1, -1.9, 4.8],
							"lerp_mode": "catmullrom"
						},
						"0.25": {
							"post": [-3.35, -5.05, 3.75],
							"lerp_mode": "catmullrom"
						},
						"0.3333": {
							"post": [-5, -15, -1],
							"lerp_mode": "catmullrom"
						},
						"0.375": [3.9, -3.2, 2.2],
						"0.4167": [2.2, -1.03, 3.27],
						"0.4583": [0, -0.02, 2.54],
						"0.5": [0, 0, 0]
					}
				},
				"bullet_2": {
					"rotation": {
						"0.125": [0, 0, 0],
						"0.1667": [0, 0, 0],
						"0.2083": {
							"pre": [-73.5, 0, 0],
							"post": [-73.5, 0, 0],
							"lerp_mode": "catmullrom"
						},
						"0.3333": {
							"post": [-235, 0, 0],
							"lerp_mode": "catmullrom"
						},
						"0.375": [0, 0, 0]
					},
					"position": {
						"0.125": [0, 0, 0],
						"0.1667": [0, 0, 1.95],
						"0.2083": {
							"pre": [0, -1.9, 4],
							"post": [0, -1.9, 4],
							"lerp_mode": "catmullrom"
						},
						"0.25": {
							"post": [-6.35, -5.95, 3.65],
							"lerp_mode": "catmullrom"
						},
						"0.3333": {
							"post": [-6.7, -15, -1],
							"lerp_mode": "catmullrom"
						},
						"0.375": [3.9, -3.2, 2.2],
						"0.4167": [2.2, -1.03, 3.27],
						"0.4583": [0, -0.02, 2.54],
						"0.5": [0, 0, 0]
					}
				},
				"camera": {
					"rotation": {
						"0.0": {
							"post": [0, 0, 0],
							"lerp_mode": "catmullrom"
						},
						"0.0833": {
							"post": [1.1, 0, 0],
							"lerp_mode": "catmullrom"
						},
						"0.2083": {
							"post": [1.6, 0, 0],
							"lerp_mode": "catmullrom"
						},
						"0.3333": {
							"post": [1.6, 1, 0],
							"lerp_mode": "catmullrom"
						},
						"0.4583": {
							"post": [1.4, 1.2, 0],
							"lerp_mode": "catmullrom"
						},
						"0.5": {
							"post": [-0.1, 1.2, 1.5],
							"lerp_mode": "catmullrom"
						},
						"0.5833": {
							"post": [1.2, 1.2, -1.2],
							"lerp_mode": "catmullrom"
						},
						"0.6667": {
							"post": [0.1, 1, 0.2],
							"lerp_mode": "catmullrom"
						},
						"0.7917": {
							"post": [-1.57, 1.07, 0.02],
							"lerp_mode": "catmullrom"
						},
						"0.8333": {
							"post": [-1.8, 1, 1.4],
							"lerp_mode": "catmullrom"
						},
						"0.875": {
							"post": [-1.48, 0.79, -0.69],
							"lerp_mode": "catmullrom"
						},
						"0.9583": {
							"post": [-0.66, 0.54, 0.36],
							"lerp_mode": "catmullrom"
						},
						"1.0": {
							"post": [0, 0, 0],
							"lerp_mode": "catmullrom"
						}
					}
				}
			},
			"sound_effects": {
				"0.0": {
					"effect": "ex:725/725_reload"
				}
			}
		},
		"inspect": {
			"loop": true,
			"animation_length": 6,
			"bones": {
				"lefthand": {
					"rotation": {
						"0.0": [107.06948, -26.54246, -157.78735],
						"0.75": [108.95473, -36.05348, -161.40481],
						"0.9583": [108.95, -36.05, -161.4],
						"1.25": [121.31526, -44.96769, -180.35666],
						"1.3333": [127.61389, -47.68789, -189.59412],
						"1.5833": [136.37413, -31.97987, -215.26184],
						"2.2917": [141.84275, -18.69162, -227.91348],
						"2.5": [136.15679, -32.34115, -214.85353],
						"2.75": [102.49133, -28.84476, -147.95736],
						"2.8333": [93.22568, -31.34709, -141.24323],
						"4.5417": [93.23, -31.35, -141.24],
						"4.625": [107.06948, -26.54246, -157.78735]
					},
					"position": {
						"0.0": [8.4, -12.02, -9.32],
						"0.75": [8.4, -12.02, -9.32],
						"1.0417": [11.13, -14.49, -9.32],
						"1.1667": [11.93, -13.79, -10.32],
						"1.3333": [11.33, -9.89, -10.72],
						"1.4583": [7.73, -7.89, -8.92],
						"1.75": [8.03, -8.39, -8.92],
						"2.0833": [7.93, -8.29, -8.92],
						"2.1667": [7.63, -9.29, -8.92],
						"2.375": [7.63, -9.29, -8.92],
						"2.5": [9.13, -9.59, -8.92],
						"2.625": [10.93, -12.19, -8.92],
						"2.8333": [8.4, -13.52, -9.32],
						"4.5417": [8.4, -13.52, -9.32],
						"4.625": [8.4, -12.02, -9.32]
					},
					"scale": [1, 1.5, 1]
				},
				"righthand": {
					"rotation": {
						"0.0": [89.34309, 2.32981, -180.13183],
						"2.0": [89.34, 2.33, -180.13],
						"2.0833": [105.15039, 6.84981, -184.67686],
						"2.1667": [105.09247, -4.73757, -187.80245],
						"2.4167": [89.34309, 2.32981, -180.13183]
					},
					"position": {
						"0.0": [-6.725, -13.175, 1.225],
						"2.0": [-6.72, -13.17, 1.23],
						"2.0833": [-6.82, -11.17, 0.43],
						"2.1667": [-7.52, -11.17, 0.23],
						"2.4167": [-6.725, -13.175, 1.225]
					},
					"scale": [1, 1.5, 1]
				},
				"root": {
					"rotation": {
						"0.0": [0, 0, 0],
						"0.125": [-3.4, -8.3, 0],
						"0.25": {
							"pre": [-6, -15.6, 0],
							"post": [-6, -15.6, 0],
							"lerp_mode": "catmullrom"
						},
						"0.5": [-8.7, -21.3, 0],
						"0.75": {
							"pre": [-8, -24.6, 0],
							"post": [-8, -24.6, 0],
							"lerp_mode": "catmullrom"
						},
						"1.0": [-9.6, -25, 0],
						"1.25": {
							"pre": [-15.06532, -24.29716, 22.38286],
							"post": [-15.06532, -24.29716, 22.38286],
							"lerp_mode": "catmullrom"
						},
						"1.5": [-15.47, -25, 27],
						"1.75": [-20, -25, 27.35],
						"2.0833": [-21.125, -25, 26.65],
						"2.1667": [-10.925, -25, 25.9],
						"2.375": [-19.85, -24.21, 27.16],
						"3.0": {
							"pre": [-16.34238, -22.28892, 30.17657],
							"post": [-16.34238, -22.28892, 30.17657],
							"lerp_mode": "catmullrom"
						},
						"3.2083": [-19.52, -22, 28.9],
						"3.5": [-20.89458, -21.6464, 29.90761],
						"4.0": {
							"pre": [-9.09, -21.65, 29.91],
							"post": [-9.09, -21.65, 29.91],
							"lerp_mode": "catmullrom"
						},
						"4.4583": [-14.85, -21.65, 29.91],
						"4.5": [-44, -21.65, 29.91],
						"4.5417": [-66.5, -21.65, 29.91],
						"4.6667": [-68.1, -21.65, 29.91],
						"4.7917": [-54.93, -16.09, 28.27],
						"4.875": {
							"pre": [-43.9, -11.95, 25.91],
							"post": [-43.9, -11.95, 25.91],
							"lerp_mode": "catmullrom"
						},
						"5.125": {
							"post": [-8.5, -1.25, 12.61],
							"lerp_mode": "catmullrom"
						},
						"5.375": {
							"post": [5.9, 3.95, -4.89],
							"lerp_mode": "catmullrom"
						},
						"5.5": {
							"post": [5.9, 3.95, -8.19],
							"lerp_mode": "catmullrom"
						},
						"5.625": {
							"post": [3.2, 3.95, -8.19],
							"lerp_mode": "catmullrom"
						},
						"5.75": [0, 0, 0],
						"6.0": [0, 0, 0]
					},
					"position": {
						"0.0": [0, 0, 0],
						"0.0833": {
							"pre": [1, 0.5, 0],
							"post": [1, 0.5, 0],
							"lerp_mode": "catmullrom"
						},
						"0.25": [1.3, 0.7, 0],
						"0.5": [1.3, 0.9, 0],
						"1.0": [1.4, 0.9, 0],
						"1.25": {
							"pre": [1.9, 0.9, 0],
							"post": [1.9, 0.9, 0],
							"lerp_mode": "catmullrom"
						},
						"1.5": [2.1, 1.2, 0],
						"1.75": [2.1, 1.2, 0],
						"2.0833": [2.1, 1.2, 0],
						"2.3333": {
							"pre": [2.1, 0.9, 0],
							"post": [2.1, 0.9, 0],
							"lerp_mode": "catmullrom"
						},
						"2.5": [2.1, 1, 0],
						"3.0": [2.1, 1.2, 0],
						"3.375": [2.1, 1.25, 0],
						"3.7917": [2.1, 1.1, 0],
						"4.0": [2.1, 0.3, 0],
						"4.2083": [2.1, -0.1, 0],
						"4.5": [2.1, 0.3, 0],
						"4.625": [2.1, 0.375, 0.4],
						"4.75": [2.1, 0.6, 0.5],
						"4.875": [2.1, 0.6, 0.5],
						"5.0": [1.8, 0.1, 0.45],
						"5.125": [1, -0.4, 0],
						"5.25": [0.4, -0.4, 0],
						"5.8333": [0, 0, 0],
						"6.0": [0, 0, 0]
					}
				},
				"lever": {
					"rotation": {
						"2.0833": [0, 0, 0],
						"2.1667": [0, -17.5, 0],
						"4.5417": [0, -17.5, 0],
						"4.625": [0, 0, 0]
					},
					"position": {
						"2.0833": [0, 0, 0],
						"2.1667": [-0.35, 0, 0],
						"4.5417": [-0.35, 0, 0],
						"4.625": [0, 0, 0]
					}
				},
				"front_part": {
					"rotation": {
						"2.0833": [0, 0, 0],
						"2.1667": [15, 0, 0],
						"2.25": [12, 0, 0],
						"4.5417": [12, 0, 0],
						"4.625": [0, 0, 0]
					},
					"position": {
						"2.0833": [0, 0, 0],
						"2.1667": [0, 0.1, -0.5],
						"2.375": [0, 0.1, -0.5],
						"4.5417": [0, 0.1, -0.5],
						"4.625": [0, 0, 0]
					}
				},
				"camera": {
					"rotation": {
						"0.0": {
							"post": [0, 0, 0],
							"lerp_mode": "catmullrom"
						},
						"0.5": {
							"post": [1.5, 2.1, 0],
							"lerp_mode": "catmullrom"
						},
						"0.7917": {
							"post": [1.3, 2.1, 0],
							"lerp_mode": "catmullrom"
						},
						"1.0": {
							"post": [1.5, 2.1, 0],
							"lerp_mode": "catmullrom"
						},
						"1.5": {
							"post": [0.8, 2.9, 0],
							"lerp_mode": "catmullrom"
						},
						"2.0417": {
							"post": [0.8, 2.9, 0],
							"lerp_mode": "catmullrom"
						},
						"2.125": {
							"post": [1.4, 2.1, 0],
							"lerp_mode": "catmullrom"
						},
						"2.1667": {
							"post": [0.5, 2.1, 0],
							"lerp_mode": "catmullrom"
						},
						"2.2083": {
							"post": [1.1, 2.1, 0],
							"lerp_mode": "catmullrom"
						},
						"2.2917": {
							"post": [0.3, 2.1, 0],
							"lerp_mode": "catmullrom"
						},
						"2.5": {
							"post": [-0.5, -0.6, 0],
							"lerp_mode": "catmullrom"
						},
						"3.0": {
							"post": [0.1, -1.6, 0],
							"lerp_mode": "catmullrom"
						},
						"3.5": {
							"post": [-0.1, -1, 0],
							"lerp_mode": "catmullrom"
						},
						"4.0": {
							"post": [3.5, 0.8, 0],
							"lerp_mode": "catmullrom"
						},
						"4.4583": {
							"post": [3.5, 0.8, 0],
							"lerp_mode": "catmullrom"
						},
						"4.5": {
							"post": [-1.2, 0.8, 0],
							"lerp_mode": "catmullrom"
						},
						"4.5417": {
							"post": [1.7, 0.8, 0],
							"lerp_mode": "catmullrom"
						},
						"4.5833": {
							"post": [0, 0.8, 0],
							"lerp_mode": "catmullrom"
						},
						"4.7083": {
							"post": [1.2, 0.8, 0],
							"lerp_mode": "catmullrom"
						},
						"5.0": {
							"post": [1.5, 0.8, 0],
							"lerp_mode": "catmullrom"
						},
						"5.25": {
							"post": [-0.61, 0.85, 0],
							"lerp_mode": "catmullrom"
						},
						"5.5": {
							"post": [-0.8, 0.8, 0],
							"lerp_mode": "catmullrom"
						},
						"5.75": {
							"post": [0.49, 0.27, 0],
							"lerp_mode": "catmullrom"
						},
						"6.0": {
							"post": [0, 0, 0],
							"lerp_mode": "catmullrom"
						}
					}
				}
			},
			"sound_effects": {
				"0.0": {
					"effect": "ex:725/725_inspect"
				}
			}
		},
		"inspect_empty": {
			"loop": true,
			"animation_length": 6,
			"bones": {
				"lefthand": {
					"rotation": {
						"0.0": [107.06948, -26.54246, -157.78735],
						"0.75": [108.95473, -36.05348, -161.40481],
						"0.9583": [108.95, -36.05, -161.4],
						"1.25": [121.31526, -44.96769, -180.35666],
						"1.3333": [127.61389, -47.68789, -189.59412],
						"1.5833": [136.37413, -31.97987, -215.26184],
						"2.2917": [141.84275, -18.69162, -227.91348],
						"2.5": [136.15679, -32.34115, -214.85353],
						"2.75": [102.49133, -28.84476, -147.95736],
						"2.8333": [93.22568, -31.34709, -141.24323],
						"4.5417": [93.23, -31.35, -141.24],
						"4.625": [107.06948, -26.54246, -157.78735]
					},
					"position": {
						"0.0": [8.4, -12.02, -9.32],
						"0.75": [8.4, -12.02, -9.32],
						"1.0417": [11.13, -14.49, -9.32],
						"1.1667": [11.93, -13.79, -10.32],
						"1.3333": [11.33, -9.89, -10.72],
						"1.4583": [7.73, -7.89, -8.92],
						"1.75": [8.03, -8.39, -8.92],
						"2.0833": [7.93, -8.29, -8.92],
						"2.1667": [7.63, -9.29, -8.92],
						"2.375": [7.63, -9.29, -8.92],
						"2.5": [9.13, -9.59, -8.92],
						"2.625": [10.93, -12.19, -8.92],
						"2.8333": [8.4, -13.52, -9.32],
						"4.5417": [8.4, -13.52, -9.32],
						"4.625": [8.4, -12.02, -9.32]
					},
					"scale": [1, 1.5, 1]
				},
				"righthand": {
					"rotation": {
						"0.0": [89.34309, 2.32981, -180.13183],
						"2.0": [89.34, 2.33, -180.13],
						"2.0833": [105.15039, 6.84981, -184.67686],
						"2.1667": [105.09247, -4.73757, -187.80245],
						"2.4167": [89.34309, 2.32981, -180.13183]
					},
					"position": {
						"0.0": [-6.725, -13.175, 1.225],
						"2.0": [-6.72, -13.17, 1.23],
						"2.0833": [-6.82, -11.17, 0.43],
						"2.1667": [-7.52, -11.17, 0.23],
						"2.4167": [-6.725, -13.175, 1.225]
					},
					"scale": [1, 1.5, 1]
				},
				"root": {
					"rotation": {
						"0.0": [0, 0, 0],
						"0.125": [-3.4, -8.3, 0],
						"0.25": {
							"pre": [-6, -15.6, 0],
							"post": [-6, -15.6, 0],
							"lerp_mode": "catmullrom"
						},
						"0.5": [-8.7, -21.3, 0],
						"0.75": {
							"pre": [-8, -24.6, 0],
							"post": [-8, -24.6, 0],
							"lerp_mode": "catmullrom"
						},
						"1.0": [-9.6, -25, 0],
						"1.25": {
							"pre": [-15.06532, -24.29716, 22.38286],
							"post": [-15.06532, -24.29716, 22.38286],
							"lerp_mode": "catmullrom"
						},
						"1.5": [-15.47, -25, 27],
						"1.75": [-20, -25, 27.35],
						"2.0833": [-21.125, -25, 26.65],
						"2.1667": [-10.925, -25, 25.9],
						"2.375": [-19.85, -24.21, 27.16],
						"3.0": {
							"pre": [-16.34238, -22.28892, 30.17657],
							"post": [-16.34238, -22.28892, 30.17657],
							"lerp_mode": "catmullrom"
						},
						"3.2083": [-19.52, -22, 28.9],
						"3.5": [-20.89458, -21.6464, 29.90761],
						"4.0": {
							"pre": [-9.09, -21.65, 29.91],
							"post": [-9.09, -21.65, 29.91],
							"lerp_mode": "catmullrom"
						},
						"4.4583": [-14.85, -21.65, 29.91],
						"4.5": [-44, -21.65, 29.91],
						"4.5417": [-66.5, -21.65, 29.91],
						"4.6667": [-68.1, -21.65, 29.91],
						"4.7917": [-54.93, -16.09, 28.27],
						"4.875": {
							"pre": [-43.9, -11.95, 25.91],
							"post": [-43.9, -11.95, 25.91],
							"lerp_mode": "catmullrom"
						},
						"5.125": {
							"post": [-8.5, -1.25, 12.61],
							"lerp_mode": "catmullrom"
						},
						"5.375": {
							"post": [5.9, 3.95, -4.89],
							"lerp_mode": "catmullrom"
						},
						"5.5": {
							"post": [5.9, 3.95, -8.19],
							"lerp_mode": "catmullrom"
						},
						"5.625": {
							"post": [3.2, 3.95, -8.19],
							"lerp_mode": "catmullrom"
						},
						"5.75": [0, 0, 0],
						"6.0": [0, 0, 0]
					},
					"position": {
						"0.0": [0, 0, 0],
						"0.0833": {
							"pre": [1, 0.5, 0],
							"post": [1, 0.5, 0],
							"lerp_mode": "catmullrom"
						},
						"0.25": [1.3, 0.7, 0],
						"0.5": [1.3, 0.9, 0],
						"1.0": [1.4, 0.9, 0],
						"1.25": {
							"pre": [1.9, 0.9, 0],
							"post": [1.9, 0.9, 0],
							"lerp_mode": "catmullrom"
						},
						"1.5": [2.1, 1.2, 0],
						"1.75": [2.1, 1.2, 0],
						"2.0833": [2.1, 1.2, 0],
						"2.3333": {
							"pre": [2.1, 0.9, 0],
							"post": [2.1, 0.9, 0],
							"lerp_mode": "catmullrom"
						},
						"2.5": [2.1, 1, 0],
						"3.0": [2.1, 1.2, 0],
						"3.375": [2.1, 1.25, 0],
						"3.7917": [2.1, 1.1, 0],
						"4.0": [2.1, 0.3, 0],
						"4.2083": [2.1, -0.1, 0],
						"4.5": [2.1, 0.3, 0],
						"4.625": [2.1, 0.375, 0.4],
						"4.75": [2.1, 0.6, 0.5],
						"4.875": [2.1, 0.6, 0.5],
						"5.0": [1.8, 0.1, 0.45],
						"5.125": [1, -0.4, 0],
						"5.25": [0.4, -0.4, 0],
						"5.8333": [0, 0, 0],
						"6.0": [0, 0, 0]
					}
				},
				"lever": {
					"rotation": {
						"2.0833": [0, 0, 0],
						"2.1667": [0, -17.5, 0],
						"4.5417": [0, -17.5, 0],
						"4.625": [0, 0, 0]
					},
					"position": {
						"2.0833": [0, 0, 0],
						"2.1667": [-0.35, 0, 0],
						"4.5417": [-0.35, 0, 0],
						"4.625": [0, 0, 0]
					}
				},
				"front_part": {
					"rotation": {
						"2.0833": [0, 0, 0],
						"2.1667": [15, 0, 0],
						"2.25": [12, 0, 0],
						"4.5417": [12, 0, 0],
						"4.625": [0, 0, 0]
					},
					"position": {
						"2.0833": [0, 0, 0],
						"2.1667": [0, 0.1, -0.5],
						"2.375": [0, 0.1, -0.5],
						"4.5417": [0, 0.1, -0.5],
						"4.625": [0, 0, 0]
					}
				},
				"camera": {
					"rotation": {
						"0.0": {
							"post": [0, 0, 0],
							"lerp_mode": "catmullrom"
						},
						"0.5": {
							"post": [1.5, 2.1, 0],
							"lerp_mode": "catmullrom"
						},
						"0.7917": {
							"post": [1.3, 2.1, 0],
							"lerp_mode": "catmullrom"
						},
						"1.0": {
							"post": [1.5, 2.1, 0],
							"lerp_mode": "catmullrom"
						},
						"1.5": {
							"post": [0.8, 2.9, 0],
							"lerp_mode": "catmullrom"
						},
						"2.0417": {
							"post": [0.8, 2.9, 0],
							"lerp_mode": "catmullrom"
						},
						"2.125": {
							"post": [1.4, 2.1, 0],
							"lerp_mode": "catmullrom"
						},
						"2.1667": {
							"post": [0.5, 2.1, 0],
							"lerp_mode": "catmullrom"
						},
						"2.2083": {
							"post": [1.1, 2.1, 0],
							"lerp_mode": "catmullrom"
						},
						"2.2917": {
							"post": [0.3, 2.1, 0],
							"lerp_mode": "catmullrom"
						},
						"2.5": {
							"post": [-0.5, -0.6, 0],
							"lerp_mode": "catmullrom"
						},
						"3.0": {
							"post": [0.1, -1.6, 0],
							"lerp_mode": "catmullrom"
						},
						"3.5": {
							"post": [-0.1, -1, 0],
							"lerp_mode": "catmullrom"
						},
						"4.0": {
							"post": [3.5, 0.8, 0],
							"lerp_mode": "catmullrom"
						},
						"4.4583": {
							"post": [3.5, 0.8, 0],
							"lerp_mode": "catmullrom"
						},
						"4.5": {
							"post": [-1.2, 0.8, 0],
							"lerp_mode": "catmullrom"
						},
						"4.5417": {
							"post": [1.7, 0.8, 0],
							"lerp_mode": "catmullrom"
						},
						"4.5833": {
							"post": [0, 0.8, 0],
							"lerp_mode": "catmullrom"
						},
						"4.7083": {
							"post": [1.2, 0.8, 0],
							"lerp_mode": "catmullrom"
						},
						"5.0": {
							"post": [1.5, 0.8, 0],
							"lerp_mode": "catmullrom"
						},
						"5.25": {
							"post": [-0.61, 0.85, 0],
							"lerp_mode": "catmullrom"
						},
						"5.5": {
							"post": [-0.8, 0.8, 0],
							"lerp_mode": "catmullrom"
						},
						"5.75": {
							"post": [0.49, 0.27, 0],
							"lerp_mode": "catmullrom"
						},
						"6.0": {
							"post": [0, 0, 0],
							"lerp_mode": "catmullrom"
						}
					}
				}
			},
			"sound_effects": {
				"0.0": {
					"effect": "ex:725/725_inspect"
				}
			}
		},
		"run": {
			"loop": true,
			"animation_length": 0.8,
			"bones": {
				"root": {
					"rotation": {
						"0.0": [-68.73, -5.5, -3.14],
						"0.05": [-68.99, -7.39, -3.57],
						"0.1": [-69.36, -9.11, -3.81],
						"0.15": [-69.45, -10.1, -3.75],
						"0.2": [-68.82, -9.82, -3.09],
						"0.25": [-67.92, -8.81, -2.13],
						"0.3": [-67.68, -8.15, -1.7],
						"0.35": [-68.9, -8.72, -2.46],
						"0.4": [-70.77, -9.63, -3.74],
						"0.45": [-71.87, -9.32, -4.34],
						"0.5": [-71.58, -7.25, -3.75],
						"0.55": [-70.7, -4.07, -2.59],
						"0.6": [-69.68, -1.04, -1.42],
						"0.65": [-68.98, 0.57, -0.8],
						"0.7": [-68.67, -0.33, -1.21],
						"0.75": [-68.65, -3, -2.27],
						"0.8": [-68.73, -5.5, -3.14]
					},
					"position": {
						"0.0": [-3.64, -3.88, -1.94],
						"0.05": [-3.63, -4.02, -1.94],
						"0.1": [-3.66, -4.37, -1.94],
						"0.15": [-3.67, -4.73, -1.94],
						"0.2": [-3.64, -4.88, -1.94],
						"0.25": [-3.52, -4.68, -1.94],
						"0.3": [-3.34, -4.28, -1.94],
						"0.35": [-3.19, -3.89, -1.94],
						"0.4": [-3.14, -3.73, -1.94],
						"0.45": [-3.26, -3.97, -1.94],
						"0.5": [-3.5, -4.44, -1.94],
						"0.55": [-3.74, -4.92, -1.94],
						"0.6": [-3.89, -5.14, -1.94],
						"0.65": [-3.89, -4.96, -1.94],
						"0.7": [-3.81, -4.54, -1.94],
						"0.75": [-3.71, -4.1, -1.94],
						"0.8": [-3.64, -3.88, -1.94]
					}
				},
				"lefthand_pos": {
					"position": [-14, -25, 15.5],
					"scale": 0
				},
				"camera": {
					"rotation": {
						"0.0": [0, 0, 0],
						"0.05": [0.09, 0, 0.15],
						"0.1": [0.13, 0, 0.25],
						"0.15": [-0.07, 0, 0.07],
						"0.2": [-0.25, 0, -0.12],
						"0.25": [-0.15, 0, -0.09],
						"0.3": [0, 0, 0],
						"0.35": [0.02, 0, 0.02],
						"0.4": [0, 0, 0],
						"0.45": [-0.01, 0, -0.08],
						"0.5": [0, 0, -0.12],
						"0.55": [0.08, 0, 0],
						"0.6": [0.13, 0, 0.13],
						"0.65": [0, 0, 0.08],
						"0.7": [-0.12, 0, 0],
						"0.75": [-0.09, 0, -0.02],
						"0.8": [0, 0, 0]
					}
				}
			}
		},
		"run_start": {
			"animation_length": 0.55,
			"bones": {
				"root": {
					"rotation": {
						"0.0": [0, 0, 0],
						"0.05": [2.8, -0.48, 3.97],
						"0.1": [5.79, -1.19, 9.23],
						"0.15": [1.73, -2.05, 11.57],
						"0.2": [-10.48, -2.9, 9.39],
						"0.25": [-28.47, -3.91, 4.94],
						"0.3": [-46.79, -4.85, 0.12],
						"0.35": [-59.98, -5.5, -3.14],
						"0.4": [-66.1, -5.75, -4.18],
						"0.45": [-68.22, -5.72, -4.06],
						"0.5": [-68.4, -5.59, -3.49],
						"0.55": [-68.73, -5.5, -3.14]
					},
					"position": {
						"0.0": [0, 0, 0],
						"0.05": [0.06, -0.64, -0.32],
						"0.1": [0.17, -1.58, -0.79],
						"0.15": [0.17, -2.215, -1.22],
						"0.2": [-0.09, -2.805, -1.45],
						"0.25": [-1.13, -3.125, -1.605],
						"0.3": [-2.54, -3.335, -1.705],
						"0.35": [-3.57, -3.465, -1.685],
						"0.4": [-3.83, -3.615, -1.795],
						"0.45": [-3.82, -3.72, -1.86],
						"0.5": [-3.71, -3.78, -1.89],
						"0.55": [-3.64, -3.88, -1.94]
					}
				},
				"lefthand_pos": {
					"position": {
						"0.0": [0, 0, 0],
						"0.1": [-7.17, -3.67, 0],
						"0.2": [-11.83, -12.08, 2],
						"0.3": [-14, -25, 15.5]
					},
					"scale": {
						"0.2": [1, 1, 1],
						"0.3": [0, 0, 0]
					}
				},
				"camera": {
					"rotation": {
						"0.0": {
							"post": [0, 0, 0],
							"lerp_mode": "catmullrom"
						},
						"0.1": {
							"post": [0.75, 0, -0.5],
							"lerp_mode": "catmullrom"
						},
						"0.2": {
							"post": [-0.25, 0, 0.1875],
							"lerp_mode": "catmullrom"
						},
						"0.3": {
							"post": [0, 0, 0],
							"lerp_mode": "catmullrom"
						},
						"0.4": {
							"post": [0, 0, 0],
							"lerp_mode": "catmullrom"
						}
					}
				}
			}
		},
		"run_hold": {
			"animation_length": 0.2917,
			"bones": {
				"root": {
					"rotation": [-68.73, -5.5, -3.14],
					"position": [-3.64, -3.88, -1.94]
				},
				"lefthand_pos": {
					"position": [-14, -25, 15.5],
					"scale": 0
				}
			}
		},
		"run_end": {
			"animation_length": 0.65,
			"bones": {
				"root": {
					"rotation": {
						"0.0": [-68.73, -5.5, -3.14],
						"0.05": [-55.61, -4.21, 0.37],
						"0.1": [-36.44, -2.32, 5.59],
						"0.15": [-17.16, -0.44, 10.34],
						"0.2": [-3.66, 0.81, 12.47],
						"0.25": [1.72, 1.17, 10.52],
						"0.3": [2.4, 1, 5.92],
						"0.35": [1.03, 0.62, 0.91],
						"0.4": [0.28, 0.35, -2.3],
						"0.45": [0.49, 0.21, -2.71],
						"0.5": [0.23, 0.09, -1.23],
						"0.55": [0, 0, 0],
						"0.6": [-0.02, -0.02, 0.14],
						"0.65": [0, 0, 0]
					},
					"position": {
						"0.0": [-3.64, -3.88, -1.94],
						"0.05": [-2.73, -3.41, -1.81],
						"0.1": [-1.47, -2.905, -1.66],
						"0.15": [-0.5, -2.5, -1.45],
						"0.2": [-0.17, -1.935, -1.14],
						"0.25": [-0.04, -1.17, -0.76],
						"0.3": [-0.01, -0.24, -0.23],
						"0.35": [0.02, 0.37, 0.3],
						"0.4": [0.06, 0.47, 0.4],
						"0.45": [0.05, 0.22, 0.18],
						"0.5": [0.03, 0.01, -0.01],
						"0.55": [0.02, -0.02, -0.03],
						"0.6": [0.01, -0.01, -0.01],
						"0.65": [0, 0, 0]
					}
				},
				"camera": {
					"rotation": {
						"0.25": {
							"pre": [0, 0, 0],
							"post": [0, 0, 0],
							"lerp_mode": "catmullrom"
						},
						"0.3": {
							"post": [0, 0, 0.3],
							"lerp_mode": "catmullrom"
						},
						"0.35": {
							"post": [0, 0, -0.125],
							"lerp_mode": "catmullrom"
						},
						"0.45": {
							"post": [0, 0, 0],
							"lerp_mode": "catmullrom"
						}
					}
				},
				"lefthand_pos": {
					"position": {
						"0.0": [-14, -25, 15.5],
						"0.1": [-11.83, -12.08, 2],
						"0.2": [-7.17, -3.67, 0],
						"0.3": [0, 0, 0]
					},
					"scale": {
						"0.15": [0, 0, 0],
						"0.2": [1, 1, 1]
					}
				}
			}
		}
	},
	"geckolib_format_version": 2
}