{
	"format_version": "1.8.0",
	"animations": {
		"static_idle": {
			"loop": true,
			"bones": {
				"lefthand": {
					"rotation": [-264.10279, -35.92654, 229.9763],
					"position": [6.35, -16.12, -5.825],
					"scale": [1, 1.5, 1]
				},
				"righthand": {
					"rotation": [89.79471, -0.3964, -174.08674],
					"position": [-6.325, -14.325, 18],
					"scale": [1, 1.5, 1]
				},
				"constraint": {
					"rotation": [0.25, 0.3, 0.25],
					"position": [0.15, 0.15, 0.15]
				}
			}
		},
		"reload_intro_empty": {
			"animation_length": 1.4,
			"bones": {
				"lefthand": {
					"rotation": {
						"0.0": [-264.10279, -35.92654, 229.9763],
						"0.1333": [-264.8873, -20.99459, 231.60848],
						"0.2333": [-339.46111, -22.28847, 283.59012],
						"0.2667": [-339.46111, -22.28847, 283.59012],
						"0.4": [-339.46111, -22.28847, 283.59012],
						"0.4333": [-356.23294, -4.39461, 265.50662],
						"0.5": [-356.23294, -4.39461, 265.50662],
						"0.5667": [-356.23294, -4.39461, 265.50662],
						"0.6667": [-354.60716, 3.27899, 304.33611],
						"0.7333": [-353.72668, 0.67083, 329.4684],
						"0.7667": [-353.70185, 0.36969, 332.20197],
						"0.8": [-346.70453, -5.18883, 316.62923],
						"0.8667": [-339.46111, -22.28847, 283.59012],
						"0.9333": [-339.46111, -22.28847, 283.59012],
						"0.9667": [-339.46111, -22.28847, 283.59012],
						"1.0667": [-339.46111, -22.28847, 283.59012],
						"1.1667": [-286.1051, -30.37143, 255.49178],
						"1.3333": [-274.17164, -14.30333, 243.04479],
						"1.4": [-281.4155, -34.74463, 259.47659]
					},
					"position": {
						"0.0": [6.35, -16.12, -5.825],
						"0.1333": [7.35, -13.525, -10],
						"0.2333": [6.36668, -13.58285, -9.27732],
						"0.2667": [6.36668, -13.58285, -9.27732],
						"0.3333": [7.35, -13.52, -6],
						"0.4": [7.35, -13.52, -6],
						"0.4333": [10.88679, -14.17482, 2.24414],
						"0.5": [10.88679, -21.17482, 13.24414],
						"0.5667": [5.88679, -17.17482, 11.24414],
						"0.6": [5.60893, -15.03775, 11.02842],
						"0.6667": [4.65893, -13.33775, 11.02842],
						"0.7333": [4.38393, -11.66275, 11.02842],
						"0.7667": [4.70893, -11.48775, 11.02842],
						"0.8": [5.60893, -15.03775, 6.52842],
						"0.8333": [5.90524, -16.59553, 2.06434],
						"0.8667": [6.36668, -15.70785, -0.07732],
						"0.9333": [6.36668, -15.70785, -0.07732],
						"0.9667": [6.36668, -15.70785, -8.07732],
						"1.0667": [6.36668, -15.70785, -8.07732],
						"1.1667": [7.20324, -23.87839, -5.31426],
						"1.2667": [7.38186, -25.02495, -1.74937],
						"1.3333": [5.3708, -20.86339, 0.58494],
						"1.4": [4.705, -14.59, 4.66]
					},
					"scale": [1, 1.5, 1]
				},
				"righthand": {
					"rotation": [89.79471, -0.3964, -174.08674],
					"position": [-6.325, -14.325, 18],
					"scale": [1, 1.5, 1]
				},
				"root": {
					"rotation": {
						"0.0": {
							"post": [0, 0, 0],
							"lerp_mode": "catmullrom"
						},
						"0.1": {
							"post": [-2.97883, -1.63186, 7.09442],
							"lerp_mode": "catmullrom"
						},
						"0.2333": {
							"post": [-10.60168, 9.07381, 70.07807],
							"lerp_mode": "catmullrom"
						},
						"0.3": {
							"post": [-10.15544, 11.57941, 75.68893],
							"lerp_mode": "catmullrom"
						},
						"0.3333": {
							"post": [-12.91339, 10.76677, 73.59409],
							"lerp_mode": "catmullrom"
						},
						"0.3667": {
							"post": [-12.7435, 7.86811, 65.93221],
							"lerp_mode": "catmullrom"
						},
						"0.4333": {
							"post": [-11.68119, 7.19476, 65.82246],
							"lerp_mode": "catmullrom"
						},
						"0.5": {
							"post": [-11.17025, 4.79701, 61.70742],
							"lerp_mode": "catmullrom"
						},
						"0.6": {
							"post": [-11.53947, 3.81198, 56.79147],
							"lerp_mode": "catmullrom"
						},
						"0.7": {
							"post": [-11.71972, 3.20709, 53.84755],
							"lerp_mode": "catmullrom"
						},
						"0.7667": {
							"post": [-9.26927, 5.8363, 60.52121],
							"lerp_mode": "catmullrom"
						},
						"0.8333": {
							"post": [-10.29769, 7.03978, 66.94953],
							"lerp_mode": "catmullrom"
						},
						"0.9": {
							"post": [-10.563, 6.63238, 64.72087],
							"lerp_mode": "catmullrom"
						},
						"0.9333": {
							"post": [-12.25427, 6.11844, 70.50464],
							"lerp_mode": "catmullrom"
						},
						"0.9667": {
							"post": [-12.66573, 5.20106, 66.33445],
							"lerp_mode": "catmullrom"
						},
						"1.0667": {
							"post": [-12.66573, 5.20106, 58.75945],
							"lerp_mode": "catmullrom"
						},
						"1.1667": {
							"post": [-6.95, 0.04, 40.345],
							"lerp_mode": "catmullrom"
						},
						"1.2667": {
							"post": [-9.25, 0.85, 33.925],
							"lerp_mode": "catmullrom"
						},
						"1.4": {
							"post": [-40.998, 8.91568, 44.45471],
							"lerp_mode": "catmullrom"
						}
					},
					"position": {
						"0.0": {
							"post": [0, 0, 0],
							"lerp_mode": "catmullrom"
						},
						"0.0667": {
							"post": [0.625, -0.6, 0],
							"lerp_mode": "catmullrom"
						},
						"0.1333": {
							"post": [1.27, -1.195, 0],
							"lerp_mode": "catmullrom"
						},
						"0.2": {
							"post": [2.155, -0.775, 0],
							"lerp_mode": "catmullrom"
						},
						"0.3": {
							"post": [3.03, -1.3, 0],
							"lerp_mode": "catmullrom"
						},
						"0.3333": {
							"post": [3.01, -1.225, 0],
							"lerp_mode": "catmullrom"
						},
						"0.3667": {
							"post": [3.01, -1.145, 0],
							"lerp_mode": "catmullrom"
						},
						"0.4667": {
							"post": [2.91, -0.89, 0],
							"lerp_mode": "catmullrom"
						},
						"0.5667": {
							"post": [2.96, -0.815, 0],
							"lerp_mode": "catmullrom"
						},
						"0.6667": {
							"post": [3.085, -0.97, 0],
							"lerp_mode": "catmullrom"
						},
						"0.7333": {
							"post": [3.09, -1.145, 0],
							"lerp_mode": "catmullrom"
						},
						"0.9": {
							"post": [3.09, -1.315, 0],
							"lerp_mode": "catmullrom"
						},
						"0.9333": {
							"post": [3.09, -0.965, 0],
							"lerp_mode": "catmullrom"
						},
						"0.9667": {
							"post": [3.09, -1.045, 0],
							"lerp_mode": "catmullrom"
						},
						"1.0667": {
							"post": [3.09, -1.42, 0],
							"lerp_mode": "catmullrom"
						},
						"1.1667": {
							"post": [3.89, -1.255, 0.03],
							"lerp_mode": "catmullrom"
						},
						"1.2667": {
							"post": [5.425, -0.3, 1.975],
							"lerp_mode": "catmullrom"
						},
						"1.4": {
							"post": [6.06, 2.49, 5.46],
							"lerp_mode": "catmullrom"
						}
					}
				},
				"constraint": {
					"rotation": [0.05, 0.05, 0.05],
					"position": [0.1, 0.1, 0.1]
				},
				"camera": {
					"rotation": {
						"0.0": {
							"post": [0, 0, 0],
							"lerp_mode": "catmullrom"
						},
						"0.1": {
							"post": [-0.62, 0.0625, 0.03],
							"lerp_mode": "catmullrom"
						},
						"0.2": {
							"post": [-0.535, -0.3975, 0.06],
							"lerp_mode": "catmullrom"
						},
						"0.3667": {
							"post": [1.7, 0.6425, -0.005],
							"lerp_mode": "catmullrom"
						},
						"0.4333": {
							"post": [2.065, 0.67, 0.525],
							"lerp_mode": "catmullrom"
						},
						"0.4667": {
							"post": [2.1275, 0.67, -0.32],
							"lerp_mode": "catmullrom"
						},
						"0.5667": {
							"post": [2.1275, 0.67, 0.5175],
							"lerp_mode": "catmullrom"
						},
						"0.6": {
							"post": [2.1275, 0.67, -0.015],
							"lerp_mode": "catmullrom"
						},
						"0.7": {
							"post": [1.7425, 1.3675, -0.085],
							"lerp_mode": "catmullrom"
						},
						"0.8": {
							"post": [2.7025, 1.46, -0.04],
							"lerp_mode": "catmullrom"
						},
						"0.9": {
							"post": [2.7025, 1.7925, -0.03],
							"lerp_mode": "catmullrom"
						},
						"1.0": {
							"post": [2.7075, 1.8125, -0.05],
							"lerp_mode": "catmullrom"
						},
						"1.0667": {
							"post": [2.7075, 1.8225, -0.53],
							"lerp_mode": "catmullrom"
						},
						"1.1": {
							"post": [2.7075, 1.8325, 0.47],
							"lerp_mode": "catmullrom"
						},
						"1.1667": {
							"post": [2.6975, 1.8825, -0.52],
							"lerp_mode": "catmullrom"
						},
						"1.2": {
							"post": [2.6925, 1.74, -0.04],
							"lerp_mode": "catmullrom"
						},
						"1.2333": {
							"post": [2.6925, -0.01, -0.3175],
							"lerp_mode": "catmullrom"
						},
						"1.2667": {
							"post": [0.3075, 0.1875, 0.6925],
							"lerp_mode": "catmullrom"
						},
						"1.3": {
							"post": [0.255, 0.37, 0.78],
							"lerp_mode": "catmullrom"
						},
						"1.3333": {
							"post": [1.3025, 0.44, 0.76],
							"lerp_mode": "catmullrom"
						},
						"1.4": {
							"post": [1.125, 0.5, 0.75],
							"lerp_mode": "catmullrom"
						}
					}
				},
				"bullet": {
					"rotation": {
						"0.0": [0, 0, 0],
						"0.1667": [0, 0, 0],
						"0.6": [0, 0, 0],
						"0.6333": [1.11804, -12.67075, -49.88733],
						"0.7": [2.64121, -3.64337, -29.59169],
						"0.7667": [-10, 0, 0],
						"0.9333": [-10, 0, 0],
						"0.9667": [0, 0, 0],
						"1.4": [0, 0, 0]
					},
					"position": {
						"0.0": [0, 0, 0],
						"0.1667": [0, 0, 0],
						"0.5": [3.06995, -6.37373, 5.30275],
						"0.5667": [-0.82984, -3.21832, 3.97737],
						"0.6": [-2.175, -0.9, 3.15],
						"0.6333": [-1.065, -0.97, 2.805],
						"0.7": [-0.81, 1.605, 2.92],
						"0.7667": [0, 1.21, 2.86],
						"0.9333": [0, 1.21, 2.86],
						"0.9667": [0, 1.575, -0.525],
						"1.4": [0, 1.575, -0.525]
					},
					"scale": {
						"0.0": [0, 0, 0],
						"0.4667": [0, 0, 0],
						"0.5": [1, 1, 1],
						"0.9667": [1, 1, 1],
						"1.0": [0, 0, 0]
					}
				},
				"spas12_pump": {
					"position": {
						"0.3": [0, 0, 0],
						"0.3333": [0, 0, 3.25],
						"0.9333": [0, 0, 3.25],
						"0.9667": [0, 0, 0]
					}
				},
				"charginghandle": {
					"position": {
						"0.3": [0, 0, 0],
						"0.3333": [0, 0, 4],
						"0.9333": [0, 0, 4],
						"0.9667": [0, 0, 0]
					}
				},
				"bone": {
					"rotation": {
						"1.3667": [0, 0, 0],
						"1.4": [0, 15, 0]
					}
				},
				"bullet_in_barrel": {
					"scale": {
						"0.0": [0, 0, 0],
						"0.9333": [0, 0, 0],
						"0.9667": [1, 1, 1]
					}
				},
				"bullet_in_mag": {
					"scale": {
						"0.0": [0, 0, 0],
						"0.9333": [0, 0, 0],
						"0.9667": [1, 1, 1]
					}
				}
			},
			"sound_effects": {
				"0.0": {
					"effect": "ex:spas12/spas12_reload_empty"
				}
			}
		},
		"reload_intro": {
			"loop": "hold_on_last_frame",
			"animation_length": 0.4,
			"bones": {
				"lefthand": {
					"rotation": {
						"0.0": [-264.10279, -35.92654, 229.9763],
						"0.1": [-264.1, -35.93, 229.98],
						"0.2": [-267.74082, -36.28612, 236.15418],
						"0.2333": [-273.61593, -36.19112, 246.07646],
						"0.3": [-281.4155, -34.74463, 259.47659]
					},
					"position": {
						"0.0": [6.35, -16.12, -5.825],
						"0.0667": [6.35, -16.12, -5.22],
						"0.1333": [6.025, -17.37, 0.58],
						"0.2": [5.28, -17.37, 2.98],
						"0.2333": [5.03, -16.495, 3.455],
						"0.3": [4.705, -14.59, 4.66]
					},
					"scale": [1, 1.5, 1]
				},
				"righthand": {
					"rotation": {
						"0.0": [89.79471, -0.3964, -174.08674],
						"0.2667": [89.79471, -0.3964, -174.08674],
						"0.4": [103.79471, -0.3964, -174.08674]
					},
					"position": {
						"0.0": [-6.325, -14.325, 18],
						"0.2667": [-6.325, -14.325, 18],
						"0.4": [-9.645, -20.27, 24.4]
					},
					"scale": [1, 1.5, 1]
				},
				"root": {
					"rotation": {
						"0.0": [0, 0, 0],
						"0.0667": [-3.6, -1.1, 11.75],
						"0.1": {
							"pre": [-12.675, -4.175, 19.025],
							"post": [-12.675, -4.175, 19.025],
							"lerp_mode": "catmullrom"
						},
						"0.2": [-26.53402, 0.141, 32.83066],
						"0.2667": [-34.35902, 0.141, 37.23066],
						"0.3": [-36.93402, 0.141, 37.23066],
						"0.3333": [-37.33, 1.34, 38.43],
						"0.3667": {
							"pre": [-36.875, 2.32, 39.91],
							"post": [-36.875, 2.32, 39.91],
							"lerp_mode": "catmullrom"
						},
						"0.4": [-40.998, 8.91568, 44.45471]
					},
					"position": {
						"0.0": [0, 0, 0],
						"0.0667": {
							"pre": [1.675, 0.4, 0.5],
							"post": [1.675, 0.4, 0.5],
							"lerp_mode": "catmullrom"
						},
						"0.2": [4.88, 2.38, 3.075],
						"0.2667": {
							"pre": [5.98, 2.58, 4.68],
							"post": [5.98, 2.58, 4.68],
							"lerp_mode": "catmullrom"
						},
						"0.3333": {
							"post": [5.88, 1.85, 5.65],
							"lerp_mode": "catmullrom"
						},
						"0.4": [6.06, 2.49, 5.46]
					}
				},
				"constraint": {
					"rotation": [0.05, 0.05, 0.05],
					"position": [0.1, 0.1, 0.1]
				},
				"camera": {
					"rotation": {
						"0.0": {
							"post": [0, 0, 0],
							"lerp_mode": "catmullrom"
						},
						"0.0667": {
							"post": [-1.2, -0.85, -1],
							"lerp_mode": "catmullrom"
						},
						"0.1333": {
							"post": [-1.4, -0.95, -1.25],
							"lerp_mode": "catmullrom"
						},
						"0.2": {
							"post": [-0.8, -0.3, -1.25],
							"lerp_mode": "catmullrom"
						},
						"0.2667": {
							"post": [-1.4, 0.1, -1.25],
							"lerp_mode": "catmullrom"
						},
						"0.3333": {
							"post": [0, 0, -1.25],
							"lerp_mode": "catmullrom"
						},
						"0.4": {
							"post": [0, 0, -0.25],
							"lerp_mode": "catmullrom"
						}
					}
				},
				"bullet": {
					"scale": 0
				},
				"bone": {
					"rotation": {
						"0.2667": [0, 0, 0],
						"0.3": [0, 15, 0]
					}
				}
			},
			"sound_effects": {
				"0.0": {
					"effect": "ex:spas12/spas12_reload_raise"
				}
			}
		},
		"reload_loop": {
			"loop": true,
			"animation_length": 0.4,
			"bones": {
				"lefthand": {
					"rotation": [-281.4155, -34.74463, 259.47659],
					"position": [4.705, -14.59, 4.66],
					"scale": [1, 1.5, 1]
				},
				"righthand": {
					"rotation": {
						"0.0": [103.79471, -0.3964, -174.08674],
						"0.0667": [110.79471, -0.3964, -174.08674],
						"0.1": [114.54471, -0.3964, -174.08674],
						"0.1667": [117.04471, -0.3964, -174.08674],
						"0.2": [120.04471, -0.3964, -174.08674],
						"0.3": [103.79471, -0.3964, -174.08674]
					},
					"position": {
						"0.0": [-9.645, -20.27, 24.4],
						"0.0667": [-7.42, -16.595, 15.6],
						"0.1": [-6.045, -16.315, 12.375],
						"0.1667": [-5.665, -15.72, 10.58],
						"0.2": [-5.66, -15.72, 10.155],
						"0.2333": [-5.66, -15.72, 9.05],
						"0.3": [-9.645, -20.27, 24.4]
					},
					"scale": [1, 1.5, 1]
				},
				"root": {
					"rotation": {
						"0.0": {
							"post": [-40.998, 8.91568, 44.45471],
							"lerp_mode": "catmullrom"
						},
						"0.0667": {
							"post": [-40.45298, 11.53043, 47.53],
							"lerp_mode": "catmullrom"
						},
						"0.1333": {
							"post": [-39.94194, 13.46649, 49.87704],
							"lerp_mode": "catmullrom"
						},
						"0.1667": {
							"post": [-37.94, 13.47, 49.88],
							"lerp_mode": "catmullrom"
						},
						"0.2": {
							"post": [-38.39664, 11.3262, 49.83262],
							"lerp_mode": "catmullrom"
						},
						"0.2333": {
							"post": [-42.39664, 8.9762, 47.93262],
							"lerp_mode": "catmullrom"
						},
						"0.3": {
							"post": [-44.34055, 7.0581, 46.50688],
							"lerp_mode": "catmullrom"
						},
						"0.3333": {
							"post": [-44.62702, 6.6909, 46.80874],
							"lerp_mode": "catmullrom"
						},
						"0.4": {
							"post": [-40.998, 8.91568, 44.45471],
							"lerp_mode": "catmullrom"
						}
					},
					"position": {
						"0.0": {
							"post": [6.06, 2.49, 5.46],
							"lerp_mode": "catmullrom"
						},
						"0.0667": {
							"post": [6.06, 2.49, 5.46],
							"lerp_mode": "catmullrom"
						},
						"0.1333": {
							"post": [6.16, 2.19, 5.66],
							"lerp_mode": "catmullrom"
						},
						"0.1667": {
							"post": [6.26, 1.89, 5.66],
							"lerp_mode": "catmullrom"
						},
						"0.2": {
							"post": [6.26, 1.915, 5.66],
							"lerp_mode": "catmullrom"
						},
						"0.2333": {
							"post": [6.22, 2.31, 5.62],
							"lerp_mode": "catmullrom"
						},
						"0.3": {
							"post": [6.17, 2.39, 5.57],
							"lerp_mode": "catmullrom"
						},
						"0.4": {
							"post": [6.06, 2.49, 5.46],
							"lerp_mode": "catmullrom"
						}
					}
				},
				"bullet": {
					"rotation": {
						"0.0333": [0, 0, 0],
						"0.0667": [-12, 0, 0],
						"0.1": [-12.5, 0, 0],
						"0.1333": [-12.5, 0, 0]
					},
					"position": {
						"0.0333": [0, 0, 0],
						"0.0667": [-1.4, -2.3, 6.45],
						"0.1": [-0.095, -1.44, 3.63],
						"0.1333": [0, 0, 0]
					},
					"scale": {
						"0.0667": [0, 0, 0],
						"0.1": [1, 1, 1]
					}
				},
				"constraint": {
					"rotation": [0.05, 0.05, 0.05],
					"position": [0.1, 0.1, 0.1]
				},
				"panel": {
					"rotation": {
						"0.1": [0, 0, 0],
						"0.1333": [-9, 0, 0],
						"0.2333": [-15, 0, 0],
						"0.2667": [0, 0, 0],
						"0.3": [3, 0, 0],
						"0.3667": [0, 0, 0]
					},
					"position": [0, 0, 0]
				},
				"camera": {
					"rotation": {
						"0.0": {
							"post": [0, 0, -0.25],
							"lerp_mode": "catmullrom"
						},
						"0.0667": {
							"post": [0, 0, -0.75],
							"lerp_mode": "catmullrom"
						},
						"0.1": {
							"post": [0, 0.1, -0.68],
							"lerp_mode": "catmullrom"
						},
						"0.1333": {
							"post": [0, -0.1, -0.05],
							"lerp_mode": "catmullrom"
						},
						"0.1667": {
							"post": [0, 0.1, -0.95],
							"lerp_mode": "catmullrom"
						},
						"0.2": {
							"post": [0, -0.1, -0.35],
							"lerp_mode": "catmullrom"
						},
						"0.3": {
							"post": [0, 0.1, -0.87],
							"lerp_mode": "catmullrom"
						},
						"0.4": {
							"post": [0, 0, -0.25],
							"lerp_mode": "catmullrom"
						}
					}
				},
				"bone": {
					"rotation": [0, 15, 0]
				}
			},
			"sound_effects": {
				"0.0": {
					"effect": "ex:spas12/spas12_shell_insert"
				}
			}
		},
		"reload_end": {
			"loop": "hold_on_last_frame",
			"animation_length": 0.6,
			"bones": {
				"lefthand": {
					"rotation": {
						"0.0": [-281.4155, -34.74463, 259.47659],
						"0.2": [-264.10279, -35.92654, 229.9763]
					},
					"position": {
						"0.0": [4.705, -14.59, 4.66],
						"0.2": [6.35, -16.12, -5.825]
					},
					"scale": [1, 1.5, 1]
				},
				"righthand": {
					"rotation": {
						"0.0": [103.79471, -0.3964, -174.08674],
						"0.1": [89.79471, -0.3964, -174.08674]
					},
					"position": {
						"0.0": [-9.645, -20.27, 24.4],
						"0.1": [-6.325, -14.325, 18]
					},
					"scale": [1, 1.5, 1]
				},
				"root": {
					"rotation": {
						"0.0": {
							"post": [-40.998, 8.91568, 44.45471],
							"lerp_mode": "catmullrom"
						},
						"0.0333": {
							"post": [-38.8, -6.78, 31.45],
							"lerp_mode": "catmullrom"
						},
						"0.1": {
							"post": [-9.9, -13.68, 17.45],
							"lerp_mode": "catmullrom"
						},
						"0.1667": {
							"post": [4.2, -11.98, 9.45],
							"lerp_mode": "catmullrom"
						},
						"0.2667": {
							"post": [11.2, -6.28, 12.95],
							"lerp_mode": "catmullrom"
						},
						"0.3333": {
							"post": [8, 0.32, 12.95],
							"lerp_mode": "catmullrom"
						},
						"0.3667": {
							"post": [4, 3.42, 9.05],
							"lerp_mode": "catmullrom"
						},
						"0.4": {
							"post": [-0.4, 3.69, 5.26],
							"lerp_mode": "catmullrom"
						},
						"0.4333": {
							"post": [-2.55, 3.5, 2.045],
							"lerp_mode": "catmullrom"
						},
						"0.4667": {
							"post": [-3.55, 3.16, -0.24],
							"lerp_mode": "catmullrom"
						},
						"0.5": {
							"post": [-3.23, 2.18, -1.55],
							"lerp_mode": "catmullrom"
						},
						"0.5667": {
							"post": [-0.81, 1.03, -1.48],
							"lerp_mode": "catmullrom"
						},
						"0.6": {
							"post": [0, 0, 0],
							"lerp_mode": "catmullrom"
						}
					},
					"position": {
						"0.0": {
							"post": [6.06, 2.49, 5.46],
							"lerp_mode": "catmullrom"
						},
						"0.0667": {
							"post": [5.46, 1.49, 4.66],
							"lerp_mode": "catmullrom"
						},
						"0.1333": {
							"post": [4.26, -0.31, 3.36],
							"lerp_mode": "catmullrom"
						},
						"0.2": {
							"post": [2.86, -1.31, 2.16],
							"lerp_mode": "catmullrom"
						},
						"0.2667": {
							"post": [0.76, -1.76, 0.96],
							"lerp_mode": "catmullrom"
						},
						"0.3333": {
							"post": [0, -1.21, 0.2],
							"lerp_mode": "catmullrom"
						},
						"0.4333": {
							"post": [0, -0.01, -0.3],
							"lerp_mode": "catmullrom"
						},
						"0.5": {
							"post": [0, 0.23, 1.08],
							"lerp_mode": "catmullrom"
						},
						"0.5333": {
							"post": [0, 0.22, 0.49],
							"lerp_mode": "catmullrom"
						},
						"0.6": {
							"post": [0, 0, 0],
							"lerp_mode": "catmullrom"
						}
					}
				},
				"bullet": {
					"rotation": [0, 0, 0],
					"position": [0, 1.575, -0.525],
					"scale": 0
				},
				"constraint": {
					"rotation": [0.05, 0.05, 0.05],
					"position": [0.1, 0.1, 0.1]
				},
				"camera": {
					"rotation": {
						"0.0333": {
							"pre": [0, 0, -0.25],
							"post": [0, 0, -0.25],
							"lerp_mode": "catmullrom"
						},
						"0.1": {
							"post": [0, -0.1, -0.65],
							"lerp_mode": "catmullrom"
						},
						"0.2": {
							"post": [0, 0.4, 0.25],
							"lerp_mode": "catmullrom"
						},
						"0.2667": {
							"post": [0, -0.3, 0.67],
							"lerp_mode": "catmullrom"
						},
						"0.3333": {
							"post": [0, 0.3, 0.75],
							"lerp_mode": "catmullrom"
						},
						"0.4": {
							"post": [0, -0.15, 0.38],
							"lerp_mode": "catmullrom"
						},
						"0.4333": {
							"post": [0, 0.2, -0.05],
							"lerp_mode": "catmullrom"
						},
						"0.5": {
							"post": [0, 0.06, -0.04],
							"lerp_mode": "catmullrom"
						},
						"0.6": {
							"post": [0, 0, 0],
							"lerp_mode": "catmullrom"
						}
					}
				},
				"bone": {
					"rotation": {
						"0.0": [0, 15, 0],
						"0.1": [0, 0, 0]
					}
				}
			},
			"sound_effects": {
				"0.0": {
					"effect": "ex:spas12/spas12_reload_end"
				}
			}
		},
		"shoot": {
			"animation_length": 0.75,
			"bones": {
				"root": {
					"rotation": {
						"0.0": [0, 0, 0],
						"0.0417": [-1.78, 0.11, 8.12],
						"0.0833": [-2.3, -0.08, -2.55],
						"0.125": [-2.37, -0.06, -1.37],
						"0.1667": [-2.4, -0.01, 0.93],
						"0.2083": [-2.48, 0.03, 0.29],
						"0.25": [-2.51, 0.06, -0.71],
						"0.2917": [-2.46, 0.07, -0.51],
						"0.3333": [-2.15, 0.06, -0.11],
						"0.375": [-1.74, 0.06, -0.06],
						"0.4167": [-1.17, 0.05, -0.07],
						"0.4583": [-0.61, 0.04, -0.09],
						"0.5": [-0.21, 0.03, -0.09],
						"0.5417": [-0.06, 0.02, -0.08],
						"0.5833": [0.01, 0.02, -0.06],
						"0.625": [0.01, 0.01, -0.03],
						"0.6667": [0, 0, -0.01],
						"0.7083": [0, 0, 0]
					},
					"position": {
						"0.0": [0, 0, 0],
						"0.0417": [0, -0.09, 3.75],
						"0.0833": [0, 0.32, 3.76],
						"0.125": [0, 0.74, 3.14],
						"0.1667": [0, 0.73, 1.84],
						"0.2083": [0, 0.61, 1],
						"0.25": [0, 0.42, 0.27],
						"0.2917": [0, 0.32, 0.11],
						"0.3333": [0, 0.19, 0.01],
						"0.375": [0, 0.06, -0.06],
						"0.4167": [0, -0.05, -0.09],
						"0.4583": [0, -0.12, -0.12],
						"0.5": [0, -0.13, -0.13],
						"0.5417": [0, -0.12, -0.11],
						"0.5833": [0, -0.09, -0.08],
						"0.625": [0, -0.05, -0.05],
						"0.6667": [0, -0.02, -0.02],
						"0.7083": [0, 0, 0]
					}
				},
				"shotgunshell": {
					"rotation": [0, 0, 0],
					"position": [0, 0, 0]
				},
				"charginghandle2": {
					"position": {
						"0.0": [0, 0, 0],
						"0.0417": [0, 0, 3.94],
						"0.1667": [0, 0, 0],
						"0.25": [0, 0, 0.3],
						"0.3333": [0, 0, 0]
					}
				},
				"camera": {
					"rotation": {
						"0.0": [0, 0, 0],
						"0.0417": [-1.19, -0.09, 0.75],
						"0.0833": [-0.15, -0.03, 0.18],
						"0.125": [1.04, 0.05, -0.2],
						"0.1667": [-0.04, 0.06, -0.61],
						"0.2083": [-0.85, 0.05, -0.26],
						"0.25": [-0.12, 0.05, 0.12],
						"0.2917": [0.85, 0.05, 0.53],
						"0.3333": [0.73, 0.05, 0.38],
						"0.375": [0.33, 0.05, 0.03],
						"0.4167": [0.03, 0.05, -0.21],
						"0.4583": [-0.04, 0.04, -0.19],
						"0.5": [-0.01, 0.04, -0.07],
						"0.5417": [0.02, 0.04, 0.03],
						"0.5833": [0.02, 0.03, 0.04],
						"0.625": [0.01, 0.02, 0.03],
						"0.6667": [0, 0.01, 0.01],
						"0.7083": [0, 0, 0]
					},
					"position": [0, 0, 0]
				},
				"charginghandle": {
					"position": {
						"0.0": [0, 0, 0],
						"0.0417": [0, 0, 3.5],
						"0.125": [0, 0, 0],
						"0.1667": [0, 0, 0.3],
						"0.2083": [0, 0, 0]
					}
				},
				"trigger": {
					"rotation": {
						"0.0": [0, 0, 0],
						"0.0417": [22.5, 0, 0],
						"0.2083": [0, 0, 0]
					}
				}
			}
		},
		"bolt": {
			"animation_length": 0.8,
			"bones": {
				"lefthand": {
					"rotation": {
						"0.0": [-264.10279, -35.92654, 229.9763],
						"0.1": [-264.06511, -36.42388, 229.91246],
						"0.2333": [-264.06511, -36.42388, 229.91246],
						"0.3333": [-264.10279, -35.92654, 229.9763]
					},
					"position": {
						"0.0": [6.35, -16.12, -5.825],
						"0.1": [6.35, -16.12, -5.825],
						"0.1667": [6.35, -16.52, 0.3],
						"0.2667": [6.35, -16.52, 0.3],
						"0.3333": [6.35, -16.12, -5.825]
					},
					"scale": [1, 1.5, 1]
				},
				"righthand": {
					"rotation": [89.79471, -0.3964, -174.08674],
					"position": [-6.325, -14.325, 18],
					"scale": [1, 1.5, 1]
				},
				"root": {
					"rotation": {
						"0.0": {
							"post": [0, 0, 0],
							"lerp_mode": "catmullrom"
						},
						"0.0667": {
							"post": [0, 0, 1.5],
							"lerp_mode": "catmullrom"
						},
						"0.1": {
							"post": [-0.66146, 0.09724, 2.9697],
							"lerp_mode": "catmullrom"
						},
						"0.1667": {
							"post": [1.20864, -0.15998, -5.55692],
							"lerp_mode": "catmullrom"
						},
						"0.2333": {
							"post": [0.98181, -0.6625, 1.91405],
							"lerp_mode": "catmullrom"
						},
						"0.3667": {
							"post": [-1.71, -0.37, 1.88],
							"lerp_mode": "catmullrom"
						},
						"0.4333": {
							"post": [-1.55, -0.09, 1.15],
							"lerp_mode": "catmullrom"
						},
						"0.4667": {
							"post": [0.03185, -0.00802, -0.23047],
							"lerp_mode": "catmullrom"
						},
						"0.5333": {
							"post": [0.40114, 0.01284, 1.88038],
							"lerp_mode": "catmullrom"
						},
						"0.6333": {
							"post": [0.02586, -0.00005, -2.13929],
							"lerp_mode": "catmullrom"
						},
						"0.7667": {
							"post": [0, 0, 0],
							"lerp_mode": "catmullrom"
						}
					},
					"position": {
						"0.0": {
							"post": [0, 0, 0],
							"lerp_mode": "catmullrom"
						},
						"0.1": {
							"post": [0, -0.125, 0],
							"lerp_mode": "catmullrom"
						},
						"0.1667": [-0.05757, -0.39924, 0.1],
						"0.2667": [-0.15, -0.445, -0.11],
						"0.3": {
							"pre": [-0.15, -0.34, -0.185],
							"post": [-0.15, -0.34, -0.185],
							"lerp_mode": "catmullrom"
						},
						"0.4": {
							"post": [-0.15, -0.35, -0.25],
							"lerp_mode": "catmullrom"
						},
						"0.5": {
							"post": [-0.08, -0.25, -0.045],
							"lerp_mode": "catmullrom"
						},
						"0.6": {
							"post": [0, -0.125, 0.075],
							"lerp_mode": "catmullrom"
						},
						"0.7667": {
							"post": [0, 0, 0],
							"lerp_mode": "catmullrom"
						}
					}
				},
				"slide2": {
					"position": {
						"0.1": [0, 0, 0],
						"0.1667": [0, 0, 3.05],
						"0.4": [0, 0, 3.05],
						"0.4667": [0, 0, 0]
					}
				},
				"camera": {
					"rotation": {
						"0.0": {
							"post": [0, 0, 0],
							"lerp_mode": "catmullrom"
						},
						"0.0667": {
							"post": [0.4375, -0.03, 0],
							"lerp_mode": "catmullrom"
						},
						"0.1667": {
							"post": [0.4375, 0, 0],
							"lerp_mode": "catmullrom"
						},
						"0.2": {
							"post": [0.4375, 0.0275, -0.375],
							"lerp_mode": "catmullrom"
						},
						"0.2667": {
							"post": [0.4375, 0.0375, 0.5825],
							"lerp_mode": "catmullrom"
						},
						"0.3667": {
							"post": [0.4375, 0.0675, -0.46],
							"lerp_mode": "catmullrom"
						},
						"0.4667": {
							"post": [0.4375, 0.0875, 0.5475],
							"lerp_mode": "catmullrom"
						},
						"0.6": {
							"post": [-0.0625, 0, -0.1875],
							"lerp_mode": "catmullrom"
						},
						"0.6667": {
							"post": [-0.1875, -0.0925, 0],
							"lerp_mode": "catmullrom"
						},
						"0.7333": {
							"post": [0, 0, 0],
							"lerp_mode": "catmullrom"
						}
					}
				},
				"pump2": {
					"position": {
						"0.1": [0, 0, 0],
						"0.1667": [0, 0, 4],
						"0.2667": [0, 0, 4],
						"0.3333": [0, 0, 0]
					}
				},
				"charginghandle2": {
					"position": {
						"0.1": [0, 0, 0],
						"0.1667": [0, 0, 4],
						"0.2667": [0, 0, 4],
						"0.3333": [0, 0, 0]
					}
				},
				"spas12_pump": {
					"position": {
						"0.1": [0, 0, 0],
						"0.1667": [0, 0, 5],
						"0.2667": [0, 0, 5],
						"0.3333": [0, 0, 0]
					}
				},
				"charginghandle": {
					"position": {
						"0.1": [0, 0, 0],
						"0.1667": [0, 0, 4],
						"0.2667": [0, 0, 4],
						"0.3333": [0, 0, 0]
					}
				},
				"bullet_in_mag": {
					"rotation": {
						"0.1": [0, 0, 0],
						"0.1333": [0, 0, 0],
						"0.1667": [-25, 0, 0],
						"0.2": [-25, 0, 0],
						"0.2333": [-22.5, 0, 0],
						"0.3": [0, 0, 0]
					},
					"position": {
						"0.1": [0, 0, 0],
						"0.1333": [0, 0, 2],
						"0.1667": [0, 0.5, 3],
						"0.2": [0, 0.7, 2.9],
						"0.2667": [0, 0.7, 2.9],
						"0.3": [0, 1.35, 2],
						"0.3333": [0, 1.27, 0],
						"0.4667": [0, 1.27, 0],
						"0.5333": [0, 1.27, 0]
					},
					"scale": {
						"0.3333": [1, 1, 1],
						"0.3667": [0, 0, 0],
						"0.4667": [0, 0, 0],
						"0.5": [1, 1, 1]
					}
				}
			},
			"sound_effects": {
				"0.0333": {
					"effect": "ex:spas12/spas12_pump_back"
				},
				"0.1667": {
					"effect": "ex:spas12/spas12_pump_forward"
				},
				"0.6": {
					"effect": "tacz:m870/12_gauge_shotgun_shell_drop"
				}
			}
		},
		"put_away": {
			"animation_length": 0.5,
			"bones": {
				"root": {
					"rotation": {
						"0.0": [0, 0, 0],
						"0.0417": [-1.51, 0, 0],
						"0.0833": [-3.02, 0, 0],
						"0.125": [-12.07, 0, 0],
						"0.1667": [-27.15, 0, 0],
						"0.2083": [-42.13, 0, 0],
						"0.25": [-56.16, 0, 0],
						"0.2917": [-71.79, 0, 0],
						"0.3333": [-87.43, 0, 0],
						"0.375": [-103.4046, 0, 0],
						"0.4167": [-120.72, 0, 0],
						"0.4583": [-144.6, 0, 0],
						"0.5": [-160, 0, 0]
					},
					"position": {
						"0.0": [0, 0, 0],
						"0.0417": [-0.13, 0.04, 0.04],
						"0.0833": [-0.25, 0.08, 0.08],
						"0.125": [-0.54, 0.15, 0.21],
						"0.1667": [-0.85, 0.23, 0.38],
						"0.2083": [-1.32, 1.35, 1.78],
						"0.25": [-1.52, 2.32, 3.83],
						"0.2917": [-1.73, 3.3, 5.59],
						"0.3333": [-1.94, 4.77, 7.64],
						"0.375": [-2.45, 6.74, 11.76],
						"0.4167": [-3.33, 8.54, 18.52],
						"0.4583": [-4.59, 10.005, 29.6],
						"0.5": [-4.59, 11.21, 40]
					}
				},
				"righthand": {
					"rotation": [89.79471, -0.3964, -174.08674],
					"position": [-6.325, -14.325, 18],
					"scale": [1, 1.5, 1]
				},
				"lefthand": {
					"rotation": [-264.10279, -35.92654, 229.9763],
					"position": [6.35, -16.12, -5.825],
					"scale": [1, 1.5, 1]
				},
				"lefthand_pos": {
					"position": {
						"0.0833": [0, 0, 0],
						"0.1667": [1, -1, 0],
						"0.25": [-3.895, -6.52, -3.6],
						"0.3333": [-8.93, -12.08, 2],
						"0.4167": [-14, -25, 15.5]
					},
					"scale": {
						"0.2083": [1, 1, 1],
						"0.2917": [0, 0, 0]
					}
				},
				"camera": {
					"rotation": {
						"0.0": {
							"post": [0, 0, 0],
							"lerp_mode": "catmullrom"
						},
						"0.0833": {
							"post": [-0.225, 0, -0.125],
							"lerp_mode": "catmullrom"
						},
						"0.1667": {
							"post": [0.725, 0, 0.175],
							"lerp_mode": "catmullrom"
						},
						"0.25": {
							"post": [1.125, 0, 1.575],
							"lerp_mode": "catmullrom"
						},
						"0.375": {
							"post": [0.275, 0, 1.5],
							"lerp_mode": "catmullrom"
						},
						"0.5": {
							"post": [0, 0, 0],
							"lerp_mode": "catmullrom"
						}
					}
				}
			}
		},
		"inspect": {
			"animation_length": 5.7917,
			"bones": {
				"root": {
					"rotation": {
						"0.0": [0, 0, 0],
						"0.0417": [-5.79, 0.13, 1.95],
						"0.1667": [-17.59, -10.78, -12.86],
						"0.25": [-25.6, -24.52, -35.41],
						"0.2917": [-27.59976, -27.22756, -41.19159],
						"0.3333": [-29.18247, -28.58725, -44.21775],
						"0.4167": [-31.13848, -27.68974, -42.19082],
						"0.5": [-30.66598, -28.14222, -43.20004],
						"0.5833": [-31.42, -28.14, -43.2],
						"0.7083": [-32.01, -27.44, -41.92],
						"0.9167": [-31.74, -28, -42.94],
						"1.0": [-31.76, -28.22, -43.36],
						"1.5": [-31.20393, -28.6466, -44.18009],
						"1.5417": [-29.85, -30.65, -48.19],
						"1.6667": [-29.18045, -31.65513, -50.18764],
						"1.7917": [-29.71221, -31.16351, -49.16731],
						"1.9583": [-29.71, -31.16, -49.17],
						"2.2083": [-29.1733, -31.63628, -50.20015],
						"2.2917": [-28.77, -30.86, -48.82],
						"2.4167": [-27.89, -26.22, -40.22],
						"2.4583": [-26.12, -16.94, -23.01],
						"2.5": [-27.22851, -7.59811, -0.30357],
						"2.6667": [-27.64133, 36.17175, 70.7761],
						"2.7917": [-27.55942, 36.28741, 71.01913],
						"2.9167": [-26.63512, 37.313, 73.2211],
						"3.0833": [-27.05095, 36.86144, 72.23672],
						"3.2917": [-27.18, 36.37, 71.94],
						"3.5": [-27.3, 36.21, 71.64],
						"3.75": [-27.43825, 36.40227, 71.26287],
						"3.9583": [-27.13612, 36.2047, 72.02256],
						"4.125": [-27.60586, 35.7605, 71.01082],
						"4.3333": [-27.25, 36.12, 71.79],
						"4.5417": [-27.1, 36.04, 72.11],
						"4.7083": [-26.95, 35.51, 72.42],
						"4.7917": [-26.5, 33.44, 70.4],
						"4.9167": [-25.69, 29.65, 66.17],
						"5.0": [-27.3, 21.38, 52.24],
						"5.25": [-4.78485, -1.03643, 9.2118],
						"5.375": [1.9612, -0.55625, 7.98076],
						"5.5": [0.66898, -0.48139, 1.31942],
						"5.5833": [-1.00521, -0.46117, 2.73757],
						"5.75": [0, 0, 0]
					},
					"position": {
						"0.0": [0, 0, 0],
						"0.0833": [-0.07, 0.63, 0],
						"0.1667": [-0.13, 1.6, 0],
						"0.2917": [-0.51, 4.07, 0],
						"0.375": [-0.6, 4.3, 0],
						"0.5": [-0.8, 4.5, 0],
						"0.5833": {
							"pre": [-0.8, 4.5, 0],
							"post": [-0.8, 4.5, 0],
							"lerp_mode": "catmullrom"
						},
						"0.7083": {
							"post": [-0.8, 4.5, 0],
							"lerp_mode": "catmullrom"
						},
						"0.7917": {
							"post": [-0.8, 4.5, 0],
							"lerp_mode": "catmullrom"
						},
						"0.875": {
							"post": [-0.8, 4.5, 0],
							"lerp_mode": "catmullrom"
						},
						"1.0417": [-0.8, 4.5, 0],
						"1.2917": [-0.8, 4.5, 0],
						"1.5417": [-0.8, 4.5, 0],
						"1.625": [-0.8, 4.5, 0],
						"2.0": {
							"pre": [-0.8, 4.5, 0],
							"post": [-0.8, 4.5, 0],
							"lerp_mode": "catmullrom"
						},
						"2.0833": {
							"post": [-0.8, 4.5, 0],
							"lerp_mode": "catmullrom"
						},
						"2.2917": [-0.8, 4.5, 0],
						"2.375": [0.1, 4.5, 0],
						"2.5": [1.85, 4.5, -0.9],
						"2.625": [2.45, 4, -1.2],
						"2.75": [3.1, 3.28, -1.3],
						"2.8333": [3.1, 3.18, -1.3],
						"3.0": [3.1, 3.18, -1.3],
						"3.2083": {
							"pre": [3.1, 3.18, -1.3],
							"post": [3.1, 3.18, -1.3],
							"lerp_mode": "catmullrom"
						},
						"3.75": [3.1, 3.18, -1.3],
						"4.0417": [3.1, 3.18, -1.3],
						"4.3333": [3.1, 3.18, -1.3],
						"4.8333": [3.1, 3.18, -1.3],
						"4.9583": [3.1, 1.88, -1.3],
						"5.0833": [1.98, 0.855, -1.12],
						"5.2083": [1.5, -0.5, -0.3],
						"5.5417": [0, 0, 0.22],
						"5.625": [0, -0.2, -0.17],
						"5.7917": [0, 0, 0]
					}
				},
				"righthand": {
					"rotation": [84.34428, 15.28057, -175.61966],
					"position": [-6.55, -13.775, 18.55],
					"scale": [1, 1.5, 1]
				},
				"lefthand": {
					"rotation": {
						"0.0": [-264.10279, -35.92654, 229.9763],
						"2.4583": [-264.10279, -35.92654, 229.9763],
						"2.5417": [-285.75684, -37.72974, 222.58592],
						"2.7917": [-308.30587, -8.91236, 202.51351],
						"4.9583": [-308.30587, -8.91236, 202.51351],
						"5.25": [-264.10279, -35.92654, 229.9763]
					},
					"position": {
						"0.0": [6.35, -16.12, -5.825],
						"0.5": [10.89, -15.62, 25.26],
						"2.25": [-3.11, -29.62, 25.26],
						"2.5833": [9.79, -13.59, 1.64],
						"4.9583": [9.79, -13.59, 1.64],
						"5.25": [6.35, -16.12, -5.825]
					},
					"scale": {
						"0.0": [1, 1.5, 1],
						"0.5": [0, 0, 0],
						"2.25": [0, 0, 0],
						"2.5417": [1, 1, 1],
						"2.5833": [1, 1.5, 1],
						"4.9583": [1, 1.5, 1]
					}
				},
				"camera": {
					"rotation": {
						"0.0": {
							"post": [0, 0, 0],
							"lerp_mode": "catmullrom"
						},
						"0.0833": {
							"post": [2.38, 0.54, 0],
							"lerp_mode": "catmullrom"
						},
						"0.2083": {
							"post": [2.43, 0.89, 0],
							"lerp_mode": "catmullrom"
						},
						"0.2917": {
							"post": [1.29, 1.16, 0],
							"lerp_mode": "catmullrom"
						},
						"0.4167": {
							"post": [-1, 1.1, 0],
							"lerp_mode": "catmullrom"
						},
						"0.5833": {
							"post": [-2.00275, 1.09939, -0.03503],
							"lerp_mode": "catmullrom"
						},
						"0.9167": {
							"post": [-1.25, 1.1, -0.04],
							"lerp_mode": "catmullrom"
						},
						"1.2083": {
							"post": [-1.53, 1.64, -0.05],
							"lerp_mode": "catmullrom"
						},
						"1.4167": {
							"post": [-1.9, 1.87, -0.05],
							"lerp_mode": "catmullrom"
						},
						"1.7083": {
							"post": [-2.6, 2.1, -0.05],
							"lerp_mode": "catmullrom"
						},
						"1.9167": {
							"post": [-2.45, 2.1, -0.05],
							"lerp_mode": "catmullrom"
						},
						"2.0833": {
							"post": [-2.62, 2.1, -0.05],
							"lerp_mode": "catmullrom"
						},
						"2.25": {
							"post": [-3, 2.1, -0.05],
							"lerp_mode": "catmullrom"
						},
						"2.4167": {
							"post": [-0.74, 1.55, 0.02],
							"lerp_mode": "catmullrom"
						},
						"2.5": {
							"post": [0.26, 1.85, 0.06],
							"lerp_mode": "catmullrom"
						},
						"2.5833": {
							"post": [0.76, 1.75, 0.08],
							"lerp_mode": "catmullrom"
						},
						"2.7917": {
							"post": [1.76, 1.75, 0.08],
							"lerp_mode": "catmullrom"
						},
						"2.9167": {
							"post": [1.47, 1.75, 0.08],
							"lerp_mode": "catmullrom"
						},
						"3.0": {
							"post": [1.4, 1.75, 0.08],
							"lerp_mode": "catmullrom"
						},
						"3.1667": {
							"post": [1.32, 1.75, 0.08],
							"lerp_mode": "catmullrom"
						},
						"3.3333": {
							"post": [1.06, 1.75, 0.08],
							"lerp_mode": "catmullrom"
						},
						"3.7083": {
							"post": [0.36, 1.75, 0.08],
							"lerp_mode": "catmullrom"
						},
						"3.7917": {
							"post": [0.04, 1.75, 0.08],
							"lerp_mode": "catmullrom"
						},
						"3.9167": {
							"post": [-0.41, 1.75, 0.08],
							"lerp_mode": "catmullrom"
						},
						"4.0417": {
							"post": [-0.82, 1.75, 0.08],
							"lerp_mode": "catmullrom"
						},
						"4.4167": {
							"post": [-0.77, 1.75, 0.08],
							"lerp_mode": "catmullrom"
						},
						"4.5833": {
							"post": [-0.75, 1.75, 0.08],
							"lerp_mode": "catmullrom"
						},
						"4.7917": {
							"post": [-0.74, 1.75, 0.08],
							"lerp_mode": "catmullrom"
						},
						"4.9167": {
							"post": [1.29018, 1.7103, 1.07967],
							"lerp_mode": "catmullrom"
						},
						"5.0": {
							"post": [2.13, 1.06, 0.67],
							"lerp_mode": "catmullrom"
						},
						"5.125": {
							"post": [1.91, 0.55, 0.35],
							"lerp_mode": "catmullrom"
						},
						"5.25": {
							"post": [-1, 0, 0],
							"lerp_mode": "catmullrom"
						},
						"5.375": {
							"post": [0.4, 0, 0],
							"lerp_mode": "catmullrom"
						},
						"5.5": {
							"post": [0, 0, 0],
							"lerp_mode": "catmullrom"
						}
					}
				}
			},
			"sound_effects": {
				"0.0": {
					"effect": "ex:spas12/spas12_inspect_mvmt_01"
				},
				"1.5417": {
					"effect": "ex:spas12/spas12_inspect_mvmt_02"
				},
				"2.2917": {
					"effect": "ex:spas12/spas12_inspect_mvmt_03"
				},
				"3.75": {
					"effect": "ex:spas12/spas12_inspect_mvmt_04"
				},
				"4.8333": {
					"effect": "ex:spas12/spas12_inspect_mvmt_05"
				}
			}
		},
		"inspect_empty": {
			"animation_length": 5.7917,
			"bones": {
				"root": {
					"rotation": {
						"0.0": [0, 0, 0],
						"0.0417": [-5.79, 0.13, 1.95],
						"0.1667": [-17.59, -10.78, -12.86],
						"0.25": [-25.6, -24.52, -35.41],
						"0.2917": [-27.59976, -27.22756, -41.19159],
						"0.3333": [-29.18247, -28.58725, -44.21775],
						"0.4167": [-31.13848, -27.68974, -42.19082],
						"0.5": [-30.66598, -28.14222, -43.20004],
						"0.5833": [-31.42, -28.14, -43.2],
						"0.7083": [-32.01, -27.44, -41.92],
						"0.9167": [-31.74, -28, -42.94],
						"1.0": [-31.76, -28.22, -43.36],
						"1.5": [-31.20393, -28.6466, -44.18009],
						"1.5417": [-29.85, -30.65, -48.19],
						"1.6667": [-29.18045, -31.65513, -50.18764],
						"1.7917": [-29.71221, -31.16351, -49.16731],
						"1.9583": [-29.71, -31.16, -49.17],
						"2.2083": [-29.1733, -31.63628, -50.20015],
						"2.2917": [-28.77, -30.86, -48.82],
						"2.4167": [-27.89, -26.22, -40.22],
						"2.4583": [-26.12, -16.94, -23.01],
						"2.5": [-27.22851, -7.59811, -0.30357],
						"2.6667": [-27.64133, 36.17175, 70.7761],
						"2.7917": [-27.55942, 36.28741, 71.01913],
						"2.9167": [-26.63512, 37.313, 73.2211],
						"3.0833": [-27.05095, 36.86144, 72.23672],
						"3.2917": [-27.18, 36.37, 71.94],
						"3.5": [-27.3, 36.21, 71.64],
						"3.75": [-27.43825, 36.40227, 71.26287],
						"3.9583": [-27.13612, 36.2047, 72.02256],
						"4.125": [-27.60586, 35.7605, 71.01082],
						"4.3333": [-27.25, 36.12, 71.79],
						"4.5417": [-27.1, 36.04, 72.11],
						"4.7083": [-26.95, 35.51, 72.42],
						"4.7917": [-26.5, 33.44, 70.4],
						"4.9167": [-25.69, 29.65, 66.17],
						"5.0": [-27.3, 21.38, 52.24],
						"5.25": [-4.78485, -1.03643, 9.2118],
						"5.375": [1.9612, -0.55625, 7.98076],
						"5.5": [0.66898, -0.48139, 1.31942],
						"5.5833": [-1.00521, -0.46117, 2.73757],
						"5.75": [0, 0, 0]
					},
					"position": {
						"0.0": [0, 0, 0],
						"0.0833": [-0.07, 0.63, 0],
						"0.1667": [-0.13, 1.6, 0],
						"0.2917": [-0.51, 4.07, 0],
						"0.375": [-0.6, 4.3, 0],
						"0.5": [-0.8, 4.5, 0],
						"0.5833": {
							"pre": [-0.8, 4.5, 0],
							"post": [-0.8, 4.5, 0],
							"lerp_mode": "catmullrom"
						},
						"0.7083": {
							"post": [-0.8, 4.5, 0],
							"lerp_mode": "catmullrom"
						},
						"0.7917": {
							"post": [-0.8, 4.5, 0],
							"lerp_mode": "catmullrom"
						},
						"0.875": {
							"post": [-0.8, 4.5, 0],
							"lerp_mode": "catmullrom"
						},
						"1.0417": [-0.8, 4.5, 0],
						"1.2917": [-0.8, 4.5, 0],
						"1.5417": [-0.8, 4.5, 0],
						"1.625": [-0.8, 4.5, 0],
						"2.0": {
							"pre": [-0.8, 4.5, 0],
							"post": [-0.8, 4.5, 0],
							"lerp_mode": "catmullrom"
						},
						"2.0833": {
							"post": [-0.8, 4.5, 0],
							"lerp_mode": "catmullrom"
						},
						"2.2917": [-0.8, 4.5, 0],
						"2.375": [0.1, 4.5, 0],
						"2.5": [1.85, 4.5, -0.9],
						"2.625": [2.45, 4, -1.2],
						"2.75": [3.1, 3.28, -1.3],
						"2.8333": [3.1, 3.18, -1.3],
						"3.0": [3.1, 3.18, -1.3],
						"3.2083": {
							"pre": [3.1, 3.18, -1.3],
							"post": [3.1, 3.18, -1.3],
							"lerp_mode": "catmullrom"
						},
						"3.75": [3.1, 3.18, -1.3],
						"4.0417": [3.1, 3.18, -1.3],
						"4.3333": [3.1, 3.18, -1.3],
						"4.8333": [3.1, 3.18, -1.3],
						"4.9583": [3.1, 1.88, -1.3],
						"5.0833": [1.98, 0.855, -1.12],
						"5.2083": [1.5, -0.5, -0.3],
						"5.5417": [0, 0, 0.22],
						"5.625": [0, -0.2, -0.17],
						"5.7917": [0, 0, 0]
					}
				},
				"righthand": {
					"rotation": [84.34428, 15.28057, -175.61966],
					"position": [-6.55, -13.775, 18.55],
					"scale": [1, 1.5, 1]
				},
				"lefthand": {
					"rotation": {
						"0.0": [-264.10279, -35.92654, 229.9763],
						"2.4583": [-264.10279, -35.92654, 229.9763],
						"2.5417": [-285.75684, -37.72974, 222.58592],
						"2.7917": [-308.30587, -8.91236, 202.51351],
						"4.9583": [-308.30587, -8.91236, 202.51351],
						"5.25": [-264.10279, -35.92654, 229.9763]
					},
					"position": {
						"0.0": [6.35, -16.12, -5.825],
						"0.5": [10.89, -15.62, 25.26],
						"2.25": [-3.11, -29.62, 25.26],
						"2.5833": [9.79, -13.59, 1.64],
						"4.9583": [9.79, -13.59, 1.64],
						"5.25": [6.35, -16.12, -5.825]
					},
					"scale": {
						"0.0": [1, 1.5, 1],
						"0.5": [0, 0, 0],
						"2.25": [0, 0, 0],
						"2.5417": [1, 1, 1],
						"2.5833": [1, 1.5, 1],
						"4.9583": [1, 1.5, 1]
					}
				},
				"camera": {
					"rotation": {
						"0.0": {
							"post": [0, 0, 0],
							"lerp_mode": "catmullrom"
						},
						"0.0833": {
							"post": [2.38, 0.54, 0],
							"lerp_mode": "catmullrom"
						},
						"0.2083": {
							"post": [2.43, 0.89, 0],
							"lerp_mode": "catmullrom"
						},
						"0.2917": {
							"post": [1.29, 1.16, 0],
							"lerp_mode": "catmullrom"
						},
						"0.4167": {
							"post": [-1, 1.1, 0],
							"lerp_mode": "catmullrom"
						},
						"0.5833": {
							"post": [-2.00275, 1.09939, -0.03503],
							"lerp_mode": "catmullrom"
						},
						"0.9167": {
							"post": [-1.25, 1.1, -0.04],
							"lerp_mode": "catmullrom"
						},
						"1.2083": {
							"post": [-1.53, 1.64, -0.05],
							"lerp_mode": "catmullrom"
						},
						"1.4167": {
							"post": [-1.9, 1.87, -0.05],
							"lerp_mode": "catmullrom"
						},
						"1.7083": {
							"post": [-2.6, 2.1, -0.05],
							"lerp_mode": "catmullrom"
						},
						"1.9167": {
							"post": [-2.45, 2.1, -0.05],
							"lerp_mode": "catmullrom"
						},
						"2.0833": {
							"post": [-2.62, 2.1, -0.05],
							"lerp_mode": "catmullrom"
						},
						"2.25": {
							"post": [-3, 2.1, -0.05],
							"lerp_mode": "catmullrom"
						},
						"2.4167": {
							"post": [-0.74, 1.55, 0.02],
							"lerp_mode": "catmullrom"
						},
						"2.5": {
							"post": [0.26, 1.85, 0.06],
							"lerp_mode": "catmullrom"
						},
						"2.5833": {
							"post": [0.76, 1.75, 0.08],
							"lerp_mode": "catmullrom"
						},
						"2.7917": {
							"post": [1.76, 1.75, 0.08],
							"lerp_mode": "catmullrom"
						},
						"2.9167": {
							"post": [1.47, 1.75, 0.08],
							"lerp_mode": "catmullrom"
						},
						"3.0": {
							"post": [1.4, 1.75, 0.08],
							"lerp_mode": "catmullrom"
						},
						"3.1667": {
							"post": [1.32, 1.75, 0.08],
							"lerp_mode": "catmullrom"
						},
						"3.3333": {
							"post": [1.06, 1.75, 0.08],
							"lerp_mode": "catmullrom"
						},
						"3.7083": {
							"post": [0.36, 1.75, 0.08],
							"lerp_mode": "catmullrom"
						},
						"3.7917": {
							"post": [0.04, 1.75, 0.08],
							"lerp_mode": "catmullrom"
						},
						"3.9167": {
							"post": [-0.41, 1.75, 0.08],
							"lerp_mode": "catmullrom"
						},
						"4.0417": {
							"post": [-0.82, 1.75, 0.08],
							"lerp_mode": "catmullrom"
						},
						"4.4167": {
							"post": [-0.77, 1.75, 0.08],
							"lerp_mode": "catmullrom"
						},
						"4.5833": {
							"post": [-0.75, 1.75, 0.08],
							"lerp_mode": "catmullrom"
						},
						"4.7917": {
							"post": [-0.74, 1.75, 0.08],
							"lerp_mode": "catmullrom"
						},
						"4.9167": {
							"post": [1.29018, 1.7103, 1.07967],
							"lerp_mode": "catmullrom"
						},
						"5.0": {
							"post": [2.13, 1.06, 0.67],
							"lerp_mode": "catmullrom"
						},
						"5.125": {
							"post": [1.91, 0.55, 0.35],
							"lerp_mode": "catmullrom"
						},
						"5.25": {
							"post": [-1, 0, 0],
							"lerp_mode": "catmullrom"
						},
						"5.375": {
							"post": [0.4, 0, 0],
							"lerp_mode": "catmullrom"
						},
						"5.5": {
							"post": [0, 0, 0],
							"lerp_mode": "catmullrom"
						}
					}
				}
			},
			"sound_effects": {
				"0.0": {
					"effect": "ex:spas12/spas12_inspect_mvmt_01"
				},
				"1.5417": {
					"effect": "ex:spas12/spas12_inspect_mvmt_02"
				},
				"2.2917": {
					"effect": "ex:spas12/spas12_inspect_mvmt_03"
				},
				"3.75": {
					"effect": "ex:spas12/spas12_inspect_mvmt_04"
				},
				"4.8333": {
					"effect": "ex:spas12/spas12_inspect_mvmt_05"
				}
			}
		},
		"run": {
			"loop": true,
			"animation_length": 0.8,
			"bones": {
				"root": {
					"rotation": {
						"0.0": [-68.73, -5.5, -3.14],
						"0.05": [-68.99, -7.39, -3.57],
						"0.1": [-69.36, -9.11, -3.81],
						"0.15": [-69.45, -10.1, -3.75],
						"0.2": [-68.82, -9.82, -3.09],
						"0.25": [-67.92, -8.81, -2.13],
						"0.3": [-67.68, -8.15, -1.7],
						"0.35": [-68.9, -8.72, -2.46],
						"0.4": [-70.77, -9.63, -3.74],
						"0.45": [-71.87, -9.32, -4.34],
						"0.5": [-71.58, -7.25, -3.75],
						"0.55": [-70.7, -4.07, -2.59],
						"0.6": [-69.68, -1.04, -1.42],
						"0.65": [-68.98, 0.57, -0.8],
						"0.7": [-68.67, -0.33, -1.21],
						"0.75": [-68.65, -3, -2.27],
						"0.8": [-68.73, -5.5, -3.14]
					},
					"position": {
						"0.0": [-3.64, -6.03, 4.66],
						"0.05": [-3.63, -6.07, 4.61],
						"0.1": [-3.66, -6.42, 4.61],
						"0.15": [-3.67, -6.78, 4.61],
						"0.2": [-3.64, -6.93, 4.61],
						"0.25": [-3.52, -6.73, 4.61],
						"0.3": [-3.34, -6.33, 4.61],
						"0.35": [-3.19, -5.94, 4.61],
						"0.4": [-3.14, -5.78, 4.61],
						"0.45": [-3.26, -6.02, 4.61],
						"0.5": [-3.5, -6.49, 4.61],
						"0.55": [-3.74, -6.97, 4.61],
						"0.6": [-3.89, -7.19, 4.61],
						"0.65": [-3.89, -7.01, 4.61],
						"0.7": [-3.81, -6.59, 4.61],
						"0.75": [-3.71, -6.15, 4.61],
						"0.8": [-3.64, -6.03, 4.66]
					}
				}
			}
		},
		"run_start": {
			"animation_length": 0.55,
			"bones": {
				"root": {
					"rotation": {
						"0.0": [0, 0, 0],
						"0.05": [2.8, -0.48, 3.97],
						"0.1": [5.79, -1.19, 9.23],
						"0.15": [1.73, -2.05, 11.57],
						"0.2": [-10.48, -2.9, 9.39],
						"0.25": [-28.47, -3.91, 4.94],
						"0.3": [-46.79, -4.85, 0.12],
						"0.35": [-59.98, -5.5, -3.14],
						"0.4": [-66.1, -5.75, -4.18],
						"0.45": [-68.22, -5.72, -4.06],
						"0.5": [-68.4, -5.59, -3.49],
						"0.55": [-68.73, -5.5, -3.14]
					},
					"position": {
						"0.0": [0, 0, 0],
						"0.05": [0.06, -0.64, -0.32],
						"0.1": [0.17, -1.58, -0.79],
						"0.15": [0.17, -2.44, -1.22],
						"0.2": [-0.09, -2.83, -1.45],
						"0.25": [-1.13, -3.05, -1.28],
						"0.3": [-2.54, -3.36, -0.83],
						"0.35": [-3.57, -3.99, -0.01],
						"0.4": [-3.83, -5.04, 1.03],
						"0.45": [-3.82, -5.92, 2.19],
						"0.5": [-3.71, -6.08, 3.51],
						"0.55": [-3.64, -6.03, 4.66]
					}
				}
			}
		},
		"run_end": {
			"animation_length": 0.65,
			"bones": {
				"root": {
					"rotation": {
						"0.0": [-68.73, -5.5, -3.14],
						"0.05": [-55.61, -4.21, 0.37],
						"0.1": [-36.44, -2.32, 5.59],
						"0.15": [-17.16, -0.44, 10.34],
						"0.2": [-3.66, 0.81, 12.47],
						"0.25": [1.72, 1.17, 10.52],
						"0.3": [2.4, 1, 5.92],
						"0.35": [1.03, 0.62, 0.91],
						"0.4": [0.28, 0.35, -2.3],
						"0.45": [0.49, 0.21, -2.71],
						"0.5": [0.23, 0.09, -1.23],
						"0.55": [0, 0, 0],
						"0.6": [-0.02, -0.02, 0.14],
						"0.65": [0, 0, 0]
					},
					"position": {
						"0.0": [-3.64, -6.03, 4.66],
						"0.05": [-2.33, -4.81, 2.69],
						"0.1": [-1.345, -3.58, 0.94],
						"0.15": [-0.5, -2.5, -0.65],
						"0.2": [-0.17, -1.66, -1.34],
						"0.25": [-0.04, -0.87, -1.06],
						"0.3": [-0.01, -0.24, -0.23],
						"0.35": [0.02, 0.37, 0.3],
						"0.4": [0.06, 0.47, 0.4],
						"0.45": [0.05, 0.22, 0.18],
						"0.5": [0.03, 0.01, -0.01],
						"0.55": [0.02, -0.02, -0.03],
						"0.6": [0.01, -0.01, -0.01],
						"0.65": [0, 0, 0]
					}
				}
			}
		},
		"run_hold": {
			"animation_length": 0.2917,
			"bones": {
				"root": {
					"rotation": [-68.73, -5.5, -3.14],
					"position": [-3.64, -6.03, 4.66]
				}
			}
		}
	}
}