{
	"format_version": "1.8.0",
	"animations": {
		"static_idle": {
			"loop": true,
			"bones": {
				"lefthand": {
					"rotation": [109.80512, -8.72735, -179.16691],
					"position": [7.75, -17.2125, 5.15625],
					"scale": [1, 1.5, 1]
				},
				"righthand": {
					"rotation": [-264.97476, 6.2574, -176.94134],
					"position": [-6.9125, -16.625, 5.8875],
					"scale": [1, 1.5, 1]
				},
				"constraint": {
					"rotation": [0.2, 0.2, 0.2],
					"position": [0.2, 0.2, 0.2]
				},
				"root": {
					"rotation": [0, 0, 0],
					"position": [0, 0, 0]
				}
			}
		},
		"static_bolt_caught": {
			"loop": true,
			"bones": {
				"bullet": {
					"scale": 0
				},
				"slide2": {
					"position": [0, 0, 3]
				},
				"release": {
					"rotation": [8.5, 0, 0]
				},
				"lefthand": {
					"rotation": [109.80512, -8.72735, -179.16691],
					"position": [7.75, -17.2125, 5.15625],
					"scale": [1, 1.5, 1]
				},
				"righthand": {
					"rotation": [-264.97476, 6.2574, -176.94134],
					"position": [-6.9125, -16.625, 5.8875],
					"scale": [1, 1.5, 1]
				}
			}
		},
		"draw": {
			"loop": "hold_on_last_frame",
			"animation_length": 1.2,
			"bones": {
				"root": {
					"rotation": {
						"0.0": [32.48842, -32.63161, 14.03859],
						"0.0667": [-20.85886, -0.22769, 0.00381],
						"0.4": [-20.86, -0.23, 0],
						"0.5": [-20.86, -0.23, 0],
						"0.6": [1.11129, -28.79875, 19.27338],
						"0.6667": [11.37256, -38.4115, 24.96976],
						"0.7667": [11.37, -38.81, 24.97],
						"0.8667": [4.77, -21.51, 13.07],
						"0.9333": [0, 0, 0],
						"0.9667": [0, 0, -1.9],
						"1.0667": [3.9, 0, -3.8],
						"1.2": [0, 0, 0]
					},
					"position": {
						"0.0": [-6.6, -8.065, 0],
						"0.0667": [-3.8, -0.86, -1],
						"0.1333": [-1.7, 2.84, -1.7],
						"0.2": [-0.7, 3.94, -2],
						"0.2667": [-0.3, 4.44, -2],
						"0.4": [-0.5, 3.84, -2],
						"0.4667": [-0.7, 2.14, -2],
						"0.5333": [-0.4, -1.36, -2],
						"0.6": [1, -3.56, -2],
						"0.7": [1, -4.26, -2],
						"0.7667": [1, -3.96, -2],
						"0.8333": [1, -3.36, -2],
						"0.9667": [0, 0, 0],
						"1.0333": [0, -0.4, 0],
						"1.1333": [0, -0.32, 0],
						"1.2": [0, 0, 0]
					}
				},
				"lefthand": {
					"rotation": {
						"0.0": [109.98772, -11.54836, -180.20396],
						"0.2": [120.31833, -15.29038, -206.56892],
						"0.8": [120.31833, -15.29038, -206.56892],
						"0.8333": [109.80512, -8.72735, -179.16691]
					},
					"position": {
						"0.0": [11.56625, -35.2775, 6.2275],
						"0.2": [11.56625, -35.2775, 6.2275],
						"0.8": [11.56625, -35.2775, 6.2275],
						"0.8333": [7.75, -17.2125, 5.15625]
					},
					"scale": [1, 1.5, 1]
				},
				"righthand": {
					"rotation": {
						"0.0": [-264.97476, 6.2574, -176.94134],
						"0.0667": [-264.43233, 26.17394, -175.02833],
						"0.1333": [-275.20973, 14.39299, -188.67538],
						"0.2667": [-268.21, 14.39, -188.68],
						"0.4": [-274.21, 14.39, -188.68],
						"0.5333": [-274.21, 14.39, -188.68],
						"0.6": [-264.97476, 6.2574, -176.94134],
						"0.7667": [-264.97, 6.26, -176.94],
						"0.9667": [-264.97476, 6.2574, -176.94134]
					},
					"position": {
						"0.0": [-6.9125, -16.625, 5.8875],
						"0.0667": [-8.01, -16.62, 5.89],
						"0.1333": [-7.91, -14.57, 5.89],
						"0.4": [-7.91, -14.97, 5.89],
						"0.5333": [-7.91, -14.97, 5.89],
						"0.6": [-6.9125, -16.625, 5.8875],
						"0.7": [-6.91, -16.62, 5.89],
						"0.8333": [-7.51, -16.62, 5.89],
						"0.9667": [-6.9125, -16.625, 5.8875]
					},
					"scale": [1, 1.5, 1]
				},
				"camera": {
					"rotation": {
						"0.0": {
							"post": [0, 0, 0],
							"lerp_mode": "catmullrom"
						},
						"0.1667": {
							"post": [-2.15, -2.6, 0.75],
							"lerp_mode": "catmullrom"
						},
						"0.3333": {
							"post": [-3.1, -2.8, -0.58],
							"lerp_mode": "catmullrom"
						},
						"0.5": {
							"post": [-2.3, -2.2, 0],
							"lerp_mode": "catmullrom"
						},
						"0.5667": {
							"post": [0.3, -3, 1.3],
							"lerp_mode": "catmullrom"
						},
						"0.6333": {
							"post": [-1.8, -2.2, 0],
							"lerp_mode": "catmullrom"
						},
						"0.7333": {
							"post": [1, -0.1, 0],
							"lerp_mode": "catmullrom"
						},
						"0.8667": {
							"post": [1.2, -2.2, 0],
							"lerp_mode": "catmullrom"
						},
						"1.0333": {
							"post": [-0.2, -0.5, 0],
							"lerp_mode": "catmullrom"
						},
						"1.2": {
							"post": [0, 0, 0],
							"lerp_mode": "catmullrom"
						}
					}
				},
				"Deagle": {
					"rotation": {
						"0.0": [0, 0, 0],
						"0.0667": [29.91377, 11.57734, 13.87818],
						"0.1333": [-3.09, 11.58, 50.88],
						"0.2": [231.9655, 16.14862, 57.64659],
						"0.2667": [266.4655, 16.14862, 57.64659],
						"0.3333": [78.53, 16.15, 57.65],
						"0.4": [-19.77, 16.15, 57.65],
						"0.4667": [-18.67632, 1.42464, 78.54576],
						"0.5333": [-18.7278, -4.26367, 80.47387],
						"0.6": [0, 0, 0]
					},
					"position": {
						"0.0": [0, 0, 0],
						"0.2": [0, 0, 0],
						"0.4": [0, 0, 0],
						"0.6": [0, 0, 0]
					}
				}
			},
			"sound_effects": {
				"0.0": {
					"effect": "sks_tactical_draw"
				},
				"0.3": {
					"effect": "p25_pi_decho_raise_grab"
				}
			}
		},
		"put_away": {
			"animation_length": 0.4,
			"bones": {
				"root": {
					"rotation": {
						"0.0": [0, 0, 0],
						"0.0333": [0.13, -0.48, 2.81],
						"0.0667": [0.5, -1.35, 6.63],
						"0.1": [2.19, -3.57, 9.1],
						"0.1333": [6.11, -8.14, 8.67],
						"0.1667": [11.36, -14.05, 6.9],
						"0.2": [16.24, -19.23, 6.01],
						"0.2333": [20.48, -23.1, 7.22],
						"0.2667": [24.37, -26.23, 9.31],
						"0.3": [27.05, -28.35, 10.87]
					},
					"position": {
						"0.0": [0, 0, 0],
						"0.0333": [-0.08, 0.02, 0.06],
						"0.0667": [-0.22, 0.02, 0.15],
						"0.1": [-0.5, -0.28, 0.19],
						"0.1333": [-0.97, -1.02, 0.04],
						"0.1667": [-1.59, -2.04, -0.15],
						"0.2": [-2.32, -3.11, 0],
						"0.2333": [-3.27, -4.28, 0.85],
						"0.2667": [-4.33, -5.49, 2.05],
						"0.3": [-5.08, -6.34, 2.92]
					},
					"scale": 1
				},
				"lefthand": {
					"rotation": {
						"0.0": [109.80512, -8.72735, -179.16691],
						"0.0667": [125.05069, -13.28299, -219.96163]
					},
					"position": {
						"0.0": [7.75, -17.2125, 5.15625],
						"0.0667": [9.35, -16.8975, 6.65625],
						"0.1333": [12.0275, -18.235, 6.65625]
					},
					"scale": [1, 1.5, 1]
				},
				"righthand": {
					"rotation": [-264.97476, 6.2574, -176.94134],
					"position": [-6.9125, -16.625, 5.8875],
					"scale": [1, 1.5, 1]
				},
				"camera": {
					"rotation": {
						"0.0": [0, 0, 0],
						"0.0333": [0, 0, -0.1],
						"0.0667": [0, 0, -0.25],
						"0.1": [0, 0, -0.4],
						"0.1333": [0, 0, -0.53],
						"0.1667": [0, 0, -0.58],
						"0.2": [0, 0, -0.5],
						"0.2333": [0, 0, -0.33],
						"0.2667": [0, 0, -0.13],
						"0.3": [0, 0, 0]
					}
				}
			},
			"sound_effects": {
				"0.0": {
					"effect": "sks_tactical_draw"
				}
			}
		},
		"shoot": {
			"loop": "hold_on_last_frame",
			"animation_length": 0.5667,
			"bones": {
				"root": {
					"rotation": {
						"0.0": [0, 0, 0],
						"0.0333": [5.94, -0.27, -11.04],
						"0.0667": [-53.08, -2.77, 6.13],
						"0.1": [-27.98, -8.63, -7.72],
						"0.1333": [-17.35, -1, 2.05],
						"0.1667": [-13.94, -1.29, 3.6],
						"0.2": [-10.31, -2.35, 3.27],
						"0.2333": [-3.57, -1.83, 0.57],
						"0.2667": [2.03, -0.93, -2.03],
						"0.3": [2.35, -0.29, -1.82],
						"0.3333": [1.06, 0.38, -0.79],
						"0.3667": [0, 0.75, 0],
						"0.4": [-0.15, 0.59, 0.12],
						"0.4333": [-0.07, 0.13, 0],
						"0.4667": [0, -0.2, -0.1],
						"0.5": [0, -0.21, -0.08],
						"0.5333": [0, -0.09, -0.03],
						"0.5667": [0, 0, 0]
					},
					"position": {
						"0.0": [0, 0, 0],
						"0.0333": [0, -0.22, 2.42],
						"0.0667": [-0.17, 0.16, 1.63],
						"0.1": [-0.16, 0.56, 1.75],
						"0.1333": [-0.11, 0.56, 1.14],
						"0.1667": [-0.06, 0.41, 0.43],
						"0.2": [-0.03, 0.13, 0.14],
						"0.2333": [-0.01, -0.23, -0.06],
						"0.2667": [0, -0.45, -0.17],
						"0.3": [0, -0.39, -0.14],
						"0.3333": [0, -0.19, -0.02],
						"0.3667": [0, -0.03, 0.08],
						"0.4": [0, 0.01, 0.07],
						"0.4333": [0, 0.01, 0.03],
						"0.4667": [0, 0, 0],
						"0.5": [0, 0, -0.01],
						"0.5333": [0, 0, 0],
						"0.5667": [0, 0, 0]
					}
				},
				"slide2": {
					"position": {
						"0.0": [0, 0, 0],
						"0.0333": [0, 0, 3],
						"0.0667": [0, 0, 0]
					}
				},
				"bullet_in_barrel": {
					"scale": {
						"0.0": [0, 0, 0],
						"0.0667": [0, 0, 0],
						"0.1": [1, 1, 1]
					}
				},
				"constraint": {
					"rotation": {
						"0.1667": [0.7, 0.4, 0.4],
						"0.2667": [0, 0, 0]
					},
					"position": {
						"0.1667": [0.2, 0.3, 1],
						"0.2667": [0, 0, 0]
					}
				},
				"camera": {
					"rotation": {
						"0.0": [0, 0, 0],
						"0.0333": [0, 0, 3.15],
						"0.0667": [0, 0, -2.29],
						"0.1": [0, 0, 1.94],
						"0.1333": [0, 0, -0.96],
						"0.1667": [0, 0, 0.6],
						"0.2": [0, 0, -0.32],
						"0.2333": [0, 0, 0]
					}
				}
			},
			"sound_effects": {
				"0.0": {
					"effect": "weap_decho_fire_first_plr_03"
				},
				"0.0333": {
					"effect": "weap_deagle_fire_npc_mech_02"
				}
			}
		},
		"reload_tactical": {
			"animation_length": 3,
			"bones": {
				"lefthand": {
					"rotation": {
						"0.0": [109.80512, -8.72735, -179.16691],
						"0.0417": [109.81, -8.73, -179.17],
						"0.0833": [109.81, -8.73, -179.17],
						"0.125": [109.81, -8.73, -179.17],
						"0.1667": [109.81, -8.73, -179.17],
						"0.2083": [113.15511, -31.58378, -188.66594],
						"0.25": [113.16, -55.38, -201.87],
						"0.2917": [111.21129, -61.96104, -217.93375],
						"0.3333": [90.46, -61.96, -217.93],
						"0.375": [76.21, -61.96, -217.93],
						"0.4167": [76.21, -61.96, -217.93],
						"0.4583": [76.21, -61.96, -217.93],
						"0.5": [76.21, -61.96, -217.93],
						"0.5417": [76.21, -61.96, -217.93],
						"0.5833": [76.21, -61.96, -217.93],
						"0.625": [76.21, -61.96, -217.93],
						"0.6667": [76.21, -61.96, -226.5892],
						"0.7083": [76.21, -61.96, -226.5892],
						"0.75": [102.97814, -45.1209, -225.58274],
						"0.7917": [102.98, -45.12, -225.58],
						"0.8333": [102.98, -45.12, -225.58],
						"0.875": [102.98, -45.12, -225.58],
						"0.9167": [102.98, -45.12, -225.58],
						"0.9583": [102.98, -45.12, -225.58],
						"1.0": [102.98, -45.12, -225.58],
						"1.0417": [102.98, -45.12, -225.58],
						"1.0833": [102.98, -45.12, -225.58],
						"1.125": [102.98, -45.12, -225.58],
						"1.1667": [102.98, -45.12, -225.58],
						"1.2083": [102.98, -45.12, -225.58],
						"1.25": [102.98, -45.12, -225.58],
						"1.2917": [138.68438, -61.87074, -240.28392],
						"1.3333": [138.68, -61.87, -240.28],
						"1.375": [148.93, -61.87, -240.28],
						"1.4167": [156.43, -61.87, -240.28],
						"1.4583": [156.43, -61.87, -240.28],
						"1.5": [156.43, -61.87, -240.28],
						"1.5417": [156.43, -61.87, -240.28],
						"1.5833": [156.43, -61.87, -240.28],
						"1.625": [156.43, -61.87, -240.28],
						"1.6667": [156.43, -61.87, -240.28],
						"1.7083": [156.43, -61.87, -240.28],
						"1.75": [156.43, -61.87, -240.28],
						"1.7917": [156.43, -61.87, -240.28],
						"1.8333": [156.43, -61.87, -240.28],
						"1.875": [156.43, -61.87, -240.28],
						"1.9167": [156.43, -61.87, -240.28],
						"1.9583": [156.43, -61.87, -240.28],
						"2.0": [156.43, -61.87, -240.28],
						"2.0417": [156.43, -61.87, -240.28],
						"2.0833": [156.43, -61.87, -240.28],
						"2.125": [156.43, -61.87, -240.28],
						"2.1667": [156.43, -61.87, -240.28],
						"2.2083": [109.80512, -8.72735, -179.16691],
						"2.25": [109.81, -8.73, -179.17],
						"2.2917": [109.81, -8.73, -179.17],
						"2.3333": [109.81, -8.73, -179.17],
						"2.375": [109.81, -8.73, -179.17],
						"2.4167": [109.81, -8.73, -179.17],
						"2.4583": [109.81, -8.73, -179.17],
						"2.5": [109.80512, -8.72735, -179.16691]
					},
					"position": {
						"0.0": [7.75, -17.2125, 5.15625],
						"0.0417": [7.75, -17.21, 5.16],
						"0.0833": [7.75, -17.21, 5.16],
						"0.125": [7.75, -17.21, 5.16],
						"0.1667": [8.405, -17.66, 5.235],
						"0.2083": [9.93, -16.81, 5.16],
						"0.25": [12.835, -14.68, 5.16],
						"0.2917": [13.71, -11.455, 5.16],
						"0.3333": [12.81, -6.505, 5.06],
						"0.375": [10.51, 0.95, 5.16],
						"0.4167": [4.365, 4.155, 4.71],
						"0.4583": [2.19, 4.06, 5.16],
						"0.5": [1.74, 3.09, 5.16],
						"0.5417": [1.84, 3.09, 5.16],
						"0.5833": [1.84, 3.09, 5.16],
						"0.625": [2.94, 4.745, 5.21],
						"0.6667": [6.59, 8.975, 6.285],
						"0.7083": [12.165, 14.205, 12.065],
						"0.75": [26.65, 1.785, 22.49],
						"0.7917": [25.85, 4.24, 12.12],
						"0.8333": [18.65, 4.24, 13.62],
						"0.875": [18.65, 4.24, 13.62],
						"0.9167": [18.65, 4.24, 13.62],
						"0.9583": [18.65, 4.24, 13.62],
						"1.0": [18.65, 4.24, 13.62],
						"1.0417": [18.65, 4.24, 13.62],
						"1.0833": [18.65, 4.24, 13.62],
						"1.125": [18.65, 4.24, 13.62],
						"1.1667": [18.65, 0.44, 13.62],
						"1.2083": [18.65, -5.06, 12.12],
						"1.25": [14.38, -12.285, 8.345],
						"1.2917": [11.03, -11.31, 3.195],
						"1.3333": [8.105, -11.31, 2.365],
						"1.375": [7.735, -11.335, 1.465],
						"1.4167": [8.11, -10.71, 1.09],
						"1.4583": [11.88, -9.29, 1.09],
						"1.5": [15.66, -7.86, 2.04],
						"1.5417": [18.41, -5.935, 6.74],
						"1.5833": [19.235, -5.93, 10.015],
						"1.625": [19.24, -5.93, 10.02],
						"1.6667": [19.24, -5.93, 10.02],
						"1.7083": [19.24, -5.93, 10.02],
						"1.75": [19.24, -5.93, 10.02],
						"1.7917": [19.24, -5.93, 10.02],
						"1.8333": [19.24, -5.93, 10.02],
						"1.875": [19.24, -5.93, 10.02],
						"1.9167": [19.24, -5.93, 10.02],
						"1.9583": [19.24, -5.93, 10.02],
						"2.0": [19.24, -5.93, 10.02],
						"2.0417": [19.24, -5.93, 10.02],
						"2.0833": [19.24, -5.93, 10.02],
						"2.125": [19.24, -5.93, 10.02],
						"2.1667": [19.24, -5.93, 10.02],
						"2.2083": [16.2, -1.5375, 10.43125],
						"2.25": [16.2, -3.16, 10.96],
						"2.2917": [16.2, -5.11, 11.105],
						"2.3333": [14.51, -7.53, 9.92],
						"2.375": [12.82, -9.95, 8.73],
						"2.4167": [11.13, -12.37, 7.54],
						"2.4583": [9.44, -14.79, 6.35],
						"2.5": [7.75, -17.2125, 5.15625]
					},
					"scale": [1, 1.5, 1]
				},
				"righthand": {
					"rotation": {
						"0.0": [-264.97476, 6.2574, -176.94134],
						"0.7917": [-264.97476, 6.2574, -176.94134],
						"0.8333": [-264.97476, 6.2574, -176.94134],
						"0.875": [-241.99951, 5.84442, -172.4352],
						"0.9167": [-264.47972, 7.58634, -172.266],
						"0.9583": [-254.8547, 2.28232, -173.7176],
						"1.0": [-246.6194, -0.24409, -174.81181],
						"1.0417": [-246.62, -0.24, -174.81],
						"1.0833": [-234.99429, -4.54454, -177.8189],
						"1.125": [-225.33336, 9.6351, -164.80582],
						"1.1667": [-225.33, 9.64, -164.81],
						"1.2083": [-225.33, 9.64, -164.81],
						"1.25": [-225.33, 9.64, -164.81],
						"1.2917": [-225.33, 9.64, -164.81],
						"1.3333": [-225.33, 9.64, -164.81],
						"1.375": [-225.33, 9.64, -164.81],
						"1.4167": [-225.33, 9.64, -164.81],
						"1.4583": [-225.33, 9.64, -164.81],
						"1.5": [-225.33, 9.64, -164.81],
						"1.5417": [-225.33, 9.64, -164.81],
						"1.5833": [-225.33, 9.64, -164.81],
						"1.625": [-225.33, 9.64, -164.81],
						"1.6667": [-225.33, 9.64, -164.81],
						"1.7083": [-225.33, 9.64, -164.81],
						"1.75": [-225.33, 9.64, -164.81],
						"1.7917": [-225.33, 9.64, -166.31],
						"1.8333": [-226.08017, 2.29381, -172.00223],
						"1.875": [-226.08, 2.29, -172],
						"1.9167": [-226.08, 2.29, -172],
						"1.9583": [-226.08, 2.29, -172],
						"2.0": [-226.08, 2.29, -172],
						"2.0417": [-226.08, 2.29, -172],
						"2.0833": [-232.68, 2.29, -172],
						"2.125": [-248.08, 2.29, -172],
						"2.1667": [-264.97476, 6.2574, -176.94134],
						"2.2083": [-264.97, 6.26, -176.94],
						"2.25": [-264.97, 6.26, -176.94],
						"2.2917": [-264.97, 6.26, -176.94],
						"2.3333": [-264.97, 6.26, -176.94],
						"2.375": [-264.97, 6.26, -176.94],
						"2.4167": [-264.97, 6.26, -176.94],
						"2.4583": [-264.97, 6.26, -176.94],
						"2.5": [-264.97476, 6.2574, -176.94134]
					},
					"position": {
						"0.0": [-6.9125, -16.625, 5.8875],
						"0.7917": [-6.9125, -16.625, 5.8875],
						"0.8333": [-6.9125, -16.625, 5.8875],
						"0.875": [-8.56, -16.62, 5.89],
						"0.9167": [-8.485, -16.62, 5.89],
						"0.9583": [-9.33, -16.62, 5.89],
						"1.0": [-9.33, -15.995, 5.89],
						"1.0417": [-8.555, -13.465, 5.89],
						"1.0833": [-7.2, -11.81, 6.64],
						"1.125": [-1.05, -5.685, 5.215],
						"1.1667": [-1.05, -5.68, 5.22],
						"1.2083": [-1.05, -5.68, 5.22],
						"1.25": [-1.05, -5.68, 5.22],
						"1.2917": [-1.05, -5.68, 5.22],
						"1.3333": [-1.05, -5.68, 5.22],
						"1.375": [-1.05, -5.68, 5.22],
						"1.4167": [-1.05, -5.68, 5.22],
						"1.4583": [-1.05, -5.68, 5.22],
						"1.5": [-1.05, -5.68, 5.22],
						"1.5417": [-1.05, -5.68, 5.22],
						"1.5833": [-1.05, -5.68, 5.22],
						"1.625": [-1.05, -5.68, 5.22],
						"1.6667": [-1.05, -5.68, 5.22],
						"1.7083": [-1.05, -5.68, 5.22],
						"1.75": [-1.05, -4.655, 5.32],
						"1.7917": [-1.05, -4.65, 5.32],
						"1.8333": [-1.05, -4.65, 5.32],
						"1.875": [-1.05, -4.65, 5.32],
						"1.9167": [-1.05, -4.65, 5.32],
						"1.9583": [-1.05, -4.65, 5.32],
						"2.0": [-1.05, -4.65, 5.32],
						"2.0417": [-1.05, -4.65, 5.32],
						"2.0833": [-1.05, -4.65, 5.32],
						"2.125": [-1.05, -4.65, 5.32],
						"2.1667": [-1.3125, -4.25, 5.8875],
						"2.2083": [-1.31, -4.25, 5.89],
						"2.25": [-2.11, -6.02, 5.89],
						"2.2917": [-2.91, -7.79, 5.89],
						"2.3333": [-3.71, -9.56, 5.89],
						"2.375": [-4.51, -11.33, 5.89],
						"2.4167": [-5.31, -13.09, 5.89],
						"2.4583": [-6.11, -14.86, 5.89],
						"2.5": [-6.9125, -16.625, 5.8875]
					},
					"scale": [1, 1.5, 1]
				},
				"constraint": {
					"rotation": [0.2, 0.2, 0.2],
					"position": [0.2, 0.2, 0.2]
				},
				"root": {
					"rotation": {
						"0.0": [0, 0, 0],
						"0.0417": [0, 0, 0],
						"0.0833": [0, 0, 0],
						"0.125": [0, 0, 0],
						"0.1667": [0, 0, 5],
						"0.2083": [4.75, 0, 13],
						"0.25": [4.69178, -0.74223, 22.46959],
						"0.2917": [4.80584, 7.72481, 41.67537],
						"0.3333": [9.80361, 17.46215, 58.80743],
						"0.375": [9.8, 17.46, 64.01],
						"0.4167": [9.8, 17.46, 64.01],
						"0.4583": [9.8, 17.46, 64.01],
						"0.5": [9.8, 17.46, 64.01],
						"0.5417": [9.8, 17.46, 64.01],
						"0.5833": [9.8, 17.46, 64.01],
						"0.625": [9.8, 17.46, 64.01],
						"0.6667": [9.8, 17.46, 64.01],
						"0.7083": [9.8, 17.46, 64.01],
						"0.75": [36.8, 17.46, 64.01],
						"0.7917": [-11.8, 10.86, 64.01],
						"0.8333": [-6.07963, 14.81111, 89.34467],
						"0.875": [-6.08, 14.81, 89.34],
						"0.9167": [-6.08, 14.81, 89.34],
						"0.9583": [-6.08, 14.81, 89.34],
						"1.0": [-6.08, 14.81, 89.34],
						"1.0417": [-6.08, 14.81, 89.34],
						"1.0833": [-6.08, 14.81, 89.34],
						"1.125": [-6.08, 14.81, 89.34],
						"1.1667": [-5.9167, 12.30501, 90.21665],
						"1.2083": [-5.92, 9.01, 90.22],
						"1.25": [-8.17, 5.01, 90.22],
						"1.2917": [-8.17, 3.41, 90.22],
						"1.3333": [-8.74736, -1.07475, 86.5927],
						"1.375": [-9.5, -1.07, 83.29],
						"1.4167": [-10.51, 1.25, 80.09],
						"1.4583": [-11.52443, 3.57914, 76.89247],
						"1.5": [-5.27, 3.58, 76.89],
						"1.5417": [-7.27, 3.58, 76.89],
						"1.5833": [-12.02, 3.58, 76.89],
						"1.625": [-18.77, 3.58, 76.89],
						"1.6667": [-18.77, 3.58, 76.89],
						"1.7083": [-18.77, 3.58, 76.89],
						"1.75": [-18.77, 3.58, 76.89],
						"1.7917": [-18.77, 3.58, 76.89],
						"1.8333": [-20.53169, 4.04826, 76.7143],
						"1.875": [-22.63, 4.05, 76.71],
						"1.9167": [-25.13, 4.05, 76.71],
						"1.9583": [-27.03, 4.05, 76.71],
						"2.0": [-28.03, 4.95, 76.71],
						"2.0417": [-28.03, 9.05, 74.81],
						"2.0833": [-32.03, 9.05, 69.11],
						"2.125": [-36.03, 9.05, 59.61],
						"2.1667": [-32.03, 9.05, 51.51],
						"2.2083": [-26.63, 9.05, 41.41],
						"2.25": [-20.7, 7.89, 34.32],
						"2.2917": [-17.47, 6.73, 27.24],
						"2.3333": [-14.24, 5.57, 20.15],
						"2.375": [-11.01, 4.42, 13.07],
						"2.4167": [-7.78, 3.26, 5.98],
						"2.4583": [-1.5, 2.1, 2.29],
						"2.5": [1, 0.95, -0.99],
						"2.5417": [0, 0.95, -1.19],
						"2.5833": [0, 0.76, -0.33],
						"2.625": [0, 0.57, 0.78],
						"2.6667": [0, 0.38, 1.09],
						"2.7083": [0, 0, 0],
						"2.75": [0, 0, 0],
						"2.7917": [0, 0, 0],
						"2.8333": [0, 0, 0],
						"2.875": [0, 0, 0],
						"2.9167": [0, 0, 0],
						"2.9583": [0, 0, 0],
						"3.0": [0, 0, 0]
					},
					"position": {
						"0.0": [0, 0, 0],
						"0.0417": [0, 0, 0],
						"0.0833": [0, 0, 0],
						"0.125": [0, 0, 0],
						"0.1667": [-0.4, 1, 0],
						"0.2083": [-1.4, 1, 0],
						"0.25": [-3, 0.775, 0],
						"0.2917": [-5.295, -0.04, 0.575],
						"0.3333": [-9.32, -1.765, 2.43],
						"0.375": [-15.92, -6.36, 2.43],
						"0.4167": [-17.32, -12.56, 2.43],
						"0.4583": [-17.82, -14.16, 2.43],
						"0.5": [-17.82, -14.16, 2.43],
						"0.5417": [-17.82, -14.16, 2.43],
						"0.5833": [-17.82, -14.16, 2.43],
						"0.625": [-17.82, -14.16, 2.43],
						"0.6667": [-17.82, -14.16, 2.43],
						"0.7083": [-17.82, -14.16, 2.43],
						"0.75": [-17.92, -2.135, 0.03],
						"0.7917": [-14.42, 0.37, 0.03],
						"0.8333": [-9.32, 2.295, -1.095],
						"0.875": [-8.12, 2.5, -4.065],
						"0.9167": [-7.32, 3.1, -4.07],
						"0.9583": [-6.62, 3.3, -4.07],
						"1.0": [-5.87, 3.3, -4.07],
						"1.0417": [-5.765, 3.45, -4.07],
						"1.0833": [-5.69, 3.6, -4.07],
						"1.125": [-5.465, 3.7, -4.07],
						"1.1667": [-5.015, 3.475, -4.32],
						"1.2083": [-4.56, 3.175, -4.07],
						"1.25": [-4.56, 2.855, -4.07],
						"1.2917": [-4.56, 1.96, -4.07],
						"1.3333": [-4.56, 1.66, -4.07],
						"1.375": [-4.38, 1.51, -4.07],
						"1.4167": [-4.27, 1.675, -4.07],
						"1.4583": [-4.155, 2.085, -4.07],
						"1.5": [-4.15, 2.63, -3.67],
						"1.5417": [-3.9, 2.555, -3.67],
						"1.5833": [-3.7, 2.435, -3.67],
						"1.625": [-3.7, 2.44, -3.895],
						"1.6667": [-3.7, 2.44, -4.09],
						"1.7083": [-5.125, 2.44, -4.49],
						"1.75": [-6.745, 2.44, -4.49],
						"1.7917": [-8.625, 1.515, -5.99],
						"1.8333": [-9.125, 2.815, -7.49],
						"1.875": [-9.12, 3.145, -7.49],
						"1.9167": [-9.12, 3.15, -7.49],
						"1.9583": [-9.12, 3.15, -7.49],
						"2.0": [-9.12, 3.15, -7.49],
						"2.0417": [-9.12, 2.95, -7.49],
						"2.0833": [-9.12, 2.15, -7.49],
						"2.125": [-9.12, 0.55, -7.49],
						"2.1667": [-9.12, -1.15, -7.19],
						"2.2083": [-8.02, -2.35, -6.19],
						"2.25": [-6.88, -3, -5.28],
						"2.2917": [-5.74, -3.05, -4.57],
						"2.3333": [-4.6, -2.79, -3.85],
						"2.375": [-3.46, -1.74, -3.14],
						"2.4167": [-2.32, -0.79, -2.42],
						"2.4583": [-1.28, -0.03, -1.7],
						"2.5": [-0.64, 0, -0.99],
						"2.5417": [-0.4, 0, -0.39],
						"2.5833": [-0.2, 0, 0],
						"2.625": [-0.1, 0, 0],
						"2.6667": [0, 0, 0],
						"2.7083": [0, 0, 0],
						"2.75": [0, 0, 0],
						"2.7917": [0, 0, 0],
						"2.8333": [0, 0, 0],
						"2.875": [0, 0, 0],
						"2.9167": [0, 0, 0],
						"2.9583": [0, 0, 0],
						"3.0": [0, 0, 0]
					}
				},
				"mag_and_bullet": {
					"rotation": {
						"0.7917": [0, 0, 0],
						"0.8333": [0, 0, 0],
						"0.875": [21.25, 0, 0],
						"0.9167": [71.25, 0, 0],
						"0.9583": [-92.15297, -3.0711, -54.94228],
						"1.0": [-44.61321, 2.27105, -60.20731],
						"1.0417": [-44.61, 2.27, -60.21],
						"1.0833": [-208.21767, 70.00205, -280.14297],
						"1.125": [-208.22, 70, -280.14],
						"1.1667": [-208.22, 70, -280.14],
						"1.2083": [-208.22, 70, -280.14],
						"1.25": [-167.72, 70, -280.14],
						"1.2917": [0, -55, -102.5],
						"1.3333": [0, -55, -102.5],
						"1.375": [-28.50059, -43.69869, -54.4978],
						"1.4167": [158.99215, -34.26891, 147.72647],
						"1.4583": [164.82262, -13.29857, 153.9737],
						"1.5": [168.92837, -0.73909, 179.68501],
						"1.5417": [101.62, 39.28, 127.43],
						"1.5833": [73.62, 39.28, 127.43],
						"1.625": [40, 10, 60],
						"1.6667": [40, 10, 60],
						"1.7083": [40, 10, 60],
						"1.75": [0, 0, 0]
					},
					"position": {
						"0.7917": [0, 0, 0],
						"0.8333": [0, -3.225, 0.825],
						"0.875": [0, -5.57, 2.18],
						"0.9167": [0, -4.295, 5.08],
						"0.9583": [-1.2, 9.31, 1.805],
						"1.0": [-2.625, 13.21, -2.04],
						"1.0417": [1.28, 8.74, -15.81],
						"1.0833": [9.28, 1.74, -27.81],
						"1.125": [9.28, 1.74, -27.81],
						"1.1667": [20.73, 1.74, -27.81],
						"1.2083": [20.73, 1.74, -19.81],
						"1.25": [1.905, -5.71, 7.34],
						"1.2917": [-4.01, -6.035, 4.09],
						"1.3333": [-7.26, -6.085, 4.49],
						"1.375": [-12.185, -4.435, 5.295],
						"1.4167": [-18.18, -4.43, 5.3],
						"1.4583": [-15.58, -4.43, 5.3],
						"1.5": [-13.405, -4.43, 5.3],
						"1.5417": [-13.4, -4.43, 5.3],
						"1.5833": [-12.025, -4.43, 5.3],
						"1.625": [-8.445, -4.43, 5.3],
						"1.6667": [-6.54, -4.43, 5.275],
						"1.7083": [-4.485, -3.905, 3.85],
						"1.75": [0, 0, 0]
					}
				},
				"Deagle": {
					"rotation": {
						"0.7917": {
							"pre": [0, 0, 0],
							"post": [0, 0, 0],
							"lerp_mode": "catmullrom"
						},
						"0.8333": {
							"post": [-107, 0, 0],
							"lerp_mode": "catmullrom"
						},
						"0.875": {
							"post": [-142, 0, 0],
							"lerp_mode": "catmullrom"
						},
						"0.9167": {
							"post": [-174.2, 0, 0],
							"lerp_mode": "catmullrom"
						},
						"0.9583": {
							"post": [-246.5, 0, 0],
							"lerp_mode": "catmullrom"
						},
						"1.0": {
							"post": [-306.78942, -13.19487, -2.00629],
							"lerp_mode": "catmullrom"
						},
						"1.0417": {
							"post": [-346.78942, -13.19487, -2.00629],
							"lerp_mode": "catmullrom"
						},
						"1.0833": {
							"post": [-385.78942, -13.19487, -2.00629],
							"lerp_mode": "catmullrom"
						},
						"1.125": {
							"post": [-403.01084, -20.53335, 3.87738],
							"lerp_mode": "catmullrom"
						},
						"1.1667": {
							"post": [-403.01, -20.53, 3.88],
							"lerp_mode": "catmullrom"
						},
						"1.2083": {
							"post": [-403.01, -20.53, 3.88],
							"lerp_mode": "catmullrom"
						},
						"1.25": {
							"post": [-409.26, -20.53, 3.88],
							"lerp_mode": "catmullrom"
						},
						"1.2917": {
							"post": [-410.16163, -22.47026, 6.33942],
							"lerp_mode": "catmullrom"
						},
						"1.3333": {
							"post": [-409.84816, -21.82725, 5.51288],
							"lerp_mode": "catmullrom"
						},
						"1.375": {
							"post": [-409.85, -21.83, 5.51],
							"lerp_mode": "catmullrom"
						},
						"1.4167": {
							"post": [-409.85, -21.83, 5.51],
							"lerp_mode": "catmullrom"
						},
						"1.4583": {
							"post": [-409.85, -21.83, 5.51],
							"lerp_mode": "catmullrom"
						},
						"1.5": {
							"post": [-409.85, -21.83, 5.51],
							"lerp_mode": "catmullrom"
						},
						"1.5417": {
							"post": [-409.85, -21.83, 5],
							"lerp_mode": "catmullrom"
						},
						"1.5833": {
							"post": [-409.85, -21.83, 5],
							"lerp_mode": "catmullrom"
						},
						"1.625": {
							"post": [-409.85, -21.83, 5],
							"lerp_mode": "catmullrom"
						},
						"1.6667": {
							"post": [-409.85, -21.83, 5],
							"lerp_mode": "catmullrom"
						},
						"1.7083": {
							"post": [-409.85, -21.83, 5],
							"lerp_mode": "catmullrom"
						},
						"1.75": {
							"post": [-388.48897, -17.72987, 13.51757],
							"lerp_mode": "catmullrom"
						},
						"1.7917": {
							"post": [-374.75785, -3.00201, 9.48624],
							"lerp_mode": "catmullrom"
						},
						"1.8333": {
							"post": [-374.7568, -2.75825, 9.42623],
							"lerp_mode": "catmullrom"
						},
						"1.875": {
							"post": [-374.76, -2.76, 9.43],
							"lerp_mode": "catmullrom"
						},
						"1.9167": {
							"post": [-374.76, -2.76, 9.43],
							"lerp_mode": "catmullrom"
						},
						"1.9583": {
							"post": [-374.76, -2.76, 9.43],
							"lerp_mode": "catmullrom"
						},
						"2.0": {
							"post": [-374.76, -2.76, 9.43],
							"lerp_mode": "catmullrom"
						},
						"2.0417": {
							"post": [-374.76, -2.76, 9.43],
							"lerp_mode": "catmullrom"
						},
						"2.0833": {
							"post": [-374.76, -2.76, 9.43],
							"lerp_mode": "catmullrom"
						},
						"2.125": {
							"post": [-374.76, -2.76, 9.43],
							"lerp_mode": "catmullrom"
						},
						"2.1667": {
							"post": [-360, 0, 0],
							"lerp_mode": "catmullrom"
						}
					},
					"position": {
						"0.7917": {
							"pre": [0, 0, 0],
							"post": [0, 0, 0],
							"lerp_mode": "catmullrom"
						},
						"0.8333": {
							"post": [0, 0, 0],
							"lerp_mode": "catmullrom"
						},
						"0.875": {
							"post": [0, 0, 0],
							"lerp_mode": "catmullrom"
						},
						"0.9167": {
							"post": [0, 0, 0],
							"lerp_mode": "catmullrom"
						},
						"0.9583": {
							"post": [0, 5.5, 0],
							"lerp_mode": "catmullrom"
						},
						"1.0": {
							"post": [1.175, 7.35, 0],
							"lerp_mode": "catmullrom"
						},
						"1.0417": {
							"post": [1.88, 8.025, 0],
							"lerp_mode": "catmullrom"
						},
						"1.0833": {
							"post": [2.86, 8.375, 0],
							"lerp_mode": "catmullrom"
						},
						"1.125": {
							"post": [5.685, 12.505, 0.45],
							"lerp_mode": "catmullrom"
						},
						"1.1667": {
							"post": [5.69, 12.51, 0.45],
							"lerp_mode": "catmullrom"
						},
						"1.2083": {
							"post": [5.69, 12.51, 0.45],
							"lerp_mode": "catmullrom"
						},
						"1.25": {
							"post": [5.69, 12.51, 0.45],
							"lerp_mode": "catmullrom"
						},
						"1.2917": {
							"post": [5.815, 12.51, 0.45],
							"lerp_mode": "catmullrom"
						},
						"1.3333": {
							"post": [5.82, 12.51, 0.45],
							"lerp_mode": "catmullrom"
						},
						"1.375": {
							"post": [5.82, 12.51, 0.45],
							"lerp_mode": "catmullrom"
						},
						"1.4167": {
							"post": [5.82, 12.51, 0.45],
							"lerp_mode": "catmullrom"
						},
						"1.4583": {
							"post": [5.82, 12.51, 0.45],
							"lerp_mode": "catmullrom"
						},
						"1.5": {
							"post": [5.82, 12.51, 0.45],
							"lerp_mode": "catmullrom"
						},
						"1.5417": {
							"post": [5.82, 12.51, 0.45],
							"lerp_mode": "catmullrom"
						},
						"1.5833": {
							"post": [5.82, 12.51, 0.45],
							"lerp_mode": "catmullrom"
						},
						"1.625": {
							"post": [5.82, 12.51, 0.45],
							"lerp_mode": "catmullrom"
						},
						"1.6667": {
							"post": [5.82, 12.51, 0.45],
							"lerp_mode": "catmullrom"
						},
						"1.7083": {
							"post": [5.82, 12.51, 0.45],
							"lerp_mode": "catmullrom"
						},
						"1.75": {
							"post": [5.57, 12.51, 0.45],
							"lerp_mode": "catmullrom"
						},
						"1.7917": {
							"post": [5.695, 13.035, -0.175],
							"lerp_mode": "catmullrom"
						},
						"1.8333": {
							"post": [5.7, 13.04, -0.17],
							"lerp_mode": "catmullrom"
						},
						"1.875": {
							"post": [5.7, 13.04, -0.17],
							"lerp_mode": "catmullrom"
						},
						"1.9167": {
							"post": [5.7, 13.04, -0.17],
							"lerp_mode": "catmullrom"
						},
						"1.9583": {
							"post": [5.7, 13.04, -0.17],
							"lerp_mode": "catmullrom"
						},
						"2.0": {
							"post": [5.7, 13.04, -0.17],
							"lerp_mode": "catmullrom"
						},
						"2.0417": {
							"post": [5.7, 13.04, -0.17],
							"lerp_mode": "catmullrom"
						},
						"2.0833": {
							"post": [5.7, 13.04, -0.17],
							"lerp_mode": "catmullrom"
						},
						"2.125": {
							"post": [5.7, 13.04, -0.17],
							"lerp_mode": "catmullrom"
						},
						"2.1667": {
							"post": [5.7, 13.04, -0.17],
							"lerp_mode": "catmullrom"
						},
						"2.2083": {
							"post": [5.7, 13.04, -0.17],
							"lerp_mode": "catmullrom"
						},
						"2.25": {
							"post": [4.89, 11.18, -0.15],
							"lerp_mode": "catmullrom"
						},
						"2.2917": {
							"post": [4.08, 9.32, -0.13],
							"lerp_mode": "catmullrom"
						},
						"2.3333": {
							"post": [3.26, 7.46, -0.1],
							"lerp_mode": "catmullrom"
						},
						"2.375": {
							"post": [2.45, 5.6, -0.08],
							"lerp_mode": "catmullrom"
						},
						"2.4167": {
							"post": [1.63, 3.73, -0.05],
							"lerp_mode": "catmullrom"
						},
						"2.4583": {
							"post": [0.81, 1.86, -0.02],
							"lerp_mode": "catmullrom"
						},
						"2.5": {
							"post": [0, 0, 0],
							"lerp_mode": "catmullrom"
						}
					}
				},
				"camera": {
					"rotation": {
						"0.0": {
							"post": [0, 0, 0],
							"lerp_mode": "catmullrom"
						},
						"0.3333": {
							"post": [1.2, 0, 0],
							"lerp_mode": "catmullrom"
						},
						"0.5": {
							"post": [1.35, 0, 0],
							"lerp_mode": "catmullrom"
						},
						"0.625": {
							"post": [0.35, 0, 0],
							"lerp_mode": "catmullrom"
						},
						"0.75": {
							"post": [1.35, 0, 0],
							"lerp_mode": "catmullrom"
						},
						"0.875": {
							"post": [1.75, 0, 0],
							"lerp_mode": "catmullrom"
						},
						"1.0": {
							"post": [1.75, 0, 0],
							"lerp_mode": "catmullrom"
						},
						"1.125": {
							"post": [1.25, 0, 0],
							"lerp_mode": "catmullrom"
						},
						"1.2917": {
							"post": [1.35, 0, 0],
							"lerp_mode": "catmullrom"
						},
						"1.5": {
							"post": [3.65, 0, 0],
							"lerp_mode": "catmullrom"
						},
						"1.6667": {
							"post": [-0.15, 0, 0],
							"lerp_mode": "catmullrom"
						},
						"1.75": {
							"post": [0.85, 0, 1.6],
							"lerp_mode": "catmullrom"
						},
						"1.7917": {
							"post": [0.85, 0, -1.4],
							"lerp_mode": "catmullrom"
						},
						"1.8333": {
							"post": [0.85, 0, 1.1],
							"lerp_mode": "catmullrom"
						},
						"1.875": {
							"post": [0.85, 0, -0.5],
							"lerp_mode": "catmullrom"
						},
						"2.0": {
							"post": [-0.65, 0, 0],
							"lerp_mode": "catmullrom"
						},
						"2.1667": {
							"post": [0.85, 0, 0],
							"lerp_mode": "catmullrom"
						},
						"2.2917": {
							"post": [1.75, 0, 0],
							"lerp_mode": "catmullrom"
						},
						"2.4583": {
							"post": [1.65, 0, 0],
							"lerp_mode": "catmullrom"
						},
						"2.7083": {
							"post": [0, 0, 0],
							"lerp_mode": "catmullrom"
						}
					}
				}
			},
			"sound_effects": {
				"0.0": {
					"effect": "ex:stygian/stygian_reload_tacticool"
				}
			}
		},
		"reload_empty": {
			"animation_length": 3,
			"bones": {
				"lefthand": {
					"rotation": {
						"0.0": [109.80512, -8.72735, -179.16691],
						"0.0417": [109.81, -8.73, -179.17],
						"0.0833": [109.81, -8.73, -179.17],
						"0.125": [109.81, -8.73, -179.17],
						"0.1667": [109.81, -8.73, -179.17],
						"0.2083": [113.15511, -31.58378, -188.66594],
						"0.25": [113.16, -55.38, -201.87],
						"0.2917": [111.21129, -61.96104, -217.93375],
						"0.3333": [90.46, -61.96, -217.93],
						"0.375": [76.21, -61.96, -217.93],
						"0.4167": [76.21, -61.96, -217.93],
						"0.4583": [76.21, -61.96, -217.93],
						"0.5": [76.21, -61.96, -217.93],
						"0.5417": [76.21, -61.96, -217.93],
						"0.5833": [76.21, -61.96, -217.93],
						"0.625": [76.21, -61.96, -217.93],
						"0.6667": [76.21, -61.96, -226.5892],
						"0.7083": [76.21, -61.96, -226.5892],
						"0.75": [102.97814, -45.1209, -225.58274],
						"0.7917": [102.98, -45.12, -225.58],
						"0.8333": [102.98, -45.12, -225.58],
						"0.875": [102.98, -45.12, -225.58],
						"0.9167": [102.98, -45.12, -225.58],
						"0.9583": [102.98, -45.12, -225.58],
						"1.0": [102.98, -45.12, -225.58],
						"1.0417": [102.98, -45.12, -225.58],
						"1.0833": [102.98, -45.12, -225.58],
						"1.125": [102.98, -45.12, -225.58],
						"1.1667": [102.98, -45.12, -225.58],
						"1.2083": [102.98, -45.12, -225.58],
						"1.25": [102.98, -45.12, -225.58],
						"1.2917": [138.68438, -61.87074, -240.28392],
						"1.3333": [138.68, -61.87, -240.28],
						"1.375": [148.93, -61.87, -240.28],
						"1.4167": [156.43, -61.87, -240.28],
						"1.4583": [156.43, -61.87, -240.28],
						"1.5": [156.43, -61.87, -240.28],
						"1.5417": [156.43, -61.87, -240.28],
						"1.5833": [156.43, -61.87, -240.28],
						"1.625": [156.43, -61.87, -240.28],
						"1.6667": [156.43, -61.87, -240.28],
						"1.7083": [156.43, -61.87, -240.28],
						"1.75": [156.43, -61.87, -240.28],
						"1.7917": [156.43, -61.87, -240.28],
						"1.8333": [156.43, -61.87, -240.28],
						"1.875": [156.43, -61.87, -240.28],
						"1.9167": [156.43, -61.87, -240.28],
						"1.9583": [156.43, -61.87, -240.28],
						"2.0": [156.43, -61.87, -240.28],
						"2.0417": [156.43, -61.87, -240.28],
						"2.0833": [156.43, -61.87, -240.28],
						"2.125": [156.43, -61.87, -240.28],
						"2.1667": [156.43, -61.87, -240.28],
						"2.2083": [109.80512, -8.72735, -179.16691],
						"2.25": [109.81, -8.73, -179.17],
						"2.2917": [109.81, -8.73, -179.17],
						"2.3333": [109.81, -8.73, -179.17],
						"2.375": [109.81, -8.73, -179.17],
						"2.4167": [109.81, -8.73, -179.17],
						"2.4583": [109.81, -8.73, -179.17],
						"2.5": [109.80512, -8.72735, -179.16691]
					},
					"position": {
						"0.0": [7.75, -17.2125, 5.15625],
						"0.0417": [7.75, -17.21, 5.16],
						"0.0833": [7.75, -17.21, 5.16],
						"0.125": [7.75, -17.21, 5.16],
						"0.1667": [8.405, -17.66, 5.235],
						"0.2083": [9.93, -16.81, 5.16],
						"0.25": [12.835, -14.68, 5.16],
						"0.2917": [13.71, -11.455, 5.16],
						"0.3333": [12.81, -6.505, 5.06],
						"0.375": [10.51, 0.95, 5.16],
						"0.4167": [4.365, 4.155, 4.71],
						"0.4583": [2.19, 4.06, 5.16],
						"0.5": [1.74, 3.09, 5.16],
						"0.5417": [1.84, 3.09, 5.16],
						"0.5833": [1.84, 3.09, 5.16],
						"0.625": [2.94, 4.745, 5.21],
						"0.6667": [6.59, 8.975, 6.285],
						"0.7083": [12.165, 14.205, 12.065],
						"0.75": [26.65, 1.785, 22.49],
						"0.7917": [25.85, 4.24, 12.12],
						"0.8333": [18.65, 4.24, 13.62],
						"0.875": [18.65, 4.24, 13.62],
						"0.9167": [18.65, 4.24, 13.62],
						"0.9583": [18.65, 4.24, 13.62],
						"1.0": [18.65, 4.24, 13.62],
						"1.0417": [18.65, 4.24, 13.62],
						"1.0833": [18.65, 4.24, 13.62],
						"1.125": [18.65, 4.24, 13.62],
						"1.1667": [18.65, 0.44, 13.62],
						"1.2083": [18.65, -5.06, 12.12],
						"1.25": [14.38, -12.285, 8.345],
						"1.2917": [11.03, -11.31, 3.195],
						"1.3333": [8.105, -11.31, 2.365],
						"1.375": [7.735, -11.335, 1.465],
						"1.4167": [8.11, -10.71, 1.09],
						"1.4583": [11.88, -9.29, 1.09],
						"1.5": [15.66, -7.86, 2.04],
						"1.5417": [18.41, -5.935, 6.74],
						"1.5833": [19.235, -5.93, 10.015],
						"1.625": [19.24, -5.93, 10.02],
						"1.6667": [19.24, -5.93, 10.02],
						"1.7083": [19.24, -5.93, 10.02],
						"1.75": [19.24, -5.93, 10.02],
						"1.7917": [19.24, -5.93, 10.02],
						"1.8333": [19.24, -5.93, 10.02],
						"1.875": [19.24, -5.93, 10.02],
						"1.9167": [19.24, -5.93, 10.02],
						"1.9583": [19.24, -5.93, 10.02],
						"2.0": [19.24, -5.93, 10.02],
						"2.0417": [19.24, -5.93, 10.02],
						"2.0833": [19.24, -5.93, 10.02],
						"2.125": [19.24, -5.93, 10.02],
						"2.1667": [19.24, -5.93, 10.02],
						"2.2083": [16.2, -1.5375, 10.43125],
						"2.25": [16.2, -3.16, 10.96],
						"2.2917": [16.2, -5.11, 11.105],
						"2.3333": [14.51, -7.53, 9.92],
						"2.375": [12.82, -9.95, 8.73],
						"2.4167": [11.13, -12.37, 7.54],
						"2.4583": [9.44, -14.79, 6.35],
						"2.5": [7.75, -17.2125, 5.15625]
					},
					"scale": [1, 1.5, 1]
				},
				"righthand": {
					"rotation": {
						"0.0": [-264.97476, 6.2574, -176.94134],
						"0.7917": [-264.97476, 6.2574, -176.94134],
						"0.8333": [-264.97476, 6.2574, -176.94134],
						"0.875": [-241.99951, 5.84442, -172.4352],
						"0.9167": [-264.47972, 7.58634, -172.266],
						"0.9583": [-254.8547, 2.28232, -173.7176],
						"1.0": [-246.6194, -0.24409, -174.81181],
						"1.0417": [-246.62, -0.24, -174.81],
						"1.0833": [-234.99429, -4.54454, -177.8189],
						"1.125": [-225.33336, 9.6351, -164.80582],
						"1.1667": [-225.33, 9.64, -164.81],
						"1.2083": [-225.33, 9.64, -164.81],
						"1.25": [-225.33, 9.64, -164.81],
						"1.2917": [-225.33, 9.64, -164.81],
						"1.3333": [-225.33, 9.64, -164.81],
						"1.375": [-225.33, 9.64, -164.81],
						"1.4167": [-225.33, 9.64, -164.81],
						"1.4583": [-225.33, 9.64, -164.81],
						"1.5": [-225.33, 9.64, -164.81],
						"1.5417": [-225.33, 9.64, -164.81],
						"1.5833": [-225.33, 9.64, -164.81],
						"1.625": [-225.33, 9.64, -164.81],
						"1.6667": [-225.33, 9.64, -164.81],
						"1.7083": [-225.33, 9.64, -164.81],
						"1.75": [-225.33, 9.64, -164.81],
						"1.7917": [-225.33, 9.64, -166.31],
						"1.8333": [-226.08017, 2.29381, -172.00223],
						"1.875": [-226.08, 2.29, -172],
						"1.9167": [-226.08, 2.29, -172],
						"1.9583": [-226.08, 2.29, -172],
						"2.0": [-226.08, 2.29, -172],
						"2.0417": [-226.08, 2.29, -172],
						"2.0833": [-232.68, 2.29, -172],
						"2.125": [-248.08, 2.29, -172],
						"2.1667": [-264.97476, 6.2574, -176.94134],
						"2.2083": [-264.97, 6.26, -176.94],
						"2.25": [-264.97, 6.26, -176.94],
						"2.2917": [-264.97, 6.26, -176.94],
						"2.3333": [-264.97, 6.26, -176.94],
						"2.375": [-264.97, 6.26, -176.94],
						"2.4167": [-264.97, 6.26, -176.94],
						"2.4583": [-264.97, 6.26, -176.94],
						"2.5": [-264.97476, 6.2574, -176.94134]
					},
					"position": {
						"0.0": [-6.9125, -16.625, 5.8875],
						"0.7917": [-6.9125, -16.625, 5.8875],
						"0.8333": [-6.9125, -16.625, 5.8875],
						"0.875": [-8.56, -16.62, 5.89],
						"0.9167": [-8.485, -16.62, 5.89],
						"0.9583": [-9.33, -16.62, 5.89],
						"1.0": [-9.33, -15.995, 5.89],
						"1.0417": [-8.555, -13.465, 5.89],
						"1.0833": [-7.2, -11.81, 6.64],
						"1.125": [-1.05, -5.685, 5.215],
						"1.1667": [-1.05, -5.68, 5.22],
						"1.2083": [-1.05, -5.68, 5.22],
						"1.25": [-1.05, -5.68, 5.22],
						"1.2917": [-1.05, -5.68, 5.22],
						"1.3333": [-1.05, -5.68, 5.22],
						"1.375": [-1.05, -5.68, 5.22],
						"1.4167": [-1.05, -5.68, 5.22],
						"1.4583": [-1.05, -5.68, 5.22],
						"1.5": [-1.05, -5.68, 5.22],
						"1.5417": [-1.05, -5.68, 5.22],
						"1.5833": [-1.05, -5.68, 5.22],
						"1.625": [-1.05, -5.68, 5.22],
						"1.6667": [-1.05, -5.68, 5.22],
						"1.7083": [-1.05, -5.68, 5.22],
						"1.75": [-1.05, -4.655, 5.32],
						"1.7917": [-1.05, -4.65, 5.32],
						"1.8333": [-1.05, -4.65, 5.32],
						"1.875": [-1.05, -4.65, 5.32],
						"1.9167": [-1.05, -4.65, 5.32],
						"1.9583": [-1.05, -4.65, 5.32],
						"2.0": [-1.05, -4.65, 5.32],
						"2.0417": [-1.05, -4.65, 5.32],
						"2.0833": [-1.05, -4.65, 5.32],
						"2.125": [-1.05, -4.65, 5.32],
						"2.1667": [-1.3125, -4.25, 5.8875],
						"2.2083": [-1.31, -4.25, 5.89],
						"2.25": [-2.11, -6.02, 5.89],
						"2.2917": [-2.91, -7.79, 5.89],
						"2.3333": [-3.71, -9.56, 5.89],
						"2.375": [-4.51, -11.33, 5.89],
						"2.4167": [-5.31, -13.09, 5.89],
						"2.4583": [-6.11, -14.86, 5.89],
						"2.5": [-6.9125, -16.625, 5.8875]
					},
					"scale": [1, 1.5, 1]
				},
				"constraint": {
					"rotation": [0.2, 0.2, 0.2],
					"position": [0.2, 0.2, 0.2]
				},
				"root": {
					"rotation": {
						"0.0": [0, 0, 0],
						"0.0417": [0, 0, 0],
						"0.0833": [0, 0, 0],
						"0.125": [0, 0, 0],
						"0.1667": [0, 0, 5],
						"0.2083": [4.75, 0, 13],
						"0.25": [4.69178, -0.74223, 22.46959],
						"0.2917": [4.80584, 7.72481, 41.67537],
						"0.3333": [9.80361, 17.46215, 58.80743],
						"0.375": [9.8, 17.46, 64.01],
						"0.4167": [9.8, 17.46, 64.01],
						"0.4583": [9.8, 17.46, 64.01],
						"0.5": [9.8, 17.46, 64.01],
						"0.5417": [9.8, 17.46, 64.01],
						"0.5833": [9.8, 17.46, 64.01],
						"0.625": [9.8, 17.46, 64.01],
						"0.6667": [9.8, 17.46, 64.01],
						"0.7083": [9.8, 17.46, 64.01],
						"0.75": [36.8, 17.46, 64.01],
						"0.7917": [-11.8, 10.86, 64.01],
						"0.8333": [-6.07963, 14.81111, 89.34467],
						"0.875": [-6.08, 14.81, 89.34],
						"0.9167": [-6.08, 14.81, 89.34],
						"0.9583": [-6.08, 14.81, 89.34],
						"1.0": [-6.08, 14.81, 89.34],
						"1.0417": [-6.08, 14.81, 89.34],
						"1.0833": [-6.08, 14.81, 89.34],
						"1.125": [-6.08, 14.81, 89.34],
						"1.1667": [-5.9167, 12.30501, 90.21665],
						"1.2083": [-5.92, 9.01, 90.22],
						"1.25": [-8.17, 5.01, 90.22],
						"1.2917": [-8.17, 3.41, 90.22],
						"1.3333": [-8.74736, -1.07475, 86.5927],
						"1.375": [-9.5, -1.07, 83.29],
						"1.4167": [-10.51, 1.25, 80.09],
						"1.4583": [-11.52443, 3.57914, 76.89247],
						"1.5": [-5.27, 3.58, 76.89],
						"1.5417": [-7.27, 3.58, 76.89],
						"1.5833": [-12.02, 3.58, 76.89],
						"1.625": [-18.77, 3.58, 76.89],
						"1.6667": [-18.77, 3.58, 76.89],
						"1.7083": [-18.77, 3.58, 76.89],
						"1.75": [-18.77, 3.58, 76.89],
						"1.7917": [-18.77, 3.58, 76.89],
						"1.8333": [-20.53169, 4.04826, 76.7143],
						"1.875": [-22.63, 4.05, 76.71],
						"1.9167": [-25.13, 4.05, 76.71],
						"1.9583": [-27.03, 4.05, 76.71],
						"2.0": [-28.03, 4.95, 76.71],
						"2.0417": [-28.03, 9.05, 74.81],
						"2.0833": [-32.03, 9.05, 69.11],
						"2.125": [-36.03, 9.05, 59.61],
						"2.1667": [-32.03, 9.05, 51.51],
						"2.2083": [-26.63, 9.05, 41.41],
						"2.25": [-20.7, 7.89, 34.32],
						"2.2917": [-17.47, 6.73, 27.24],
						"2.3333": [-14.24, 5.57, 20.15],
						"2.375": [-11.01, 4.42, 13.07],
						"2.4167": [-7.78, 3.26, 5.98],
						"2.4583": [-1.85, 2.1, 2.29],
						"2.5": [1.77, 0.95, -0.99],
						"2.5417": [-0.63, 0.95, -1.19],
						"2.5833": [-1.14, 0.76, -0.33],
						"2.625": [0.72, 0.57, 0.78],
						"2.6667": [1.18, 0.38, 1.09],
						"2.7083": [0, 0, 0],
						"2.75": [0, 0, 0],
						"2.7917": [0, 0, 0],
						"2.8333": [0, 0, 0],
						"2.875": [0, 0, 0],
						"2.9167": [0, 0, 0],
						"2.9583": [0, 0, 0],
						"3.0": [0, 0, 0]
					},
					"position": {
						"0.0": [0, 0, 0],
						"0.0417": [0, 0, 0],
						"0.0833": [0, 0, 0],
						"0.125": [0, 0, 0],
						"0.1667": [-0.4, 1, 0],
						"0.2083": [-1.4, 1, 0],
						"0.25": [-3, 0.775, 0],
						"0.2917": [-5.295, -0.04, 0.575],
						"0.3333": [-9.32, -1.765, 2.43],
						"0.375": [-15.92, -6.36, 2.43],
						"0.4167": [-17.32, -12.56, 2.43],
						"0.4583": [-17.82, -14.16, 2.43],
						"0.5": [-17.82, -14.16, 2.43],
						"0.5417": [-17.82, -14.16, 2.43],
						"0.5833": [-17.82, -14.16, 2.43],
						"0.625": [-17.82, -14.16, 2.43],
						"0.6667": [-17.82, -14.16, 2.43],
						"0.7083": [-17.82, -14.16, 2.43],
						"0.75": [-17.92, -2.135, 0.03],
						"0.7917": [-14.42, 0.37, 0.03],
						"0.8333": [-9.32, 2.295, -1.095],
						"0.875": [-8.12, 2.5, -4.065],
						"0.9167": [-7.32, 3.1, -4.07],
						"0.9583": [-6.62, 3.3, -4.07],
						"1.0": [-5.87, 3.3, -4.07],
						"1.0417": [-5.765, 3.45, -4.07],
						"1.0833": [-5.69, 3.6, -4.07],
						"1.125": [-5.465, 3.7, -4.07],
						"1.1667": [-5.015, 3.475, -4.32],
						"1.2083": [-4.56, 3.175, -4.07],
						"1.25": [-4.56, 2.855, -4.07],
						"1.2917": [-4.56, 1.96, -4.07],
						"1.3333": [-4.56, 1.66, -4.07],
						"1.375": [-4.38, 1.51, -4.07],
						"1.4167": [-4.27, 1.675, -4.07],
						"1.4583": [-4.155, 2.085, -4.07],
						"1.5": [-4.15, 2.63, -3.67],
						"1.5417": [-3.9, 2.555, -3.67],
						"1.5833": [-3.7, 2.435, -3.67],
						"1.625": [-3.7, 2.44, -3.895],
						"1.6667": [-3.7, 2.44, -4.09],
						"1.7083": [-5.125, 2.44, -4.49],
						"1.75": [-6.745, 2.44, -4.49],
						"1.7917": [-8.625, 1.515, -5.99],
						"1.8333": [-9.125, 2.815, -7.49],
						"1.875": [-9.12, 3.145, -7.49],
						"1.9167": [-9.12, 3.15, -7.49],
						"1.9583": [-9.12, 3.15, -7.49],
						"2.0": [-9.12, 3.15, -7.49],
						"2.0417": [-9.12, 2.95, -7.49],
						"2.0833": [-9.12, 2.15, -7.49],
						"2.125": [-9.12, 0.55, -7.49],
						"2.1667": [-9.12, -1.15, -7.19],
						"2.2083": [-8.02, -2.35, -6.19],
						"2.25": [-6.88, -3, -5.28],
						"2.2917": [-5.74, -3.05, -4.57],
						"2.3333": [-4.6, -2.79, -3.85],
						"2.375": [-3.46, -1.74, -3.14],
						"2.4167": [-2.32, -0.79, -2.42],
						"2.4583": [-1.28, -0.03, -1.7],
						"2.5": [-0.64, 0, -0.99],
						"2.5417": [-0.4, 0, -0.39],
						"2.5833": [-0.2, 0, 0],
						"2.625": [-0.1, 0, 0],
						"2.6667": [0, 0, 0],
						"2.7083": [0, 0, 0],
						"2.75": [0, 0, 0],
						"2.7917": [0, 0, 0],
						"2.8333": [0, 0, 0],
						"2.875": [0, 0, 0],
						"2.9167": [0, 0, 0],
						"2.9583": [0, 0, 0],
						"3.0": [0, 0, 0]
					}
				},
				"mag_and_bullet": {
					"rotation": {
						"0.7917": [0, 0, 0],
						"0.8333": [0, 0, 0],
						"0.875": [21.25, 0, 0],
						"0.9167": [71.25, 0, 0],
						"0.9583": [-92.15297, -3.0711, -54.94228],
						"1.0": [-44.61321, 2.27105, -60.20731],
						"1.0417": [-44.61, 2.27, -60.21],
						"1.0833": [-208.21767, 70.00205, -280.14297],
						"1.125": [-208.22, 70, -280.14],
						"1.1667": [-208.22, 70, -280.14],
						"1.2083": [-208.22, 70, -280.14],
						"1.25": [-167.72, 70, -280.14],
						"1.2917": [0, -55, -102.5],
						"1.3333": [0, -55, -102.5],
						"1.375": [-28.50059, -43.69869, -54.4978],
						"1.4167": [158.99215, -34.26891, 147.72647],
						"1.4583": [164.82262, -13.29857, 153.9737],
						"1.5": [168.92837, -0.73909, 179.68501],
						"1.5417": [118.52, 39.28, 127.43],
						"1.5833": [90.52, 39.28, 127.43],
						"1.625": [40, 10, 60],
						"1.6667": [40, 10, 60],
						"1.7083": [40, 10, 60],
						"1.75": [0, 0, 0]
					},
					"position": {
						"0.7917": [0, 0, 0],
						"0.8333": [0, -3.225, 0.825],
						"0.875": [0, -5.57, 2.18],
						"0.9167": [0, -4.295, 5.08],
						"0.9583": [-1.2, 9.31, 1.805],
						"1.0": [-2.625, 13.21, -2.04],
						"1.0417": [1.28, 8.74, -15.81],
						"1.0833": [9.28, 1.74, -27.81],
						"1.125": [9.28, 1.74, -27.81],
						"1.1667": [20.73, 1.74, -27.81],
						"1.2083": [20.73, 1.74, -19.81],
						"1.25": [1.905, -5.71, 7.34],
						"1.2917": [-4.01, -6.035, 4.09],
						"1.3333": [-7.26, -6.085, 4.49],
						"1.375": [-12.185, -4.435, 5.295],
						"1.4167": [-18.18, -4.43, 5.3],
						"1.4583": [-15.58, -4.43, 5.3],
						"1.5": [-13.405, -4.43, 5.3],
						"1.5417": [-13.4, -4.43, 4],
						"1.5833": [-12.025, -4.43, 3.1],
						"1.625": [-8.445, -4.43, 3.1],
						"1.6667": [-6.54, -4.43, 3.075],
						"1.7083": [-4.485, -3.905, 1.65],
						"1.75": [0, 0, 0]
					}
				},
				"Deagle": {
					"rotation": {
						"0.7917": {
							"pre": [0, 0, 0],
							"post": [0, 0, 0],
							"lerp_mode": "catmullrom"
						},
						"0.8333": {
							"post": [-107, 0, 0],
							"lerp_mode": "catmullrom"
						},
						"0.875": {
							"post": [-142, 0, 0],
							"lerp_mode": "catmullrom"
						},
						"0.9167": {
							"post": [-174.2, 0, 0],
							"lerp_mode": "catmullrom"
						},
						"0.9583": {
							"post": [-246.5, 0, 0],
							"lerp_mode": "catmullrom"
						},
						"1.0": {
							"post": [-306.78942, -13.19487, -2.00629],
							"lerp_mode": "catmullrom"
						},
						"1.0417": {
							"post": [-346.78942, -13.19487, -2.00629],
							"lerp_mode": "catmullrom"
						},
						"1.0833": {
							"post": [-385.78942, -13.19487, -2.00629],
							"lerp_mode": "catmullrom"
						},
						"1.125": {
							"post": [-403.01084, -20.53335, 3.87738],
							"lerp_mode": "catmullrom"
						},
						"1.1667": {
							"post": [-403.01, -20.53, 3.88],
							"lerp_mode": "catmullrom"
						},
						"1.2083": {
							"post": [-403.01, -20.53, 3.88],
							"lerp_mode": "catmullrom"
						},
						"1.25": {
							"post": [-409.26, -20.53, 3.88],
							"lerp_mode": "catmullrom"
						},
						"1.2917": {
							"post": [-410.16163, -22.47026, 6.33942],
							"lerp_mode": "catmullrom"
						},
						"1.3333": {
							"post": [-409.84816, -21.82725, 5.51288],
							"lerp_mode": "catmullrom"
						},
						"1.375": {
							"post": [-409.85, -21.83, 5.51],
							"lerp_mode": "catmullrom"
						},
						"1.4167": {
							"post": [-409.85, -21.83, 5.51],
							"lerp_mode": "catmullrom"
						},
						"1.4583": {
							"post": [-409.85, -21.83, 5.51],
							"lerp_mode": "catmullrom"
						},
						"1.5": {
							"post": [-409.85, -21.83, 5.51],
							"lerp_mode": "catmullrom"
						},
						"1.5417": {
							"post": [-409.85, -21.83, 5],
							"lerp_mode": "catmullrom"
						},
						"1.5833": {
							"post": [-409.85, -21.83, 5],
							"lerp_mode": "catmullrom"
						},
						"1.625": {
							"post": [-409.85, -21.83, 5],
							"lerp_mode": "catmullrom"
						},
						"1.6667": {
							"post": [-409.85, -21.83, 5],
							"lerp_mode": "catmullrom"
						},
						"1.7083": {
							"post": [-409.85, -21.83, 5],
							"lerp_mode": "catmullrom"
						},
						"1.75": {
							"post": [-388.48897, -17.72987, 13.51757],
							"lerp_mode": "catmullrom"
						},
						"1.7917": {
							"post": [-374.75785, -3.00201, 9.48624],
							"lerp_mode": "catmullrom"
						},
						"1.8333": {
							"post": [-374.7568, -2.75825, 9.42623],
							"lerp_mode": "catmullrom"
						},
						"1.875": {
							"post": [-374.76, -2.76, 9.43],
							"lerp_mode": "catmullrom"
						},
						"1.9167": {
							"post": [-374.76, -2.76, 9.43],
							"lerp_mode": "catmullrom"
						},
						"1.9583": {
							"post": [-374.76, -2.76, 9.43],
							"lerp_mode": "catmullrom"
						},
						"2.0": {
							"post": [-374.76, -2.76, 9.43],
							"lerp_mode": "catmullrom"
						},
						"2.0417": {
							"post": [-374.76, -2.76, 9.43],
							"lerp_mode": "catmullrom"
						},
						"2.0833": {
							"post": [-374.76, -2.76, 9.43],
							"lerp_mode": "catmullrom"
						},
						"2.125": {
							"post": [-374.76, -2.76, 9.43],
							"lerp_mode": "catmullrom"
						},
						"2.1667": {
							"post": [-360, 0, 0],
							"lerp_mode": "catmullrom"
						}
					},
					"position": {
						"0.7917": {
							"pre": [0, 0, 0],
							"post": [0, 0, 0],
							"lerp_mode": "catmullrom"
						},
						"0.8333": {
							"post": [0, 0, 0],
							"lerp_mode": "catmullrom"
						},
						"0.875": {
							"post": [0, 0, 0],
							"lerp_mode": "catmullrom"
						},
						"0.9167": {
							"post": [0, 0, 0],
							"lerp_mode": "catmullrom"
						},
						"0.9583": {
							"post": [0, 5.5, 0],
							"lerp_mode": "catmullrom"
						},
						"1.0": {
							"post": [1.175, 7.35, 0],
							"lerp_mode": "catmullrom"
						},
						"1.0417": {
							"post": [1.88, 8.025, 0],
							"lerp_mode": "catmullrom"
						},
						"1.0833": {
							"post": [2.86, 8.375, 0],
							"lerp_mode": "catmullrom"
						},
						"1.125": {
							"post": [5.685, 12.505, 0.45],
							"lerp_mode": "catmullrom"
						},
						"1.1667": {
							"post": [5.69, 12.51, 0.45],
							"lerp_mode": "catmullrom"
						},
						"1.2083": {
							"post": [5.69, 12.51, 0.45],
							"lerp_mode": "catmullrom"
						},
						"1.25": {
							"post": [5.69, 12.51, 0.45],
							"lerp_mode": "catmullrom"
						},
						"1.2917": {
							"post": [5.815, 12.51, 0.45],
							"lerp_mode": "catmullrom"
						},
						"1.3333": {
							"post": [5.82, 12.51, 0.45],
							"lerp_mode": "catmullrom"
						},
						"1.375": {
							"post": [5.82, 12.51, 0.45],
							"lerp_mode": "catmullrom"
						},
						"1.4167": {
							"post": [5.82, 12.51, 0.45],
							"lerp_mode": "catmullrom"
						},
						"1.4583": {
							"post": [5.82, 12.51, 0.45],
							"lerp_mode": "catmullrom"
						},
						"1.5": {
							"post": [5.82, 12.51, 0.45],
							"lerp_mode": "catmullrom"
						},
						"1.5417": {
							"post": [5.82, 12.51, 0.45],
							"lerp_mode": "catmullrom"
						},
						"1.5833": {
							"post": [5.82, 12.51, 0.45],
							"lerp_mode": "catmullrom"
						},
						"1.625": {
							"post": [5.82, 12.51, 0.45],
							"lerp_mode": "catmullrom"
						},
						"1.6667": {
							"post": [5.82, 12.51, 0.45],
							"lerp_mode": "catmullrom"
						},
						"1.7083": {
							"post": [5.82, 12.51, 0.45],
							"lerp_mode": "catmullrom"
						},
						"1.75": {
							"post": [5.57, 12.51, 0.45],
							"lerp_mode": "catmullrom"
						},
						"1.7917": {
							"post": [5.695, 13.035, -0.175],
							"lerp_mode": "catmullrom"
						},
						"1.8333": {
							"post": [5.7, 13.04, -0.17],
							"lerp_mode": "catmullrom"
						},
						"1.875": {
							"post": [5.7, 13.04, -0.17],
							"lerp_mode": "catmullrom"
						},
						"1.9167": {
							"post": [5.7, 13.04, -0.17],
							"lerp_mode": "catmullrom"
						},
						"1.9583": {
							"post": [5.7, 13.04, -0.17],
							"lerp_mode": "catmullrom"
						},
						"2.0": {
							"post": [5.7, 13.04, -0.17],
							"lerp_mode": "catmullrom"
						},
						"2.0417": {
							"post": [5.7, 13.04, -0.17],
							"lerp_mode": "catmullrom"
						},
						"2.0833": {
							"post": [5.7, 13.04, -0.17],
							"lerp_mode": "catmullrom"
						},
						"2.125": {
							"post": [5.7, 13.04, -0.17],
							"lerp_mode": "catmullrom"
						},
						"2.1667": {
							"post": [5.7, 13.04, -0.17],
							"lerp_mode": "catmullrom"
						},
						"2.2083": {
							"post": [5.7, 13.04, -0.17],
							"lerp_mode": "catmullrom"
						},
						"2.25": {
							"post": [4.89, 11.18, -0.15],
							"lerp_mode": "catmullrom"
						},
						"2.2917": {
							"post": [4.08, 9.32, -0.13],
							"lerp_mode": "catmullrom"
						},
						"2.3333": {
							"post": [3.26, 7.46, -0.1],
							"lerp_mode": "catmullrom"
						},
						"2.375": {
							"post": [2.45, 5.6, -0.08],
							"lerp_mode": "catmullrom"
						},
						"2.4167": {
							"post": [1.63, 3.73, -0.05],
							"lerp_mode": "catmullrom"
						},
						"2.4583": {
							"post": [0.81, 1.86, -0.02],
							"lerp_mode": "catmullrom"
						},
						"2.5": {
							"post": [0, 0, 0],
							"lerp_mode": "catmullrom"
						}
					}
				},
				"slide2": {
					"position": {
						"0.0": [0, 0, 3],
						"1.75": [0, 0, 3],
						"1.7917": [0, 0, 0]
					}
				},
				"release": {
					"rotation": {
						"0.0": [8.5, 0, 0],
						"1.75": [8.5, 0, 0],
						"1.7917": [0, 0, 0]
					}
				},
				"camera": {
					"rotation": {
						"0.0": {
							"post": [0, 0, 0],
							"lerp_mode": "catmullrom"
						},
						"0.3333": {
							"post": [1.2, 0, 0],
							"lerp_mode": "catmullrom"
						},
						"0.5": {
							"post": [1.35, 0, 0],
							"lerp_mode": "catmullrom"
						},
						"0.625": {
							"post": [0.35, 0, 0],
							"lerp_mode": "catmullrom"
						},
						"0.75": {
							"post": [1.35, 0, 0],
							"lerp_mode": "catmullrom"
						},
						"0.875": {
							"post": [1.75, 0, 0],
							"lerp_mode": "catmullrom"
						},
						"1.0": {
							"post": [1.75, 0, 0],
							"lerp_mode": "catmullrom"
						},
						"1.125": {
							"post": [1.25, 0, 0],
							"lerp_mode": "catmullrom"
						},
						"1.2917": {
							"post": [1.35, 0, 0],
							"lerp_mode": "catmullrom"
						},
						"1.5": {
							"post": [3.65, 0, 0],
							"lerp_mode": "catmullrom"
						},
						"1.6667": {
							"post": [-0.15, 0, 0],
							"lerp_mode": "catmullrom"
						},
						"1.75": {
							"post": [0.85, 0, 1.6],
							"lerp_mode": "catmullrom"
						},
						"1.7917": {
							"post": [0.85, 0, -1.4],
							"lerp_mode": "catmullrom"
						},
						"1.8333": {
							"post": [0.85, 0, 1.1],
							"lerp_mode": "catmullrom"
						},
						"1.875": {
							"post": [0.85, 0, -0.5],
							"lerp_mode": "catmullrom"
						},
						"2.0": {
							"post": [-0.65, 0, 0],
							"lerp_mode": "catmullrom"
						},
						"2.1667": {
							"post": [0.85, 0, 0],
							"lerp_mode": "catmullrom"
						},
						"2.2917": {
							"post": [1.75, 0, 0],
							"lerp_mode": "catmullrom"
						},
						"2.4583": {
							"post": [1.65, 0, 0],
							"lerp_mode": "catmullrom"
						},
						"2.7083": {
							"post": [0, 0, 0],
							"lerp_mode": "catmullrom"
						}
					}
				}
			},
			"sound_effects": {
				"0.0": {
					"effect": "ex:stygian/stygian_reload_empty"
				}
			}
		},
		"inspect": {
			"loop": true,
			"animation_length": 6.2,
			"bones": {
				"lefthand": {
					"rotation": {
						"0.0": [109.80512, -8.72735, -179.16691],
						"5.6667": [112.58426, -29.28022, -187.53918],
						"5.875": [109.81, -8.73, -179.17]
					},
					"position": {
						"0.0": [7.75, -17.2125, 5.15625],
						"0.125": [10.89, -15.62, 25.26],
						"5.5833": [7.89, -17.14, 6.05],
						"5.6667": [11.47, -17.35, 7.4],
						"5.875": [7.75, -17.2125, 5.15625]
					},
					"scale": {
						"0.0": [1, 1.5, 1],
						"0.1667": [0, 0, 0],
						"5.625": [0, 0, 0],
						"5.6667": [1, 1, 1],
						"5.7917": [1, 1.5, 1]
					}
				},
				"righthand": {
					"rotation": {
						"0.0": [-264.97476, 6.2574, -176.94134],
						"0.1667": [-264.97, 6.26, -176.94],
						"0.2917": [-256.80396, 14.20973, -176.05415],
						"0.5": [-258.76893, 14.18324, -175.89454],
						"0.5417": [-258.22143, 17.24807, -185.94548],
						"0.5833": [-257.11221, 22.56026, -202.18229],
						"0.75": [-244.11, 22.56, -210.08],
						"0.8333": [-236.61, 22.56, -210.08],
						"0.9583": [-225.42, 24.92, -212.1],
						"1.0": [-246.43864, 20.54907, -214.73349],
						"1.125": [-248.19753, 25.54183, -213.89872],
						"1.25": [-239.61604, 26.04893, -214.85607],
						"1.4167": [-257.71108, 21.73924, -199.13189],
						"1.4583": [-264.22345, 31.69373, -198.05187],
						"1.5833": [-244.22, 31.69, -198.05],
						"1.7083": [-254.96936, 18.92651, -204.43619],
						"1.875": [-251.69986, 32.04875, -182.24959],
						"1.9167": [-258.13978, 22.90526, -185.89659],
						"1.9583": [-254.8241, 13.9891, -172.67102],
						"2.0": [-265.21214, 1.917, -184.85442],
						"2.0417": [-265.01482, 1.31998, -177.8771],
						"2.0833": [-268.21214, 1.917, -184.85442],
						"2.3333": [-264.97476, 6.2574, -176.94134],
						"3.6667": [-264.97, 6.26, -176.94],
						"3.875": [-264.97, 6.26, -176.94],
						"4.0": [-255.99611, 2.27531, -177.2907],
						"5.4167": [-256, 2.28, -177.29],
						"5.5": [-267.55175, -24.83707, -184.47949],
						"5.625": [-256, 2.28, -177.29],
						"5.875": [-264.97476, 6.2574, -176.94134]
					},
					"position": {
						"0.0": [-6.9125, -16.625, 5.8875],
						"0.125": [-7.41, -16.62, 5.89],
						"0.25": [-7.51, -16.62, 5.89],
						"0.2917": [-7.71, -16.77, 5.89],
						"0.5": [-7.31, -17.72, 5.89],
						"0.5417": [-7.21, -17.72, 5.89],
						"0.75": [-7.91, -17.32, 5.89],
						"0.9583": [-8.71, -16.82, 5.89],
						"1.125": [-8.51, -15.32, 5.79],
						"1.25": [-7.41, -16.22, 4.79],
						"1.375": [-6.91, -16.02, 4.89],
						"1.4167": [-6.71, -17.92, 5.09],
						"1.4583": [-6.71, -17.72, 5.79],
						"1.5833": [-6.71, -17.42, 4.89],
						"1.7083": [-6.71, -17.42, 4.89],
						"1.8333": [-5.78, -17.1, 6.24],
						"1.875": [-6.61, -17.92, 5.89],
						"1.9167": [-6.94, -16.99, 5.865],
						"1.9583": [-6.28, -16.61, 7.04],
						"2.0": [-6.4125, -16.625, 5.8875],
						"2.0417": [-6.61, -16.62, 5.89],
						"2.0833": [-6.41, -16.62, 5.89],
						"2.25": [-7.5125, -16.625, 5.8875],
						"3.6667": [-7.51, -16.62, 5.89],
						"3.875": [-6.01, -17.32, 5.79],
						"5.4167": [-6.01, -17.32, 5.79],
						"5.5": [-6.11, -17.72, 7.29],
						"5.625": [-7.51, -17.32, 5.79],
						"5.875": [-6.9125, -16.625, 5.8875]
					},
					"scale": [1, 1.5, 1]
				},
				"constraint": {
					"rotation": [0.2, 0.2, 0.2],
					"position": [0.2, 0.2, 0.2]
				},
				"root": {
					"rotation": {
						"0.0": [0, 0, 0],
						"0.2083": [-10, 0, 0],
						"0.4583": {
							"pre": [-10, 0, 0],
							"post": [-10, 0, 0],
							"lerp_mode": "catmullrom"
						},
						"0.5417": {
							"post": [-24.92695, -1.21261, -6.89469],
							"lerp_mode": "catmullrom"
						},
						"0.8333": {
							"post": [-24.93, -1.21, -6.89],
							"lerp_mode": "catmullrom"
						},
						"0.9167": [-24.6323, -4.1471, -13.25167],
						"0.9583": [-24.63, -4.15, -13.25],
						"1.7917": {
							"pre": [-24.63, -4.15, -13.25],
							"post": [-24.63, -4.15, -13.25],
							"lerp_mode": "catmullrom"
						},
						"2.1667": {
							"post": [-27.13, -4.15, -13.25],
							"lerp_mode": "catmullrom"
						},
						"2.25": [-34.52718, 0.37954, -16.37233],
						"2.3333": {
							"pre": [-27.36725, -14.31059, -18.61544],
							"post": [-27.36725, -14.31059, -18.61544],
							"lerp_mode": "catmullrom"
						},
						"2.4167": [-40.93755, -29.07833, -14.05678],
						"2.5": [-40.53856, -34.71897, -12.50464],
						"2.5833": [-42.69518, -36.60327, -12.10108],
						"2.6667": [-46.72, -37.275, -12.53],
						"2.75": [-49.22, -36.6, -13.905],
						"2.9167": [-47.61281, -34.60841, -17.68986],
						"3.0833": [-46.38778, -32.90473, -17.48909],
						"3.25": [-45.38625, -32.74459, -19.37842],
						"3.4167": [-45.26806, -31.15777, -19.60507],
						"3.5833": [-45.27, -31.16, -19.61],
						"3.75": [-51.5144, -14.59686, -3.80115],
						"3.8333": [-52.95592, 1.27166, 8.49343],
						"3.9167": {
							"pre": [-54.91832, 18.44683, 32.13435],
							"post": [-54.91832, 18.44683, 32.13435],
							"lerp_mode": "catmullrom"
						},
						"4.0417": [-39.61, 40.125, 74.76],
						"4.1667": [-30.86826, 52.33302, 83.41101],
						"4.4167": [-33.6112, 55.78009, 79.95805],
						"4.6667": [-32.04, 55.78, 79.96],
						"4.9167": [-33.04, 55.78, 79.96],
						"5.1667": [-32.25912, 54.93799, 80.9091],
						"5.375": [-32.51893, 39.04091, 82.84507],
						"5.4583": [-33.05648, 29.63195, 96.45809],
						"5.5417": {
							"pre": [-61.6369, 4.30974, 90.07464],
							"post": [-61.6369, 4.30974, 90.07464],
							"lerp_mode": "catmullrom"
						},
						"5.7083": {
							"post": [-55.97865, -14.99276, 31.42619],
							"lerp_mode": "catmullrom"
						},
						"5.9167": [0, 0, 0],
						"6.0": {
							"pre": [7.7, 0, -3.3],
							"post": [7.7, 0, -3.3],
							"lerp_mode": "catmullrom"
						},
						"6.0833": {
							"post": [5.5, 0, -3.3],
							"lerp_mode": "catmullrom"
						},
						"6.1667": [0, 0, 0]
					},
					"position": {
						"0.0": [0, 0, 0],
						"0.125": [-0.9, 1.4, -1.2],
						"0.2917": [-1.825, 3, -2],
						"0.5": [-2.2, 4.575, -2.375],
						"0.5833": [-2.4, 5.03, -2.37],
						"0.75": [-3.35, 5.53, -2.37],
						"0.8333": [-3.575, 5.48, -2.37],
						"1.0": {
							"pre": [-3.57, 4.68, -2.37],
							"post": [-3.57, 4.68, -2.37],
							"lerp_mode": "catmullrom"
						},
						"1.25": {
							"post": [-3.57, 5.68, -1.795],
							"lerp_mode": "catmullrom"
						},
						"1.375": [-3.57, 3.88, -2.07],
						"1.5": [-3.57, 3.18, -2.77],
						"1.5833": [-3.72, 3.78, -2.27],
						"2.1667": {
							"pre": [-5.87, 3.48, -1.77],
							"post": [-5.87, 3.48, -1.77],
							"lerp_mode": "catmullrom"
						},
						"2.25": {
							"post": [-7.07, 0.48, -1.17],
							"lerp_mode": "catmullrom"
						},
						"2.3333": {
							"post": [-6.07, 0.98, -2.37],
							"lerp_mode": "catmullrom"
						},
						"2.4167": [-4.57, 3.18, -0.97],
						"2.5": [-3.27, 3.88, 0.13],
						"2.625": [-2.32, 4.28, 0.13],
						"2.75": [-2.12, 4.38, 0.13],
						"2.875": [-2.02, 4.205, 0.13],
						"3.2083": [-2.02, 3.43, 0.13],
						"3.5833": [-2.12, 3.43, 0.13],
						"3.7083": {
							"pre": [-2.12, 3.13, 0.13],
							"post": [-2.12, 3.13, 0.13],
							"lerp_mode": "catmullrom"
						},
						"3.7917": [0.28, 3.03, 0.13],
						"3.9167": {
							"pre": [1.78, 3.03, 0.13],
							"post": [1.78, 3.03, 0.13],
							"lerp_mode": "catmullrom"
						},
						"4.0417": [2.58, 3.13, 0.13],
						"4.4167": [2.93, 4.13, 0.13],
						"4.6667": [2.98, 3.93, 0.13],
						"5.0833": [3.005, 4.13, 0.13],
						"5.5": {
							"pre": [2.08, 3.33, 0.13],
							"post": [2.08, 3.33, 0.13],
							"lerp_mode": "catmullrom"
						},
						"5.6667": {
							"post": [-1.82, 2.83, 0.13],
							"lerp_mode": "catmullrom"
						},
						"5.9167": [0, 0, 0],
						"6.0": [0, -0.4, 0.275],
						"6.0833": [0, -0.3, 0.25],
						"6.1667": [0, 0, 0]
					}
				},
				"Deagle": {
					"rotation": {
						"0.125": [0, 0, 0],
						"0.25": [-5, 0, 0],
						"0.2917": {
							"pre": [7.5, 0, 0],
							"post": [7.5, 0, 0],
							"lerp_mode": "catmullrom"
						},
						"0.4583": {
							"post": [109.53155, 4.4884, -17.23372],
							"lerp_mode": "catmullrom"
						},
						"0.5": [105.97441, 12.22776, -41.28099],
						"0.5417": {
							"pre": [36.9953, 14.84211, -38.32484],
							"post": [36.9953, 14.84211, -38.32484],
							"lerp_mode": "catmullrom"
						},
						"0.5833": {
							"post": [-15.5, 14.84, -38.32],
							"lerp_mode": "catmullrom"
						},
						"0.75": {
							"post": [-178.47914, 49.65778, -135.56449],
							"lerp_mode": "catmullrom"
						},
						"0.8333": {
							"post": [-244.4947, 17.35543, -94.43969],
							"lerp_mode": "catmullrom"
						},
						"0.9167": {
							"post": [-373.93395, 60.39833, -127.51663],
							"lerp_mode": "catmullrom"
						},
						"0.9583": {
							"post": [-415.23239, 70.25893, -144.27712],
							"lerp_mode": "catmullrom"
						},
						"1.0": {
							"post": [-422.93813, 60.64, -106.84458],
							"lerp_mode": "catmullrom"
						},
						"1.125": {
							"post": [-545.44, 60.64, -106.84],
							"lerp_mode": "catmullrom"
						},
						"1.25": {
							"post": [-649.63329, 46.86563, -96.62349],
							"lerp_mode": "catmullrom"
						},
						"1.375": {
							"post": [-771.92848, 69.89804, -37.55374],
							"lerp_mode": "catmullrom"
						},
						"1.4167": {
							"post": [-648.83764, 72.41173, 131.17369],
							"lerp_mode": "catmullrom"
						},
						"1.4583": {
							"post": [-506.41769, 45.83771, 310.95832],
							"lerp_mode": "catmullrom"
						},
						"1.5": {
							"post": [-522.69205, 32.86992, 301.14662],
							"lerp_mode": "catmullrom"
						},
						"1.5833": {
							"post": [-625.74035, -17.8535, 288.12542],
							"lerp_mode": "catmullrom"
						},
						"1.75": {
							"post": [-953.69712, 23.04541, 315.12413],
							"lerp_mode": "catmullrom"
						},
						"1.9167": {
							"post": [-649.78256, 15.33824, 65.18327],
							"lerp_mode": "catmullrom"
						},
						"2.25": [0, 0, 0],
						"5.1667": [0, 0, 0],
						"5.4583": {
							"pre": [347.5, 0, 0],
							"post": [347.5, 0, 0],
							"lerp_mode": "catmullrom"
						},
						"5.7083": [0, 0, 0]
					},
					"position": {
						"0.125": [0, 0, 0],
						"0.5": [0, 0, 0],
						"0.5833": [1.2, 2.7, 0],
						"0.75": [-2, 1.9, -2],
						"0.8333": [-3, 1.7, 1.7],
						"0.9167": [-3, 1.7, 1.7],
						"1.0": [-2.1, 1.9, 0.6],
						"1.125": [-2.1, 1.9, -0.4],
						"1.375": [0.9, 1.9, -0.4],
						"1.4167": [0.9, -1.1, -0.4],
						"1.5833": [-0.9, 1.1, -0.1],
						"1.6667": [1.3, 0.2, 0.3],
						"1.9583": [1.3, 0.2, 0.3],
						"2.0": [1.3, 0.2, 0.3],
						"2.0417": [1.3, 0.2, 0.3],
						"2.1667": [0, 0, 0],
						"5.1667": [0, 0, 0]
					}
				},
				"camera": {
					"rotation": {
						"0.0": {
							"post": [0, 0, 0],
							"lerp_mode": "catmullrom"
						},
						"0.2917": {
							"post": [-1.9, 0, 0],
							"lerp_mode": "catmullrom"
						},
						"0.5": {
							"post": [0, 0.9, -1.2],
							"lerp_mode": "catmullrom"
						},
						"0.7083": {
							"post": [0, -0.4, 0.3],
							"lerp_mode": "catmullrom"
						},
						"0.9167": {
							"post": [-1.5, 0.9, -0.9],
							"lerp_mode": "catmullrom"
						},
						"1.125": {
							"post": [0, -0.4, 0.3],
							"lerp_mode": "catmullrom"
						},
						"1.3333": {
							"post": [-1.5, 0.9, -0.9],
							"lerp_mode": "catmullrom"
						},
						"1.5": {
							"post": [0, -0.4, 0.3],
							"lerp_mode": "catmullrom"
						},
						"1.7083": {
							"post": [-1.5, 0.9, -0.9],
							"lerp_mode": "catmullrom"
						},
						"1.9167": {
							"post": [0, -0.4, 0.3],
							"lerp_mode": "catmullrom"
						},
						"2.0833": {
							"post": [2.2, 1.7, -1.2],
							"lerp_mode": "catmullrom"
						},
						"2.375": {
							"post": [0.2, 4.2, -0.2],
							"lerp_mode": "catmullrom"
						},
						"2.7083": {
							"post": [-1.3, 5, 0],
							"lerp_mode": "catmullrom"
						},
						"3.0": {
							"post": [-0.6, 5.3, 0],
							"lerp_mode": "catmullrom"
						},
						"3.4583": {
							"post": [-1.3, 6.3, 0],
							"lerp_mode": "catmullrom"
						},
						"3.6667": {
							"post": [-3.4, 6.3, 0],
							"lerp_mode": "catmullrom"
						},
						"3.875": {
							"post": [-5.3, 1.5, 0],
							"lerp_mode": "catmullrom"
						},
						"4.1667": {
							"post": [-5.3, 1, 0],
							"lerp_mode": "catmullrom"
						},
						"4.5": {
							"post": [-4.6, 1.7, 0],
							"lerp_mode": "catmullrom"
						},
						"5.1667": {
							"post": [-5.3, 1.1, 0],
							"lerp_mode": "catmullrom"
						},
						"5.5417": {
							"post": [-1, -1.2, 0],
							"lerp_mode": "catmullrom"
						},
						"5.75": {
							"post": [1.6, 1.6, 0],
							"lerp_mode": "catmullrom"
						},
						"5.9583": {
							"post": [-1.7, 0.9, 0],
							"lerp_mode": "catmullrom"
						},
						"6.1667": {
							"post": [0, 0, 0],
							"lerp_mode": "catmullrom"
						}
					}
				}
			},
			"sound_effects": {
				"0.0": {
					"effect": "ex:stygian/stygian_inspect"
				}
			}
		},
		"inspect_empty": {
			"loop": true,
			"animation_length": 6.2,
			"bones": {
				"lefthand": {
					"rotation": {
						"0.0": [109.80512, -8.72735, -179.16691],
						"5.6667": [112.58426, -29.28022, -187.53918],
						"5.875": [109.81, -8.73, -179.17]
					},
					"position": {
						"0.0": [7.75, -17.2125, 5.15625],
						"0.125": [10.89, -15.62, 25.26],
						"5.5833": [7.89, -17.14, 6.05],
						"5.6667": [11.47, -17.35, 7.4],
						"5.875": [7.75, -17.2125, 5.15625]
					},
					"scale": {
						"0.0": [1, 1.5, 1],
						"0.1667": [0, 0, 0],
						"5.625": [0, 0, 0],
						"5.6667": [1, 1, 1],
						"5.7917": [1, 1.5, 1]
					}
				},
				"righthand": {
					"rotation": {
						"0.0": [-264.97476, 6.2574, -176.94134],
						"0.1667": [-264.97, 6.26, -176.94],
						"0.2917": [-256.80396, 14.20973, -176.05415],
						"0.5": [-258.76893, 14.18324, -175.89454],
						"0.5417": [-258.22143, 17.24807, -185.94548],
						"0.5833": [-257.11221, 22.56026, -202.18229],
						"0.75": [-244.11, 22.56, -210.08],
						"0.8333": [-236.61, 22.56, -210.08],
						"0.9583": [-225.42, 24.92, -212.1],
						"1.0": [-246.43864, 20.54907, -214.73349],
						"1.125": [-248.19753, 25.54183, -213.89872],
						"1.25": [-239.61604, 26.04893, -214.85607],
						"1.4167": [-257.71108, 21.73924, -199.13189],
						"1.4583": [-264.22345, 31.69373, -198.05187],
						"1.5833": [-244.22, 31.69, -198.05],
						"1.7083": [-254.96936, 18.92651, -204.43619],
						"1.875": [-251.69986, 32.04875, -182.24959],
						"1.9167": [-258.13978, 22.90526, -185.89659],
						"1.9583": [-254.8241, 13.9891, -172.67102],
						"2.0": [-265.21214, 1.917, -184.85442],
						"2.0417": [-265.01482, 1.31998, -177.8771],
						"2.0833": [-268.21214, 1.917, -184.85442],
						"2.3333": [-264.97476, 6.2574, -176.94134],
						"3.6667": [-264.97, 6.26, -176.94],
						"3.875": [-264.97, 6.26, -176.94],
						"4.0": [-255.99611, 2.27531, -177.2907],
						"5.4167": [-256, 2.28, -177.29],
						"5.5": [-267.55175, -24.83707, -184.47949],
						"5.625": [-256, 2.28, -177.29],
						"5.875": [-264.97476, 6.2574, -176.94134]
					},
					"position": {
						"0.0": [-6.9125, -16.625, 5.8875],
						"0.125": [-7.41, -16.62, 5.89],
						"0.25": [-7.51, -16.62, 5.89],
						"0.2917": [-7.71, -16.77, 5.89],
						"0.5": [-7.31, -17.72, 5.89],
						"0.5417": [-7.21, -17.72, 5.89],
						"0.75": [-7.91, -17.32, 5.89],
						"0.9583": [-8.71, -16.82, 5.89],
						"1.125": [-8.51, -15.32, 5.79],
						"1.25": [-7.41, -16.22, 4.79],
						"1.375": [-6.91, -16.02, 4.89],
						"1.4167": [-6.71, -17.92, 5.09],
						"1.4583": [-6.71, -17.72, 5.79],
						"1.5833": [-6.71, -17.42, 4.89],
						"1.7083": [-6.71, -17.42, 4.89],
						"1.8333": [-5.78, -17.1, 6.24],
						"1.875": [-6.61, -17.92, 5.89],
						"1.9167": [-6.94, -16.99, 5.865],
						"1.9583": [-6.28, -16.61, 7.04],
						"2.0": [-6.4125, -16.625, 5.8875],
						"2.0417": [-6.61, -16.62, 5.89],
						"2.0833": [-6.41, -16.62, 5.89],
						"2.25": [-7.5125, -16.625, 5.8875],
						"3.6667": [-7.51, -16.62, 5.89],
						"3.875": [-6.01, -17.32, 5.79],
						"5.4167": [-6.01, -17.32, 5.79],
						"5.5": [-6.11, -17.72, 7.29],
						"5.625": [-7.51, -17.32, 5.79],
						"5.875": [-6.9125, -16.625, 5.8875]
					},
					"scale": [1, 1.5, 1]
				},
				"constraint": {
					"rotation": [0.2, 0.2, 0.2],
					"position": [0.2, 0.2, 0.2]
				},
				"root": {
					"rotation": {
						"0.0": [0, 0, 0],
						"0.2083": [-10, 0, 0],
						"0.4583": {
							"pre": [-10, 0, 0],
							"post": [-10, 0, 0],
							"lerp_mode": "catmullrom"
						},
						"0.5417": {
							"post": [-24.92695, -1.21261, -6.89469],
							"lerp_mode": "catmullrom"
						},
						"0.8333": {
							"post": [-24.93, -1.21, -6.89],
							"lerp_mode": "catmullrom"
						},
						"0.9167": [-24.6323, -4.1471, -13.25167],
						"0.9583": [-24.63, -4.15, -13.25],
						"1.7917": {
							"pre": [-24.63, -4.15, -13.25],
							"post": [-24.63, -4.15, -13.25],
							"lerp_mode": "catmullrom"
						},
						"2.1667": {
							"post": [-27.13, -4.15, -13.25],
							"lerp_mode": "catmullrom"
						},
						"2.25": [-34.52718, 0.37954, -16.37233],
						"2.3333": {
							"pre": [-27.36725, -14.31059, -18.61544],
							"post": [-27.36725, -14.31059, -18.61544],
							"lerp_mode": "catmullrom"
						},
						"2.4167": [-40.93755, -29.07833, -14.05678],
						"2.5": [-40.53856, -34.71897, -12.50464],
						"2.5833": [-42.69518, -36.60327, -12.10108],
						"2.6667": [-46.72, -37.275, -12.53],
						"2.75": [-49.22, -36.6, -13.905],
						"2.9167": [-47.61281, -34.60841, -17.68986],
						"3.0833": [-46.38778, -32.90473, -17.48909],
						"3.25": [-45.38625, -32.74459, -19.37842],
						"3.4167": [-45.26806, -31.15777, -19.60507],
						"3.5833": [-45.27, -31.16, -19.61],
						"3.75": [-51.5144, -14.59686, -3.80115],
						"3.8333": [-52.95592, 1.27166, 8.49343],
						"3.9167": {
							"pre": [-54.91832, 18.44683, 32.13435],
							"post": [-54.91832, 18.44683, 32.13435],
							"lerp_mode": "catmullrom"
						},
						"4.0417": [-39.61, 40.125, 74.76],
						"4.1667": [-30.86826, 52.33302, 83.41101],
						"4.4167": [-33.6112, 55.78009, 79.95805],
						"4.6667": [-32.04, 55.78, 79.96],
						"4.9167": [-33.04, 55.78, 79.96],
						"5.1667": [-32.25912, 54.93799, 80.9091],
						"5.375": [-32.51893, 39.04091, 82.84507],
						"5.4583": [-33.05648, 29.63195, 96.45809],
						"5.5417": {
							"pre": [-61.6369, 4.30974, 90.07464],
							"post": [-61.6369, 4.30974, 90.07464],
							"lerp_mode": "catmullrom"
						},
						"5.7083": {
							"post": [-55.97865, -14.99276, 31.42619],
							"lerp_mode": "catmullrom"
						},
						"5.9167": [0, 0, 0],
						"6.0": {
							"pre": [7.7, 0, -3.3],
							"post": [7.7, 0, -3.3],
							"lerp_mode": "catmullrom"
						},
						"6.0833": {
							"post": [5.5, 0, -3.3],
							"lerp_mode": "catmullrom"
						},
						"6.1667": [0, 0, 0]
					},
					"position": {
						"0.0": [0, 0, 0],
						"0.125": [-0.9, 1.4, -1.2],
						"0.2917": [-1.825, 3, -2],
						"0.5": [-2.2, 4.575, -2.375],
						"0.5833": [-2.4, 5.03, -2.37],
						"0.75": [-3.35, 5.53, -2.37],
						"0.8333": [-3.575, 5.48, -2.37],
						"1.0": {
							"pre": [-3.57, 4.68, -2.37],
							"post": [-3.57, 4.68, -2.37],
							"lerp_mode": "catmullrom"
						},
						"1.25": {
							"post": [-3.57, 5.68, -1.795],
							"lerp_mode": "catmullrom"
						},
						"1.375": [-3.57, 3.88, -2.07],
						"1.5": [-3.57, 3.18, -2.77],
						"1.5833": [-3.72, 3.78, -2.27],
						"2.1667": {
							"pre": [-5.87, 3.48, -1.77],
							"post": [-5.87, 3.48, -1.77],
							"lerp_mode": "catmullrom"
						},
						"2.25": {
							"post": [-7.07, 0.48, -1.17],
							"lerp_mode": "catmullrom"
						},
						"2.3333": {
							"post": [-6.07, 0.98, -2.37],
							"lerp_mode": "catmullrom"
						},
						"2.4167": [-4.57, 3.18, -0.97],
						"2.5": [-3.27, 3.88, 0.13],
						"2.625": [-2.32, 4.28, 0.13],
						"2.75": [-2.12, 4.38, 0.13],
						"2.875": [-2.02, 4.205, 0.13],
						"3.2083": [-2.02, 3.43, 0.13],
						"3.5833": [-2.12, 3.43, 0.13],
						"3.7083": {
							"pre": [-2.12, 3.13, 0.13],
							"post": [-2.12, 3.13, 0.13],
							"lerp_mode": "catmullrom"
						},
						"3.7917": [0.28, 3.03, 0.13],
						"3.9167": {
							"pre": [1.78, 3.03, 0.13],
							"post": [1.78, 3.03, 0.13],
							"lerp_mode": "catmullrom"
						},
						"4.0417": [2.58, 3.13, 0.13],
						"4.4167": [2.93, 4.13, 0.13],
						"4.6667": [2.98, 3.93, 0.13],
						"5.0833": [3.005, 4.13, 0.13],
						"5.5": {
							"pre": [2.08, 3.33, 0.13],
							"post": [2.08, 3.33, 0.13],
							"lerp_mode": "catmullrom"
						},
						"5.6667": {
							"post": [-1.82, 2.83, 0.13],
							"lerp_mode": "catmullrom"
						},
						"5.9167": [0, 0, 0],
						"6.0": [0, -0.4, 0.275],
						"6.0833": [0, -0.3, 0.25],
						"6.1667": [0, 0, 0]
					}
				},
				"Deagle": {
					"rotation": {
						"0.125": [0, 0, 0],
						"0.25": [-5, 0, 0],
						"0.2917": {
							"pre": [7.5, 0, 0],
							"post": [7.5, 0, 0],
							"lerp_mode": "catmullrom"
						},
						"0.4583": {
							"post": [109.53155, 4.4884, -17.23372],
							"lerp_mode": "catmullrom"
						},
						"0.5": [105.97441, 12.22776, -41.28099],
						"0.5417": {
							"pre": [36.9953, 14.84211, -38.32484],
							"post": [36.9953, 14.84211, -38.32484],
							"lerp_mode": "catmullrom"
						},
						"0.5833": {
							"post": [-15.5, 14.84, -38.32],
							"lerp_mode": "catmullrom"
						},
						"0.75": {
							"post": [-178.47914, 49.65778, -135.56449],
							"lerp_mode": "catmullrom"
						},
						"0.8333": {
							"post": [-244.4947, 17.35543, -94.43969],
							"lerp_mode": "catmullrom"
						},
						"0.9167": {
							"post": [-373.93395, 60.39833, -127.51663],
							"lerp_mode": "catmullrom"
						},
						"0.9583": {
							"post": [-415.23239, 70.25893, -144.27712],
							"lerp_mode": "catmullrom"
						},
						"1.0": {
							"post": [-422.93813, 60.64, -106.84458],
							"lerp_mode": "catmullrom"
						},
						"1.125": {
							"post": [-545.44, 60.64, -106.84],
							"lerp_mode": "catmullrom"
						},
						"1.25": {
							"post": [-649.63329, 46.86563, -96.62349],
							"lerp_mode": "catmullrom"
						},
						"1.375": {
							"post": [-771.92848, 69.89804, -37.55374],
							"lerp_mode": "catmullrom"
						},
						"1.4167": {
							"post": [-648.83764, 72.41173, 131.17369],
							"lerp_mode": "catmullrom"
						},
						"1.4583": {
							"post": [-506.41769, 45.83771, 310.95832],
							"lerp_mode": "catmullrom"
						},
						"1.5": {
							"post": [-522.69205, 32.86992, 301.14662],
							"lerp_mode": "catmullrom"
						},
						"1.5833": {
							"post": [-625.74035, -17.8535, 288.12542],
							"lerp_mode": "catmullrom"
						},
						"1.75": {
							"post": [-953.69712, 23.04541, 315.12413],
							"lerp_mode": "catmullrom"
						},
						"1.9167": {
							"post": [-649.78256, 15.33824, 65.18327],
							"lerp_mode": "catmullrom"
						},
						"2.25": {
							"post": [0, 0, 0],
							"lerp_mode": "catmullrom"
						}
					},
					"position": {
						"0.125": [0, 0, 0],
						"0.5": [0, 0, 0],
						"0.5833": [1.2, 2.7, 0],
						"0.75": [-2, 1.9, -2],
						"0.8333": [-3, 1.7, 1.7],
						"0.9167": [-3, 1.7, 1.7],
						"1.0": [-2.1, 1.9, 0.6],
						"1.125": [-2.1, 1.9, -0.4],
						"1.375": [0.9, 1.9, -0.4],
						"1.4167": [0.9, -1.1, -0.4],
						"1.5833": [-0.9, 1.1, -0.1],
						"1.6667": [1.3, 0.2, 0.3],
						"1.9583": [1.3, 0.2, 0.3],
						"2.0": [1.3, 0.2, 0.3],
						"2.0417": [1.3, 0.2, 0.3],
						"2.1667": [0, 0, 0]
					}
				},
				"slide2": {
					"position": [0, 0, 3]
				},
				"bullet_in_barrel": {
					"scale": 0
				},
				"bullet": {
					"scale": 0
				},
				"bullet_in_mag": {
					"scale": 0
				},
				"camera": {
					"rotation": {
						"0.0": {
							"post": [0, 0, 0],
							"lerp_mode": "catmullrom"
						},
						"0.2917": {
							"post": [-1.9, 0, 0],
							"lerp_mode": "catmullrom"
						},
						"0.5": {
							"post": [0, 0.9, -1.2],
							"lerp_mode": "catmullrom"
						},
						"0.7083": {
							"post": [0, -0.4, 0.3],
							"lerp_mode": "catmullrom"
						},
						"0.9167": {
							"post": [-1.5, 0.9, -0.9],
							"lerp_mode": "catmullrom"
						},
						"1.125": {
							"post": [0, -0.4, 0.3],
							"lerp_mode": "catmullrom"
						},
						"1.3333": {
							"post": [-1.5, 0.9, -0.9],
							"lerp_mode": "catmullrom"
						},
						"1.5": {
							"post": [0, -0.4, 0.3],
							"lerp_mode": "catmullrom"
						},
						"1.7083": {
							"post": [-1.5, 0.9, -0.9],
							"lerp_mode": "catmullrom"
						},
						"1.9167": {
							"post": [0, -0.4, 0.3],
							"lerp_mode": "catmullrom"
						},
						"2.0833": {
							"post": [2.2, 1.7, -1.2],
							"lerp_mode": "catmullrom"
						},
						"2.375": {
							"post": [0.2, 4.2, -0.2],
							"lerp_mode": "catmullrom"
						},
						"2.7083": {
							"post": [-1.3, 5, 0],
							"lerp_mode": "catmullrom"
						},
						"3.0": {
							"post": [-0.6, 5.3, 0],
							"lerp_mode": "catmullrom"
						},
						"3.4583": {
							"post": [-1.3, 6.3, 0],
							"lerp_mode": "catmullrom"
						},
						"3.6667": {
							"post": [-3.4, 6.3, 0],
							"lerp_mode": "catmullrom"
						},
						"3.875": {
							"post": [-5.3, 1.5, 0],
							"lerp_mode": "catmullrom"
						},
						"4.1667": {
							"post": [-5.3, 1, 0],
							"lerp_mode": "catmullrom"
						},
						"4.5": {
							"post": [-4.6, 1.7, 0],
							"lerp_mode": "catmullrom"
						},
						"5.1667": {
							"post": [-5.3, 1.1, 0],
							"lerp_mode": "catmullrom"
						},
						"5.5417": {
							"post": [-1, -1.2, 0],
							"lerp_mode": "catmullrom"
						},
						"5.75": {
							"post": [1.6, 1.6, 0],
							"lerp_mode": "catmullrom"
						},
						"5.9583": {
							"post": [-1.7, 0.9, 0],
							"lerp_mode": "catmullrom"
						},
						"6.1667": {
							"post": [0, 0, 0],
							"lerp_mode": "catmullrom"
						}
					}
				}
			},
			"sound_effects": {
				"0.0": {
					"effect": "ex:stygian/stygian_inspect"
				}
			}
		},
		"run": {
			"loop": true,
			"animation_length": 0.8,
			"bones": {
				"root": {
					"rotation": {
						"0.0": [-68.73, -5.5, -3.14],
						"0.05": [-68.99, -7.39, -3.57],
						"0.1": [-69.36, -9.11, -3.81],
						"0.15": [-69.45, -10.1, -3.75],
						"0.2": [-68.82, -9.82, -3.09],
						"0.25": [-67.92, -8.81, -2.13],
						"0.3": [-67.68, -8.15, -1.7],
						"0.35": [-68.9, -8.72, -2.46],
						"0.4": [-70.77, -9.63, -3.74],
						"0.45": [-71.87, -9.32, -4.34],
						"0.5": [-71.58, -7.25, -3.75],
						"0.55": [-70.7, -4.07, -2.59],
						"0.6": [-69.68, -1.04, -1.42],
						"0.65": [-68.98, 0.57, -0.8],
						"0.7": [-68.67, -0.33, -1.21],
						"0.75": [-68.65, -3, -2.27],
						"0.8": [-68.73, -5.5, -3.14]
					},
					"position": {
						"0.0": [-3.64, 2.195, -0.19],
						"0.05": [-3.63, 2.03, -0.215],
						"0.1": [-3.66, 1.68, -0.215],
						"0.15": [-3.67, 1.32, -0.215],
						"0.2": [-3.64, 1.17, -0.215],
						"0.25": [-3.52, 1.37, -0.215],
						"0.3": [-3.34, 1.77, -0.215],
						"0.35": [-3.19, 2.16, -0.215],
						"0.4": [-3.14, 2.32, -0.215],
						"0.45": [-3.26, 2.08, -0.215],
						"0.5": [-3.5, 1.61, -0.215],
						"0.55": [-3.74, 1.13, -0.215],
						"0.6": [-3.89, 0.91, -0.215],
						"0.65": [-3.89, 1.09, -0.215],
						"0.7": [-3.81, 1.51, -0.215],
						"0.75": [-3.71, 1.95, -0.215],
						"0.8": [-3.64, 2.195, -0.19]
					}
				},
				"lefthand_pos": {
					"position": [-14, -25, 15.5],
					"scale": 0
				},
				"camera": {
					"rotation": {
						"0.0": [0, 0, 0],
						"0.05": [0.09, 0, 0.15],
						"0.1": [0.13, 0, 0.25],
						"0.15": [-0.07, 0, 0.07],
						"0.2": [-0.25, 0, -0.12],
						"0.25": [-0.15, 0, -0.09],
						"0.3": [0, 0, 0],
						"0.35": [0.02, 0, 0.02],
						"0.4": [0, 0, 0],
						"0.45": [-0.01, 0, -0.08],
						"0.5": [0, 0, -0.12],
						"0.55": [0.08, 0, 0],
						"0.6": [0.13, 0, 0.13],
						"0.65": [0, 0, 0.08],
						"0.7": [-0.12, 0, 0],
						"0.75": [-0.09, 0, -0.02],
						"0.8": [0, 0, 0]
					}
				}
			}
		},
		"run_start": {
			"animation_length": 0.55,
			"bones": {
				"root": {
					"rotation": {
						"0.0": [0, 0, 0],
						"0.05": [2.8, -0.48, 3.97],
						"0.1": [5.79, -1.19, 9.23],
						"0.15": [1.73, -2.05, 11.57],
						"0.2": [-10.48, -2.9, 9.39],
						"0.25": [-28.47, -3.91, 4.94],
						"0.3": [-46.79, -4.85, 0.12],
						"0.35": [-59.98, -5.5, -3.14],
						"0.4": [-66.1, -5.75, -4.18],
						"0.45": [-68.22, -5.72, -4.06],
						"0.5": [-68.4, -5.59, -3.49],
						"0.55": [-68.73, -5.5, -3.14]
					},
					"position": {
						"0.0": [0, 0, 0],
						"0.05": [0.06, -0.155, 0],
						"0.1": [0.17, -0.355, 0],
						"0.15": [0.17, -0.355, 0],
						"0.2": [-0.09, -0.355, 0],
						"0.25": [-1.13, -0.355, 0],
						"0.3": [-2.54, -0.28, 0],
						"0.35": [-3.57, 0.145, 0],
						"0.4": [-3.83, 0.645, 0],
						"0.45": [-3.82, 1.145, 0],
						"0.5": [-3.71, 1.645, -0.1],
						"0.55": [-3.64, 2.195, -0.19]
					}
				},
				"lefthand_pos": {
					"position": {
						"0.0": [0, 0, 0],
						"0.1": [-7.17, -3.67, 0],
						"0.2": [-11.83, -12.08, 2],
						"0.3": [-14, -25, 15.5]
					},
					"scale": {
						"0.2": [1, 1, 1],
						"0.3": [0, 0, 0]
					}
				},
				"camera": {
					"rotation": {
						"0.0": {
							"post": [0, 0, 0],
							"lerp_mode": "catmullrom"
						},
						"0.1": {
							"post": [0.75, 0, -0.5],
							"lerp_mode": "catmullrom"
						},
						"0.2": {
							"post": [-0.25, 0, 0.1875],
							"lerp_mode": "catmullrom"
						},
						"0.3": {
							"post": [0, 0, 0],
							"lerp_mode": "catmullrom"
						},
						"0.4": {
							"post": [0, 0, 0],
							"lerp_mode": "catmullrom"
						}
					}
				}
			}
		},
		"run_end": {
			"animation_length": 0.65,
			"bones": {
				"root": {
					"rotation": {
						"0.0": [-68.73, -5.5, -3.14],
						"0.05": [-55.61, -4.21, 0.37],
						"0.1": [-36.44, -2.32, 5.59],
						"0.15": [-17.16, -0.44, 10.34],
						"0.2": [-3.66, 0.81, 12.47],
						"0.25": [1.72, 1.17, 10.52],
						"0.3": [2.4, 1, 5.92],
						"0.35": [1.03, 0.62, 0.91],
						"0.4": [0.28, 0.35, -2.3],
						"0.45": [0.49, 0.21, -2.71],
						"0.5": [0.23, 0.09, -1.23],
						"0.55": [0, 0, 0],
						"0.6": [-0.02, -0.02, 0.14],
						"0.65": [0, 0, 0]
					},
					"position": {
						"0.0": [-3.64, 2.195, -0.19],
						"0.05": [-2.73, 1.09, -0.41],
						"0.1": [-1.47, -0.08, -0.66],
						"0.15": [-0.5, -0.8, -0.95],
						"0.2": [-0.17, -1.06, -1.14],
						"0.25": [-0.04, -0.97, -1.06],
						"0.3": [-0.01, -0.24, -0.23],
						"0.35": [0.02, 0.37, 0.3],
						"0.4": [0.06, 0.47, 0.4],
						"0.45": [0.05, 0.22, 0.18],
						"0.5": [0.03, 0.01, -0.01],
						"0.55": [0.02, -0.02, -0.03],
						"0.6": [0.01, -0.01, -0.01],
						"0.65": [0, 0, 0]
					}
				},
				"camera": {
					"rotation": {
						"0.25": {
							"pre": [0, 0, 0],
							"post": [0, 0, 0],
							"lerp_mode": "catmullrom"
						},
						"0.3": {
							"post": [0, 0, 0.3],
							"lerp_mode": "catmullrom"
						},
						"0.35": {
							"post": [0, 0, -0.125],
							"lerp_mode": "catmullrom"
						},
						"0.45": {
							"post": [0, 0, 0],
							"lerp_mode": "catmullrom"
						}
					}
				},
				"lefthand_pos": {
					"position": {
						"0.0": [-14, -25, 15.5],
						"0.1": [-11.83, -12.08, 2],
						"0.2": [-7.17, -3.67, 0],
						"0.3": [0, 0, 0]
					},
					"scale": {
						"0.15": [0, 0, 0],
						"0.2": [1, 1, 1]
					}
				}
			}
		},
		"run_hold": {
			"animation_length": 0.2917,
			"bones": {
				"root": {
					"rotation": [-68.73, -5.5, -3.14],
					"position": [-3.64, 2.195, -0.19]
				},
				"lefthand_pos": {
					"position": [-14, -25, 15.5],
					"scale": 0
				}
			}
		},
		"melee_stock": {
			"loop": true,
			"bones": {
				"root": {
					"rotation": [0, 0, 0],
					"position": [0, 0, 0]
				}
			},
			"sound_effects": {
				"0.0": {
					"effect": "ex:inspect/kuiji_ping"
				}
			}
		}
	}
}