{
	"format_version": "1.8.0",
	"animations": {
		"static_idle": {
			"loop": true,
			"bones": {
				"righthand": {
					"rotation": [100.03742, 4.92385, -179.12962],
					"position": [-6.8, -14.2, 7.4],
					"scale": [1, 1.5, 1]
				},
				"lefthand": {
					"rotation": [90.4533, -389.73135, -129.57361],
					"position": [6.4, -13.45, -5.5],
					"scale": [1, 1.5, 1]
				},
				"constraint": {
					"rotation": [0.2, 0.2, 0.1],
					"position": [0.2, 0.2, 0.3]
				}
			}
		},
		"draw": {
			"animation_length": 1,
			"bones": {
				"righthand": {
					"rotation": [100.03742, 4.92385, -179.12962],
					"position": [-6.8, -14.2, 7.4],
					"scale": [1, 1.5, 1]
				},
				"lefthand": {
					"rotation": [90.4533, -389.73135, -129.57361],
					"position": [6.4, -13.45, -5.5],
					"scale": [1, 1.5, 1]
				},
				"root": {
					"rotation": {
						"0.0": [22.5, -22.5, 32.5],
						"0.0667": [16.81, -14.77, 27.74],
						"0.1667": [10.38725, -13.74806, 10.06185],
						"0.2333": [-0.88995, -1.54338, 7.15196],
						"0.3333": [1.10685, 1.42586, -1.99731],
						"0.4": [0.39065, 0.294, 2.28025],
						"0.5": [0.03946, 0.20234, -1.89002],
						"0.6333": [0.03, 0.12, 0.67],
						"0.7333": [0, 0, 0]
					},
					"position": {
						"0.0": [-5, -14, 0],
						"0.1333": [-3.79, -7.23, -0.38],
						"0.2667": [-0.3, -0.975, -0.6],
						"0.4": [0.01, -0.3, 0.5],
						"0.5333": [-0.01, -0.07, -0.32],
						"0.7333": [0, 0, 0]
					}
				},
				"group7": {
					"rotation": {
						"0.2333": [0, 0, 0],
						"0.3667": [1.5, 0, 0],
						"0.5667": [-1, 0, 0],
						"0.7333": [0.975, 0, 0],
						"0.8667": [0, 0, 0],
						"1.0": [0, 0, 0]
					}
				},
				"group2": {
					"rotation": {
						"0.2667": [0, 0, 0],
						"0.4": [1.5, 0, 0],
						"0.6": [-1, 0, 0],
						"0.7667": [0.975, 0, 0],
						"0.9": [0, 0, 0],
						"1.0": [0, 0, 0]
					}
				},
				"camera": {
					"rotation": {
						"0.0": {
							"post": [0, 0, 0],
							"lerp_mode": "catmullrom"
						},
						"0.1333": {
							"post": [0.55, -0.05, 0.1],
							"lerp_mode": "catmullrom"
						},
						"0.2333": {
							"post": [1.1, -0.3, 0.7],
							"lerp_mode": "catmullrom"
						},
						"0.5": {
							"post": [0.7, -0.2, 0.3],
							"lerp_mode": "catmullrom"
						},
						"0.6": {
							"post": [-0.1, 0, 0.4],
							"lerp_mode": "catmullrom"
						},
						"0.7": {
							"post": [0.2, 0.1, -0.3],
							"lerp_mode": "catmullrom"
						},
						"0.8333": {
							"post": [0, 0, 0.1],
							"lerp_mode": "catmullrom"
						},
						"0.9333": {
							"post": [0, 0, 0],
							"lerp_mode": "catmullrom"
						}
					}
				}
			},
			"sound_effects": {
				"0.0": {
					"effect": "ex:traitor/rpk_draw"
				},
				"0.0667": {
					"effect": "ex:traitor/traitor_draw"
				}
			}
		},
		"put_away": {
			"animation_length": 0.5,
			"bones": {
				"righthand": {
					"rotation": [100.03742, 4.92385, -179.12962],
					"position": [-6.8, -14.2, 7.4],
					"scale": [1, 1.5, 1]
				},
				"lefthand": {
					"rotation": {
						"0.0": [90.4533, -389.73135, -129.57361],
						"0.3333": [153.89111, -355.49036, -225.61909]
					},
					"position": {
						"0.0": [6.4, -13.45, -5.5],
						"0.1": [9.355, -11.45, -4.2],
						"0.2": [9.07, -9.445, -3.6],
						"0.4333": [8.78, -9, -3]
					},
					"scale": [1, 1.5, 1]
				},
				"root": {
					"rotation": {
						"0.0": [0, 0, 0],
						"0.0667": [-0.64, -3.66, -2.19],
						"0.1667": [1.8, -12.38, 1.96],
						"0.2667": [6.24, -23.59, 10.25],
						"0.3333": [11.63972, -43.66226, 20.28897],
						"0.4": [13.35, -52.02, 23.22],
						"0.5": [13.35, -52.02, 23.22]
					},
					"position": {
						"0.0": [0, 0, 0],
						"0.0667": [-0.05, -0.49, -0.12],
						"0.1667": [-0.27, -1.47, -0.76],
						"0.2667": [1.065, -2.62, -2.34],
						"0.3333": [4.32, -4.65, -4.235],
						"0.4": [7.37, -7.07, -5.87],
						"0.5": [13.67, -10.17, -4.17]
					}
				},
				"camera": {
					"rotation": {
						"0.0": {
							"post": [0, 0, 0],
							"lerp_mode": "catmullrom"
						},
						"0.1": {
							"post": [0.3, 0, -0.125],
							"lerp_mode": "catmullrom"
						},
						"0.2": {
							"post": [0.64, 0, 0.3],
							"lerp_mode": "catmullrom"
						},
						"0.3667": {
							"post": [0.5, 0, 0.15],
							"lerp_mode": "catmullrom"
						},
						"0.5": {
							"post": [0, 0, 0],
							"lerp_mode": "catmullrom"
						}
					}
				}
			},
			"sound_effects": {
				"0.0": {
					"effect": "ex:traitor/traitor_put_away"
				}
			}
		},
		"shoot": {
			"animation_length": 0.8333,
			"bones": {
				"root": {
					"rotation": {
						"0.0": {
							"post": [0, 0, 0],
							"lerp_mode": "catmullrom"
						},
						"0.0333": {
							"post": [0.203, -0.00709, 0.42499],
							"lerp_mode": "catmullrom"
						},
						"0.0667": {
							"post": [-1.03676, -0.22272, -1.1938],
							"lerp_mode": "catmullrom"
						},
						"0.1333": {
							"post": [-0.49333, 0.0345, -0.46515],
							"lerp_mode": "catmullrom"
						},
						"0.2333": {
							"post": [0.26625, 0.0093, 0.5883],
							"lerp_mode": "catmullrom"
						},
						"0.3": {
							"post": [0.05, 0.15, -0.175],
							"lerp_mode": "catmullrom"
						},
						"0.3667": {
							"post": [-0.175, 0.13, -0.265],
							"lerp_mode": "catmullrom"
						},
						"0.4667": {
							"post": [0, -0.075, 0.35],
							"lerp_mode": "catmullrom"
						},
						"0.5333": {
							"post": [0.05, -0.075, 0.24],
							"lerp_mode": "catmullrom"
						},
						"0.6": {
							"post": [0.15, -0.05, -0.3],
							"lerp_mode": "catmullrom"
						},
						"0.7": {
							"post": [0.03, 0, -0.065],
							"lerp_mode": "catmullrom"
						},
						"0.8333": {
							"post": [0, 0, 0],
							"lerp_mode": "catmullrom"
						}
					},
					"position": {
						"0.0": {
							"post": [0, 0, 0],
							"lerp_mode": "catmullrom"
						},
						"0.0333": {
							"post": [0, -0.16875, 1.42734],
							"lerp_mode": "catmullrom"
						},
						"0.1": {
							"post": [0, -0.015, 1.14],
							"lerp_mode": "catmullrom"
						},
						"0.2": {
							"post": [0, -0.00156, -0.09609],
							"lerp_mode": "catmullrom"
						},
						"0.3": {
							"post": [0, -0.075, 0.05703],
							"lerp_mode": "catmullrom"
						},
						"0.4": {
							"post": [0, 0.005, 0.04],
							"lerp_mode": "catmullrom"
						},
						"0.4667": {
							"post": [0, 0.05, 0],
							"lerp_mode": "catmullrom"
						},
						"0.5667": {
							"post": [0, 0.03, 0],
							"lerp_mode": "catmullrom"
						},
						"0.6667": {
							"post": [0, 0, 0],
							"lerp_mode": "catmullrom"
						},
						"0.7667": {
							"post": [0, 0, 0],
							"lerp_mode": "catmullrom"
						}
					}
				},
				"bolt": {
					"position": {
						"0.0": [0, 0, 0],
						"0.0333": [0.00074, -0.02126, 5.99996],
						"0.0667": [0, 0, 0]
					}
				},
				"bullet_in_barrel": {
					"scale": {
						"0.0": [0, 0, 0],
						"0.2333": [0, 0, 0],
						"0.2667": [1, 1, 1]
					}
				},
				"group7": {
					"rotation": {
						"0.0": [0, 0, 0],
						"0.0333": [-6.5, 0, 0],
						"0.1": [2.25, 0, 0],
						"0.1667": [-2, 0, 0],
						"0.2667": [0.75, 0, 0],
						"0.3667": [-0.9, 0, 0],
						"0.5": [0, 0, 0]
					}
				},
				"group2": {
					"rotation": {
						"0.0": [0, 0, 0],
						"0.0667": [-6.5, 0, 0],
						"0.1333": [2.25, 0, 0],
						"0.2": [-2, 0, 0],
						"0.3": [0.75, 0, 0],
						"0.4333": [-0.9, 0, 0],
						"0.6": [0, 0, 0]
					}
				},
				"camera": {
					"rotation": {
						"0.0": {
							"post": [0, 0, 0],
							"lerp_mode": "catmullrom"
						},
						"0.0333": {
							"post": [0, 0, 0.3],
							"lerp_mode": "catmullrom"
						},
						"0.0667": {
							"post": [0, 0, -0.3],
							"lerp_mode": "catmullrom"
						},
						"0.1": {
							"post": [0, 0, 0.3],
							"lerp_mode": "catmullrom"
						},
						"0.1667": {
							"post": [0, 0, -0.2],
							"lerp_mode": "catmullrom"
						},
						"0.2333": {
							"post": [0, 0, 0.075],
							"lerp_mode": "catmullrom"
						},
						"0.3": {
							"post": [0, 0, 0],
							"lerp_mode": "catmullrom"
						}
					}
				}
			}
		},
		"reload_tactical": {
			"animation_length": 2.4,
			"bones": {
				"righthand": {
					"rotation": [100.03742, 4.92385, -179.12962],
					"position": [-6.8, -14.2, 7.4],
					"scale": [1, 1.5, 1]
				},
				"lefthand": {
					"rotation": {
						"0.0": [90.4533, -389.73135, -129.57361],
						"0.2": [115.86294, -369.66693, -226.54105],
						"0.25": [125.86, -369.67, -226.54],
						"0.35": [124.6961, -372.30642, -225.49724],
						"0.4": [128.31734, -369.84622, -228.71128],
						"0.45": [138.38718, -356.86335, -225.22772],
						"0.5": [120.39, -356.86, -225.23],
						"0.6": [126.09169, -372.96193, -233.33241],
						"0.7": [134.09, -372.96, -233.33],
						"1.05": [129.58369, -371.05809, -235.70211],
						"1.15": [102.80277, -370.9337, -231.62718],
						"1.2": [121.67748, -352.38944, -227.45689],
						"1.3": [122.80147, -343.92535, -222.01407],
						"1.35": [125.56293, -344.59461, -209.92823],
						"1.45": [129.56, -344.59, -209.93],
						"1.5": [138.56, -344.59, -209.93],
						"1.55": [111.69207, -355.85215, -211.18316],
						"1.6": [113.69, -355.85, -211.18],
						"1.7": [115.79932, -356.8725, -209.45764],
						"1.75": [115.8, -356.87, -209.46],
						"1.8": [101.17115, -377.16947, -166.95326],
						"1.9": [85.95657, -385.69387, -122.07969],
						"2.0": [86.45, -389.73, -129.57],
						"2.15": [90.46793, -392.73125, -129.60181],
						"2.25": [90.4533, -389.73135, -129.57361]
					},
					"position": {
						"0.0": [6.4, -13.45, -5.5],
						"0.1": [7.18, -20.35, -1.75],
						"0.2": [7.15781, -19.5, -1.75],
						"0.35": [7.34609, -19.7, -1.75],
						"0.4": [7.94609, -20.1, -1.75],
						"0.45": [7.94609, -20.1, -1.75],
						"0.5": [10.14609, -25.4, -6.6],
						"0.6": [11.04609, -36.4, -4.18047],
						"0.7": [11.04609, -44.5, 6.3],
						"1.05": [12.66563, -47, 4.4],
						"1.15": [10.56563, -25.2, 0.2],
						"1.2": [10.36563, -22.1, -1.6],
						"1.3": [8.75781, -21.08437, -3.80781],
						"1.35": [7.76563, -21.48438, -5.91172],
						"1.4": [7.66563, -21.58437, -6.01172],
						"1.45": [7.66563, -21.88437, -6.21172],
						"1.5": [7.36563, -21.18437, -5.51172],
						"1.55": [7.76563, -21.18437, -2.31172],
						"1.7": [7.25781, -22.2, -1.8],
						"1.75": [7.25781, -22, -1.6],
						"1.85": [8.25781, -19, -3.87],
						"1.9": [7.25781, -18.4, -3.9],
						"2.0": [7.4, -16.6, -4.5],
						"2.2": [6.4, -13.45, -5.5]
					},
					"scale": [1, 1.5, 1]
				},
				"root": {
					"rotation": {
						"0.0": [0, 0, 0.01],
						"0.05": [-8.17, -0.78, -8.27],
						"0.1": [-16.86, -2.17, -17.42],
						"0.15": [-19.96, -4.58, -21.71],
						"0.2": [-21.04, -6.99, -24.55],
						"0.25": [-21.69, -9.2, -30.29],
						"0.3": [-22.86, -9.83, -31.73],
						"0.35": [-23.93, -10.51, -33.1],
						"0.4": [-23.82, -13.23, -38.32],
						"0.45": [-26.69, -9.37, -34.23],
						"0.5": [-25.15, -9.32, -35.23],
						"0.55": [-23.48, -9.72, -31.74],
						"0.6": [-23.59, -10.34, -33.7],
						"0.65": [-24.04, -10.98, -36.09],
						"0.7": [-24.69, -11.38, -36.3],
						"0.75": [-25.08, -11.46, -36.08],
						"0.8": [-24.97, -11.29, -36.09],
						"0.85": [-24.72, -10.97, -36.02],
						"0.9": [-24.39, -10.63, -36.04],
						"0.95": [-24.01, -10.36, -36.32],
						"1.0": [-23.6, -10.27, -37.02],
						"1.05": [-22.72, -10.68, -39.79],
						"1.1": [-21.72, -11.4, -43.42],
						"1.15": [-21.08, -11.83, -45.72],
						"1.2": [-21.23, -11.54, -44.82],
						"1.25": [-21.84, -10.83, -42.44],
						"1.3": [-22.17, -10.23, -41.31],
						"1.35": [-22.55, -9.55, -40.19],
						"1.4": [-23.02, -9.06, -39.21],
						"1.45": [-24.38, -9.23, -38.72],
						"1.5": [-25.01, -9.03, -37.23],
						"1.55": [-20.36, -4.28, -25.97],
						"1.6": [-19.38, -7.45, -35.76],
						"1.65": [-22.53, -4.98, -29.94],
						"1.7": [-23.28, -4.13, -24.27],
						"1.75": [-23.58, -3.29, -17.06],
						"1.8": [-21.63, -2.58, -10.25],
						"1.85": [-15.4, -2.11, -3.93],
						"1.9": [-6.91, -1.79, 2],
						"1.95": [-0.5, -1.44, 5.92],
						"2.0": [2.13, -0.73, 6.34],
						"2.05": [2, -0.14, 4],
						"2.1": [1.65, 0.01, 0.75],
						"2.15": [1, 0, -2],
						"2.2": [1, -0.02, 0],
						"2.25": [0.7, -0.01, 0.15],
						"2.3": [0.3, -0.01, 0.07],
						"2.35": [0, 0, 0.01]
					},
					"position": {
						"0.0": [0, 0, 0],
						"0.05": [0.15, -0.11, -0.09],
						"0.1": [0.2, -0.28, -0.09],
						"0.15": [-0.19, -0.55, 0.19],
						"0.2": [-0.6, -0.8, 0.3],
						"0.25": [-0.6, -0.9, 0.3],
						"0.3": [-0.59, -0.81, 0.3],
						"0.35": [-0.6, -0.7, 0.3],
						"0.4": [-0.7, -0.7, 0.3],
						"0.45": [-0.33, -0.91, 0.3],
						"0.5": [-0.2, -0.7, 0.3],
						"0.55": [-0.29, -0.64, 0.3],
						"0.6": [-0.44, -0.59, 0.3],
						"0.65": [-0.6, -0.6, 0.3],
						"0.7": [-0.76, -0.73, 0.3],
						"0.75": [-0.92, -0.93, 0.3],
						"0.8": [-1.04, -1.07, 0.3],
						"0.85": [-1.1, -1.12, 0.3],
						"0.9": [-1.12, -1.1, 0.3],
						"0.95": [-1.12, -1.07, 0.3],
						"1.0": [-1.13, -1.04, 0.3],
						"1.05": [-1.13, -0.98, 0.3],
						"1.1": [-1.11, -0.92, 0.3],
						"1.15": [-1.05, -0.85, 0.3],
						"1.2": [-0.97, -0.77, 0.3],
						"1.25": [-0.9, -0.7, 0.3],
						"1.3": [-0.86, -0.64, 0.3],
						"1.35": [-0.85, -0.6, 0.3],
						"1.4": [-0.83, -0.54, 0.3],
						"1.45": [-0.82, -0.5, 0.3],
						"1.5": [-0.92, -0.5, 0.3],
						"1.55": [-0.81, -0.65, 0.27],
						"1.6": [-0.72, -0.8, 0.3],
						"1.65": [-0.79, -0.77, 0.44],
						"1.7": [-0.91, -0.71, 0.65],
						"1.75": [-1, -0.8, 0.85],
						"1.8": [-1.06, -1.28, 1.19],
						"1.85": [-1.08, -1.91, 1.53],
						"1.9": [-1, -2.2, 1.4],
						"1.95": [-0.7, -1.81, 0.31],
						"2.0": [-0.3, -1.09, -1.26],
						"2.05": [0, -0.5, -0.5],
						"2.1": [0.06, -0.19, -0.2],
						"2.15": [0, -0.1, 0.5],
						"2.2": [0, -0.07, 0.28],
						"2.25": [0, -0.09, -0.07],
						"2.3": [0, -0.06, -0.19],
						"2.35": [0, -0.03, -0.1],
						"2.4": [0, 0, 0]
					}
				},
				"mag_and_bullet": {
					"rotation": {
						"0.35": [0, 0, 0],
						"0.4": [-1.99878, -0.06978, -1.99878],
						"0.45": [-18.00078, -0.18928, -10.04084],
						"0.5": [-30.21098, -4.88201, -35.06163],
						"0.6": [-16.41579, 9.6013, -39.02549],
						"0.7": [-17.30246, 7.85816, -44.83918],
						"1.05": [-17.3, 7.86, -44.84],
						"1.15": [27.02932, 7.27156, -34.76939],
						"1.2": [-9.91205, 0, -26.17873],
						"1.3": [-16.50045, 0, -13.72416],
						"1.35": [-26, 0, 0],
						"1.4": [-24.5, 0, 0],
						"1.45": [-22.5, 0, 0],
						"1.5": [-25.25, 0, 0],
						"1.55": [0, 0, 0]
					},
					"position": {
						"0.35": [0, 0, 0],
						"0.4": [0, -0.3, -0.1],
						"0.45": [0.3, -0.6, -0.6],
						"0.5": [1.4, -6.7, -5.4],
						"0.6": [2.5, -16.8, -2.60625],
						"0.7": [2.5, -25.8, 8.2],
						"1.05": [2.5, -25.8, 8.2],
						"1.15": [1.1, -4.8, -0.1],
						"1.2": [1.1, -2, -0.1],
						"1.3": [0.4, -1, -0.4],
						"1.35": [0.1, -1, -0.5],
						"1.4": [0.1, -1, -0.7],
						"1.45": [0.1, -1, -0.7],
						"1.5": [0.05, -0.5, -0.25],
						"1.55": [0, 0, 0]
					}
				},
				"magrelease": {
					"rotation": {
						"0.25": [0, 0, 0],
						"0.3": [-20, 0, 0],
						"0.45": [-20, 0, 0],
						"0.55": [0, 0, 0],
						"1.5": [0, 0, 0],
						"1.55": [-20, 0, 0],
						"1.65": [0, 0, 0]
					}
				},
				"constraint": {
					"rotation": {
						"0.0": [0, 0, 0],
						"2.25": [0, 0, 0],
						"2.4": [0.2, 0.2, 0.4]
					},
					"position": {
						"0.0": [0.02, 0.02, 0.02],
						"2.25": [0.02, 0.02, 0.02],
						"2.4": [0.1, 0.1, 0.1]
					}
				},
				"bullet": {
					"scale": {
						"0.0": [0, 0, 0],
						"0.95": {
							"pre": [0, 0, 0],
							"post": [1, 1, 1]
						}
					}
				},
				"camera": {
					"rotation": {
						"0.0": [0, 0, 0],
						"0.05": [0.3, 0, -0.12],
						"0.1": [0.72, 0.01, -0.3],
						"0.15": [1, 0.05, -0.5],
						"0.2": [1.02, 0.1, -0.65],
						"0.25": [0.96, 0.18, -0.83],
						"0.3": [0.87, 0.26, -1],
						"0.35": [0.8, 0.33, -1.14],
						"0.4": [0.8, 0.38, -1.2],
						"0.45": [1.6, 0.25, -0.62],
						"0.5": [1.38, 0.2, -1.1],
						"0.55": [1.08, 0.13, -1.57],
						"0.6": [1.08, 0.04, -1.45],
						"0.65": [1.16, -0.05, -1.15],
						"0.7": [1.2, -0.12, -0.95],
						"0.75": [1.16, -0.15, -0.95],
						"0.8": [1.09, -0.17, -1.02],
						"0.85": [1.02, -0.18, -1.12],
						"0.9": [1, -0.17, -1.2],
						"0.95": [1.04, -0.18, -1.26],
						"1.0": [1.12, -0.18, -1.32],
						"1.05": [1.2, -0.18, -1.38],
						"1.1": [1.27, -0.16, -1.44],
						"1.15": [1.3, -0.1, -1.47],
						"1.2": [1.25, 0.04, -1.5],
						"1.25": [1.15, 0.25, -1.5],
						"1.3": [1.04, 0.45, -1.49],
						"1.35": [0.94, 0.59, -1.47],
						"1.4": [0.79, 0.65, -1.44],
						"1.45": [0.7, 0.63, -1.37],
						"1.5": [0.75, 0.63, -1.2],
						"1.55": [1.5, 0.63, -0.47],
						"1.6": [1.36, 0.64, -1.06],
						"1.65": [1.1, 0.63, -1.67],
						"1.7": [0.99, 0.55, -1.62],
						"1.75": [0.89, 0.45, -1.39],
						"1.8": [0.88, 0.33, -1.2],
						"1.85": [1.05, 0.16, -1.18],
						"1.9": [1.31, -0.03, -1.21],
						"1.95": [1.35, -0.15, -1.2],
						"2.0": [0.94, -0.14, -1.1],
						"2.05": [0.32, -0.07, -0.96],
						"2.1": [-0.1, 0, -0.8],
						"2.15": [0.2, 0.05, -0.25],
						"2.2": [0.08, 0.03, -0.46],
						"2.25": [-0.07, 0, -0.65],
						"2.3": [-0.05, 0, -0.35],
						"2.35": [0, 0, 0]
					}
				},
				"additional_magazine": {
					"position": [0, -3, 32]
				}
			},
			"sound_effects": {
				"0.0": {
					"effect": "ex:traitor/traitor_sleight_of_hand_tactical"
				},
				"0.4": {
					"effect": "ex:traitor/traitor_reload_drumout"
				},
				"1.25": {
					"effect": "ex:traitor/traitor_reload_drumin_v1"
				},
				"1.4": {
					"effect": "ex:traitor/traitor_reload_drumin_v2"
				},
				"1.65": {
					"effect": "ex:traitor/traitor_reload_end"
				}
			}
		},
		"reload_empty": {
			"animation_length": 3.05,
			"bones": {
				"righthand": {
					"rotation": {
						"0.0": [100.03742, 4.92385, -179.12962],
						"0.2": [91.04, 4.92, -179.13],
						"1.7": [91.04, 4.92, -179.13],
						"1.75": [100.06, 9.92, -179.04],
						"1.8": [109.07, 14.92, -178.94],
						"1.85": [116.06, 25.43, -201.52],
						"1.9": [123.04, 35.95, -224.1],
						"1.95": [100.92, 38.04, -250.3],
						"2.0": [78.8, 40.14, -276.5],
						"2.05": [80.8, 40.14, -276.5],
						"2.1": [69.8, 40.14, -276.5],
						"2.15": [73.6, 40.48, -275.27],
						"2.2": [71.41, 39.98, -277.11],
						"2.25": [69.23, 39.47, -278.95],
						"2.3": [73.23, 39.47, -278.95],
						"2.35": [73.23, 39.47, -278.95],
						"2.4": [73.23, 39.47, -278.95],
						"2.45": [73.23, 39.47, -278.95],
						"2.5": [73.23, 39.47, -278.95],
						"2.55": [89.17, 28.13, -228.04],
						"2.6": [105.1, 16.79, -177.14],
						"2.65": [102.57, 10.86, -178.13],
						"2.7": [100.04, 4.92, -179.13]
					},
					"position": {
						"0.0": [-6.8, -14.2, 7.4],
						"0.2": [-6.8, -14.2, 8.5],
						"1.7": [-6.8, -14.2, 8.5],
						"1.75": [-8.05, -14.2, 8.5],
						"1.8": [-9.3, -14.2, 8.5],
						"1.85": [-9.3, -14.2, 4.2],
						"1.9": [-9.3, -14.2, -0.1],
						"1.95": [-9.05, -12.75, -0.85],
						"2.0": [-8.8, -11.3, -1.6],
						"2.05": [-8.8, -11.3, -1.7],
						"2.1": [-8.7, -11.3, 3.1],
						"2.15": [-8.6, -11.3, 3.2],
						"2.2": [-8.52, -11.3, 2.7],
						"2.25": [-8.6, -11.3, 3],
						"2.3": [-9.8, -11.3, 9.5],
						"2.35": [-9.8, -14.2, 13.4],
						"2.4": [-9.91, -14.41, 13.91],
						"2.45": [-10.02, -14.31, 13.99],
						"2.5": [-9.8, -14.2, 13.4],
						"2.55": [-9.19, -14.2, 12.18],
						"2.6": [-8.3, -14.2, 10.4],
						"2.65": [-7.41, -14.2, 8.62],
						"2.7": [-6.8, -14.2, 7.4]
					},
					"scale": [1, 1.5, 1]
				},
				"lefthand": {
					"rotation": {
						"0.0": [90.4533, -389.73135, -129.57361],
						"0.05": [125.98, -389.22, -188.25],
						"0.1": [161.51, -388.72, -246.92],
						"0.15": [150.11, -372.38, -255.56],
						"0.2": [138.72, -356.04, -264.19],
						"0.25": [124.38, -351.07, -261.19],
						"0.3": [110.03, -346.1, -258.19],
						"0.35": [110.03, -346.1, -258.19],
						"0.4": [110.03, -346.1, -258.19],
						"0.45": [114.03, -346.1, -258.19],
						"0.5": [122.03, -346.1, -258.19],
						"0.55": [112.3, -348.32, -252.47],
						"0.6": [100.99, -352.95, -254.38],
						"0.65": [101.08, -350.01, -253.8],
						"0.7": [92.64, -350.3, -244.67],
						"0.75": [95.09, -347.99, -243.28],
						"0.8": [100.21, -343.66, -242.82],
						"0.85": [107.62, -338.83, -241.01],
						"0.9": [128.34, -332.42, -228.75],
						"0.95": [132.35, -336.96, -221.05],
						"1.0": [134.31, -342.92, -214.26],
						"1.05": [138.57, -347.98, -209.26],
						"1.1": [142.65, -347.59, -196.19],
						"1.15": [149.65, -347.59, -196.19],
						"1.2": [153.65, -347.59, -196.19],
						"1.25": [111.04, -357.56, -200.87],
						"1.3": [115.94, -356.64, -202.78],
						"1.35": [115.1, -358.45, -199.21],
						"1.4": [115.1, -358.45, -199.21],
						"1.45": [109.5, -368.95, -179.08],
						"1.5": [103.9, -379.44, -158.95],
						"1.55": [98.29, -389.94, -138.82],
						"1.6": [98.29, -389.94, -138.82],
						"1.65": [95.4, -389.93, -137.59],
						"1.7": [91.13, -389.91, -135.78],
						"1.75": [86.42, -389.88, -133.78],
						"1.8": [82.15, -389.86, -131.97],
						"1.85": [79.26, -389.85, -130.74],
						"1.9": [78.56, -389.85, -130.46],
						"1.95": [78.03, -389.85, -130.28],
						"2.0": [77.66, -389.85, -130.18],
						"2.05": [77.43, -389.85, -130.15],
						"2.1": [77.34, -389.85, -130.18],
						"2.15": [77.37, -389.85, -130.25],
						"2.2": [77.5, -389.85, -130.35],
						"2.25": [77.72, -389.85, -130.46],
						"2.3": [78.02, -389.85, -130.57],
						"2.35": [78.39, -389.85, -130.66],
						"2.4": [78.8, -389.85, -130.72],
						"2.45": [79.26, -389.85, -130.74],
						"2.5": [82.6, -389.85, -130.7],
						"2.55": [87.2, -389.84, -130.64],
						"2.6": [90.53, -389.83, -130.5],
						"2.65": [91.2, -389.78, -130.02],
						"2.7": [90.4533, -389.73135, -129.57361]
					},
					"position": {
						"0.0": [6.4, -13.45, -5.5],
						"0.05": [11.3, -15.16, -6.56],
						"0.1": [15.2, -18.63, -4.63],
						"0.15": [19.3, -24.16, -6.56],
						"0.2": [23.4, -29.7, -8.5],
						"0.25": [18.7, -29.3, -3.05],
						"0.3": [14, -28.9, 2.4],
						"0.35": [12.95, -22.26, 2.39],
						"0.4": [11.9, -15.62, 2.38],
						"0.45": [11.9, -15.62, 1.38],
						"0.5": [11.7, -15.62, 0.28],
						"0.55": [12, -16.22, 1.48],
						"0.6": [12.4, -17.52, 1.28],
						"0.65": [12.4, -17.82, -2.42],
						"0.7": [12, -19.22, -1.72],
						"0.75": [11.97, -19.4, -2.46],
						"0.8": [12.04, -19.59, -3.84],
						"0.85": [12, -19.62, -5.13],
						"0.9": [11.09, -18.44, -5.21],
						"0.95": [10.43, -17.77, -5.34],
						"1.0": [9.75, -17.27, -5.45],
						"1.05": [8.54, -17.41, -5.39],
						"1.1": [7.57, -16.99, -5.78],
						"1.15": [7.35, -16.26, -6.56],
						"1.2": [7.35, -16.26, -6.56],
						"1.25": [7.08, -17.81, -2.9],
						"1.3": [7.08, -17.64, -2.41],
						"1.35": [7.08, -17.48, -1.92],
						"1.4": [7.08, -17.32, -1.42],
						"1.45": [6.89, -16.25, -2.92],
						"1.5": [6.7, -15.19, -3.42],
						"1.55": [6.4, -14.19, -3.25],
						"1.6": [6.4, -12.12, -4.62],
						"1.65": [6.4, -12.16, -5.5],
						"1.7": [6.4, -13.37, -5.5],
						"1.75": [6.4, -13.65, -5.5],
						"1.8": [6.4, -13.92, -5.5],
						"1.85": [6.4, -14.1, -5.5],
						"1.9": [6.4, -14.14, -5.5],
						"1.95": [6.4, -14.17, -5.5],
						"2.0": [6.4, -14.19, -5.5],
						"2.05": [6.4, -14.21, -5.5],
						"2.1": [6.4, -14.22, -5.5],
						"2.15": [6.4, -14.22, -5.5],
						"2.2": [6.4, -14.21, -5.5],
						"2.25": [6.4, -14.2, -5.5],
						"2.3": [6.4, -14.19, -5.5],
						"2.35": [6.4, -14.16, -5.5],
						"2.4": [6.4, -14.13, -5.5],
						"2.45": [6.4, -14.1, -5.5],
						"2.5": [6.4, -13.96, -5.5],
						"2.55": [6.4, -13.76, -5.5],
						"2.6": [6.4, -13.54, -5.5],
						"2.65": [6.4, -13.34, -5.5],
						"2.7": [6.4, -13.45, -5.5]
					},
					"scale": [1, 1.5, 1]
				},
				"root": {
					"rotation": {
						"0.0": [0, 0, 0],
						"0.05": [0.75, -0.03, 1.5],
						"0.1": [1.84, -0.09, 4.4],
						"0.15": [3, -0.1, 6],
						"0.2": [3.91, 0.22, 2.44],
						"0.25": [4.31, 0.23, -2.99],
						"0.3": [3.62, -1.01, -8.74],
						"0.35": [2.57, -2.4, -13.49],
						"0.4": [1.01, -3.3, -14.48],
						"0.45": [-0.97, -3.49, -16.47],
						"0.5": [-4.35, -3.49, -16.47],
						"0.55": [-7.55, -3.72, -18.46],
						"0.6": [-18.42, -3.41, -15.98],
						"0.65": [-20, -4.56, -21.35],
						"0.7": [-16.42, -3.73, -18.3],
						"0.75": [-13.44, -4.47, -22.39],
						"0.8": [-12.71, -4.33, -21.66],
						"0.85": [-12.21, -4.17, -21.09],
						"0.9": [-11.52, -4.39, -23.57],
						"0.95": [-11.07, -4.69, -26.42],
						"1.0": [-11.33, -4.9, -27.56],
						"1.05": [-11.75, -5.05, -28.06],
						"1.1": [-11.88, -5.13, -28.31],
						"1.15": [-11.98, -5.14, -28.25],
						"1.2": [-12.45, -4.95, -27.38],
						"1.25": [-14.49, -3.97, -25.54],
						"1.3": [-8.79, -3.45, -28.47],
						"1.35": [-10.44, -4.75, -28.43],
						"1.4": [-9.52, -4.79, -29.98],
						"1.45": [-9.18, -3.48, -24.91],
						"1.5": [-6.92, -1.21, -23.66],
						"1.55": [-4.58, 1.07, -21.26],
						"1.6": [-3.62, 2.02, -14.6],
						"1.65": [-3.58, 2.49, -7.02],
						"1.7": [-6.45, 3.18, 3.99],
						"1.75": [-14.1, 0.62, 15.26],
						"1.8": [-22.35, -2.09, 26.28],
						"1.85": [-27.05, -2.63, 32.12],
						"1.9": [-30.03, -2.61, 35.34],
						"1.95": [-31.12, -2.97, 36.39],
						"2.0": [-31.61, -3.36, 36.58],
						"2.05": [-32.2, -3.29, 36.7],
						"2.1": [-35.27, 0.05, 37.44],
						"2.15": [-35.82, -1.15, 34.67],
						"2.2": [-35.51, -0.34, 36.51],
						"2.25": [-37.75, -2.97, 33.22],
						"2.3": [-33.57, -0.44, 36],
						"2.35": [-33.94, -1.69, 33.02],
						"2.4": [-32.63, -1.39, 33.74],
						"2.45": [-28.28, -0.72, 31.28],
						"2.5": [-16.2, 0.23, 17.18],
						"2.55": [-4.3, 0.97, 2.83],
						"2.6": [-0.79, 0.72, -1.1],
						"2.65": [-0.02, 0.26, -1.01],
						"2.7": [1.39, 0.23, 0.9],
						"2.75": [2.01, 0.28, 2.75],
						"2.8": [1.12, 0.28, 0.76],
						"2.85": [-0.01, 0.24, -1.5],
						"2.9": [-0.13, 0.11, -1.02],
						"2.95": [0, 0, 0]
					},
					"position": {
						"0.0": [0, 0, 0],
						"0.05": [-0.09, -0.39, -0.37],
						"0.1": [-0.2, -0.8, -0.9],
						"0.15": [-0.27, -0.96, -0.93],
						"0.2": [-0.38, -0.92, -0.42],
						"0.25": [-0.61, -0.51, 0.02],
						"0.3": [-0.87, -0.1, 0.33],
						"0.35": [-1.15, -0.12, 0.47],
						"0.4": [-1.37, -0.2, 0.48],
						"0.45": [-1.44, -0.06, 0.3],
						"0.5": [-1.5, 0.08, 0.13],
						"0.55": [-1.5, 0.14, -0.27],
						"0.6": [-1.5, 0.2, -0.67],
						"0.65": [-1.5, -0.02, -0.88],
						"0.7": [-1.5, -0.3, -0.98],
						"0.75": [-1.49, -0.44, -0.98],
						"0.8": [-1.47, -0.56, -0.93],
						"0.85": [-1.45, -0.61, -0.87],
						"0.9": [-1.42, -0.49, -0.77],
						"0.95": [-1.4, -0.3, -0.65],
						"1.0": [-1.4, -0.19, -0.52],
						"1.05": [-1.4, -0.1, -0.4],
						"1.1": [-1.4, -0.05, -0.35],
						"1.15": [-1.39, 0, -0.32],
						"1.2": [-1.4, 0, -0.3],
						"1.25": [-1.46, -0.12, -0.29],
						"1.3": [-1.5, -0.25, -0.3],
						"1.35": [-1.45, -0.3, -0.35],
						"1.4": [-1.4, -0.3, -0.4],
						"1.45": [-1.47, -0.65, -0.41],
						"1.5": [-1.5, -0.95, -0.4],
						"1.55": [-1.4, -1.19, -0.41],
						"1.6": [-1.09, -1.67, -0.4],
						"1.65": [-0.36, -2.26, -0.41],
						"1.7": [0.44, -2.77, -0.3],
						"1.75": [0.92, -3.035, 0.2],
						"1.8": [1.4, -3, 0.7],
						"1.85": [1.56, -2.93, 0.7],
						"1.9": [1.72, -2.87, 0.7],
						"1.95": [1.88, -2.8, 0.7],
						"2.0": [1.64, -2.85, 0.7],
						"2.05": [1.4, -2.9, 0.7],
						"2.1": [1.1, -3.1, 0.7],
						"2.15": [1, -3.3, 0.7],
						"2.2": [1.05, -3.1, 0.7],
						"2.25": [1.1, -2.9, 0.7],
						"2.3": [1.6, -2.36, 0.6],
						"2.35": [1.6, -2.97, 0.7],
						"2.4": [1.7, -3.3, 0.7],
						"2.45": [1.29, -3.75, 0.58],
						"2.5": [0.8, -4.08, 0.07],
						"2.55": [0.33, -3.49, -1.12],
						"2.6": [0.04, -2.24, -1.55],
						"2.65": [-0.2, -1, -1.4],
						"2.7": [-0.23, -0.62, -0.73],
						"2.75": [-0.19, -0.52, 0.08],
						"2.8": [-0.1, -0.25, 0.88],
						"2.85": [-0.04, -0.11, 0.49],
						"2.9": [0, 0, 0],
						"2.95": [0.01, 0.02, -0.06],
						"3.0": [0, 0, 0]
					}
				},
				"mag_and_bullet": {
					"rotation": {
						"0.25": [0, 0, 0],
						"0.3": [-4.89, -1.3, -64.92],
						"0.35": [-0.76, -4.11, -63.26],
						"0.4": [3.36, -6.92, -61.61],
						"0.45": [0.36, -6.92, -61.61],
						"0.5": [-4.27, -7.15, -64.62],
						"0.55": [7.73, -7.15, -64.62],
						"0.6": [26.6, -10.81, -57.42],
						"0.65": [10.76, -14.72, -49.1],
						"0.7": [29.48, -6.86, -47.6],
						"0.75": [23.02, -7.57, -43.16],
						"0.8": [7.01, -10.47, -34.68],
						"0.85": [-8.79, -13.1, -26.27],
						"0.9": [-13.55, -11.75, -22.43],
						"0.95": [-17.36, -11.05, -19.66],
						"1.0": [-20.69, -9.71, -16.67],
						"1.05": [-21.59, -3.28, -11.08],
						"1.1": [-26, 0, -4.41],
						"1.15": [-32, 0, -1.76],
						"1.2": [-31, 0, 0],
						"1.25": [0, 0, 0]
					},
					"position": {
						"0.25": [0, -16, 15],
						"0.3": [3, -15, 5],
						"0.35": [1.5, -8.6, 4.15],
						"0.4": [0, -2.2, 3.3],
						"0.45": [0, -2.2, 3.2],
						"0.5": [0, -2.2, 3],
						"0.55": [0, -2.6, 2.5],
						"0.6": [0, -2.6, 1],
						"0.65": [0, -2.6, -1.5],
						"0.7": [0, -3.2, -3],
						"0.75": [0.18, -3.24, -2.78],
						"0.8": [0.57, -3.27, -2.1],
						"0.85": [0.9, -3.2, -1.4],
						"0.9": [0.66, -2.44, -1.08],
						"0.95": [0.46, -1.82, -0.82],
						"1.0": [0.3, -1.3, -0.6],
						"1.05": [0.4, -1.3, -0.6],
						"1.1": [0.1, -1, -0.5],
						"1.15": [0.1, -1, -0.6],
						"1.2": [0.1, -1, -0.6],
						"1.25": [0, 0, 0]
					}
				},
				"bolt": {
					"position": {
						"2.05": [0, 0, 0],
						"2.1": [0, 0, 5.2],
						"2.2": [0, 0, 5.2],
						"2.3": [0, 0, 0],
						"2.35": [0, 0, 0.1],
						"2.45": [0, 0, 0]
					}
				},
				"magrelease": {
					"rotation": {
						"0.4": [0, 0, 0],
						"0.45": [-20, 0, 0],
						"0.55": [-29, 0, 0],
						"0.65": [-21, 0, 0],
						"0.75": [0, 0, 0],
						"1.2": [0, 0, 0],
						"1.25": [-20, 0, 0],
						"1.35": [0, 0, 0]
					}
				},
				"constraint": {
					"rotation": {
						"0.0": [0, 0, 0],
						"2.9": [0, 0, 0],
						"3.05": [0.2, 0.2, 0.4]
					},
					"position": {
						"0.0": [0.02, 0.02, 0.02],
						"2.9": [0.02, 0.02, 0.02],
						"3.05": [0.1, 0.1, 0.1]
					}
				},
				"camera": {
					"rotation": {
						"0.0": [0, 0, 0],
						"0.05": [0.14, 0.06, -0.05],
						"0.1": [0.35, 0.13, -0.12],
						"0.15": [0.57, 0.22, -0.2],
						"0.2": [0.75, 0.3, -0.28],
						"0.25": [0.89, 0.37, -0.36],
						"0.3": [1.01, 0.44, -0.45],
						"0.35": [1.1, 0.51, -0.53],
						"0.4": [1.16, 0.55, -0.6],
						"0.45": [1.12, 0.6, -0.73],
						"0.5": [0.96, 0.55, -0.75],
						"0.55": [0.28, 0.08, -0.12],
						"0.6": [0.17, -0.06, -0.58],
						"0.65": [0.19, -0.12, -1.07],
						"0.7": [0.42, -0.13, -0.94],
						"0.75": [0.68, -0.1, -0.7],
						"0.8": [0.74, -0.07, -0.7],
						"0.85": [0.74, 0, -0.75],
						"0.9": [0.72, 0.08, -0.76],
						"0.95": [0.69, 0.18, -0.77],
						"1.0": [0.62, 0.27, -0.77],
						"1.05": [0.48, 0.33, -0.78],
						"1.1": [0.31, 0.38, -0.77],
						"1.15": [0.19, 0.42, -0.72],
						"1.2": [0.19, 0.5, -0.25],
						"1.25": [0.74, 0.5, -1.23],
						"1.3": [0.58, 0.5, -1.04],
						"1.35": [0.42, 0.5, -0.75],
						"1.4": [0.53, 0.5, -0.74],
						"1.45": [0.73, 0.5, -0.79],
						"1.5": [0.91, 0.5, -0.81],
						"1.55": [1.12, 0.51, -0.79],
						"1.6": [1.25, 0.5, -0.67],
						"1.65": [1.21, 0.48, -0.49],
						"1.7": [1.1, 0.43, -0.25],
						"1.75": [1, 0.34, -0.02],
						"1.8": [0.91, 0.15, 0.15],
						"1.85": [0.81, -0.09, 0.31],
						"1.9": [0.75, -0.28, 0.43],
						"1.95": [0.76, -0.36, 0.5],
						"2.0": [0.79, -0.39, 0.53],
						"2.05": [0.79, -0.4, 0.5],
						"2.1": [0.48, -0.3, 0],
						"2.15": [0.63, -0.29, 0.17],
						"2.2": [0.83, -0.3, 0.5],
						"2.25": [0.9, -0.4, 1.25],
						"2.3": [1.46, -0.4, -0.15],
						"2.35": [1.34, -0.4, 0.16],
						"2.4": [1.15, -0.4, 0.63],
						"2.45": [1.26, -0.42, 0.61],
						"2.5": [1.23, -0.4, 0.43],
						"2.55": [1.02, -0.34, 0.32],
						"2.6": [0.69, -0.25, 0.17],
						"2.65": [0.33, -0.15, 0.02],
						"2.7": [0.01, -0.06, -0.1],
						"2.75": [-0.2, 0, -0.15],
						"2.8": [-0.04, 0, 0.42],
						"2.85": [0.13, 0, -0.07],
						"2.9": [0.07, 0, -0.03],
						"2.95": [0, 0, 0.07],
						"3.0": [-0.01, 0, 0.04],
						"3.05": [0, 0, 0]
					}
				},
				"additional_magazine": {
					"rotation": {
						"0.45": [0, 0, 0],
						"0.5": [-2.5, 0, 0],
						"0.55": [-40.35, 1.36, -7.69],
						"0.6": [-80.94, -5.24, -22.93],
						"0.65": [-101.58, 0.87, -57.44],
						"0.7": [-107.08, -6.14, -87.98],
						"0.75": [-114.66, -17.18, -123.29],
						"0.8": [-140.94, -29.32, -134.9],
						"0.85": [-205.79, -43.83, -100.88],
						"0.9": [-289.34, -59.46, -43.16],
						"0.95": [-348.58, -69.44, 0.93],
						"1.0": [-377.08, -70.32, 16.86],
						"1.05": [-337.45, -58.83, 14.05],
						"1.1": [-168.72, -29.41, 7.03],
						"1.15": [0, 0, 0]
					},
					"position": {
						"0.45": [0, 0, 0],
						"0.5": [0, 0, 0],
						"0.55": [0, -2.2, -1.2],
						"0.6": [2.7, -4.5, -4],
						"0.65": [5.1, -6.3, -8.1],
						"0.7": [6.27, -7.39, -11.04],
						"0.75": [7.3, -9.5, -14.1],
						"0.8": [8.27, -14.14, -16.8],
						"0.85": [8.6, -19.4, -19.1],
						"0.9": [7.47, -23.14, -20.77],
						"0.95": [5.62, -27.59, -21.88],
						"1.0": [3.8, -35.32, -23.75],
						"1.05": [1.13, -43.16, -22.42],
						"1.1": [-8.61, -52.18, 0.38],
						"1.15": [-2.3, -32.2, 15.6]
					}
				}
			},
			"sound_effects": {
				"0.0": {
					"effect": "ex:traitor/traitor_sleight_of_hand_empty"
				}
			}
		},
		"inspect": {
			"animation_length": 5.7917,
			"bones": {
				"root": {
					"rotation": {
						"0.0": [0, 0, 0],
						"0.0417": [-5.79, 0.13, 1.95],
						"0.1667": [-17.59, -10.78, -12.86],
						"0.25": [-25.6, -24.52, -35.41],
						"0.2917": [-27.59976, -27.22756, -41.19159],
						"0.3333": [-29.18247, -28.58725, -44.21775],
						"0.4167": [-31.13848, -27.68974, -42.19082],
						"0.5": [-30.66598, -28.14222, -43.20004],
						"0.5833": [-31.42, -28.14, -43.2],
						"0.7083": [-32.01, -27.44, -41.92],
						"0.9167": [-31.74, -28, -42.94],
						"1.0": [-31.76, -28.22, -43.36],
						"1.5": [-31.20393, -28.6466, -44.18009],
						"1.5417": [-29.85, -30.65, -48.19],
						"1.6667": [-29.18045, -31.65513, -50.18764],
						"1.7917": [-29.71221, -31.16351, -49.16731],
						"1.9583": [-29.71, -31.16, -49.17],
						"2.2083": [-29.1733, -31.63628, -50.20015],
						"2.2917": [-28.77, -30.86, -48.82],
						"2.4167": [-27.89, -26.22, -40.22],
						"2.4583": [-26.12, -16.94, -23.01],
						"2.5": [-27.22851, -1.49811, -0.30357],
						"2.6667": [-27.64133, 8.57175, 47.7761],
						"2.7917": [-27.55942, 13.18741, 68.01913],
						"2.9167": [-26.63512, 14.213, 70.2211],
						"3.0833": [-27.05095, 13.76144, 69.23672],
						"3.2917": [-27.18, 13.27, 68.94],
						"3.5": [-27.3, 13.11, 68.64],
						"3.75": [-27.43825, 13.30227, 68.26287],
						"3.9583": [-27.13612, 16.9047, 71.22256],
						"4.125": [-27.60586, 16.4605, 70.21082],
						"4.3333": [-27.25, 16.82, 70.99],
						"4.5417": [-27.1, 16.74, 71.31],
						"4.7083": [-26.95, 16.21, 71.62],
						"4.7917": [-26.5, 14.14, 69.6],
						"4.9167": [-25.69, 10.35, 65.37],
						"5.0": [-27.3, 2.08, 51.44],
						"5.25": [-4.78485, -1.03643, 9.2118],
						"5.375": [1.9612, -0.55625, 7.98076],
						"5.5": [0.66898, -0.48139, 1.31942],
						"5.5833": [-1.00521, -0.46117, 2.73757],
						"5.75": [0, 0, 0]
					},
					"position": {
						"0.0": [0, 0, 0],
						"0.0833": [-0.07, 0.23, -0.5],
						"0.1667": [-0.13, 0.5, -1.2],
						"0.2917": [-0.11, 1.07, -1.6],
						"0.375": [-0.2, 0.3, -1.6],
						"0.5": [-0.4, 0.9, -1.6],
						"0.5833": [-0.4, 1.3, -1.6],
						"0.7083": [-0.4, 1.3, -1.6],
						"0.7917": [-0.4, 1.3, -1.6],
						"0.875": [-0.4, 1.3, -1.6],
						"1.0417": [-0.4, 1.3, -1.6],
						"1.2917": [-0.4, 1.3, -1.6],
						"1.5417": [-0.4, 1.3, -1.6],
						"1.625": [-0.4, 1.3, -1.6],
						"2.0": [-0.4, 1.3, -1.6],
						"2.0833": [-0.4, 1.3, -1.6],
						"2.2917": [-0.4, 1.3, -1.6],
						"2.375": [-0.3, 1.3, -2.5],
						"2.5": [-0.05, 1.3, -3.5],
						"2.625": [0.25, -0.3, -3.8],
						"2.75": [0.6, -0.32, -3.9],
						"2.8333": [0.6, -0.32, -3.9],
						"3.0": [0.6, -0.32, -3.9],
						"3.2083": [0.6, -0.32, -3.9],
						"3.75": [0.6, -0.32, -3.9],
						"4.0417": [0.6, -0.32, -3.9],
						"4.3333": [0.6, -0.32, -3.9],
						"4.8333": [0.6, -0.32, -3.9],
						"4.9583": [0.2, -0.72, -3.9],
						"5.0833": [-0.22, -1.345, -3.72],
						"5.2083": [-0.1, -1.5, -2.9],
						"5.5417": [0, 0, 0.22],
						"5.625": [0, -0.2, -0.17],
						"5.7917": [0, 0, 0]
					}
				},
				"righthand": {
					"rotation": [100.03742, 4.92385, -179.12962],
					"position": [-6.8, -14.2, 7.4],
					"scale": [1, 1.5, 1]
				},
				"lefthand": {
					"rotation": {
						"0.0": [90.4533, -389.73135, -129.57361],
						"5.25": [90.4533, -389.73135, -129.57361]
					},
					"position": {
						"0.0": [6.4, -13.45, -5.5],
						"0.5": [10.89, -15.62, 25.26],
						"2.25": [-3.11, -29.62, 25.26],
						"2.5": [7.99, -11.315, -4.335],
						"4.9583": [7.99, -11.315, -4.335],
						"5.25": [6.4, -13.45, -5.5]
					},
					"scale": {
						"0.0": [1, 1.5, 1],
						"0.5": [0, 0, 0],
						"2.25": [0, 0, 0],
						"2.4583": [1, 1, 1],
						"2.5": [1, 1.5, 1],
						"4.9583": [1, 1.5, 1]
					}
				},
				"camera": {
					"rotation": {
						"0.0": {
							"post": [0, 0, 0],
							"lerp_mode": "catmullrom"
						},
						"0.0833": {
							"post": [2.38, 0.54, 0],
							"lerp_mode": "catmullrom"
						},
						"0.2083": {
							"post": [2.43, 0.89, 0],
							"lerp_mode": "catmullrom"
						},
						"0.2917": {
							"post": [1.29, 1.16, 0],
							"lerp_mode": "catmullrom"
						},
						"0.4167": {
							"post": [-1, 1.1, 0],
							"lerp_mode": "catmullrom"
						},
						"0.5833": {
							"post": [-2.00275, 1.09939, -0.03503],
							"lerp_mode": "catmullrom"
						},
						"0.9167": {
							"post": [-1.25, 1.1, -0.04],
							"lerp_mode": "catmullrom"
						},
						"1.2083": {
							"post": [-1.53, 1.64, -0.05],
							"lerp_mode": "catmullrom"
						},
						"1.4167": {
							"post": [-1.9, 1.87, -0.05],
							"lerp_mode": "catmullrom"
						},
						"1.7083": {
							"post": [-2.6, 2.1, -0.05],
							"lerp_mode": "catmullrom"
						},
						"1.9167": {
							"post": [-2.45, 2.1, -0.05],
							"lerp_mode": "catmullrom"
						},
						"2.0833": {
							"post": [-2.62, 2.1, -0.05],
							"lerp_mode": "catmullrom"
						},
						"2.25": {
							"post": [-3, 2.1, -0.05],
							"lerp_mode": "catmullrom"
						},
						"2.4167": {
							"post": [-0.74, 1.55, 0.02],
							"lerp_mode": "catmullrom"
						},
						"2.5": {
							"post": [0.26, 1.85, 0.06],
							"lerp_mode": "catmullrom"
						},
						"2.5833": {
							"post": [0.76, 1.75, 0.08],
							"lerp_mode": "catmullrom"
						},
						"2.7917": {
							"post": [1.76, 1.75, 0.08],
							"lerp_mode": "catmullrom"
						},
						"2.9167": {
							"post": [1.47, 1.75, 0.08],
							"lerp_mode": "catmullrom"
						},
						"3.0": {
							"post": [1.4, 1.75, 0.08],
							"lerp_mode": "catmullrom"
						},
						"3.1667": {
							"post": [1.32, 1.75, 0.08],
							"lerp_mode": "catmullrom"
						},
						"3.3333": {
							"post": [1.06, 1.75, 0.08],
							"lerp_mode": "catmullrom"
						},
						"3.7083": {
							"post": [0.36, 1.75, 0.08],
							"lerp_mode": "catmullrom"
						},
						"3.7917": {
							"post": [0.04, 1.75, 0.08],
							"lerp_mode": "catmullrom"
						},
						"3.9167": {
							"post": [-0.41, 1.75, 0.08],
							"lerp_mode": "catmullrom"
						},
						"4.0417": {
							"post": [-0.82, 1.75, 0.08],
							"lerp_mode": "catmullrom"
						},
						"4.4167": {
							"post": [-0.77, 1.75, 0.08],
							"lerp_mode": "catmullrom"
						},
						"4.5833": {
							"post": [-0.75, 1.75, 0.08],
							"lerp_mode": "catmullrom"
						},
						"4.7917": {
							"post": [-0.74, 1.75, 0.08],
							"lerp_mode": "catmullrom"
						},
						"4.9167": {
							"post": [1.29018, 1.7103, 1.07967],
							"lerp_mode": "catmullrom"
						},
						"5.0": {
							"post": [2.13, 1.06, 0.67],
							"lerp_mode": "catmullrom"
						},
						"5.125": {
							"post": [1.91, 0.55, 0.35],
							"lerp_mode": "catmullrom"
						},
						"5.25": {
							"post": [-1, 0, 0],
							"lerp_mode": "catmullrom"
						},
						"5.375": {
							"post": [0.4, 0, 0],
							"lerp_mode": "catmullrom"
						},
						"5.5": {
							"post": [0, 0, 0],
							"lerp_mode": "catmullrom"
						}
					}
				}
			},
			"sound_effects": {
				"0.0": {
					"effect": "ex:traitor/traitor_inspect"
				}
			}
		},
		"inspect_empty": {
			"animation_length": 5.7917,
			"bones": {
				"root": {
					"rotation": {
						"0.0": [0, 0, 0],
						"0.0417": [-5.79, 0.13, 1.95],
						"0.1667": [-17.59, -10.78, -12.86],
						"0.25": [-25.6, -24.52, -35.41],
						"0.2917": [-27.59976, -27.22756, -41.19159],
						"0.3333": [-29.18247, -28.58725, -44.21775],
						"0.4167": [-31.13848, -27.68974, -42.19082],
						"0.5": [-30.66598, -28.14222, -43.20004],
						"0.5833": [-31.42, -28.14, -43.2],
						"0.7083": [-32.01, -27.44, -41.92],
						"0.9167": [-31.74, -28, -42.94],
						"1.0": [-31.76, -28.22, -43.36],
						"1.5": [-31.20393, -28.6466, -44.18009],
						"1.5417": [-29.85, -30.65, -48.19],
						"1.6667": [-29.18045, -31.65513, -50.18764],
						"1.7917": [-29.71221, -31.16351, -49.16731],
						"1.9583": [-29.71, -31.16, -49.17],
						"2.2083": [-29.1733, -31.63628, -50.20015],
						"2.2917": [-28.77, -30.86, -48.82],
						"2.4167": [-27.89, -26.22, -40.22],
						"2.4583": [-26.12, -16.94, -23.01],
						"2.5": [-27.22851, -1.49811, -0.30357],
						"2.6667": [-27.64133, 8.57175, 47.7761],
						"2.7917": [-27.55942, 13.18741, 68.01913],
						"2.9167": [-26.63512, 14.213, 70.2211],
						"3.0833": [-27.05095, 13.76144, 69.23672],
						"3.2917": [-27.18, 13.27, 68.94],
						"3.5": [-27.3, 13.11, 68.64],
						"3.75": [-27.43825, 13.30227, 68.26287],
						"3.9583": [-27.13612, 16.9047, 71.22256],
						"4.125": [-27.60586, 16.4605, 70.21082],
						"4.3333": [-27.25, 16.82, 70.99],
						"4.5417": [-27.1, 16.74, 71.31],
						"4.7083": [-26.95, 16.21, 71.62],
						"4.7917": [-26.5, 14.14, 69.6],
						"4.9167": [-25.69, 10.35, 65.37],
						"5.0": [-27.3, 2.08, 51.44],
						"5.25": [-4.78485, -1.03643, 9.2118],
						"5.375": [1.9612, -0.55625, 7.98076],
						"5.5": [0.66898, -0.48139, 1.31942],
						"5.5833": [-1.00521, -0.46117, 2.73757],
						"5.75": [0, 0, 0]
					},
					"position": {
						"0.0": [0, 0, 0],
						"0.0833": [-0.07, 0.23, -0.5],
						"0.1667": [-0.13, 0.5, -1.2],
						"0.2917": [-0.11, 1.07, -1.6],
						"0.375": [-0.2, 0.3, -1.6],
						"0.5": [-0.4, 0.9, -1.6],
						"0.5833": [-0.4, 1.3, -1.6],
						"0.7083": [-0.4, 1.3, -1.6],
						"0.7917": [-0.4, 1.3, -1.6],
						"0.875": [-0.4, 1.3, -1.6],
						"1.0417": [-0.4, 1.3, -1.6],
						"1.2917": [-0.4, 1.3, -1.6],
						"1.5417": [-0.4, 1.3, -1.6],
						"1.625": [-0.4, 1.3, -1.6],
						"2.0": [-0.4, 1.3, -1.6],
						"2.0833": [-0.4, 1.3, -1.6],
						"2.2917": [-0.4, 1.3, -1.6],
						"2.375": [-0.3, 1.3, -2.5],
						"2.5": [-0.05, 1.3, -3.5],
						"2.625": [0.25, -0.3, -3.8],
						"2.75": [0.6, -0.32, -3.9],
						"2.8333": [0.6, -0.32, -3.9],
						"3.0": [0.6, -0.32, -3.9],
						"3.2083": [0.6, -0.32, -3.9],
						"3.75": [0.6, -0.32, -3.9],
						"4.0417": [0.6, -0.32, -3.9],
						"4.3333": [0.6, -0.32, -3.9],
						"4.8333": [0.6, -0.32, -3.9],
						"4.9583": [0.2, -0.72, -3.9],
						"5.0833": [-0.22, -1.345, -3.72],
						"5.2083": [-0.1, -1.5, -2.9],
						"5.5417": [0, 0, 0.22],
						"5.625": [0, -0.2, -0.17],
						"5.7917": [0, 0, 0]
					}
				},
				"righthand": {
					"rotation": [100.03742, 4.92385, -179.12962],
					"position": [-6.8, -14.2, 7.4],
					"scale": [1, 1.5, 1]
				},
				"lefthand": {
					"rotation": {
						"0.0": [90.4533, -389.73135, -129.57361],
						"5.25": [90.4533, -389.73135, -129.57361]
					},
					"position": {
						"0.0": [6.4, -13.45, -5.5],
						"0.5": [10.89, -15.62, 25.26],
						"2.25": [-3.11, -29.62, 25.26],
						"2.5": [7.99, -11.315, -4.335],
						"4.9583": [7.99, -11.315, -4.335],
						"5.25": [6.4, -13.45, -5.5]
					},
					"scale": {
						"0.0": [1, 1.5, 1],
						"0.5": [0, 0, 0],
						"2.25": [0, 0, 0],
						"2.4583": [1, 1, 1],
						"2.5": [1, 1.5, 1],
						"4.9583": [1, 1.5, 1]
					}
				},
				"m4a1_bolt": {
					"position": [0, 0, 4.7]
				},
				"camera": {
					"rotation": {
						"0.0": {
							"post": [0, 0, 0],
							"lerp_mode": "catmullrom"
						},
						"0.0833": {
							"post": [2.38, 0.54, 0],
							"lerp_mode": "catmullrom"
						},
						"0.2083": {
							"post": [2.43, 0.89, 0],
							"lerp_mode": "catmullrom"
						},
						"0.2917": {
							"post": [1.29, 1.16, 0],
							"lerp_mode": "catmullrom"
						},
						"0.4167": {
							"post": [-1, 1.1, 0],
							"lerp_mode": "catmullrom"
						},
						"0.5833": {
							"post": [-2.00275, 1.09939, -0.03503],
							"lerp_mode": "catmullrom"
						},
						"0.9167": {
							"post": [-1.25, 1.1, -0.04],
							"lerp_mode": "catmullrom"
						},
						"1.2083": {
							"post": [-1.53, 1.64, -0.05],
							"lerp_mode": "catmullrom"
						},
						"1.4167": {
							"post": [-1.9, 1.87, -0.05],
							"lerp_mode": "catmullrom"
						},
						"1.7083": {
							"post": [-2.6, 2.1, -0.05],
							"lerp_mode": "catmullrom"
						},
						"1.9167": {
							"post": [-2.45, 2.1, -0.05],
							"lerp_mode": "catmullrom"
						},
						"2.0833": {
							"post": [-2.62, 2.1, -0.05],
							"lerp_mode": "catmullrom"
						},
						"2.25": {
							"post": [-3, 2.1, -0.05],
							"lerp_mode": "catmullrom"
						},
						"2.4167": {
							"post": [-0.74, 1.55, 0.02],
							"lerp_mode": "catmullrom"
						},
						"2.5": {
							"post": [0.26, 1.85, 0.06],
							"lerp_mode": "catmullrom"
						},
						"2.5833": {
							"post": [0.76, 1.75, 0.08],
							"lerp_mode": "catmullrom"
						},
						"2.7917": {
							"post": [1.76, 1.75, 0.08],
							"lerp_mode": "catmullrom"
						},
						"2.9167": {
							"post": [1.47, 1.75, 0.08],
							"lerp_mode": "catmullrom"
						},
						"3.0": {
							"post": [1.4, 1.75, 0.08],
							"lerp_mode": "catmullrom"
						},
						"3.1667": {
							"post": [1.32, 1.75, 0.08],
							"lerp_mode": "catmullrom"
						},
						"3.3333": {
							"post": [1.06, 1.75, 0.08],
							"lerp_mode": "catmullrom"
						},
						"3.7083": {
							"post": [0.36, 1.75, 0.08],
							"lerp_mode": "catmullrom"
						},
						"3.7917": {
							"post": [0.04, 1.75, 0.08],
							"lerp_mode": "catmullrom"
						},
						"3.9167": {
							"post": [-0.41, 1.75, 0.08],
							"lerp_mode": "catmullrom"
						},
						"4.0417": {
							"post": [-0.82, 1.75, 0.08],
							"lerp_mode": "catmullrom"
						},
						"4.4167": {
							"post": [-0.77, 1.75, 0.08],
							"lerp_mode": "catmullrom"
						},
						"4.5833": {
							"post": [-0.75, 1.75, 0.08],
							"lerp_mode": "catmullrom"
						},
						"4.7917": {
							"post": [-0.74, 1.75, 0.08],
							"lerp_mode": "catmullrom"
						},
						"4.9167": {
							"post": [1.29018, 1.7103, 1.07967],
							"lerp_mode": "catmullrom"
						},
						"5.0": {
							"post": [2.13, 1.06, 0.67],
							"lerp_mode": "catmullrom"
						},
						"5.125": {
							"post": [1.91, 0.55, 0.35],
							"lerp_mode": "catmullrom"
						},
						"5.25": {
							"post": [-1, 0, 0],
							"lerp_mode": "catmullrom"
						},
						"5.375": {
							"post": [0.4, 0, 0],
							"lerp_mode": "catmullrom"
						},
						"5.5": {
							"post": [0, 0, 0],
							"lerp_mode": "catmullrom"
						}
					}
				},
				"bolt_release": {
					"rotation": [0, 0, 15]
				}
			},
			"sound_effects": {
				"0.0": {
					"effect": "ex:traitor/traitor_inspect"
				}
			}
		},
		"run_start": {
			"animation_length": 0.55,
			"bones": {
				"root": {
					"rotation": {
						"0.0": [0, 0, 0],
						"0.05": [2.8, -0.48, 3.97],
						"0.1": [5.79, -1.19, 9.23],
						"0.15": [1.73, -2.05, 11.57],
						"0.2": [-10.48, -2.9, 9.39],
						"0.25": [-28.47, -3.91, 4.94],
						"0.3": [-46.79, -4.85, 0.12],
						"0.35": [-59.98, -5.5, -3.14],
						"0.4": [-66.1, -5.75, -4.18],
						"0.45": [-68.22, -5.72, -4.06],
						"0.5": [-68.4, -5.59, -3.49],
						"0.55": [-68.73, -5.5, -3.14]
					},
					"position": {
						"0.0": [0, 0, 0],
						"0.05": [0.06, -0.64, -0.32],
						"0.1": [0.17, -1.58, -0.79],
						"0.15": [0.17, -2.44, -1.22],
						"0.2": [-0.09, -2.83, -1.45],
						"0.25": [-1.13, -2.25, -1.28],
						"0.3": [-2.54, -1.06, -0.83],
						"0.35": [-3.57, -0.19, -0.51],
						"0.4": [-3.83, -0.04, -0.47],
						"0.45": [-3.82, -0.12, -0.51],
						"0.5": [-3.71, -0.28, -0.59],
						"0.55": [-3.64, -0.38, -0.64]
					}
				},
				"lefthand_pos": {
					"position": {
						"0.0": [0, 0, 0],
						"0.1": [-7.17, -3.67, 0],
						"0.2": [-11.83, -12.08, 2],
						"0.3": [-14, -25, 15.5]
					},
					"scale": {
						"0.2": [1, 1, 1],
						"0.3": [0, 0, 0]
					}
				},
				"camera": {
					"rotation": {
						"0.0": {
							"post": [0, 0, 0],
							"lerp_mode": "catmullrom"
						},
						"0.1": {
							"post": [0.75, 0, -0.5],
							"lerp_mode": "catmullrom"
						},
						"0.2": {
							"post": [-0.25, 0, 0.1875],
							"lerp_mode": "catmullrom"
						},
						"0.3": {
							"post": [0, 0, 0],
							"lerp_mode": "catmullrom"
						},
						"0.4": {
							"post": [0, 0, 0],
							"lerp_mode": "catmullrom"
						}
					}
				}
			}
		},
		"run": {
			"loop": true,
			"animation_length": 0.8,
			"bones": {
				"root": {
					"rotation": {
						"0.0": [-68.73, -5.5, -3.14],
						"0.05": [-68.99, -7.39, -3.57],
						"0.1": [-69.36, -9.11, -3.81],
						"0.15": [-69.45, -10.1, -3.75],
						"0.2": [-68.82, -9.82, -3.09],
						"0.25": [-67.92, -8.81, -2.13],
						"0.3": [-67.68, -8.15, -1.7],
						"0.35": [-68.9, -8.72, -2.46],
						"0.4": [-70.77, -9.63, -3.74],
						"0.45": [-71.87, -9.32, -4.34],
						"0.5": [-71.58, -7.25, -3.75],
						"0.55": [-70.7, -4.07, -2.59],
						"0.6": [-69.68, -1.04, -1.42],
						"0.65": [-68.98, 0.57, -0.8],
						"0.7": [-68.67, -0.33, -1.21],
						"0.75": [-68.65, -3, -2.27],
						"0.8": [-68.73, -5.5, -3.14]
					},
					"position": {
						"0.0": [-3.64, -0.38, -0.64],
						"0.05": [-3.63, -0.52, -0.64],
						"0.1": [-3.66, -0.87, -0.64],
						"0.15": [-3.67, -1.23, -0.64],
						"0.2": [-3.64, -1.38, -0.64],
						"0.25": [-3.52, -1.18, -0.64],
						"0.3": [-3.34, -0.78, -0.64],
						"0.35": [-3.19, -0.39, -0.64],
						"0.4": [-3.14, -0.23, -0.64],
						"0.45": [-3.26, -0.47, -0.64],
						"0.5": [-3.5, -0.94, -0.64],
						"0.55": [-3.74, -1.42, -0.64],
						"0.6": [-3.89, -1.64, -0.64],
						"0.65": [-3.89, -1.46, -0.64],
						"0.7": [-3.81, -1.04, -0.64],
						"0.75": [-3.71, -0.6, -0.64],
						"0.8": [-3.64, -0.38, -0.64]
					}
				},
				"lefthand_pos": {
					"position": [-14, -25, 15.5],
					"scale": 0
				},
				"camera": {
					"rotation": {
						"0.0": [0, 0, 0],
						"0.05": [0.09, 0, 0.15],
						"0.1": [0.13, 0, 0.25],
						"0.15": [-0.07, 0, 0.07],
						"0.2": [-0.25, 0, -0.12],
						"0.25": [-0.15, 0, -0.09],
						"0.3": [0, 0, 0],
						"0.35": [0.02, 0, 0.02],
						"0.4": [0, 0, 0],
						"0.45": [-0.01, 0, -0.08],
						"0.5": [0, 0, -0.12],
						"0.55": [0.08, 0, 0],
						"0.6": [0.13, 0, 0.13],
						"0.65": [0, 0, 0.08],
						"0.7": [-0.12, 0, 0],
						"0.75": [-0.09, 0, -0.02],
						"0.8": [0, 0, 0]
					}
				}
			}
		},
		"run_hold": {
			"animation_length": 0.2917,
			"bones": {
				"root": {
					"rotation": [-68.73314, -5.50468, -3.14473],
					"position": [-3.64, -0.38, -0.64]
				},
				"lefthand_pos": {
					"position": [-14, -25, 15.5],
					"scale": 0
				}
			}
		},
		"run_end": {
			"animation_length": 0.65,
			"bones": {
				"root": {
					"rotation": {
						"0.0": [-68.73, -5.5, -3.14],
						"0.05": [-55.61, -4.21, 0.37],
						"0.1": [-36.44, -2.32, 5.59],
						"0.15": [-17.16, -0.44, 10.34],
						"0.2": [-3.66, 0.81, 12.47],
						"0.25": [1.72, 1.17, 10.52],
						"0.3": [2.4, 1, 5.92],
						"0.35": [1.03, 0.62, 0.91],
						"0.4": [0.28, 0.35, -2.3],
						"0.45": [0.49, 0.21, -2.71],
						"0.5": [0.23, 0.09, -1.23],
						"0.55": [0, 0, 0],
						"0.6": [-0.02, -0.02, 0.14],
						"0.65": [0, 0, 0]
					},
					"position": {
						"0.0": [-3.64, -0.38, -0.64],
						"0.05": [-2.73, -1.11, -1.21],
						"0.1": [-1.47, -2.08, -1.96],
						"0.15": [-0.5, -2.5, -2.25],
						"0.2": [-0.17, -2.06, -1.84],
						"0.25": [-0.04, -1.17, -1.06],
						"0.3": [-0.01, -0.24, -0.23],
						"0.35": [0.02, 0.37, 0.3],
						"0.4": [0.06, 0.47, 0.4],
						"0.45": [0.05, 0.22, 0.18],
						"0.5": [0.03, 0.01, -0.01],
						"0.55": [0.02, -0.02, -0.03],
						"0.6": [0.01, -0.01, -0.01],
						"0.65": [0, 0, 0]
					}
				},
				"camera": {
					"rotation": {
						"0.25": {
							"pre": [0, 0, 0],
							"post": [0, 0, 0],
							"lerp_mode": "catmullrom"
						},
						"0.3": {
							"post": [0, 0, 0.3],
							"lerp_mode": "catmullrom"
						},
						"0.35": {
							"post": [0, 0, -0.125],
							"lerp_mode": "catmullrom"
						},
						"0.45": {
							"post": [0, 0, 0],
							"lerp_mode": "catmullrom"
						}
					}
				},
				"lefthand_pos": {
					"position": {
						"0.0": [-14, -25, 15.5],
						"0.1": [-11.83, -12.08, 2],
						"0.2": [-7.17, -3.67, 0],
						"0.3": [0, 0, 0]
					},
					"scale": {
						"0.15": [0, 0, 0],
						"0.2": [1, 1, 1]
					}
				}
			}
		},
		"melee_stock": {
			"loop": true,
			"bones": {
				"root": {
					"rotation": [0, 0, 0],
					"position": [0, 0, 0]
				}
			},
			"sound_effects": {
				"0.0": {
					"effect": "ex:traitor/rpk_target"
				}
			}
		}
	}
}