{
	"format_version": "1.8.0",
	"animations": {
		"static_idle": {
			"loop": true,
			"bones": {
				"lefthand": {
					"rotation": [99.13767, -21.82367, -128.45709],
					"position": [7.4, -15.2, -6.5],
					"scale": [1, 1.5, 1]
				},
				"righthand": {
					"rotation": [95, 0, -180],
					"position": [-6.2, -17, 7],
					"scale": [1, 1.5, 1]
				},
				"constraint": {
					"rotation": [0.2, 0.15, 0.2],
					"position": [0.1, 0.1, 0.4]
				}
			}
		},
		"static_bolt_caught": {
			"animation_length": 0.55,
			"bones": {
				"lefthand": {
					"rotation": [99.13767, -21.82367, -128.45709],
					"position": [7.4, -15.2, -6.5],
					"scale": [1, 1.5, 1]
				},
				"righthand": {
					"rotation": [95, 0, -180],
					"position": [-6.2, -17, 7],
					"scale": [1, 1.5, 1]
				},
				"boltrelease": {
					"position": [0, 0.1, 0]
				},
				"bolt2": {
					"position": [0, -0.425, 3.4]
				},
				"charger": {
					"position": [0, 0, 4]
				}
			}
		},
		"draw": {
			"animation_length": 1,
			"bones": {
				"group7": {
					"rotation": {
						"0.2333": [0, 0, 0],
						"0.3667": [1.5, 0, 0],
						"0.5667": [-1, 0, 0],
						"0.7333": [0.975, 0, 0],
						"0.8667": [0, 0, 0],
						"1.0": [0, 0, 0]
					}
				},
				"group2": {
					"rotation": {
						"0.2667": [0, 0, 0],
						"0.4": [1.5, 0, 0],
						"0.6": [-1, 0, 0],
						"0.7667": [0.975, 0, 0],
						"0.9": [0, 0, 0],
						"1.0": [0, 0, 0]
					}
				},
				"root": {
					"rotation": {
						"0.0": [22.5, -22.5, 32.5],
						"0.0667": [16.81, -14.77, 27.74],
						"0.1667": [10.38725, -13.74806, 10.06185],
						"0.2333": [-0.88995, -1.54338, 7.15196],
						"0.3333": [1.10685, 1.42586, -1.99731],
						"0.4": [0.39065, 0.294, 2.28025],
						"0.5": [0.03946, 0.20234, -1.89002],
						"0.6333": [0.03, 0.12, 0.67],
						"0.7333": [0, 0, 0]
					},
					"position": {
						"0.0": [-5, -14, 0],
						"0.1333": [-3.79, -7.23, -0.38],
						"0.2667": [-0.3, -0.975, -0.6],
						"0.4": [0.01, -0.3, 0.5],
						"0.5333": [-0.01, -0.07, -0.32],
						"0.7333": [0, 0, 0]
					}
				},
				"lefthand": {
					"rotation": [99.13767, -21.82367, -128.45709],
					"position": [7.4, -15.2, -6.5],
					"scale": [1, 1.5, 1]
				},
				"righthand": {
					"rotation": [95, 0, -180],
					"position": [-6.2, -17, 7],
					"scale": [1, 1.5, 1]
				},
				"camera": {
					"rotation": {
						"0.0": {
							"post": [0, 0, 0],
							"lerp_mode": "catmullrom"
						},
						"0.1333": {
							"post": [0.55, -0.05, 0.1],
							"lerp_mode": "catmullrom"
						},
						"0.2333": {
							"post": [1.1, -0.3, 0.7],
							"lerp_mode": "catmullrom"
						},
						"0.5": {
							"post": [0.7, -0.2, 0.3],
							"lerp_mode": "catmullrom"
						},
						"0.6": {
							"post": [-0.1, 0, 0.4],
							"lerp_mode": "catmullrom"
						},
						"0.7": {
							"post": [0.2, 0.1, -0.3],
							"lerp_mode": "catmullrom"
						},
						"0.8333": {
							"post": [0, 0, 0.1],
							"lerp_mode": "catmullrom"
						},
						"0.9333": {
							"post": [0, 0, 0],
							"lerp_mode": "catmullrom"
						}
					}
				}
			},
			"sound_effects": {
				"0.0": {
					"effect": "ex:ultra/ultra_draw"
				}
			}
		},
		"put_away": {
			"animation_length": 0.7,
			"bones": {
				"root": {
					"rotation": {
						"0.0": [0, 0, 0],
						"0.0333": [0, 0, 0],
						"0.0667": [0, 0, 0],
						"0.1": [0, 0, 0],
						"0.1333": [0, 0, 0.2],
						"0.1667": [0, 0, 0.5],
						"0.2": [0, 0, -0.7],
						"0.2333": [0, 0, -2],
						"0.2667": [0, 0, -3],
						"0.3": [1.8, 1, -3],
						"0.3333": [7.3, 0.3, -3.2],
						"0.3667": [11.50883, -2.70958, -3.54582],
						"0.4": [14.26, -2.71, -3.55],
						"0.4333": [16.86, -2.71, -3.55],
						"0.4667": [20.01, -2.71, -3.55],
						"0.5": [24.01, -2.71, -3.55],
						"0.5333": [27.01, -2.71, -3.55],
						"0.5667": [27.01, -2.71, -3.55],
						"0.6": [27.01, -2.71, -3.55],
						"0.6333": [27.01, -2.71, -3.55],
						"0.6667": [27.01, -2.71, -3.55]
					},
					"position": {
						"0.0": [0, 0, 0],
						"0.0333": [-0.2, 0, 0],
						"0.0667": [-0.4, 0, 0],
						"0.1": [-0.6, 0, 0],
						"0.1333": [-1, 0, 0],
						"0.1667": [-1, 0, 0],
						"0.2": [-1.1, 0, 0],
						"0.2333": [-1.2, 0, 0],
						"0.2667": [-1, -0.1, 0],
						"0.3": [-1.2, -0.3, 0],
						"0.3333": [-1.5, -0.475, 0],
						"0.3667": [-2.725, -0.445, 0],
						"0.4": [-4.395, -0.24, 0],
						"0.4333": [-7.19, 0.16, 0],
						"0.4667": [-9.69, -0.84, 0],
						"0.5": [-11.94, -1.96, 0],
						"0.5333": [-14.46, -5.11, 0],
						"0.5667": [-17.91, -10.635, 0],
						"0.6": [-17.91, -14.33, 0],
						"0.6333": [-17.91, -14.33, 0],
						"0.6667": [-17.91, -14.33, 0],
						"0.7": [-17.91, -14.33, 0]
					}
				},
				"lefthand": {
					"rotation": [99.13767, -21.82367, -128.45709],
					"position": [7.4, -15.2, -6.5],
					"scale": [1, 1.5, 1]
				},
				"righthand": {
					"rotation": {
						"0.0": [95, 0, -180],
						"0.0333": [92.96, -0.33, -179.81],
						"0.0667": [92.96, -0.33, -179.81],
						"0.1": [92.96, -0.33, -179.81],
						"0.1333": [95.77, -0.33, -179.81],
						"0.1667": [98.58, -0.33, -179.81],
						"0.2": [101.39, -0.33, -179.81],
						"0.2333": [104.2, -0.33, -179.81],
						"0.2667": [107.02, -0.33, -179.81],
						"0.3": [109.83, -0.33, -179.81],
						"0.3333": [112.65, -0.33, -179.81],
						"0.3667": [117.45649, -2.98915, -181.22192],
						"0.4": [117.46, -2.99, -137.12],
						"0.4333": [78.60561, -35.72576, -66.6977],
						"0.4667": [43.63136, -13.80291, 5.74811],
						"0.5": [43.63, -13.8, 5.75],
						"0.5333": [39.76, -13.8, 5.75],
						"0.5667": [35.88, -13.8, 5.75],
						"0.6": [35.9183, -11.74732, 2.91472],
						"0.6333": [35.92, -11.75, 2.91],
						"0.6667": [35.92, -11.75, 2.91],
						"0.7": [35.92, -11.75, 2.91]
					},
					"position": {
						"0.0": [-6.2, -17, 7],
						"0.0333": [-6.02, -15.17, 10.59],
						"0.0667": [-6.02, -15.05, 11.02],
						"0.1": [-7.52, -14.925, 11.45],
						"0.1333": [-7.87, -14.92, 12.75],
						"0.1667": [-7.87, -14.92, 12.75],
						"0.2": [-7.87, -14.92, 12.75],
						"0.2333": [-7.87, -14.92, 12.75],
						"0.2667": [-6.77, -14.92, 12.75],
						"0.3": [-5.32, -16.825, 11],
						"0.3333": [-4.14, -16.92, 9.25],
						"0.3667": [-3.02, -15.37, 7.5],
						"0.4": [-1.92, -13.67, 4.975],
						"0.4333": [-0.62, -11.57, 1.58],
						"0.4667": [0.93, -8.545, 1.105],
						"0.5": [2.605, -6.12, 0.605],
						"0.5333": [3.07, -0.14, 1.62],
						"0.5667": [4.755, 4.925, 2.935],
						"0.6": [3.085, 5.18, 3.09],
						"0.6333": [-0.61, 2.355, 3.615],
						"0.6667": [-3.16, -3.39, 3.62],
						"0.7": [-1.535, -11.015, 3.62]
					},
					"scale": [1, 1.5, 1]
				},
				"camera": {
					"rotation": {
						"0.0": {
							"post": [0, 0, 0],
							"lerp_mode": "catmullrom"
						},
						"0.2333": {
							"post": [0, 1, 1.5],
							"lerp_mode": "catmullrom"
						},
						"0.3333": {
							"post": [0, 0.5, -1.5],
							"lerp_mode": "catmullrom"
						},
						"0.4": {
							"post": [0, -0.5, -2],
							"lerp_mode": "catmullrom"
						},
						"0.5": {
							"post": [0, -2, -2],
							"lerp_mode": "catmullrom"
						},
						"0.6667": {
							"post": [0, 0, 0],
							"lerp_mode": "catmullrom"
						}
					}
				}
			},
			"sound_effects": {
				"0.0": {
					"effect": "ex:ultra/ultra_put_away"
				}
			}
		},
		"shoot": {
			"loop": true,
			"animation_length": 0.8333,
			"bones": {
				"root": {
					"rotation": {
						"0.0": {
							"post": [0, 0, 0],
							"lerp_mode": "catmullrom"
						},
						"0.0167": {
							"post": [0.92, 0, 1.0175],
							"lerp_mode": "catmullrom"
						},
						"0.0333": {
							"post": [-2.46953, 0, 1.3],
							"lerp_mode": "catmullrom"
						},
						"0.1333": {
							"post": [-0.86953, 0, -0.815],
							"lerp_mode": "catmullrom"
						},
						"0.1833": {
							"post": [-0.125, 0, 0.48281],
							"lerp_mode": "catmullrom"
						},
						"0.25": {
							"post": [0.01641, 0.00036, -0.76172],
							"lerp_mode": "catmullrom"
						},
						"0.35": {
							"post": [0.3, 0, 0.175],
							"lerp_mode": "catmullrom"
						},
						"0.45": {
							"post": [0.37485, -0.36189, -0.1543],
							"lerp_mode": "catmullrom"
						},
						"0.5667": {
							"post": [0.24996, -0.05436, 0.27499],
							"lerp_mode": "catmullrom"
						},
						"0.7167": {
							"post": [-0.01, 0, -0.03],
							"lerp_mode": "catmullrom"
						},
						"0.8333": {
							"post": [0, 0, 0],
							"lerp_mode": "catmullrom"
						}
					},
					"position": {
						"0.0": {
							"post": [0, 0, 0],
							"lerp_mode": "catmullrom"
						},
						"0.0167": {
							"post": [0, -0.26875, 2.1],
							"lerp_mode": "catmullrom"
						},
						"0.0333": {
							"post": [0, 0.03, 2.2875],
							"lerp_mode": "catmullrom"
						},
						"0.1167": {
							"post": [0, -0.05469, 1.40656],
							"lerp_mode": "catmullrom"
						},
						"0.1833": {
							"post": [0, -0.15156, -0.32109],
							"lerp_mode": "catmullrom"
						},
						"0.4": {
							"post": [0, -0.06, 0.02],
							"lerp_mode": "catmullrom"
						},
						"0.5167": {
							"post": [0, 0, 0],
							"lerp_mode": "catmullrom"
						},
						"0.6333": {
							"post": [0, 0, 0],
							"lerp_mode": "catmullrom"
						},
						"0.7667": {
							"post": [0, 0, 0],
							"lerp_mode": "catmullrom"
						}
					}
				},
				"bolt2": {
					"position": {
						"0.0": [0, 0, 0],
						"0.0167": [0, -0.375, 3.38125],
						"0.0333": [0, 0, 0]
					}
				},
				"charger": {
					"position": {
						"0.0": [0, 0, 0],
						"0.0167": [0, 0, 3.38125],
						"0.0333": [0, 0, 0]
					}
				},
				"camera": {
					"rotation": {
						"0.0": {
							"post": [0, 0, 0],
							"lerp_mode": "catmullrom"
						},
						"0.0167": {
							"post": [0, 0, -2.25],
							"lerp_mode": "catmullrom"
						},
						"0.0333": {
							"post": [0, 0, 2],
							"lerp_mode": "catmullrom"
						},
						"0.05": {
							"post": [0, 0, -1.675],
							"lerp_mode": "catmullrom"
						},
						"0.0833": {
							"post": [0, 0, 1.1],
							"lerp_mode": "catmullrom"
						},
						"0.1333": {
							"post": [0, 0, -1],
							"lerp_mode": "catmullrom"
						},
						"0.2": {
							"post": [0, 0, 0.55],
							"lerp_mode": "catmullrom"
						},
						"0.2833": {
							"post": [0, 0, -0.15],
							"lerp_mode": "catmullrom"
						},
						"0.3833": {
							"post": [0, 0, 0],
							"lerp_mode": "catmullrom"
						}
					}
				}
			}
		},
		"reload_tactical": {
			"animation_length": 2.45,
			"bones": {
				"lefthand": {
					"rotation": {
						"0.0": [99.13767, -21.82367, -128.45709],
						"0.0333": [83.52863, -32.75691, -127.13262],
						"0.1": [84.14, -21.82, -128.46],
						"0.1333": [82.27302, -22.58468, -126.11991],
						"0.8333": [82.27302, -22.58468, -126.11991],
						"0.9333": [98.15985, -25.58805, -110.01019],
						"1.6333": [98.15985, -25.58805, -110.01019],
						"1.7333": {
							"pre": [86.64, -19.43, -114.91],
							"post": [86.64, -19.43, -114.91],
							"lerp_mode": "catmullrom"
						},
						"1.8333": [99.13767, -21.82367, -128.45709]
					},
					"position": {
						"0.0": [7.4, -15.2, -6.5],
						"0.0333": [8.35, -17.175, -7.45],
						"0.1": [8.1, -18.2, -2.5],
						"0.1333": [7.3, -17.775, -0.875],
						"0.8333": [7.3, -17.775, -0.875],
						"0.9333": [7.2, -17.05, -1.225],
						"1.6333": [7.2, -17.05, -1.225],
						"1.7333": {
							"pre": [8.4, -17.75, -4.85],
							"post": [8.4, -17.75, -4.85],
							"lerp_mode": "catmullrom"
						},
						"1.8333": [7.4, -15.2, -6.5]
					},
					"scale": [1, 1.5, 1]
				},
				"righthand": {
					"rotation": {
						"0.0": [95, 0, -180],
						"0.1": [95.51385, 24.89837, -177.6727],
						"1.7667": [95.51385, 24.89837, -177.6727],
						"1.8667": [95, 0, -180]
					},
					"position": {
						"0.0": [-6.2, -17, 7],
						"0.1": [-6.2, -17, 7.7],
						"1.7667": [-6.2, -17, 7.7],
						"1.8667": [-6.2, -17, 7]
					},
					"scale": [1, 1.5, 1]
				},
				"root": {
					"rotation": {
						"0.0": [0, 0, 0],
						"0.0333": [1.29, 0.6, 0.52],
						"0.1333": [-3.32, -0.14, -6.98],
						"0.2": [-3.32, -0.14, -6.98],
						"0.2333": [-5.27, -0.59, -10.74],
						"0.3": [-7.85369, -1.35245, -16.40886],
						"0.3333": [-6.57698, -2.54259, -24.82703],
						"0.4": [-5.34473, -0.14114, -21.63336],
						"0.5": [-4.60386, -0.97126, -12.25364],
						"0.6": [-3.80667, -0.91096, -17.5262],
						"0.7333": [-5.11281, -0.17645, -14.82654],
						"0.9": [-5.86, -0.34, -16.32],
						"0.9667": [-7.42, 0.36, -19.05],
						"1.0333": [-8.74329, 1.11452, -22.08781],
						"1.1333": [-12.64096, -2.59262, -35.68603],
						"1.2333": [-13.30412, -3.87138, -41.56149],
						"1.3333": [-13.16462, -4.32806, -43.51726],
						"1.4": [-13.21, -4.18, -42.87],
						"1.4333": [-13.26092, -4.02376, -42.21555],
						"1.5": [-13.37351, 0.12101, -38.06253],
						"1.5333": [-14.22331, -2.21713, -43.14809],
						"1.6": [-15.38296, -2.04766, -38.5387],
						"1.6667": [-15.35382, -1.46806, -40.23593],
						"1.7667": [-7.87, -0.73, -15.76],
						"1.8667": [-0.37032, 0.39084, 0.10152],
						"1.9333": [2.85846, -0.25261, 0.94987],
						"1.9667": [2.29999, -0.18288, 0.4296],
						"2.0667": [-0.36337, -0.23485, 0.12572],
						"2.1333": [-0.2891, -0.33048, 1.24003],
						"2.2333": [0, 0.225, -0.225],
						"2.3333": [0, 0, 0.6625],
						"2.4333": [0, 0, 0]
					},
					"position": {
						"0.0": [0, 0, 0],
						"0.0667": [-0.07, -0.19, 0.15],
						"0.1333": [-0.16, 0.14, 0.32],
						"0.2": [-0.21, 0.4275, 0.42],
						"0.2333": [-0.2, 0.4, 0.4],
						"0.3333": [-0.4, 0.125, 0.4],
						"0.4333": [-0.53, -0.5175, 0.4],
						"0.5333": [-0.57, -0.425, 0.48],
						"0.7": [-0.52, 0.2, 0.64],
						"0.8": [-0.5, 0.21, 0.72],
						"0.9333": [-0.5, 0.125, 0.8],
						"1.0667": [-0.56, 0.245, 0.5],
						"1.2": [-0.8, 0.945, 0.7],
						"1.3": [-0.8, 1.115, 1],
						"1.4": [-0.8, 1.125, 1.075],
						"1.4333": [-0.8, 1.025, 1],
						"1.5333": [-0.8, 0.4, 1],
						"1.6333": [-0.9, 0.8, 1],
						"1.7333": [-0.9, 0.63, 0.5],
						"1.8333": [-0.3, -0.7, -1.07],
						"1.9333": [0.2, -1.1, -1],
						"2.0333": [0, 0, 0.1625],
						"2.0667": [0, 0.07, 0.3],
						"2.1667": [0, -0.0625, -0.2],
						"2.3": [0, 0, 0.0625],
						"2.4333": [0, 0, 0]
					}
				},
				"magrelease": {
					"rotation": {
						"0.1333": [0, 0, 0],
						"0.2": [-25, 0, 0],
						"0.3333": [-25, 0, 0],
						"0.4": [0, 0, 0],
						"1.4333": [0, 0, 0],
						"1.5": [-25, 0, 0],
						"1.5667": [0, 0, 0]
					}
				},
				"additional_magazine": {
					"scale": {
						"0.0": [0, 0, 0],
						"2.2": {
							"pre": [0, 0, 0],
							"post": [1, 1, 1]
						}
					}
				},
				"mag_and_lefthand": {
					"rotation": {
						"0.2333": [0, 0, 0],
						"0.3": [-12.5, 0, 0],
						"0.3333": [-31.5, 0, 0],
						"0.4333": [-31.5, 0, 0],
						"1.1333": [-31.5, 0, 0],
						"1.2333": [-30.59287, -5.2529, -12.275],
						"1.3": [-17.87896, -3.70362, -8.5796],
						"1.3333": [-12.88, -3.7, -8.58],
						"1.4": [-18.88, -3.7, -8.58],
						"1.4333": [-19.88, -3.7, -8.58],
						"1.5": [0, 0, 0]
					},
					"position": {
						"0.2333": [0, 0, 0],
						"0.3": [0, -0.8, -0.8],
						"0.3333": [0, -1.6, -2.3],
						"0.4333": [0.4, -14.7, -3.7],
						"0.5333": [0.4, -23.5, 1.7],
						"1.1333": [0.4, -23.5, 1.7],
						"1.2333": [0.8, -7.1, -2.9],
						"1.3": [0.8, -2.1, -1.9],
						"1.3333": [0.8, -1.7, -1.4],
						"1.4": [0.8, -1.5, -1.7],
						"1.4333": [0.8, -1.5, -1.8],
						"1.5": [0, 0, 0]
					}
				},
				"bullet": {
					"scale": {
						"0.0": [0, 0, 0],
						"0.7": {
							"pre": [0, 0, 0],
							"post": [1, 1, 1]
						}
					}
				},
				"octagon18": {
					"scale": [1, 1, 1.03]
				},
				"constraint": {
					"rotation": {
						"0.0": [0.2, 0.15, 0.2],
						"0.3": [0.05, 0.05, 0.05],
						"1.6667": [0.05, 0.05, 0.05],
						"2.0667": [0.2, 0.15, 0.2]
					},
					"position": {
						"0.0": [0.1, 0.1, 0.4],
						"0.3": [0.05, 0.05, 0.05],
						"1.6667": [0.05, 0.05, 0.05],
						"2.0667": [0.1, 0.1, 0.4]
					}
				},
				"camera": {
					"rotation": {
						"0.0": {
							"post": [0, 0, 0],
							"lerp_mode": "catmullrom"
						},
						"0.1": {
							"post": [1.52, 0.28, -0.09],
							"lerp_mode": "catmullrom"
						},
						"0.2333": {
							"post": [2.40072, 0.69906, 0.04887],
							"lerp_mode": "catmullrom"
						},
						"0.3": {
							"post": [2.10701, 0.88443, 1.13978],
							"lerp_mode": "catmullrom"
						},
						"0.4": {
							"post": [1.37609, 0.97329, -0.82614],
							"lerp_mode": "catmullrom"
						},
						"0.5333": {
							"post": [1.66, 0.64, -0.225],
							"lerp_mode": "catmullrom"
						},
						"0.7333": {
							"post": [2.02506, 0.19994, 0.00698],
							"lerp_mode": "catmullrom"
						},
						"0.9333": {
							"post": [2.3, 0.05, -0.04],
							"lerp_mode": "catmullrom"
						},
						"1.0333": {
							"post": [2.65, 0.02, 0.36],
							"lerp_mode": "catmullrom"
						},
						"1.2": {
							"post": [2.63, 0.08, 0.81],
							"lerp_mode": "catmullrom"
						},
						"1.3": {
							"post": [2.44, 0.23, 1.05],
							"lerp_mode": "catmullrom"
						},
						"1.4": {
							"post": [2.20505, 0.18687, 1.11955],
							"lerp_mode": "catmullrom"
						},
						"1.5": {
							"post": [2.03005, 0.18687, 0.51955],
							"lerp_mode": "catmullrom"
						},
						"1.5333": {
							"post": [2.03511, 0.10372, 1.91782],
							"lerp_mode": "catmullrom"
						},
						"1.6333": {
							"post": [2.03005, 0.18687, 1.11955],
							"lerp_mode": "catmullrom"
						},
						"1.7667": {
							"post": [2.03294, 0.14531, 1.74369],
							"lerp_mode": "catmullrom"
						},
						"1.8667": {
							"post": [1.19, 0.08, 1.01],
							"lerp_mode": "catmullrom"
						},
						"1.9333": {
							"post": [0.4, 0.03, 0.67],
							"lerp_mode": "catmullrom"
						},
						"2.0333": {
							"post": [-0.3, 0, -0.15],
							"lerp_mode": "catmullrom"
						},
						"2.1667": [0.1, 0, 0.15],
						"2.3": [-0.075, 0, -0.01875],
						"2.4333": [0, 0, 0]
					}
				}
			},
			"sound_effects": {
				"0.0": {
					"effect": "ex:ultra/ultra_reload_tactical"
				}
			}
		},
		"reload_empty": {
			"animation_length": 2.7,
			"bones": {
				"lefthand": {
					"rotation": {
						"0.0": [99.13767, -21.82367, -128.45709],
						"0.1": [137.55616, -32.28573, -221.22433],
						"0.3333": [95.80182, -30.60797, -111.83129],
						"0.6": [95.05648, -9.20174, -109.68037],
						"0.7333": [95.80182, -30.60797, -111.83129],
						"1.1333": [95.80182, -30.60797, -111.83129],
						"1.4333": [95.80182, -30.60797, -111.83129],
						"1.7": [93.71808, -70.66846, -91.71306],
						"1.7667": [96.26037, -78.64173, -94.33787],
						"1.8": [96.85511, -79.63347, -94.94595],
						"1.8667": [264.41424, -77.23873, -262.75239],
						"1.9333": [267.34954, -62.27346, -265.8563],
						"2.1": [68.30635, -57.68378, -90.15543],
						"2.2667": [99.13767, -21.82367, -128.45709]
					},
					"position": {
						"0.0": [7.4, -15.2, -6.5],
						"0.2": [6.3, -18.05, -2.05],
						"0.3333": [6.3, -17.5, -1.75],
						"1.4333": [6.3, -17.5, -1.75],
						"1.5": [6.1, -20.1, -0.97],
						"1.5667": [4.5, -22.15, 0.1],
						"1.6333": [3.3, -16.42, 1.53],
						"1.7": [2.7, -13.55, 2.25],
						"1.7667": [2.7, -13.35, 2.55],
						"1.8": [2.7, -13.35, 2.45],
						"1.8667": [2.7, -13.35, 6.35],
						"1.9333": [0.7, -13.35, 10.05],
						"2.0333": [3.66787, -21.43098, 6.28385],
						"2.1": [6.58101, -24.02268, 0.89922],
						"2.2": [8.85239, -17.98314, -4.78847],
						"2.2667": [7.4, -15.2, -6.5]
					},
					"scale": [1, 1.5, 1]
				},
				"righthand": {
					"rotation": {
						"0.0": [95, 0, -180],
						"0.1": [96.61242, 40.81074, -175.66736],
						"1.5333": [96.61, 40.81, -175.67],
						"1.6333": [95, 0, -180]
					},
					"position": {
						"0.0": [-6.2, -17, 7],
						"0.1": [-6.7, -17, 7.7],
						"1.5333": [-6.7, -17, 7.7],
						"1.6333": [-6.2, -17, 7]
					},
					"scale": [1, 1.5, 1]
				},
				"root": {
					"rotation": {
						"0.0": [0, 0, 0],
						"0.0667": [-3.76, -1.1, -6.47],
						"0.1667": [-10.125, -1.9, -15.53],
						"0.2333": [-13.14285, -2.39491, -20.82763],
						"0.3667": [-13.82282, -2.77888, -25.87342],
						"0.4333": [-14.69575, -4.33931, -29.56579],
						"0.5": [-16.72265, -4.72658, -30.49065],
						"0.5667": [-14.52247, -4.32667, -29.57708],
						"0.6": [-18.87514, -8.05631, -41.34561],
						"0.6667": [-17.69079, -3.01602, -27.99459],
						"0.8": [-17.08856, -7.33221, -35.77724],
						"0.9667": [-22.81, -6.29, -38.14],
						"1.0667": [-25.12269, -6.25624, -38.64842],
						"1.1": [-26.21, -5.82, -37.75],
						"1.1667": [-26.2729, -4.12793, -34.12007],
						"1.3": [-24.77093, -2.94923, -38.49759],
						"1.3667": [-19.86979, -2.42956, -29.93791],
						"1.4333": [-22.06015, -0.42105, -25.90544],
						"1.5333": [-20.03, -2.43, -31.06],
						"1.6": [-21.39, -0.63, -28.61],
						"1.6667": [-24.36, 1.37, -25.42],
						"1.7667": [-25.52, 3.04, -22.81],
						"1.8333": [-24.11737, 2.37892, -23.97505],
						"1.9": [-26.04, 6.21, -20.45],
						"1.9333": [-26.31177, 8.35411, -13.14955],
						"2.0": [-21.43416, 0.39432, -29.14096],
						"2.0667": [-19.63712, 5.8788, -21.08862],
						"2.1333": [-14.43, 4.86, -28.18],
						"2.2333": [-0.08, 1.62, -7.06],
						"2.3333": [3.32, 0.02, 0.25],
						"2.4": [0.54897, 0.03925, -2.99974],
						"2.4667": [-0.47058, -0.0434, 0.36929],
						"2.5": [-0.68804, -0.01635, -0.25033],
						"2.6": [0, 0, 0]
					},
					"position": {
						"0.0": [0, 0, 0],
						"0.1": [-0.49, -0.805, -0.29],
						"0.1667": [-0.86, -0.835, -0.05],
						"0.2333": [-1.1, -0.05, 0.6],
						"0.3333": [-1.33, 0.35, 1.1],
						"0.4333": [-1.33, 0.575, 1.3],
						"0.5667": [-1.33, 0.45, 1.3],
						"0.6": [-1.23, 0.4625, 1.4],
						"0.6667": [-1.33, -0.05, 0.5375],
						"0.7667": [-1.33, -0.875, 0.375],
						"0.9": [-1.33, -1.05, 1.1],
						"1.0": [-1.33, -0.925, 1.4],
						"1.1": [-1.33, -0.675, 1.5],
						"1.2667": [-1.33, -0.625, 1.6],
						"1.3": [-1.33, -1.1875, 1.55],
						"1.3333": [-1.33, -1.3, 1.5],
						"1.4333": [-1.33, -1.425, 1.425],
						"1.5": [-1.33, -1.175, 1.4],
						"1.5667": [-1.16, -0.855, 1.6],
						"1.6667": [-0.98, 0.25, 1.6],
						"1.7667": [-0.63, 0.4, 1.5],
						"1.8333": [-0.77, 0.07, 1.12],
						"1.9": [-1.03, -1.6, 0.9],
						"1.9667": [-1.03, -1.2, -0.2],
						"2.0333": [-1.1, -0.07, 0.17],
						"2.1": [-0.82, 0, -0.07],
						"2.2": [-0.1, -0.9, -1.5],
						"2.3": [-0.02, -1.265, -1.685],
						"2.3667": [0, -0.375, 0.25],
						"2.4333": [0, -0.075, 0.45],
						"2.5": [0, 0, -0.2125],
						"2.6": [0, 0, 0.05],
						"2.7": [0, 0, 0]
					}
				},
				"bolt2": {
					"position": {
						"0.0": [0, -0.425, 3.4],
						"1.8": [0, -0.3, 3.4],
						"1.8667": [0, -0.625, 3.65],
						"1.9333": [0, 0, 0]
					}
				},
				"charger": {
					"position": {
						"0.0": [0, 0, 4],
						"1.8": [0, 0, 4],
						"1.8333": [0, 0, 4.9],
						"1.9333": [0, 0, 0]
					}
				},
				"additional_magazine": {
					"rotation": {
						"0.5": [0, 0, 0],
						"0.5667": [-30, 0, 0],
						"0.6": [-56, 0, 0],
						"0.6667": [-108.41418, -3.56158, -18.67532],
						"0.7667": [-243.41418, -3.56158, -18.67532],
						"0.8667": [-405.91418, -3.56158, -18.67532]
					},
					"position": {
						"0.5": [0, 0, 0],
						"0.5667": [0, -0.9, -2.2],
						"0.6": [0, -3.3, -6.6],
						"0.6667": [2.46185, -8.66557, -12.70206],
						"0.7": [-1.74743, -16.99746, -17.86022],
						"0.7667": [-5.75499, -26.28526, -20.76749],
						"0.8667": [-17.7591, -50.79572, -20.062],
						"0.9667": [-38.74871, -75.06957, -9.21071]
					}
				},
				"magrelease": {
					"rotation": {
						"0.5": [0, 0, 0],
						"0.5667": [-25, 0, 0],
						"0.7": [-25, 0, 0],
						"0.7667": [0, 0, 0]
					}
				},
				"mag_and_lefthand": {
					"rotation": {
						"0.0": [0, 0, 0],
						"0.2667": [-17.46424, -4.66327, -12.00948],
						"0.4333": [-63.73585, -12.84363, -57.72264],
						"0.4667": [-73.61085, -12.84363, -57.72264],
						"0.5667": [-74.41085, -12.84363, -57.72264],
						"0.6667": [-29.40644, -15.85235, -63.08175],
						"0.7667": [-8.1622, -18.25658, -48.6439],
						"0.9": [-12.68633, -4.00996, -9.07306],
						"1.0": [-41.90596, -10.97262, -4.03855],
						"1.0667": [-22.6851, -7.81794, -8.02401],
						"1.2667": [-17.46424, -4.66327, -12.00948],
						"1.3": [0, 0, 0],
						"1.5333": [0, 0, 0]
					},
					"position": {
						"0.0": [0, 0, 0],
						"0.2667": [11.38, -20.04, 10.35],
						"0.3667": [0.28, -3.39, 5.45],
						"0.4333": [0.28, -1.69, 5.15],
						"0.5": [0.28, -1.69, 4.85125],
						"0.5667": [0.28, -1.69, 4.05],
						"0.6": [0.28, -2.99, 0.05],
						"0.6667": [1.82088, -7.81752, -4.21517],
						"0.7333": [2.51178, -11.13294, -3.85467],
						"0.8": [4.48, -18.24, -5.35],
						"0.9": [2.43, -16.4, -5.04],
						"1.0": [0.88, -6.09, -3.4],
						"1.0667": [0.88, -2.29, -2],
						"1.2667": [0.9, -2.1, -1.9],
						"1.3": [0, 0, 0],
						"1.5333": [0, 0, 0]
					}
				},
				"boltrelease": {
					"position": {
						"0.0": [0, 0.1, 0],
						"1.9": [0, 0.1, 0],
						"1.9333": [0, 0, 0]
					}
				},
				"magazine_bullet": {
					"scale": {
						"0.0": [0, 0, 0],
						"0.1333": {
							"pre": [0, 0, 0],
							"post": [1, 1, 1]
						}
					}
				},
				"bullet": {
					"scale": 1
				},
				"constraint": {
					"rotation": {
						"0.0": [0.2, 0.15, 0.2],
						"0.3": [0.05, 0.05, 0.05],
						"2.0667": [0.05, 0.05, 0.05],
						"2.4667": [0.2, 0.15, 0.2]
					},
					"position": {
						"0.0": [0.1, 0.1, 0.4],
						"0.3": [0.05, 0.05, 0.05],
						"2.0667": [0.05, 0.05, 0.05],
						"2.4667": [0.1, 0.1, 0.4]
					}
				},
				"camera": {
					"rotation": {
						"0.0": {
							"post": [0, 0, 0],
							"lerp_mode": "catmullrom"
						},
						"0.1667": {
							"post": [0.025, 0.35, 0.02],
							"lerp_mode": "catmullrom"
						},
						"0.3667": {
							"post": [3.815, 0.69, -0.6],
							"lerp_mode": "catmullrom"
						},
						"0.4667": {
							"post": [4.36275, 0.78888, -1.25052],
							"lerp_mode": "catmullrom"
						},
						"0.5667": {
							"post": [3.98198, 1.0696, -0.92774],
							"lerp_mode": "catmullrom"
						},
						"0.6": {
							"post": [3.53303, 0.89459, 0.46756],
							"lerp_mode": "catmullrom"
						},
						"0.6667": {
							"post": [2.98198, 1.0696, -0.92774],
							"lerp_mode": "catmullrom"
						},
						"0.7667": {
							"post": [3.01, 0.98, 0.1],
							"lerp_mode": "catmullrom"
						},
						"0.8667": {
							"post": [3.03444, 1.37201, 0.02012],
							"lerp_mode": "catmullrom"
						},
						"0.9667": {
							"post": [3.06127, 1.94373, 0.96742],
							"lerp_mode": "catmullrom"
						},
						"1.0667": {
							"post": [3.3, 2.13, 0.49],
							"lerp_mode": "catmullrom"
						},
						"1.1667": {
							"post": [3.99634, 1.98177, -0.95789],
							"lerp_mode": "catmullrom"
						},
						"1.2667": {
							"post": [5.03025, 1.91178, 0.04023],
							"lerp_mode": "catmullrom"
						},
						"1.3333": {
							"post": [3.9607, 2.08596, -1.25338],
							"lerp_mode": "catmullrom"
						},
						"1.4333": {
							"post": [4.03095, 1.94657, 0.04299],
							"lerp_mode": "catmullrom"
						},
						"1.5333": {
							"post": [3.39, 1.91, 0.71],
							"lerp_mode": "catmullrom"
						},
						"1.6333": {
							"post": [3.32, 1.57, 1.05],
							"lerp_mode": "catmullrom"
						},
						"1.7667": {
							"post": [5.06811, 0.9895, 1.13052],
							"lerp_mode": "catmullrom"
						},
						"1.8667": {
							"post": [5.7, 1.07, 0.47],
							"lerp_mode": "catmullrom"
						},
						"1.9333": {
							"post": [6.72955, 1.71085, -0.2356],
							"lerp_mode": "catmullrom"
						},
						"1.9667": {
							"post": [5.96168, 0.73569, 1.29946],
							"lerp_mode": "catmullrom"
						},
						"2.0667": {
							"post": [4.8414, 0.2939, -0.0352],
							"lerp_mode": "catmullrom"
						},
						"2.1667": {
							"post": [3.95968, 0.08756, 1.05617],
							"lerp_mode": "catmullrom"
						},
						"2.2667": {
							"post": [1.31, 0.035, 0.23],
							"lerp_mode": "catmullrom"
						},
						"2.3667": {
							"post": [-0.11, 0.05, -0.14],
							"lerp_mode": "catmullrom"
						},
						"2.4333": {
							"post": [0.125, 0.03, 0.185],
							"lerp_mode": "catmullrom"
						},
						"2.5333": {
							"post": [-0.0875, 0, -0.1],
							"lerp_mode": "catmullrom"
						},
						"2.6667": {
							"post": [0, 0, 0],
							"lerp_mode": "catmullrom"
						}
					}
				}
			},
			"sound_effects": {
				"0.0": {
					"effect": "ex:ultra/ultra_reload_empty"
				}
			}
		},
		"inspect": {
			"animation_length": 5.7917,
			"bones": {
				"root": {
					"rotation": {
						"0.0": [0, 0, 0],
						"0.0417": [-5.79, 0.13, 1.95],
						"0.1667": [-17.59, -10.78, -12.86],
						"0.25": [-25.6, -24.52, -35.41],
						"0.2917": [-27.59976, -27.22756, -41.19159],
						"0.3333": [-29.18247, -28.58725, -44.21775],
						"0.4167": [-31.13848, -27.68974, -42.19082],
						"0.5": [-30.66598, -28.14222, -43.20004],
						"0.5833": [-31.42, -28.14, -43.2],
						"0.7083": [-32.01, -27.44, -41.92],
						"0.9167": [-31.74, -28, -42.94],
						"1.0": [-31.76, -28.22, -43.36],
						"1.5": [-31.20393, -28.6466, -44.18009],
						"1.5417": [-29.85, -30.65, -48.19],
						"1.6667": [-29.18045, -31.65513, -50.18764],
						"1.7917": [-29.71221, -31.16351, -49.16731],
						"1.9583": [-29.71, -31.16, -49.17],
						"2.2083": [-29.1733, -31.63628, -50.20015],
						"2.2917": [-28.77, -30.86, -48.82],
						"2.4167": [-27.89, -26.22, -40.22],
						"2.4583": [-26.12, -16.94, -23.01],
						"2.5": [-27.22851, -1.49811, -0.30357],
						"2.6667": [-27.64133, 8.57175, 47.7761],
						"2.7917": [-27.55942, 13.18741, 68.01913],
						"2.9167": [-26.63512, 14.213, 70.2211],
						"3.0833": [-27.05095, 13.76144, 69.23672],
						"3.2917": [-27.18, 13.27, 68.94],
						"3.5": [-27.3, 13.11, 68.64],
						"3.75": [-27.43825, 13.30227, 68.26287],
						"3.9583": [-27.13612, 16.9047, 71.22256],
						"4.125": [-27.60586, 16.4605, 70.21082],
						"4.3333": [-27.25, 16.82, 70.99],
						"4.5417": [-27.1, 16.74, 71.31],
						"4.7083": [-26.95, 16.21, 71.62],
						"4.7917": [-26.5, 14.14, 69.6],
						"4.9167": [-25.69, 10.35, 65.37],
						"5.0": [-27.3, 2.08, 51.44],
						"5.25": [-4.78485, -1.03643, 9.2118],
						"5.375": [1.9612, -0.55625, 7.98076],
						"5.5": [0.66898, -0.48139, 1.31942],
						"5.5833": [-1.00521, -0.46117, 2.73757],
						"5.75": [0, 0, 0]
					},
					"position": {
						"0.0": [0, 0, 0],
						"0.0833": [-0.07, 0.23, -0.5],
						"0.1667": [-0.13, 0.5, -1.2],
						"0.2917": [-0.11, 1.07, -1.6],
						"0.375": [-0.2, 0.3, -1.6],
						"0.5": [-0.4, 0.9, -1.6],
						"0.5833": [-0.4, 1.3, -1.6],
						"0.7083": [-0.4, 1.3, -1.6],
						"0.7917": [-0.4, 1.3, -1.6],
						"0.875": [-0.4, 1.3, -1.6],
						"1.0417": [-0.4, 1.3, -1.6],
						"1.2917": [-0.4, 1.3, -1.6],
						"1.5417": [-0.4, 1.3, -1.6],
						"1.625": [-0.4, 1.3, -1.6],
						"2.0": [-0.4, 1.3, -1.6],
						"2.0833": [-0.4, 1.3, -1.6],
						"2.2917": [-0.4, 1.3, -1.6],
						"2.375": [-0.3, 1.3, -1.4],
						"2.5": [-0.15, 1.3, -1.6],
						"2.625": [2.55, -0.3, -1.9],
						"2.75": [2.7, -0.32, -2],
						"2.8333": [2.7, -0.32, -2],
						"3.0": [2.7, -0.32, -2],
						"3.2083": [2.7, -0.32, -2],
						"3.75": [2.7, -0.32, -2],
						"4.0417": [2.7, -0.32, -2],
						"4.3333": [2.7, -0.32, -2],
						"4.8333": [2.7, -0.32, -2],
						"4.9583": [2.6, -0.72, -2],
						"5.0833": [2.28, -1.345, -1.82],
						"5.2083": [-0.1, -1.5, -1],
						"5.5417": [0, 0, 0.22],
						"5.625": [0, -0.2, -0.17],
						"5.7917": [0, 0, 0]
					}
				},
				"lefthand": {
					"rotation": {
						"0.0": [99.13767, -21.82367, -128.45709],
						"5.25": [99.13767, -21.82367, -128.45709]
					},
					"position": {
						"0.0": [7.4, -15.2, -6.5],
						"0.5": [10.89, -15.62, 25.26],
						"2.375": [-3.11, -29.62, 25.26],
						"2.625": [8.59, -13.66, -2.905],
						"4.9583": [8.59, -13.66, -2.905],
						"5.25": [7.4, -15.2, -6.5]
					},
					"scale": {
						"0.0": [1, 1.5, 1],
						"0.5": [0, 0, 0],
						"2.375": [0, 0, 0],
						"2.5833": [1, 1, 1],
						"2.625": [1, 1.5, 1],
						"4.9583": [1, 1.5, 1]
					}
				},
				"righthand": {
					"rotation": [95, 0, -180],
					"position": [-6.2, -17, 7],
					"scale": [1, 1.5, 1]
				},
				"camera": {
					"rotation": {
						"0.0": {
							"post": [0, 0, 0],
							"lerp_mode": "catmullrom"
						},
						"0.0833": {
							"post": [2.38, 0.54, 0],
							"lerp_mode": "catmullrom"
						},
						"0.2083": {
							"post": [2.43, 0.89, 0],
							"lerp_mode": "catmullrom"
						},
						"0.2917": {
							"post": [1.29, 1.16, 0],
							"lerp_mode": "catmullrom"
						},
						"0.4167": {
							"post": [-1, 1.1, 0],
							"lerp_mode": "catmullrom"
						},
						"0.5833": {
							"post": [-2.00275, 1.09939, -0.03503],
							"lerp_mode": "catmullrom"
						},
						"0.9167": {
							"post": [-1.25, 1.1, -0.04],
							"lerp_mode": "catmullrom"
						},
						"1.2083": {
							"post": [-1.53, 1.64, -0.05],
							"lerp_mode": "catmullrom"
						},
						"1.4167": {
							"post": [-1.9, 1.87, -0.05],
							"lerp_mode": "catmullrom"
						},
						"1.7083": {
							"post": [-2.6, 2.1, -0.05],
							"lerp_mode": "catmullrom"
						},
						"1.9167": {
							"post": [-2.45, 2.1, -0.05],
							"lerp_mode": "catmullrom"
						},
						"2.0833": {
							"post": [-2.62, 2.1, -0.05],
							"lerp_mode": "catmullrom"
						},
						"2.25": {
							"post": [-3, 2.1, -0.05],
							"lerp_mode": "catmullrom"
						},
						"2.4167": {
							"post": [-0.74, 1.55, 0.02],
							"lerp_mode": "catmullrom"
						},
						"2.5": {
							"post": [0.26, 1.85, 0.06],
							"lerp_mode": "catmullrom"
						},
						"2.5833": {
							"post": [0.76, 1.75, 0.08],
							"lerp_mode": "catmullrom"
						},
						"2.7917": {
							"post": [1.76, 1.75, 0.08],
							"lerp_mode": "catmullrom"
						},
						"2.9167": {
							"post": [1.47, 1.75, 0.08],
							"lerp_mode": "catmullrom"
						},
						"3.0": {
							"post": [1.4, 1.75, 0.08],
							"lerp_mode": "catmullrom"
						},
						"3.1667": {
							"post": [1.32, 1.75, 0.08],
							"lerp_mode": "catmullrom"
						},
						"3.3333": {
							"post": [1.06, 1.75, 0.08],
							"lerp_mode": "catmullrom"
						},
						"3.7083": {
							"post": [0.36, 1.75, 0.08],
							"lerp_mode": "catmullrom"
						},
						"3.7917": {
							"post": [0.04, 1.75, 0.08],
							"lerp_mode": "catmullrom"
						},
						"3.9167": {
							"post": [-0.41, 1.75, 0.08],
							"lerp_mode": "catmullrom"
						},
						"4.0417": {
							"post": [-0.82, 1.75, 0.08],
							"lerp_mode": "catmullrom"
						},
						"4.4167": {
							"post": [-0.77, 1.75, 0.08],
							"lerp_mode": "catmullrom"
						},
						"4.5833": {
							"post": [-0.75, 1.75, 0.08],
							"lerp_mode": "catmullrom"
						},
						"4.7917": {
							"post": [-0.74, 1.75, 0.08],
							"lerp_mode": "catmullrom"
						},
						"4.9167": {
							"post": [1.29018, 1.7103, 1.07967],
							"lerp_mode": "catmullrom"
						},
						"5.0": {
							"post": [2.13, 1.06, 0.67],
							"lerp_mode": "catmullrom"
						},
						"5.125": {
							"post": [1.91, 0.55, 0.35],
							"lerp_mode": "catmullrom"
						},
						"5.25": {
							"post": [-1, 0, 0],
							"lerp_mode": "catmullrom"
						},
						"5.375": {
							"post": [0.4, 0, 0],
							"lerp_mode": "catmullrom"
						},
						"5.5": {
							"post": [0, 0, 0],
							"lerp_mode": "catmullrom"
						}
					}
				}
			},
			"sound_effects": {
				"0.0": {
					"effect": "ex:ultra/ultra_inspect"
				}
			}
		},
		"inspect_empty": {
			"animation_length": 5.7917,
			"bones": {
				"root": {
					"rotation": {
						"0.0": [0, 0, 0],
						"0.0417": [-5.79, 0.13, 1.95],
						"0.1667": [-17.59, -10.78, -12.86],
						"0.25": [-25.6, -24.52, -35.41],
						"0.2917": [-27.59976, -27.22756, -41.19159],
						"0.3333": [-29.18247, -28.58725, -44.21775],
						"0.4167": [-31.13848, -27.68974, -42.19082],
						"0.5": [-30.66598, -28.14222, -43.20004],
						"0.5833": [-31.42, -28.14, -43.2],
						"0.7083": [-32.01, -27.44, -41.92],
						"0.9167": [-31.74, -28, -42.94],
						"1.0": [-31.76, -28.22, -43.36],
						"1.5": [-31.20393, -28.6466, -44.18009],
						"1.5417": [-29.85, -30.65, -48.19],
						"1.6667": [-29.18045, -31.65513, -50.18764],
						"1.7917": [-29.71221, -31.16351, -49.16731],
						"1.9583": [-29.71, -31.16, -49.17],
						"2.2083": [-29.1733, -31.63628, -50.20015],
						"2.2917": [-28.77, -30.86, -48.82],
						"2.4167": [-27.89, -26.22, -40.22],
						"2.4583": [-26.12, -16.94, -23.01],
						"2.5": [-27.22851, -1.49811, -0.30357],
						"2.6667": [-27.64133, 8.57175, 47.7761],
						"2.7917": [-27.55942, 13.18741, 68.01913],
						"2.9167": [-26.63512, 14.213, 70.2211],
						"3.0833": [-27.05095, 13.76144, 69.23672],
						"3.2917": [-27.18, 13.27, 68.94],
						"3.5": [-27.3, 13.11, 68.64],
						"3.75": [-27.43825, 13.30227, 68.26287],
						"3.9583": [-27.13612, 16.9047, 71.22256],
						"4.125": [-27.60586, 16.4605, 70.21082],
						"4.3333": [-27.25, 16.82, 70.99],
						"4.5417": [-27.1, 16.74, 71.31],
						"4.7083": [-26.95, 16.21, 71.62],
						"4.7917": [-26.5, 14.14, 69.6],
						"4.9167": [-25.69, 10.35, 65.37],
						"5.0": [-27.3, 2.08, 51.44],
						"5.25": [-4.78485, -1.03643, 9.2118],
						"5.375": [1.9612, -0.55625, 7.98076],
						"5.5": [0.66898, -0.48139, 1.31942],
						"5.5833": [-1.00521, -0.46117, 2.73757],
						"5.75": [0, 0, 0]
					},
					"position": {
						"0.0": [0, 0, 0],
						"0.0833": [-0.07, 0.23, -0.5],
						"0.1667": [-0.13, 0.5, -1.2],
						"0.2917": [-0.11, 1.07, -1.6],
						"0.375": [-0.2, 0.3, -1.6],
						"0.5": [-0.4, 0.9, -1.6],
						"0.5833": [-0.4, 1.3, -1.6],
						"0.7083": [-0.4, 1.3, -1.6],
						"0.7917": [-0.4, 1.3, -1.6],
						"0.875": [-0.4, 1.3, -1.6],
						"1.0417": [-0.4, 1.3, -1.6],
						"1.2917": [-0.4, 1.3, -1.6],
						"1.5417": [-0.4, 1.3, -1.6],
						"1.625": [-0.4, 1.3, -1.6],
						"2.0": [-0.4, 1.3, -1.6],
						"2.0833": [-0.4, 1.3, -1.6],
						"2.2917": [-0.4, 1.3, -1.6],
						"2.375": [-0.3, 1.3, -1.4],
						"2.5": [-0.15, 1.3, -1.6],
						"2.625": [2.55, -0.3, -1.9],
						"2.75": [2.7, -0.32, -2],
						"2.8333": [2.7, -0.32, -2],
						"3.0": [2.7, -0.32, -2],
						"3.2083": [2.7, -0.32, -2],
						"3.75": [2.7, -0.32, -2],
						"4.0417": [2.7, -0.32, -2],
						"4.3333": [2.7, -0.32, -2],
						"4.8333": [2.7, -0.32, -2],
						"4.9583": [2.6, -0.72, -2],
						"5.0833": [2.28, -1.345, -1.82],
						"5.2083": [-0.1, -1.5, -1],
						"5.5417": [0, 0, 0.22],
						"5.625": [0, -0.2, -0.17],
						"5.7917": [0, 0, 0]
					}
				},
				"lefthand": {
					"rotation": {
						"0.0": [99.13767, -21.82367, -128.45709],
						"5.25": [99.13767, -21.82367, -128.45709]
					},
					"position": {
						"0.0": [7.4, -15.2, -6.5],
						"0.5": [10.89, -15.62, 25.26],
						"2.375": [-3.11, -29.62, 25.26],
						"2.625": [8.59, -13.66, -2.905],
						"4.9583": [8.59, -13.66, -2.905],
						"5.25": [7.4, -15.2, -6.5]
					},
					"scale": {
						"0.0": [1, 1.5, 1],
						"0.5": [0, 0, 0],
						"2.375": [0, 0, 0],
						"2.5833": [1, 1, 1],
						"2.625": [1, 1.5, 1],
						"4.9583": [1, 1.5, 1]
					}
				},
				"charger": {
					"position": [0, 0, 4]
				},
				"righthand": {
					"rotation": [95, 0, -180],
					"position": [-6.2, -17, 7],
					"scale": [1, 1.5, 1]
				},
				"camera": {
					"rotation": {
						"0.0": {
							"post": [0, 0, 0],
							"lerp_mode": "catmullrom"
						},
						"0.0833": {
							"post": [2.38, 0.54, 0],
							"lerp_mode": "catmullrom"
						},
						"0.2083": {
							"post": [2.43, 0.89, 0],
							"lerp_mode": "catmullrom"
						},
						"0.2917": {
							"post": [1.29, 1.16, 0],
							"lerp_mode": "catmullrom"
						},
						"0.4167": {
							"post": [-1, 1.1, 0],
							"lerp_mode": "catmullrom"
						},
						"0.5833": {
							"post": [-2.00275, 1.09939, -0.03503],
							"lerp_mode": "catmullrom"
						},
						"0.9167": {
							"post": [-1.25, 1.1, -0.04],
							"lerp_mode": "catmullrom"
						},
						"1.2083": {
							"post": [-1.53, 1.64, -0.05],
							"lerp_mode": "catmullrom"
						},
						"1.4167": {
							"post": [-1.9, 1.87, -0.05],
							"lerp_mode": "catmullrom"
						},
						"1.7083": {
							"post": [-2.6, 2.1, -0.05],
							"lerp_mode": "catmullrom"
						},
						"1.9167": {
							"post": [-2.45, 2.1, -0.05],
							"lerp_mode": "catmullrom"
						},
						"2.0833": {
							"post": [-2.62, 2.1, -0.05],
							"lerp_mode": "catmullrom"
						},
						"2.25": {
							"post": [-3, 2.1, -0.05],
							"lerp_mode": "catmullrom"
						},
						"2.4167": {
							"post": [-0.74, 1.55, 0.02],
							"lerp_mode": "catmullrom"
						},
						"2.5": {
							"post": [0.26, 1.85, 0.06],
							"lerp_mode": "catmullrom"
						},
						"2.5833": {
							"post": [0.76, 1.75, 0.08],
							"lerp_mode": "catmullrom"
						},
						"2.7917": {
							"post": [1.76, 1.75, 0.08],
							"lerp_mode": "catmullrom"
						},
						"2.9167": {
							"post": [1.47, 1.75, 0.08],
							"lerp_mode": "catmullrom"
						},
						"3.0": {
							"post": [1.4, 1.75, 0.08],
							"lerp_mode": "catmullrom"
						},
						"3.1667": {
							"post": [1.32, 1.75, 0.08],
							"lerp_mode": "catmullrom"
						},
						"3.3333": {
							"post": [1.06, 1.75, 0.08],
							"lerp_mode": "catmullrom"
						},
						"3.7083": {
							"post": [0.36, 1.75, 0.08],
							"lerp_mode": "catmullrom"
						},
						"3.7917": {
							"post": [0.04, 1.75, 0.08],
							"lerp_mode": "catmullrom"
						},
						"3.9167": {
							"post": [-0.41, 1.75, 0.08],
							"lerp_mode": "catmullrom"
						},
						"4.0417": {
							"post": [-0.82, 1.75, 0.08],
							"lerp_mode": "catmullrom"
						},
						"4.4167": {
							"post": [-0.77, 1.75, 0.08],
							"lerp_mode": "catmullrom"
						},
						"4.5833": {
							"post": [-0.75, 1.75, 0.08],
							"lerp_mode": "catmullrom"
						},
						"4.7917": {
							"post": [-0.74, 1.75, 0.08],
							"lerp_mode": "catmullrom"
						},
						"4.9167": {
							"post": [1.29018, 1.7103, 1.07967],
							"lerp_mode": "catmullrom"
						},
						"5.0": {
							"post": [2.13, 1.06, 0.67],
							"lerp_mode": "catmullrom"
						},
						"5.125": {
							"post": [1.91, 0.55, 0.35],
							"lerp_mode": "catmullrom"
						},
						"5.25": {
							"post": [-1, 0, 0],
							"lerp_mode": "catmullrom"
						},
						"5.375": {
							"post": [0.4, 0, 0],
							"lerp_mode": "catmullrom"
						},
						"5.5": {
							"post": [0, 0, 0],
							"lerp_mode": "catmullrom"
						}
					}
				}
			},
			"sound_effects": {
				"0.0": {
					"effect": "ex:ultra/ultra_inspect"
				}
			}
		},
		"run": {
			"loop": true,
			"animation_length": 0.8,
			"bones": {
				"root": {
					"rotation": {
						"0.0": [-68.73, -5.5, -3.14],
						"0.05": [-68.99, -7.39, -3.57],
						"0.1": [-69.36, -9.11, -3.81],
						"0.15": [-69.45, -10.1, -3.75],
						"0.2": [-68.82, -9.82, -3.09],
						"0.25": [-67.92, -8.81, -2.13],
						"0.3": [-67.68, -8.15, -1.7],
						"0.35": [-68.9, -8.72, -2.46],
						"0.4": [-70.77, -9.63, -3.74],
						"0.45": [-71.87, -9.32, -4.34],
						"0.5": [-71.58, -7.25, -3.75],
						"0.55": [-70.7, -4.07, -2.59],
						"0.6": [-69.68, -1.04, -1.42],
						"0.65": [-68.98, 0.57, -0.8],
						"0.7": [-68.67, -0.33, -1.21],
						"0.75": [-68.65, -3, -2.27],
						"0.8": [-68.73, -5.5, -3.14]
					},
					"position": {
						"0.0": [-3.64, -0.38, -0.64],
						"0.05": [-3.63, -0.52, -0.64],
						"0.1": [-3.66, -0.87, -0.64],
						"0.15": [-3.67, -1.23, -0.64],
						"0.2": [-3.64, -1.38, -0.64],
						"0.25": [-3.52, -1.18, -0.64],
						"0.3": [-3.34, -0.78, -0.64],
						"0.35": [-3.19, -0.39, -0.64],
						"0.4": [-3.14, -0.23, -0.64],
						"0.45": [-3.26, -0.47, -0.64],
						"0.5": [-3.5, -0.94, -0.64],
						"0.55": [-3.74, -1.42, -0.64],
						"0.6": [-3.89, -1.64, -0.64],
						"0.65": [-3.89, -1.46, -0.64],
						"0.7": [-3.81, -1.04, -0.64],
						"0.75": [-3.71, -0.6, -0.64],
						"0.8": [-3.64, -0.38, -0.64]
					}
				},
				"lefthand_pos": {
					"position": [-14, -25, 15.5],
					"scale": 0
				},
				"camera": {
					"rotation": {
						"0.0": [0, 0, 0],
						"0.05": [0.09, 0, 0.15],
						"0.1": [0.13, 0, 0.25],
						"0.15": [-0.07, 0, 0.07],
						"0.2": [-0.25, 0, -0.12],
						"0.25": [-0.15, 0, -0.09],
						"0.3": [0, 0, 0],
						"0.35": [0.02, 0, 0.02],
						"0.4": [0, 0, 0],
						"0.45": [-0.01, 0, -0.08],
						"0.5": [0, 0, -0.12],
						"0.55": [0.08, 0, 0],
						"0.6": [0.13, 0, 0.13],
						"0.65": [0, 0, 0.08],
						"0.7": [-0.12, 0, 0],
						"0.75": [-0.09, 0, -0.02],
						"0.8": [0, 0, 0]
					}
				}
			}
		},
		"run_start": {
			"animation_length": 0.55,
			"bones": {
				"root": {
					"rotation": {
						"0.0": [0, 0, 0],
						"0.05": [2.8, -0.48, 3.97],
						"0.1": [5.79, -1.19, 9.23],
						"0.15": [1.73, -2.05, 11.57],
						"0.2": [-10.48, -2.9, 9.39],
						"0.25": [-28.47, -3.91, 4.94],
						"0.3": [-46.79, -4.85, 0.12],
						"0.35": [-59.98, -5.5, -3.14],
						"0.4": [-66.1, -5.75, -4.18],
						"0.45": [-68.22, -5.72, -4.06],
						"0.5": [-68.4, -5.59, -3.49],
						"0.55": [-68.73, -5.5, -3.14]
					},
					"position": {
						"0.0": [0, 0, 0],
						"0.05": [0.06, -0.64, -0.32],
						"0.1": [0.17, -1.58, -0.79],
						"0.15": [0.17, -2.44, -1.22],
						"0.2": [-0.09, -2.83, -1.45],
						"0.25": [-1.13, -2.25, -1.28],
						"0.3": [-2.54, -1.06, -0.83],
						"0.35": [-3.57, -0.19, -0.51],
						"0.4": [-3.83, -0.04, -0.47],
						"0.45": [-3.82, -0.12, -0.51],
						"0.5": [-3.71, -0.28, -0.59],
						"0.55": [-3.64, -0.38, -0.64]
					}
				},
				"lefthand_pos": {
					"position": {
						"0.0": [0, 0, 0],
						"0.1": [-7.17, -3.67, 0],
						"0.2": [-11.83, -12.08, 2],
						"0.3": [-14, -25, 15.5]
					},
					"scale": {
						"0.2": [1, 1, 1],
						"0.3": [0, 0, 0]
					}
				},
				"camera": {
					"rotation": {
						"0.0": {
							"post": [0, 0, 0],
							"lerp_mode": "catmullrom"
						},
						"0.1": {
							"post": [0.75, 0, -0.5],
							"lerp_mode": "catmullrom"
						},
						"0.2": {
							"post": [-0.25, 0, 0.1875],
							"lerp_mode": "catmullrom"
						},
						"0.3": {
							"post": [0, 0, 0],
							"lerp_mode": "catmullrom"
						},
						"0.4": {
							"post": [0, 0, 0],
							"lerp_mode": "catmullrom"
						}
					}
				}
			}
		},
		"run_hold": {
			"animation_length": 0.2917,
			"bones": {
				"root": {
					"rotation": [-68.73314, -5.50468, -3.14473],
					"position": [-3.64, -0.38, -0.64]
				},
				"lefthand_pos": {
					"position": [-14, -25, 15.5],
					"scale": 0
				}
			}
		},
		"run_end": {
			"animation_length": 0.65,
			"bones": {
				"root": {
					"rotation": {
						"0.0": [-68.73, -5.5, -3.14],
						"0.05": [-55.61, -4.21, 0.37],
						"0.1": [-36.44, -2.32, 5.59],
						"0.15": [-17.16, -0.44, 10.34],
						"0.2": [-3.66, 0.81, 12.47],
						"0.25": [1.72, 1.17, 10.52],
						"0.3": [2.4, 1, 5.92],
						"0.35": [1.03, 0.62, 0.91],
						"0.4": [0.28, 0.35, -2.3],
						"0.45": [0.49, 0.21, -2.71],
						"0.5": [0.23, 0.09, -1.23],
						"0.55": [0, 0, 0],
						"0.6": [-0.02, -0.02, 0.14],
						"0.65": [0, 0, 0]
					},
					"position": {
						"0.0": [-3.64, -0.38, -0.64],
						"0.05": [-2.73, -1.11, -1.21],
						"0.1": [-1.47, -2.08, -1.96],
						"0.15": [-0.5, -2.5, -2.25],
						"0.2": [-0.17, -2.06, -1.84],
						"0.25": [-0.04, -1.17, -1.06],
						"0.3": [-0.01, -0.24, -0.23],
						"0.35": [0.02, 0.37, 0.3],
						"0.4": [0.06, 0.47, 0.4],
						"0.45": [0.05, 0.22, 0.18],
						"0.5": [0.03, 0.01, -0.01],
						"0.55": [0.02, -0.02, -0.03],
						"0.6": [0.01, -0.01, -0.01],
						"0.65": [0, 0, 0]
					}
				},
				"lefthand_pos": {
					"position": {
						"0.0": [-14, -25, 15.5],
						"0.1": [-11.83, -12.08, 2],
						"0.2": [-7.17, -3.67, 0],
						"0.3": [0, 0, 0]
					},
					"scale": {
						"0.15": [0, 0, 0],
						"0.2": [1, 1, 1]
					}
				},
				"camera": {
					"rotation": {
						"0.25": {
							"pre": [0, 0, 0],
							"post": [0, 0, 0],
							"lerp_mode": "catmullrom"
						},
						"0.3": {
							"post": [0, 0, 0.3],
							"lerp_mode": "catmullrom"
						},
						"0.35": {
							"post": [0, 0, -0.125],
							"lerp_mode": "catmullrom"
						},
						"0.45": {
							"post": [0, 0, 0],
							"lerp_mode": "catmullrom"
						}
					}
				}
			}
		}
	}
}