{
	"format_version": "1.8.0",
	"animations": {
		"static_idle": {
			"animation_length": 0.03333,
			"bones": {
				"lefthand": {
					"rotation": [104.41741, -8.06723, -198.01172],
					"position": [8, -10.3, -6.3],
					"scale": [1, 1.5, 1]
				},
				"righthand": {
					"rotation": [97.52832, -355.04288, -179.34574],
					"position": [-6.8, -10, 3],
					"scale": [1, 1.5, 1]
				},
				"constraint": {
					"rotation": [0.05, 0.05, 0.05],
					"position": [0.15, 0.15, 0.5]
				}
			}
		},
		"static_bolt_caught": {
			"loop": true,
			"bones": {
				"bolt_cover": {
					"position": [0, 0, 2]
				},
				"release": {
					"rotation": [0, -8, 0],
					"position": [0.15, 0, 0]
				}
			}
		},
		"static_VG": {
			"loop": true,
			"bones": {
				"lefthand": {
					"rotation": [99.10579, -14.45635, -185.77937],
					"position": [7.3, -11.1, -8.3],
					"scale": [1, 1.5, 1]
				}
			}
		},
		"static_AFG": {
			"loop": true,
			"bones": {
				"lefthand": {
					"rotation": [86.07385, -26.08288, -132.76702],
					"position": [7.3, -9.3, -8.3],
					"scale": [1, 1.5, 1]
				}
			}
		},
		"static_semi": {
			"loop": true,
			"bones": {
				"selector": {
					"rotation": [0, 0, 0]
				}
			}
		},
		"static_burst": {
			"loop": true,
			"bones": {
				"selector": {
					"rotation": [-45, 0, 0]
				}
			}
		},
		"static_auto": {
			"loop": true,
			"bones": {
				"selector": {
					"rotation": [-90, 0, 0]
				}
			}
		},
		"switch_semi": {
			"animation_length": 0.73333,
			"bones": {
				"lefthand": {
					"rotation": [104.41741, -8.06723, -198.01172],
					"position": [8, -10.3, -6.3],
					"scale": [1, 1.5, 1]
				},
				"righthand": {
					"rotation": {
						"0.0": [97.52832, -355.04288, -179.34574],
						"0.1": [97.69495, -347.11314, -178.27396],
						"0.3": [103.02811, -356.59297, -172.50107],
						"0.4": [96.61084, -355.72356, -166.33287],
						"0.4333": [96.61084, -355.72356, -166.33287],
						"0.5667": [97.69495, -347.11314, -178.27396],
						"0.6333": [97.52832, -355.04288, -179.34574]
					},
					"position": {
						"0.0": [-6.8, -10, 3],
						"0.0667": [-7.865, -9.33, 2.78],
						"0.2": [-8.575, -8, -1.7],
						"0.3": [-8.57, -8.25, -1.7],
						"0.4": [-8.575, -7.9, -1.15],
						"0.4333": [-8.575, -7.9, -1.15],
						"0.5667": [-7.625, -10, 2.425],
						"0.6333": [-6.8, -10, 3]
					},
					"scale": [1, 1.5, 1]
				},
				"root": {
					"rotation": {
						"0.0": {
							"post": [0, 0, 0],
							"lerp_mode": "catmullrom"
						},
						"0.1": {
							"post": [-2.29386, -1.28751, -0.94971],
							"lerp_mode": "catmullrom"
						},
						"0.2": {
							"post": [-1.17693, -1.78376, 2.25515],
							"lerp_mode": "catmullrom"
						},
						"0.3": {
							"post": [-2.25973, -2.32984, 4.20998],
							"lerp_mode": "catmullrom"
						},
						"0.3667": {
							"post": [-2.32531, -2.0391, 1.41555],
							"lerp_mode": "catmullrom"
						},
						"0.4667": {
							"post": [-2.62634, -1.80804, 0.34171],
							"lerp_mode": "catmullrom"
						},
						"0.6": {
							"post": [-0.60786, -0.56046, -1.81013],
							"lerp_mode": "catmullrom"
						},
						"0.7333": {
							"post": [0, 0, 0],
							"lerp_mode": "catmullrom"
						}
					},
					"position": {
						"0.0": {
							"post": [0, 0, 0],
							"lerp_mode": "catmullrom"
						},
						"0.1": {
							"post": [0.1, -0.225, 0.075],
							"lerp_mode": "catmullrom"
						},
						"0.2": {
							"post": [0.12, -0.28, -0.06],
							"lerp_mode": "catmullrom"
						},
						"0.3": {
							"post": [0.13, -0.32, -0.14],
							"lerp_mode": "catmullrom"
						},
						"0.4": {
							"post": [0.13, -0.195, -0.14],
							"lerp_mode": "catmullrom"
						},
						"0.4667": {
							"post": [0.125, -0.17, -0.145],
							"lerp_mode": "catmullrom"
						},
						"0.6": {
							"post": [0.05, -0.13, -0.26],
							"lerp_mode": "catmullrom"
						},
						"0.7333": {
							"post": [0, 0, 0],
							"lerp_mode": "catmullrom"
						}
					}
				},
				"selector": {
					"rotation": {
						"0.0": [-90, 0, 0],
						"0.3": [-90, 0, 0],
						"0.3667": [0, 0, 0]
					}
				},
				"camera": {
					"rotation": {
						"0.2333": [0, 0, 0],
						"0.3": [0, 0, 0.575],
						"0.3667": [0, 0, -0.37],
						"0.4667": [0, 0, 0.105],
						"0.6": [0, 0, 0]
					}
				}
			}
		},
		"switch_brust": {
			"animation_length": 0.73333,
			"bones": {
				"lefthand": {
					"rotation": {
						"0.0": [104.41741, -8.06723, -198.01172],
						"0.2333": [148.67752, 7.13758, -197.70432],
						"0.3": [148.67752, 7.13758, -197.70432],
						"0.3333": [166.67752, 7.13758, -197.70432],
						"0.4333": [166.67752, 7.13758, -197.70432],
						"0.6667": [104.41741, -8.06723, -198.01172]
					},
					"position": {
						"0.0": [8, -10.3, -6.3],
						"0.0667": [8.565, -10.305, -5.29],
						"0.1667": [9.6, -8.79, -3.78],
						"0.2333": [9.2, -7.525, -2.35],
						"0.3": [9.2, -7.525, -2.35],
						"0.3333": [9.2, -7.645, -3.395],
						"0.4333": [9.2, -7.645, -3.395],
						"0.5333": [9.775, -9.06, -5.02],
						"0.6667": [8, -10.3, -6.3]
					},
					"scale": [1, 1.5, 1]
				},
				"righthand": {
					"rotation": [97.52832, -355.04288, -179.34574],
					"position": [-6.8, -10, 3],
					"scale": [1, 1.5, 1]
				},
				"root": {
					"rotation": {
						"0.0": {
							"post": [0, 0, 0],
							"lerp_mode": "catmullrom"
						},
						"0.1": {
							"post": [-2.29386, -1.28751, -0.94971],
							"lerp_mode": "catmullrom"
						},
						"0.2333": {
							"post": [-1.12015, -2.85889, -1.72722],
							"lerp_mode": "catmullrom"
						},
						"0.3": {
							"post": [-1.58, -2.48, -2.13],
							"lerp_mode": "catmullrom"
						},
						"0.3667": {
							"post": [-3.33705, -2.04325, -1.02973],
							"lerp_mode": "catmullrom"
						},
						"0.4333": {
							"post": [-2.48572, -1.71434, -2.92947],
							"lerp_mode": "catmullrom"
						},
						"0.5667": {
							"post": [-0.85485, -0.9888, 0.01027],
							"lerp_mode": "catmullrom"
						},
						"0.7333": {
							"post": [0, 0, 0],
							"lerp_mode": "catmullrom"
						}
					},
					"position": {
						"0.0": {
							"post": [0, 0, 0],
							"lerp_mode": "catmullrom"
						},
						"0.1": {
							"post": [0.1, -0.225, 0.075],
							"lerp_mode": "catmullrom"
						},
						"0.2333": {
							"post": [-0.13, -0.13, -0.06],
							"lerp_mode": "catmullrom"
						},
						"0.3": {
							"post": [-0.11, -0.14, -0.09],
							"lerp_mode": "catmullrom"
						},
						"0.4333": {
							"post": [-0.075, -0.17, -0.145],
							"lerp_mode": "catmullrom"
						},
						"0.5667": {
							"post": [-0.05, -0.13, -0.485],
							"lerp_mode": "catmullrom"
						},
						"0.7333": {
							"post": [0, 0, 0],
							"lerp_mode": "catmullrom"
						}
					}
				},
				"selector": {
					"rotation": {
						"0.0": [0, 0, 0],
						"0.3": [0, 0, 0],
						"0.3333": [-45, 0, 0]
					}
				},
				"camera": {
					"rotation": {
						"0.2333": [0, 0, 0],
						"0.3": [0, 0, 0.575],
						"0.3667": [0, 0, -0.37],
						"0.4667": [0, 0, 0.105],
						"0.6": [0, 0, 0]
					}
				}
			}
		},
		"switch_burst": {
			"animation_length": 0.7333,
			"bones": {
				"lefthand": {
					"rotation": {
						"0.0": [104.41741, -8.06723, -198.01172],
						"0.2333": [148.67752, 7.13758, -197.70432],
						"0.3": [148.67752, 7.13758, -197.70432],
						"0.3333": [166.67752, 7.13758, -197.70432],
						"0.4333": [166.67752, 7.13758, -197.70432],
						"0.6667": [104.41741, -8.06723, -198.01172]
					},
					"position": {
						"0.0": [8, -10.3, -6.3],
						"0.0667": [8.565, -10.305, -5.29],
						"0.1667": [9.6, -8.79, -3.78],
						"0.2333": [9.2, -7.525, -2.35],
						"0.3": [9.2, -7.525, -2.35],
						"0.3333": [9.2, -7.645, -3.395],
						"0.4333": [9.2, -7.645, -3.395],
						"0.5333": [9.775, -9.06, -5.02],
						"0.6667": [8, -10.3, -6.3]
					},
					"scale": [1, 1.5, 1]
				},
				"righthand": {
					"rotation": [97.52832, -355.04288, -179.34574],
					"position": [-6.8, -10, 3],
					"scale": [1, 1.5, 1]
				},
				"root": {
					"rotation": {
						"0.0": {
							"post": [0, 0, 0],
							"lerp_mode": "catmullrom"
						},
						"0.1": {
							"post": [-2.29386, -1.28751, -0.94971],
							"lerp_mode": "catmullrom"
						},
						"0.2333": {
							"post": [-1.12015, -2.85889, -1.72722],
							"lerp_mode": "catmullrom"
						},
						"0.3": {
							"post": [-1.58, -2.48, -2.13],
							"lerp_mode": "catmullrom"
						},
						"0.3667": {
							"post": [-3.33705, -2.04325, -1.02973],
							"lerp_mode": "catmullrom"
						},
						"0.4333": {
							"post": [-2.48572, -1.71434, -2.92947],
							"lerp_mode": "catmullrom"
						},
						"0.5667": {
							"post": [-0.85485, -0.9888, 0.01027],
							"lerp_mode": "catmullrom"
						},
						"0.7333": {
							"post": [0, 0, 0],
							"lerp_mode": "catmullrom"
						}
					},
					"position": {
						"0.0": {
							"post": [0, 0, 0],
							"lerp_mode": "catmullrom"
						},
						"0.1": {
							"post": [0.1, -0.225, 0.075],
							"lerp_mode": "catmullrom"
						},
						"0.2333": {
							"post": [-0.13, -0.13, -0.06],
							"lerp_mode": "catmullrom"
						},
						"0.3": {
							"post": [-0.11, -0.14, -0.09],
							"lerp_mode": "catmullrom"
						},
						"0.4333": {
							"post": [-0.075, -0.17, -0.145],
							"lerp_mode": "catmullrom"
						},
						"0.5667": {
							"post": [-0.05, -0.13, -0.485],
							"lerp_mode": "catmullrom"
						},
						"0.7333": {
							"post": [0, 0, 0],
							"lerp_mode": "catmullrom"
						}
					}
				},
				"selector": {
					"rotation": {
						"0.0": [0, 0, 0],
						"0.3": [0, 0, 0],
						"0.3333": [-45, 0, 0]
					}
				},
				"camera": {
					"rotation": {
						"0.2333": [0, 0, 0],
						"0.3": [0, 0, 0.575],
						"0.3667": [0, 0, -0.37],
						"0.4667": [0, 0, 0.105],
						"0.6": [0, 0, 0]
					}
				}
			}
		},
		"switch_auto": {
			"animation_length": 0.73333,
			"bones": {
				"lefthand": {
					"rotation": {
						"0.0": [104.41741, -8.06723, -198.01172],
						"0.2333": [148.67752, 7.13758, -197.70432],
						"0.3": [148.67752, 7.13758, -197.70432],
						"0.3333": [166.67752, 7.13758, -197.70432],
						"0.4333": [166.67752, 7.13758, -197.70432],
						"0.6667": [104.41741, -8.06723, -198.01172]
					},
					"position": {
						"0.0": [8, -10.3, -6.3],
						"0.0667": [8.565, -10.305, -5.29],
						"0.1667": [9.6, -8.79, -3.78],
						"0.2333": [9.2, -7.775, -2.775],
						"0.3": [9.2, -7.775, -2.775],
						"0.3333": [9.2, -7.82, -3.745],
						"0.4333": [9.2, -7.82, -3.745],
						"0.5333": [9.775, -9.06, -5.02],
						"0.6667": [8, -10.3, -6.3]
					},
					"scale": [1, 1.5, 1]
				},
				"righthand": {
					"rotation": [97.52832, -355.04288, -179.34574],
					"position": [-6.8, -10, 3],
					"scale": [1, 1.5, 1]
				},
				"root": {
					"rotation": {
						"0.0": {
							"post": [0, 0, 0],
							"lerp_mode": "catmullrom"
						},
						"0.1": {
							"post": [-2.29386, -1.28751, -0.94971],
							"lerp_mode": "catmullrom"
						},
						"0.2333": {
							"post": [-1.12015, -2.85889, -1.72722],
							"lerp_mode": "catmullrom"
						},
						"0.3": {
							"post": [-1.58, -2.48, -2.13],
							"lerp_mode": "catmullrom"
						},
						"0.3667": {
							"post": [-3.33705, -2.04325, -1.02973],
							"lerp_mode": "catmullrom"
						},
						"0.4333": {
							"post": [-2.48572, -1.71434, -2.92947],
							"lerp_mode": "catmullrom"
						},
						"0.5667": {
							"post": [-0.85485, -0.9888, 0.01027],
							"lerp_mode": "catmullrom"
						},
						"0.7333": {
							"post": [0, 0, 0],
							"lerp_mode": "catmullrom"
						}
					},
					"position": {
						"0.0": {
							"post": [0, 0, 0],
							"lerp_mode": "catmullrom"
						},
						"0.1": {
							"post": [0.1, -0.225, 0.075],
							"lerp_mode": "catmullrom"
						},
						"0.2333": {
							"post": [-0.13, -0.13, -0.06],
							"lerp_mode": "catmullrom"
						},
						"0.3": {
							"post": [-0.11, -0.14, -0.09],
							"lerp_mode": "catmullrom"
						},
						"0.4333": {
							"post": [-0.075, -0.17, -0.145],
							"lerp_mode": "catmullrom"
						},
						"0.5667": {
							"post": [-0.05, -0.13, -0.485],
							"lerp_mode": "catmullrom"
						},
						"0.7333": {
							"post": [0, 0, 0],
							"lerp_mode": "catmullrom"
						}
					}
				},
				"selector": {
					"rotation": {
						"0.0": [-45, 0, 0],
						"0.3": [-45, 0, 0],
						"0.3333": [-90, 0, 0]
					}
				},
				"camera": {
					"rotation": {
						"0.2333": [0, 0, 0],
						"0.3": [0, 0, 0.575],
						"0.3667": [0, 0, -0.37],
						"0.4667": [0, 0, 0.105],
						"0.6": [0, 0, 0]
					}
				}
			}
		},
		"shoot": {
			"loop": true,
			"animation_length": 0.5,
			"bones": {
				"root": {
					"rotation": {
						"0.0": {
							"post": [0, 0, 0],
							"lerp_mode": "catmullrom"
						},
						"0.0333": {
							"post": [0.03516, 0, -2.11172],
							"lerp_mode": "catmullrom"
						},
						"0.0667": {
							"post": [-0.56984, 0, 1.16812],
							"lerp_mode": "catmullrom"
						},
						"0.1333": {
							"post": [-1.03906, 0, -0.96172],
							"lerp_mode": "catmullrom"
						},
						"0.2333": {
							"post": [0.19531, 0, 0.43047],
							"lerp_mode": "catmullrom"
						},
						"0.3333": {
							"post": [-0.06641, 0, -0.18828],
							"lerp_mode": "catmullrom"
						},
						"0.5": {
							"post": [0, 0, 0],
							"lerp_mode": "catmullrom"
						}
					},
					"position": {
						"0.0": {
							"post": [0, 0, 0],
							"lerp_mode": "catmullrom"
						},
						"0.0333": {
							"post": [0, -0.18, 0.93297],
							"lerp_mode": "catmullrom"
						},
						"0.0667": {
							"post": [0, -0.15234, 0.38906],
							"lerp_mode": "catmullrom"
						},
						"0.1": {
							"post": [0, -0.13, 0.04],
							"lerp_mode": "catmullrom"
						},
						"0.1667": {
							"post": [0, -0.06641, -0.10937],
							"lerp_mode": "catmullrom"
						},
						"0.2667": {
							"post": [0, 0, 0.0625],
							"lerp_mode": "catmullrom"
						},
						"0.3667": {
							"post": [0, 0, -0.02734],
							"lerp_mode": "catmullrom"
						},
						"0.4667": {
							"post": [0, 0, 0],
							"lerp_mode": "catmullrom"
						}
					}
				},
				"camera": {
					"rotation": {
						"0.0": {
							"post": [0, 0, 0],
							"lerp_mode": "catmullrom"
						},
						"0.0333": {
							"post": [0, 0, 0.425],
							"lerp_mode": "catmullrom"
						},
						"0.0667": {
							"post": [0, 0, -0.25],
							"lerp_mode": "catmullrom"
						},
						"0.1333": {
							"post": [0, 0, 0.225],
							"lerp_mode": "catmullrom"
						},
						"0.2": {
							"post": [0, 0, -0.125],
							"lerp_mode": "catmullrom"
						},
						"0.2667": {
							"post": [0, 0, 0.05],
							"lerp_mode": "catmullrom"
						},
						"0.3333": {
							"post": [0, 0, 0],
							"lerp_mode": "catmullrom"
						}
					}
				},
				"bolt_cover": {
					"position": {
						"0.0": [0, 0, 0],
						"0.0333": [0, 0, 2],
						"0.0667": [0, 0, 0]
					}
				},
				"constraint": {
					"rotation": {
						"0.0": [0.08, 0.02, 0.08],
						"0.1": [0.08, 0.02, 0.08],
						"0.2333": [0, 0, 0]
					},
					"position": {
						"0.0": [0.2, 0.15, 0.5],
						"0.1": [0.2, 0.15, 1],
						"0.2333": [0, 0, 0]
					}
				}
			}
		},
		"draw": {
			"animation_length": 0.8,
			"bones": {
				"root": {
					"rotation": {
						"0.0": {
							"post": [-9.61009, -56.87057, 63.98187],
							"lerp_mode": "catmullrom"
						},
						"0.2": {
							"post": [-0.50564, -24.85404, 21.72854],
							"lerp_mode": "catmullrom"
						},
						"0.2333": {
							"post": [3.25904, -15.44766, 1.21211],
							"lerp_mode": "catmullrom"
						},
						"0.3333": {
							"post": [0, -2.40625, 0],
							"lerp_mode": "catmullrom"
						},
						"0.4": {
							"post": [0.01893, 0.98758, 1.36002],
							"lerp_mode": "catmullrom"
						},
						"0.5": {
							"post": [0.01346, -0.41108, 0.31188],
							"lerp_mode": "catmullrom"
						},
						"0.6333": {
							"post": [0, 0, 0],
							"lerp_mode": "catmullrom"
						},
						"0.8": {
							"post": [0, 0, 0],
							"lerp_mode": "catmullrom"
						}
					},
					"position": {
						"0.0": {
							"post": [0, -7.1, -0.8],
							"lerp_mode": "catmullrom"
						},
						"0.2333": {
							"post": [0.6, -1.32422, -0.8],
							"lerp_mode": "catmullrom"
						},
						"0.4": {
							"post": [0.125, -0.22031, 0.325],
							"lerp_mode": "catmullrom"
						},
						"0.5": {
							"post": [0, -0.02734, -0.125],
							"lerp_mode": "catmullrom"
						},
						"0.6333": {
							"post": [0, 0, 0],
							"lerp_mode": "catmullrom"
						},
						"0.8": {
							"post": [0, 0, 0],
							"lerp_mode": "catmullrom"
						}
					}
				},
				"lefthand": {
					"rotation": {
						"0.0": [104.41741, -8.06723, -198.01172],
						"0.1333": [112.79028, -18.1629, -221.85831],
						"0.3333": [103.52646, -9.94181, -192.48457],
						"0.4": [104.41741, -8.06723, -198.01172],
						"0.5": [104.41741, -8.06723, -198.01172]
					},
					"position": {
						"0.0": [7.4, -10.3, -6.3],
						"0.1333": [10.96589, -12.28169, -3.30545],
						"0.3333": [8.07017, -10.3, -7.15908],
						"0.4": [8, -10.3, -6.3],
						"0.5": [8, -10.3, -6.3]
					},
					"scale": [1, 1.5, 1]
				},
				"righthand": {
					"rotation": [97.52832, -355.04288, -179.34574],
					"position": [-6.8, -10, 3],
					"scale": [1, 1.5, 1]
				},
				"camera": {
					"rotation": {
						"0.0": {
							"post": [0, 0, 0],
							"lerp_mode": "catmullrom"
						},
						"0.1": {
							"post": [0.8, -0.125, 0.2],
							"lerp_mode": "catmullrom"
						},
						"0.2": {
							"post": [1, -0.25, 0.5],
							"lerp_mode": "catmullrom"
						},
						"0.3": {
							"post": [0.15, -0.275, 0.625],
							"lerp_mode": "catmullrom"
						},
						"0.4": {
							"post": [0.25, -0.15, -0.225],
							"lerp_mode": "catmullrom"
						},
						"0.4667": {
							"post": [0.09, -0.08, 0.405],
							"lerp_mode": "catmullrom"
						},
						"0.5333": {
							"post": [-0.075, -0.025, -0.2],
							"lerp_mode": "catmullrom"
						},
						"0.6333": {
							"post": [0, 0, 0],
							"lerp_mode": "catmullrom"
						},
						"0.7": {
							"post": [0, 0, 0],
							"lerp_mode": "catmullrom"
						}
					}
				}
			}
		},
		"put_away": {
			"animation_length": 0.4,
			"bones": {
				"root": {
					"rotation": {
						"0.0": {
							"post": [0, 0, 0],
							"lerp_mode": "catmullrom"
						},
						"0.1": {
							"post": [7.5, -15, 0],
							"lerp_mode": "catmullrom"
						},
						"0.2667": {
							"post": [3.34915, -53.64686, 15.2689],
							"lerp_mode": "catmullrom"
						},
						"0.4": {
							"post": [-20.85115, -72.47954, 42.16438],
							"lerp_mode": "catmullrom"
						}
					},
					"position": {
						"0.0": {
							"post": [0, 0, 0],
							"lerp_mode": "catmullrom"
						},
						"0.1333": {
							"post": [1.7375, -2.84375, 0],
							"lerp_mode": "catmullrom"
						},
						"0.2": {
							"post": [3.0875, -5.84375, 0],
							"lerp_mode": "catmullrom"
						},
						"0.3333": [6.24, -18.7875, 0]
					}
				},
				"lefthand": {
					"rotation": [104.41741, -8.06723, -198.01172],
					"position": [8, -10.3, -6.3],
					"scale": [1, 1.5, 1]
				},
				"righthand": {
					"rotation": [97.52832, -355.04288, -179.34574],
					"position": [-6.8, -10, 3],
					"scale": [1, 1.5, 1]
				},
				"camera": {
					"rotation": {
						"0.0": [0, 0, 0],
						"0.0333": [0.05, 0, -0.02],
						"0.0667": [0.12, 0, -0.04],
						"0.1": [0.18, 0, -0.07],
						"0.1333": [0.18, 0, -0.1],
						"0.1667": [0.07, 0, -0.14],
						"0.2": [-0.1, 0, -0.2],
						"0.2333": [-0.26, 0, -0.24],
						"0.2667": [-0.35, 0, -0.25],
						"0.3": [-0.32, 0, -0.21],
						"0.3333": [-0.21, 0, -0.13],
						"0.3667": [-0.08, 0, -0.05],
						"0.4": [0, 0, 0]
					}
				}
			}
		},
		"reload_tactical": {
			"animation_length": 3,
			"bones": {
				"root": {
					"rotation": {
						"0.0": {
							"post": [0, 0, 0],
							"lerp_mode": "catmullrom"
						},
						"0.1": {
							"post": [-9.9798, -5.69315, -3.78492],
							"lerp_mode": "catmullrom"
						},
						"0.2667": {
							"post": [-22.64721, -22.90108, -21.45411],
							"lerp_mode": "catmullrom"
						},
						"0.4": {
							"post": [-22.78083, -23.99681, -21.41099],
							"lerp_mode": "catmullrom"
						},
						"0.4667": {
							"post": [-23.18285, -22.38797, -17.48681],
							"lerp_mode": "catmullrom"
						},
						"0.6": {
							"post": [-25.28526, -21.88253, -17.1827],
							"lerp_mode": "catmullrom"
						},
						"0.8": {
							"post": [-24.56547, -22.82701, -21.2417],
							"lerp_mode": "catmullrom"
						},
						"0.9": {
							"post": [-22.18774, -23.50748, -24.20756],
							"lerp_mode": "catmullrom"
						},
						"1.0": {
							"post": [-24.75731, -21.79456, -17.61184],
							"lerp_mode": "catmullrom"
						},
						"1.1": {
							"post": [-23.43435, -24.326, -23.31597],
							"lerp_mode": "catmullrom"
						},
						"1.2": {
							"post": [-24.7515, -23.9375, -22.89313],
							"lerp_mode": "catmullrom"
						},
						"1.3": {
							"post": [-25.26, -24.065, -23.035],
							"lerp_mode": "catmullrom"
						},
						"1.4333": {
							"post": [-20.77608, -26.65719, -33.11244],
							"lerp_mode": "catmullrom"
						},
						"1.5333": {
							"post": [-20.445, -26.395, -33.385],
							"lerp_mode": "catmullrom"
						},
						"1.7": {
							"post": [-20.60933, -26.39091, -32.51659],
							"lerp_mode": "catmullrom"
						},
						"1.7667": {
							"post": [-20.59005, -27.93453, -34.45059],
							"lerp_mode": "catmullrom"
						},
						"1.8667": {
							"post": [-19.53133, -27.39199, -32.68718],
							"lerp_mode": "catmullrom"
						},
						"2.0333": {
							"post": [-17.95987, -27.15229, -34.29352],
							"lerp_mode": "catmullrom"
						},
						"2.0667": {
							"post": [-20.06525, -26.57494, -28.46179],
							"lerp_mode": "catmullrom"
						},
						"2.1667": {
							"post": [-11.53925, -27.59772, -34.83451],
							"lerp_mode": "catmullrom"
						},
						"2.3333": {
							"post": [-14.36214, -19.444, -20.68301],
							"lerp_mode": "catmullrom"
						},
						"2.4333": {
							"post": [-12.63606, -4.76279, -6.39753],
							"lerp_mode": "catmullrom"
						},
						"2.5667": {
							"post": [-4.48906, -0.82, -0.77],
							"lerp_mode": "catmullrom"
						},
						"2.6667": {
							"post": [1.70703, 0, -1.4],
							"lerp_mode": "catmullrom"
						},
						"2.7667": {
							"post": [-0.36328, 0.425, 1.025],
							"lerp_mode": "catmullrom"
						},
						"2.8667": {
							"post": [0, 0, 0],
							"lerp_mode": "catmullrom"
						},
						"3.0": {
							"post": [0, 0, 0],
							"lerp_mode": "catmullrom"
						}
					},
					"position": {
						"0.0": {
							"post": [0, 0, 0],
							"lerp_mode": "catmullrom"
						},
						"0.1": {
							"post": [-1.08, -1.26, -0.28],
							"lerp_mode": "catmullrom"
						},
						"0.2667": {
							"post": [-2.6, -1.95, -1.1],
							"lerp_mode": "catmullrom"
						},
						"0.4": {
							"post": [-2.85, -1.775, -0.73],
							"lerp_mode": "catmullrom"
						},
						"0.5": {
							"post": [-2.85, -1.535, -0.605],
							"lerp_mode": "catmullrom"
						},
						"0.6667": {
							"post": [-2.8, -1.55, -0.7],
							"lerp_mode": "catmullrom"
						},
						"0.8": {
							"post": [-2.8, -1.6, -0.7],
							"lerp_mode": "catmullrom"
						},
						"0.9": {
							"post": [-2.79, -1.85, -0.65],
							"lerp_mode": "catmullrom"
						},
						"1.0": {
							"post": [-2.77, -1.71, -0.67],
							"lerp_mode": "catmullrom"
						},
						"1.1": {
							"post": [-2.78, -1.63, -0.69],
							"lerp_mode": "catmullrom"
						},
						"1.2": {
							"post": [-2.83, -1.845, -0.71],
							"lerp_mode": "catmullrom"
						},
						"1.4333": {
							"post": [-2.92, -1.905, -0.7],
							"lerp_mode": "catmullrom"
						},
						"1.6667": {
							"post": [-2.92, -2.03, -0.7],
							"lerp_mode": "catmullrom"
						},
						"1.7667": {
							"post": [-2.895, -2.03, -0.7],
							"lerp_mode": "catmullrom"
						},
						"2.0333": {
							"post": [-2.8, -1.675, -0.7],
							"lerp_mode": "catmullrom"
						},
						"2.0667": {
							"post": [-2.9, -2.45, -0.5],
							"lerp_mode": "catmullrom"
						},
						"2.1333": {
							"post": [-2.9, -2.45, -0.54],
							"lerp_mode": "catmullrom"
						},
						"2.2667": {
							"post": [-2.7, -1.975, -0.575],
							"lerp_mode": "catmullrom"
						},
						"2.4333": {
							"post": [-0.8, -1.3, -0.875],
							"lerp_mode": "catmullrom"
						},
						"2.5333": {
							"post": [-0.05, -0.35, -1.525],
							"lerp_mode": "catmullrom"
						},
						"2.6667": {
							"post": [0.025, -0.05, 0.275],
							"lerp_mode": "catmullrom"
						},
						"2.7667": {
							"post": [0, -0.15, -0.15],
							"lerp_mode": "catmullrom"
						},
						"2.8667": {
							"post": [0, 0, 0],
							"lerp_mode": "catmullrom"
						},
						"3.0": {
							"post": [0, 0, 0],
							"lerp_mode": "catmullrom"
						}
					}
				},
				"mag_and_lefthand": {
					"rotation": {
						"0.9333": [0, 0, 0],
						"1.1333": [-18.7589, 7.34038, -74.86141],
						"1.4": [-4.7589, 7.34038, -74.86141],
						"1.5": [2, 0, 0],
						"1.5667": [5.9754, -0.31281, 8.99461],
						"1.7": [7.9754, -0.31281, 8.99461],
						"1.8": [-7.18307, -0.20854, 5.9964],
						"1.9": [0, 0, 0]
					},
					"position": {
						"0.4667": [0, 0, 0],
						"0.5667": [0, -1.93, 0.83],
						"0.8": [0, -1.93, 0.83],
						"0.9333": [0, -5.8, 2.5],
						"1.1333": [5.37792, -12.17966, 10.33189],
						"1.4": [3.9, -11.4, 6.9],
						"1.5": [1.52, -6.155, 2.63],
						"1.5667": [0.925, -4.625, 2.5],
						"1.6333": [0.965, -4.19, 2.48],
						"1.7333": [0.795, -5.125, 2.44],
						"1.8333": [0, -5.575, 1.9],
						"2.0": [0, -5.05, 2.3],
						"2.0333": [0, -4.5, 2],
						"2.0667": [0, 0, 0]
					}
				},
				"lefthand": {
					"rotation": {
						"0.0": [104.41741, -8.06723, -198.01172],
						"0.1667": [102.96847, -20.22542, -176.78107],
						"0.3667": [103.98482, -33.39039, -164.19949],
						"0.4667": [103.98482, -33.39039, -164.19949],
						"0.5": [101.85978, -35.9921, -161.17103],
						"0.7": [101.66961, -9.99612, -199.32384],
						"1.1": [101.66961, -9.99612, -199.32384],
						"1.2": [86.32245, -14.88271, -135.31927],
						"2.0667": [86.32245, -14.88271, -135.31927],
						"2.1667": [86.32245, -14.88271, -135.31927],
						"2.2667": [99.56111, -11.48935, -192.43839],
						"2.4333": [93.69044, -14.89722, -170.46831],
						"2.5": [104.41741, -8.06723, -198.01172]
					},
					"position": {
						"0.0": [8, -10.3, -6.3],
						"0.1667": [8.335, -11.67, -6.2],
						"0.2667": [8.05, -11.02, -6.1],
						"0.3667": [7.44553, -10.87354, -6.05433],
						"0.4667": [7.44553, -10.87354, -6.05433],
						"0.5": [7.45, -11.27, -6.05],
						"0.7": [9.73144, -17.35411, -3.09035],
						"1.1": [9.73144, -17.35411, -3.09035],
						"1.2": [7.83144, -20.87911, -3.09035],
						"2.0667": [7.83144, -20.87911, -3.09035],
						"2.1667": [7.83144, -20.87911, -3.09035],
						"2.2667": [9.895, -18.075, -4.695],
						"2.4333": [7.415, -11.44, -6.795],
						"2.5": [8, -10.3, -6.3]
					},
					"scale": [1, 1.5, 1]
				},
				"bullet": {
					"scale": {
						"1.2": [0, 0, 0],
						"1.2333": [1, 1, 1]
					}
				},
				"bullet_in_mag": {
					"scale": {
						"1.2": [1, 1, 1],
						"1.2333": [0, 0, 0]
					}
				},
				"righthand": {
					"rotation": [97.52832, -355.04288, -179.34574],
					"position": [-6.8, -10, 3],
					"scale": [1, 1.5, 1]
				},
				"mag_extended_1": {
					"scale": 0
				},
				"camera": {
					"rotation": {
						"0.0": {
							"post": [0, 0, 0],
							"lerp_mode": "catmullrom"
						},
						"0.1": {
							"post": [0.29, 0.05, -0.22],
							"lerp_mode": "catmullrom"
						},
						"0.3": {
							"post": [2.675, 0.3, -1.3],
							"lerp_mode": "catmullrom"
						},
						"0.4333": {
							"post": [2.875, 0.35, -1.51],
							"lerp_mode": "catmullrom"
						},
						"0.5": {
							"post": [3.195, 0.37, -1.43],
							"lerp_mode": "catmullrom"
						},
						"0.6": {
							"post": [3.325, 0.4, -1.725],
							"lerp_mode": "catmullrom"
						},
						"0.8333": {
							"post": [2.855, 0.4, -1.9],
							"lerp_mode": "catmullrom"
						},
						"0.9": {
							"post": [2.405, 0.4, -1.42],
							"lerp_mode": "catmullrom"
						},
						"1.0": {
							"post": [3.025, 0.4, -2.225],
							"lerp_mode": "catmullrom"
						},
						"1.1": {
							"post": [2.87, 0.44, -1.825],
							"lerp_mode": "catmullrom"
						},
						"1.2333": {
							"post": [2.55, 0.475, -1.7],
							"lerp_mode": "catmullrom"
						},
						"1.4333": {
							"post": [2.425, 0.475, -1.6],
							"lerp_mode": "catmullrom"
						},
						"1.6333": {
							"post": [2.625, 0.49, -1.76],
							"lerp_mode": "catmullrom"
						},
						"1.7": {
							"post": [3, 0.49, -1.61],
							"lerp_mode": "catmullrom"
						},
						"1.8": {
							"post": [2.775, 0.5, -1.925],
							"lerp_mode": "catmullrom"
						},
						"2.0": {
							"post": [2.85, 0.43, -1.79],
							"lerp_mode": "catmullrom"
						},
						"2.0667": {
							"post": [3.68, 0.4, -1.075],
							"lerp_mode": "catmullrom"
						},
						"2.1667": {
							"post": [2.675, 0.35, -2.11],
							"lerp_mode": "catmullrom"
						},
						"2.3333": {
							"post": [2.725, 0.3, -1.575],
							"lerp_mode": "catmullrom"
						},
						"2.5667": {
							"post": [0.04, 0.06, -0.4],
							"lerp_mode": "catmullrom"
						},
						"2.6333": {
							"post": [0.55, 0, 0.275],
							"lerp_mode": "catmullrom"
						},
						"2.7333": {
							"post": [-0.275, 0, -0.2],
							"lerp_mode": "catmullrom"
						},
						"2.8": {
							"post": [-0.19, 0, -0.13],
							"lerp_mode": "catmullrom"
						},
						"2.8667": {
							"post": [-0.05, 0, -0.04],
							"lerp_mode": "catmullrom"
						},
						"2.9667": {
							"post": [0, 0, 0],
							"lerp_mode": "catmullrom"
						}
					}
				}
			},
			"sound_effects": {
				"0.0": {
					"effect": "ex:wraith/wraith_reload_tactical"
				}
			}
		},
		"reload_empty": {
			"animation_length": 3.7667,
			"bones": {
				"root": {
					"rotation": {
						"0.0": {
							"post": [0, 0, 0],
							"lerp_mode": "catmullrom"
						},
						"0.2333": {
							"post": [-16.44, -11.85, -20.47],
							"lerp_mode": "catmullrom"
						},
						"0.3": {
							"post": [-19.38471, -13.97991, -24.1392],
							"lerp_mode": "catmullrom"
						},
						"0.4": {
							"post": [-18.50429, -16.15142, -30.44746],
							"lerp_mode": "catmullrom"
						},
						"0.5": {
							"post": [-19.68587, -16.00582, -30.11272],
							"lerp_mode": "catmullrom"
						},
						"0.7": {
							"post": [-17.17124, -13.96017, -22.89722],
							"lerp_mode": "catmullrom"
						},
						"0.8": {
							"post": [-16.21506, -14.90217, -25.36275],
							"lerp_mode": "catmullrom"
						},
						"0.9": {
							"post": [-12.60165, -8.23368, -11.49099],
							"lerp_mode": "catmullrom"
						},
						"1.0667": {
							"post": [-12.1551, -16.05985, -28.16919],
							"lerp_mode": "catmullrom"
						},
						"1.2667": {
							"post": [-21.92282, -21.56077, -21.39866],
							"lerp_mode": "catmullrom"
						},
						"1.4667": {
							"post": [-23.75206, -27.93185, -27.11791],
							"lerp_mode": "catmullrom"
						},
						"1.6333": {
							"post": [-21.56281, -26.11341, -27.61683],
							"lerp_mode": "catmullrom"
						},
						"1.7": {
							"post": [-23.06929, -28.29664, -28.69533],
							"lerp_mode": "catmullrom"
						},
						"1.8333": {
							"post": [-21.91658, -26.42517, -28.58831],
							"lerp_mode": "catmullrom"
						},
						"2.0": {
							"post": [-16.21827, -28.04608, -35.13029],
							"lerp_mode": "catmullrom"
						},
						"2.2": {
							"post": [-14.68, -31.16, -41.21],
							"lerp_mode": "catmullrom"
						},
						"2.4": {
							"post": [-21.16406, -21.32897, -28.94594],
							"lerp_mode": "catmullrom"
						},
						"2.5": {
							"post": [-21.65277, -21.00823, -26.95886],
							"lerp_mode": "catmullrom"
						},
						"2.6": {
							"post": [-18.69436, -22.89225, -33.5055],
							"lerp_mode": "catmullrom"
						},
						"2.7": {
							"post": [-16.15593, -24.50783, -41.16973],
							"lerp_mode": "catmullrom"
						},
						"2.7667": {
							"post": [-17.20269, -23.68392, -37.16858],
							"lerp_mode": "catmullrom"
						},
						"2.8667": {
							"post": [-20.32917, -22.27443, -34.25008],
							"lerp_mode": "catmullrom"
						},
						"2.9": {
							"post": [-21.00886, -18.22491, -26.77441],
							"lerp_mode": "catmullrom"
						},
						"3.0": {
							"post": [-19.17768, -21.49819, -31.97414],
							"lerp_mode": "catmullrom"
						},
						"3.2": {
							"post": [0, 0, -10.275],
							"lerp_mode": "catmullrom"
						},
						"3.3": {
							"post": [1.2, 1.34, 2.655],
							"lerp_mode": "catmullrom"
						},
						"3.3667": {
							"post": [0, 0, -1.02109],
							"lerp_mode": "catmullrom"
						},
						"3.5": {
							"post": [-0.02, -0.02, 0.10891],
							"lerp_mode": "catmullrom"
						},
						"3.6667": {
							"post": [0, 0, 0],
							"lerp_mode": "catmullrom"
						}
					},
					"position": {
						"0.0": {
							"post": [0, 0, 0],
							"lerp_mode": "catmullrom"
						},
						"0.1": {
							"post": [-0.36, -1.06, -0.16],
							"lerp_mode": "catmullrom"
						},
						"0.3": {
							"post": [-0.9, -0.9, -0.4],
							"lerp_mode": "catmullrom"
						},
						"0.5667": {
							"post": [-0.9, -0.9, -0.4],
							"lerp_mode": "catmullrom"
						},
						"0.7667": {
							"post": [-0.9, -1.275, -0.4],
							"lerp_mode": "catmullrom"
						},
						"0.8333": {
							"post": [-1.38, -2.695, -0.4],
							"lerp_mode": "catmullrom"
						},
						"0.9333": {
							"post": [-1.71, -2.645, -0.4],
							"lerp_mode": "catmullrom"
						},
						"1.0333": {
							"post": [-1.98, -2.06, -0.4],
							"lerp_mode": "catmullrom"
						},
						"1.2": {
							"post": [-2.05, -1.525, -0.4],
							"lerp_mode": "catmullrom"
						},
						"1.4667": {
							"post": [-2.11, -1.635, -0.4],
							"lerp_mode": "catmullrom"
						},
						"1.6667": {
							"post": [-2.185, -1.65, -0.4],
							"lerp_mode": "catmullrom"
						},
						"1.7667": {
							"post": [-2.28, -1.465, -0.4],
							"lerp_mode": "catmullrom"
						},
						"1.9333": {
							"post": [-2.24, -1.365, -0.4],
							"lerp_mode": "catmullrom"
						},
						"2.1": {
							"post": [-1.675, -1.55, -0.4],
							"lerp_mode": "catmullrom"
						},
						"2.2": {
							"post": [-1.85, -1.675, -0.4],
							"lerp_mode": "catmullrom"
						},
						"2.4": {
							"post": [-1.345, -3.52, 0.325],
							"lerp_mode": "catmullrom"
						},
						"2.6": {
							"post": [-1.34, -3.795, 0.33],
							"lerp_mode": "catmullrom"
						},
						"2.7667": {
							"post": [-1.39, -3.945, 0.33],
							"lerp_mode": "catmullrom"
						},
						"2.8667": {
							"post": [-1.54, -3.715, 0.33],
							"lerp_mode": "catmullrom"
						},
						"2.9": {
							"post": [-1.415, -3.445, -0.195],
							"lerp_mode": "catmullrom"
						},
						"3.0": {
							"post": [-0.74, -4.12, 0.04],
							"lerp_mode": "catmullrom"
						},
						"3.2": {
							"post": [0, -1.175, -1.3],
							"lerp_mode": "catmullrom"
						},
						"3.3": {
							"post": [0, -0.075, 0.625],
							"lerp_mode": "catmullrom"
						},
						"3.4": {
							"post": [0, -0.05, -0.1],
							"lerp_mode": "catmullrom"
						},
						"3.5333": {
							"post": [0, 0, -0.03],
							"lerp_mode": "catmullrom"
						},
						"3.6667": {
							"post": [0, 0, 0],
							"lerp_mode": "catmullrom"
						}
					}
				},
				"mag_and_lefthand": {
					"rotation": {
						"0.4": [0, 0, 0],
						"0.7667": [0, 0, 0],
						"0.8333": [0, 0, 0],
						"0.9667": [70.5392, 8.04932, 21.6175],
						"1.4667": [70.5392, 8.04932, 21.6175],
						"1.6667": [0, 0, 0],
						"1.7": [0, 0, 0],
						"2.0667": [0, 0, 0],
						"2.1667": [0, 0, 0],
						"2.2": [0, 0, 0]
					},
					"position": {
						"0.4": [0, 0, 0],
						"0.5333": [0, -1.15, 0.425],
						"0.7667": [0, -1.15, 0.425],
						"0.8333": [0, -5.1, 2.1],
						"0.9667": [0, -14.1, 6.2],
						"1.4667": [0, -14.1, 6.2],
						"1.6667": [0, -5.3, 0.9],
						"1.7": [0, -5.4, 1],
						"1.8": [0, -5.385, 1.34],
						"1.8333": [0, -5.22, 1.68],
						"1.9333": [0, -5.27, 1.68],
						"2.0667": [0, -5.1, 2.1],
						"2.1667": [0, -4.5, 1.8],
						"2.2": [0, 0, 0]
					}
				},
				"lefthand": {
					"rotation": {
						"0.0": [104.41741, -8.06723, -198.01172],
						"0.1": [104.41741, -8.06723, -198.01172],
						"0.2667": [121.23178, -5.50436, -196.44119],
						"0.4333": [121.23178, -5.50436, -196.44119],
						"0.6": [107.69903, -11.96101, -228.00454],
						"1.1": [107.69903, -11.96101, -228.00454],
						"1.2667": [86.32245, -14.88271, -135.31927],
						"2.2": [107.95763, -8.79048, -177.9148],
						"2.2667": [107.95763, -8.79048, -177.9148],
						"2.3667": [126.02279, -15.88764, -169.23474],
						"2.5": [77.81282, -38.66561, -90.8083],
						"2.5333": [79.66311, -27.74137, -92.35391],
						"2.6667": [90.0035, -36.68091, -91.12025],
						"2.7": [92.00381, -42.68091, -91.12074],
						"2.9667": [93.13, -39.53, -100.84],
						"3.0667": [110.96655, -17.6628, -176.4329],
						"3.2667": [103.35094, -9.74899, -191.13342],
						"3.3667": [104.41741, -8.06723, -198.01172]
					},
					"position": {
						"0.0": [8, -10.3, -6.3],
						"0.1": [7.975, -10.3, -6.3],
						"0.2667": [9, -10.6, -5.5],
						"0.4333": [9, -10.6, -5.5],
						"0.6": [8.905, -14.13, -3.795],
						"1.1": [8.905, -14.13, -3.795],
						"1.2667": [7.83144, -20.87911, -3.09035],
						"2.2": [6.84837, -17.09474, -1.90915],
						"2.3": [6.84837, -17.09474, -1.90915],
						"2.4": [8.65, -13.49, -5.13],
						"2.5": [9.55, -8.545, -8.53],
						"2.5333": [9.05, -8.545, -8.23],
						"2.6667": [9.675, -8.54, -6.055],
						"2.7": [9.675, -8.54, -5.855],
						"2.7667": [9.67, -8.54, -5.45],
						"2.8": [9.67, -8.54, -3.25],
						"2.9": [9.67, -8.54, -3.25],
						"2.9667": [8.46445, -10.83017, 1.58668],
						"3.0667": [8.95586, -14.8832, 0.04787],
						"3.2667": [8.4967, -10.40552, -6.62361],
						"3.3667": [8, -10.3, -6.3]
					},
					"scale": [1, 1.5, 1]
				},
				"righthand": {
					"rotation": [97.52832, -355.04288, -179.34574],
					"position": [-6.8, -10, 3],
					"scale": [1, 1.5, 1]
				},
				"bolt_cover": {
					"position": {
						"0.0": [0, 0, 2],
						"2.7667": [0, 0, 2],
						"2.8": [0, 0, 0]
					}
				},
				"release": {
					"rotation": {
						"0.0": [0, -8, 0],
						"2.8": [0, -8, 0],
						"2.8333": [0, 0, 0]
					},
					"position": {
						"0.0": [0.15, 0, 0],
						"2.8": [0.15, 0, 0],
						"2.8333": [0, 0, 0]
					}
				},
				"camera": {
					"rotation": {
						"0.0": {
							"post": [0, 0, 0],
							"lerp_mode": "catmullrom"
						},
						"0.2667": {
							"post": [2.425, 0.85, -0.675],
							"lerp_mode": "catmullrom"
						},
						"0.4667": {
							"post": [2.895, 0.125, -1.275],
							"lerp_mode": "catmullrom"
						},
						"0.6667": {
							"post": [2.67, 0.11, -1.32],
							"lerp_mode": "catmullrom"
						},
						"0.7667": {
							"post": [3.26, 0.12, -0.02],
							"lerp_mode": "catmullrom"
						},
						"0.8667": {
							"post": [4.215, 0.15, -2.06],
							"lerp_mode": "catmullrom"
						},
						"1.0667": {
							"post": [3.67, 0.22, -0.83],
							"lerp_mode": "catmullrom"
						},
						"1.2667": {
							"post": [2.07, 0.34, -1.32],
							"lerp_mode": "catmullrom"
						},
						"1.5": {
							"post": [1.485, 0.525, -1.35],
							"lerp_mode": "catmullrom"
						},
						"1.7": {
							"post": [1.915, 0.63, -0.635],
							"lerp_mode": "catmullrom"
						},
						"1.9333": {
							"post": [2.065, 1.1, -0.7],
							"lerp_mode": "catmullrom"
						},
						"2.1": {
							"post": [2.12, 1.1, -0.7],
							"lerp_mode": "catmullrom"
						},
						"2.2": {
							"post": [2.97, 0.725, -0.05],
							"lerp_mode": "catmullrom"
						},
						"2.3": {
							"post": [2.565, 0.48, -0.985],
							"lerp_mode": "catmullrom"
						},
						"2.4": {
							"post": [2.89, 0.78, -0.96],
							"lerp_mode": "catmullrom"
						},
						"2.5333": {
							"post": [3.015, 0.9, -1.95],
							"lerp_mode": "catmullrom"
						},
						"2.6667": {
							"post": [3.295, 1.18, -1.91],
							"lerp_mode": "catmullrom"
						},
						"2.7667": {
							"post": [2.8, 1.105, -2.3],
							"lerp_mode": "catmullrom"
						},
						"2.8333": {
							"post": [2.86, 1.15, -2.3],
							"lerp_mode": "catmullrom"
						},
						"2.9": {
							"post": [2.72, 0.925, -1.95],
							"lerp_mode": "catmullrom"
						},
						"2.9667": {
							"post": [3.645, 0.925, -2.525],
							"lerp_mode": "catmullrom"
						},
						"3.0667": {
							"post": [2.775, 0.675, -0.605],
							"lerp_mode": "catmullrom"
						},
						"3.1667": {
							"post": [2.125, -0.05, -0.55],
							"lerp_mode": "catmullrom"
						},
						"3.3": {
							"post": [0.25, 0, 0.35],
							"lerp_mode": "catmullrom"
						},
						"3.3667": {
							"post": [0.725, 0, -0.275],
							"lerp_mode": "catmullrom"
						},
						"3.4667": {
							"post": [0, 0, 0.125],
							"lerp_mode": "catmullrom"
						},
						"3.5667": {
							"post": [-0.05, 0, 0.09],
							"lerp_mode": "catmullrom"
						},
						"3.7": {
							"post": [0, 0, 0],
							"lerp_mode": "catmullrom"
						}
					}
				},
				"afterlife_bolt": {
					"position": {
						"2.7": [0, 0, 0],
						"2.7667": [0, 0, 0.525],
						"2.8": [0, 0, 2.7],
						"2.9": [0, 0, 2.7],
						"2.9667": [0, 0, 0]
					}
				},
				"fix": {
					"rotation": {
						"2.5333": [0, 0, 0],
						"2.6667": [0, -90, 0],
						"2.9": [0, -90, 0],
						"2.9667": [0, 0, 0],
						"3.0": [0, -12.75, 0],
						"3.0667": [0, 0, 0],
						"3.1": [0, -4, 0],
						"3.1667": [0, 0, 0]
					}
				}
			},
			"sound_effects": {
				"0.0": {
					"effect": "ex:wraith/wraith_reload_empty"
				}
			}
		},
		"inspect": {
			"animation_length": 8.1667,
			"bones": {
				"root": {
					"rotation": {
						"0.0": {
							"post": [0, 0, 0],
							"lerp_mode": "catmullrom"
						},
						"0.1": {
							"post": [-0.48222, -10.32879, -10.6371],
							"lerp_mode": "catmullrom"
						},
						"0.2667": {
							"post": [2.80857, -38.04124, -30.84864],
							"lerp_mode": "catmullrom"
						},
						"0.4": {
							"post": [11.81654, -51.31791, -40.77999],
							"lerp_mode": "catmullrom"
						},
						"0.6": {
							"post": [14.43207, -55.06151, -43.42137],
							"lerp_mode": "catmullrom"
						},
						"1.4": {
							"post": [15.975, -54.5, -45.175],
							"lerp_mode": "catmullrom"
						},
						"1.5": {
							"post": [22.575, -54.6, -54.345],
							"lerp_mode": "catmullrom"
						},
						"1.6": {
							"post": [24.12084, -54.66492, -56.4999],
							"lerp_mode": "catmullrom"
						},
						"1.7667": {
							"post": [21.54123, -55.13168, -52.93822],
							"lerp_mode": "catmullrom"
						},
						"2.0": {
							"post": [22.02739, -55.36376, -53.45002],
							"lerp_mode": "catmullrom"
						},
						"2.3": {
							"post": [20.11927, -52.13819, -54.42096],
							"lerp_mode": "catmullrom"
						},
						"2.5": {
							"post": [-13.05553, -34.16404, -39.12332],
							"lerp_mode": "catmullrom"
						},
						"2.6667": {
							"post": [-24.46, -29.06, -26.67],
							"lerp_mode": "catmullrom"
						},
						"2.8": {
							"post": [-24.77, -29.29, -26.41],
							"lerp_mode": "catmullrom"
						},
						"2.8667": {
							"post": [-25.53854, -28.5824, -24.30434],
							"lerp_mode": "catmullrom"
						},
						"2.9": {
							"post": [-26.02602, -27.90024, -23.26298],
							"lerp_mode": "catmullrom"
						},
						"3.1667": {
							"post": [-22.12661, -30.06214, -26.94814],
							"lerp_mode": "catmullrom"
						},
						"3.2667": {
							"post": [-17.89823, -31.26039, -38.8467],
							"lerp_mode": "catmullrom"
						},
						"3.3667": {
							"post": [-18.02675, -29.59281, -39.11901],
							"lerp_mode": "catmullrom"
						},
						"3.5": {
							"post": [-23.88068, -23.89861, -27.05986],
							"lerp_mode": "catmullrom"
						},
						"3.6": {
							"post": [-25.80209, -22.09574, -23.61591],
							"lerp_mode": "catmullrom"
						},
						"4.4667": {
							"post": [-26.42779, -21.32537, -21.92459],
							"lerp_mode": "catmullrom"
						},
						"4.6": {
							"post": [-20.88003, -27.95795, -23.38356],
							"lerp_mode": "catmullrom"
						},
						"4.7": {
							"post": [-13.29, -35, -31.65],
							"lerp_mode": "catmullrom"
						},
						"4.7667": {
							"post": [-7.08214, -39.04067, -40.65146],
							"lerp_mode": "catmullrom"
						},
						"4.8": {
							"post": [-4.53034, -42.10711, -40.64172],
							"lerp_mode": "catmullrom"
						},
						"4.9667": {
							"post": [-9.6791, -40.56442, -33.31033],
							"lerp_mode": "catmullrom"
						},
						"5.1": {
							"post": [-7.5921, -39.73003, -37.48158],
							"lerp_mode": "catmullrom"
						},
						"5.1667": {
							"post": [-15.61372, -37.31708, -24.62412],
							"lerp_mode": "catmullrom"
						},
						"5.2": {
							"post": [-10.19401, -38.49259, -33.45924],
							"lerp_mode": "catmullrom"
						},
						"5.3": {
							"post": [-10.47873, -36.44176, -27.0159],
							"lerp_mode": "catmullrom"
						},
						"5.4": {
							"post": [-10.72836, -33.76964, -25.99474],
							"lerp_mode": "catmullrom"
						},
						"5.5": {
							"post": [-14.61, -23.955, -10.185],
							"lerp_mode": "catmullrom"
						},
						"5.6": {
							"post": [-23.525, -4.675, 14.035],
							"lerp_mode": "catmullrom"
						},
						"5.7": {
							"post": [-33.82615, 6.68948, 29.16317],
							"lerp_mode": "catmullrom"
						},
						"5.8": {
							"post": [-44.64344, 12.29451, 35.33083],
							"lerp_mode": "catmullrom"
						},
						"5.9": {
							"post": [-45.52112, 11.14316, 35.24123],
							"lerp_mode": "catmullrom"
						},
						"6.1667": {
							"post": [-45.76705, 10.91925, 34.75871],
							"lerp_mode": "catmullrom"
						},
						"6.3667": {
							"post": [-42.81454, 13.32338, 40.35584],
							"lerp_mode": "catmullrom"
						},
						"6.6": {
							"post": [-44.26093, 12.18714, 40.89385],
							"lerp_mode": "catmullrom"
						},
						"6.9": {
							"post": [-43.72134, 12.62927, 41.91953],
							"lerp_mode": "catmullrom"
						},
						"7.0": {
							"post": [-44.095, 12.325, 41.205],
							"lerp_mode": "catmullrom"
						},
						"7.0667": {
							"post": [-46.09709, 8.96227, 36.27095],
							"lerp_mode": "catmullrom"
						},
						"7.1": {
							"post": [-40.4961, 12.10895, 44.52587],
							"lerp_mode": "catmullrom"
						},
						"7.1667": {
							"post": [-42.50299, 2.56757, 31.60939],
							"lerp_mode": "catmullrom"
						},
						"7.2667": {
							"post": [-30.45128, 2.88817, 26.98045],
							"lerp_mode": "catmullrom"
						},
						"7.3667": {
							"post": [-7.61838, -2.24811, 25.19253],
							"lerp_mode": "catmullrom"
						},
						"7.5": {
							"post": [-0.08, -1.71, 17.475],
							"lerp_mode": "catmullrom"
						},
						"7.6": {
							"post": [5.1, 0.6, 6.7],
							"lerp_mode": "catmullrom"
						},
						"7.7": {
							"post": [0, 0, 0],
							"lerp_mode": "catmullrom"
						},
						"7.7667": {
							"post": [-0.18955, -0.01562, 1.75184],
							"lerp_mode": "catmullrom"
						},
						"7.8667": {
							"post": [0, 0, -1.25],
							"lerp_mode": "catmullrom"
						},
						"8.0": {
							"post": [0.01, 0, 0.525],
							"lerp_mode": "catmullrom"
						},
						"8.1667": {
							"post": [0, 0, 0],
							"lerp_mode": "catmullrom"
						}
					},
					"position": {
						"0.0": {
							"post": [0, 0, 0],
							"lerp_mode": "catmullrom"
						},
						"0.2": {
							"post": [-0.07, -1.25, -2],
							"lerp_mode": "catmullrom"
						},
						"0.3667": {
							"post": [0.05, 0, -2.475],
							"lerp_mode": "catmullrom"
						},
						"0.5": {
							"post": [-0.12, -0.34, -2.23],
							"lerp_mode": "catmullrom"
						},
						"0.7": {
							"post": [-0.135, -0.445, -2.24],
							"lerp_mode": "catmullrom"
						},
						"1.1667": {
							"post": [0, -0.05, -2.3],
							"lerp_mode": "catmullrom"
						},
						"1.4667": {
							"post": [-0.06, 0.08, -2.38],
							"lerp_mode": "catmullrom"
						},
						"1.7": {
							"post": [-0.05, 0.625, -2.575],
							"lerp_mode": "catmullrom"
						},
						"2.1667": {
							"post": [-0.02, 0.76, -2.75],
							"lerp_mode": "catmullrom"
						},
						"2.3": {
							"post": [-0.1, 0.47, -2.395],
							"lerp_mode": "catmullrom"
						},
						"2.6": {
							"post": [-1.075, -1.485, -0.295],
							"lerp_mode": "catmullrom"
						},
						"2.7667": {
							"post": [-1.02, -1.905, 0.035],
							"lerp_mode": "catmullrom"
						},
						"2.8667": {
							"post": [-0.97, -1.86, 0.03],
							"lerp_mode": "catmullrom"
						},
						"3.0": {
							"post": [-1, -1.75, 0.03],
							"lerp_mode": "catmullrom"
						},
						"3.2": {
							"post": [-1.275, -1.71, 0.03],
							"lerp_mode": "catmullrom"
						},
						"3.3667": {
							"post": [-1.905, -1.13, -0.1],
							"lerp_mode": "catmullrom"
						},
						"3.5": {
							"post": [-3.23, -1.68, -0.11],
							"lerp_mode": "catmullrom"
						},
						"3.7": {
							"post": [-3.95, -2.555, -0.1],
							"lerp_mode": "catmullrom"
						},
						"3.8667": {
							"post": [-4.36, -2.46, -0.1],
							"lerp_mode": "catmullrom"
						},
						"4.1": {
							"post": [-4.335, -2.345, -0.1],
							"lerp_mode": "catmullrom"
						},
						"4.3667": {
							"post": [-4.47, -2.45, -0.1],
							"lerp_mode": "catmullrom"
						},
						"4.4667": {
							"post": [-4.48, -2.28, -0.1],
							"lerp_mode": "catmullrom"
						},
						"4.6": {
							"post": [-3.91, -2.615, -0.1],
							"lerp_mode": "catmullrom"
						},
						"4.8": {
							"post": [-3.65, -0.885, -0.1],
							"lerp_mode": "catmullrom"
						},
						"4.9667": {
							"post": [-3.575, -1.065, -0.15],
							"lerp_mode": "catmullrom"
						},
						"5.1": {
							"post": [-3.5, -1.36, -0.1],
							"lerp_mode": "catmullrom"
						},
						"5.1667": {
							"post": [-3.4, -2.035, 0.125],
							"lerp_mode": "catmullrom"
						},
						"5.2667": {
							"post": [-3.4, -1.98, 0.13],
							"lerp_mode": "catmullrom"
						},
						"5.4": {
							"post": [-3.4, -2.285, 0.125],
							"lerp_mode": "catmullrom"
						},
						"5.5667": {
							"post": [-2.25, -2.29, 0.48],
							"lerp_mode": "catmullrom"
						},
						"5.7": {
							"post": [-1.34, -2.92, 0.74],
							"lerp_mode": "catmullrom"
						},
						"5.8667": {
							"post": [-0.78, -2.55, 0.85],
							"lerp_mode": "catmullrom"
						},
						"5.9": {
							"post": [-0.8, -2.465, 0.955],
							"lerp_mode": "catmullrom"
						},
						"6.0": {
							"post": [-0.77, -2.38, 0.91],
							"lerp_mode": "catmullrom"
						},
						"6.1": {
							"post": [-0.76, -2.33, 0.9],
							"lerp_mode": "catmullrom"
						},
						"6.3667": {
							"post": [-0.69, -2.16, 0.63],
							"lerp_mode": "catmullrom"
						},
						"6.5": {
							"post": [-0.7, -2.14, 0.57],
							"lerp_mode": "catmullrom"
						},
						"6.7": {
							"post": [-0.71, -2.22, 0.535],
							"lerp_mode": "catmullrom"
						},
						"7.1": {
							"post": [-0.75, -2.16, 0.63],
							"lerp_mode": "catmullrom"
						},
						"7.1667": {
							"post": [-0.835, -2.005, 0.155],
							"lerp_mode": "catmullrom"
						},
						"7.2667": {
							"post": [-0.295, -2.555, 0.325],
							"lerp_mode": "catmullrom"
						},
						"7.3667": {
							"post": [-0.7, -1.85, 0],
							"lerp_mode": "catmullrom"
						},
						"7.5": {
							"post": [-0.575, -0.48, -0.335],
							"lerp_mode": "catmullrom"
						},
						"7.6333": {
							"post": [0, -0.825, -0.79766],
							"lerp_mode": "catmullrom"
						},
						"7.7": {
							"post": [0.07, -0.54, 0.26016],
							"lerp_mode": "catmullrom"
						},
						"7.7667": {
							"post": [0, -0.2, 0.49063],
							"lerp_mode": "catmullrom"
						},
						"7.8667": {
							"post": [0, -0.1, -0.22109],
							"lerp_mode": "catmullrom"
						},
						"8.0": {
							"post": [0, 0, 0.03125],
							"lerp_mode": "catmullrom"
						},
						"8.1667": {
							"post": [0, 0, 0],
							"lerp_mode": "catmullrom"
						}
					}
				},
				"mag_and_lefthand": {
					"rotation": {
						"2.9": [0, 0, 0],
						"3.0": [0, 0, 0],
						"3.2": [0, 0, 0],
						"3.3667": {
							"pre": [0, 0, 0],
							"post": [0, 0, 0],
							"lerp_mode": "catmullrom"
						},
						"3.5667": {
							"post": [-0.90904, -6.80041, 0.13291],
							"lerp_mode": "catmullrom"
						},
						"3.7667": {
							"post": [-5.57883, -11.04972, 3.16753],
							"lerp_mode": "catmullrom"
						},
						"4.1": {
							"post": [-8.72535, -7.91594, 6.98949],
							"lerp_mode": "catmullrom"
						},
						"4.3": {
							"post": [-9.3, -6.79, 3.9],
							"lerp_mode": "catmullrom"
						},
						"4.4": {
							"post": [-7.98585, -8.29756, -6.07368],
							"lerp_mode": "catmullrom"
						},
						"4.5": {
							"post": [-3.04649, -8.78819, -26.84748],
							"lerp_mode": "catmullrom"
						},
						"4.6": {
							"post": [-2.52626, -7.58991, -16.82727],
							"lerp_mode": "catmullrom"
						},
						"4.7667": [0, 0, 0],
						"4.8": [0, 0, 0],
						"4.9667": [-2, 0, 0],
						"5.0667": [-2, 0, 0],
						"5.1": [0, 0, 0],
						"5.1667": [0, 0, 0],
						"5.4": [0, 0, 0]
					},
					"position": {
						"2.9": [0, 0, 0],
						"3.0": [0, -1.77, 0.7],
						"3.2": [0, -1.77, 0.7],
						"3.3667": {
							"pre": [-0.06746, -5.22815, 2.11691],
							"post": [-0.06746, -5.22815, 2.11691],
							"lerp_mode": "catmullrom"
						},
						"3.5": {
							"post": [0.34734, -9.32727, 1.81573],
							"lerp_mode": "catmullrom"
						},
						"3.6667": {
							"post": [4.55678, -5.14159, 2.26016],
							"lerp_mode": "catmullrom"
						},
						"3.8": {
							"post": [5.7, -4.2, 1.8],
							"lerp_mode": "catmullrom"
						},
						"4.0": {
							"post": [5.71031, -3.96353, 1.7149],
							"lerp_mode": "catmullrom"
						},
						"4.3": {
							"post": [5.7, -4.2, 1.8],
							"lerp_mode": "catmullrom"
						},
						"4.4": {
							"post": [5.85056, -3.5115, 1.39282],
							"lerp_mode": "catmullrom"
						},
						"4.5": {
							"post": [4.07, -5.07, 1.89],
							"lerp_mode": "catmullrom"
						},
						"4.6": {
							"post": [2.44, -5.93, 1.97],
							"lerp_mode": "catmullrom"
						},
						"4.7667": [0, -5.225, 1.35],
						"4.8": [0, -5.225, 1.35],
						"4.9": [0, -5.42, 1.65],
						"4.9667": [0, -5.275, 1.625],
						"5.0667": [0, -5.1, 1.725],
						"5.1": [0, -4.775, 1.925],
						"5.1667": [0, 0, 0],
						"5.4": [0, 0, 0]
					}
				},
				"lefthand": {
					"rotation": {
						"0.1": [104.41741, -8.06723, -198.01172],
						"0.4": [87.62337, -68.8105, -142.85198],
						"2.2": [87.62, -68.81, -142.85],
						"2.2667": [93.59837, -68.8105, -142.85198],
						"2.5333": [120.62851, -8.48775, -193.60482],
						"2.7": [121.50104, -15.34359, -197.8213],
						"2.8": [120.99754, -11.92351, -195.6864],
						"2.9": [120.99754, -11.92351, -195.6864],
						"3.0": [121.94422, -10.72244, -204.85217],
						"3.1667": [102.33, -14.63, -197.84],
						"5.4": [102.33, -14.63, -197.84],
						"5.7": [108.58605, -6.97365, -269.78512],
						"5.8": [108.76, -10.13, -270.87],
						"5.9": [121.85017, -11.70952, -271.41079],
						"6.0667": [102.15901, -4.63996, -264.07389],
						"6.2": [102.32677, -5.76406, -267.14413],
						"6.4": [102.77379, -9.17631, -271.61444],
						"6.6": [102.55799, -10.57765, -270.2093],
						"6.8": [102.60707, -9.9852, -270.22552],
						"7.0667": [102.60707, -9.9852, -270.22552],
						"7.1": [104.56523, -14.27253, -297.23365],
						"7.2": [125.39192, 4.89155, -293.89495],
						"7.4667": [104.41741, -8.06723, -198.01172]
					},
					"position": {
						"0.1": [8, -10.3, -6.3],
						"0.4": [6.625, -11.075, -7],
						"2.2": [6.63, -11.07, -7],
						"2.2667": [6.625, -11.075, -7],
						"2.4": [8.06, -12.73, -6],
						"2.5333": [9.48668, -12.39341, -5.00641],
						"2.7": [9.14105, -10.98283, -4.74036],
						"2.9": [9.14105, -10.98283, -4.74036],
						"3.1": [10.165, -16.62, -3.89],
						"3.1667": [9.4, -17.5, -3.6],
						"5.4": [9.4, -17.5, -3.6],
						"5.5": [10.38521, -11.9576, -4.94356],
						"5.6": [10.605, -7.73, -5.66],
						"5.7": [9.2, -6.8, -8],
						"5.8667": [9.2, -6.8, -8.1],
						"5.9667": [10, -6.8, -6.95],
						"6.0667": [9.8, -6.8, -5.4],
						"6.1667": [9.8, -6.8, -5.26],
						"6.3667": [9.8, -6.8, -4.28],
						"6.4": [9.8, -6.8, -4.2],
						"6.6667": [9.8, -6.8, -4.125],
						"6.9": [9.8, -6.8, -4.17],
						"7.0667": [9.8, -6.8, -4.07],
						"7.1": [10.6, -6.2, -2.47],
						"7.2": [11.60858, -6.40018, -1.95275],
						"7.3667": [11.08315, -8.40382, -4.92315],
						"7.4667": [8, -10.3, -6.3]
					},
					"scale": [1, 1.5, 1]
				},
				"bullet": {
					"scale": 0
				},
				"righthand": {
					"rotation": [97.52832, -355.04288, -179.34574],
					"position": [-6.8, -10, 3],
					"scale": [1, 1.5, 1]
				},
				"afterlife_bolt": {
					"position": {
						"6.1667": [0, 0, 0],
						"6.3667": [0, 0, 1.23],
						"6.4": [0, 0, 1.3],
						"6.6667": [0, 0, 1.3],
						"6.9": [0, 0, 1.275],
						"7.0667": [0, 0, 1.37],
						"7.1": [0, 0, 0]
					}
				},
				"fix": {
					"rotation": {
						"5.8667": [0, 0, 0],
						"6.0667": [0, -90, 0],
						"7.0667": [0, -90, 0],
						"7.1": [0, 0, 0]
					}
				},
				"camera": {
					"rotation": {
						"0.0": {
							"post": [0, 0, 0],
							"lerp_mode": "catmullrom"
						},
						"0.4667": {
							"post": [2.375, 0.3, -0.4],
							"lerp_mode": "catmullrom"
						},
						"0.6667": {
							"post": [3.085, 0.37, -0.23],
							"lerp_mode": "catmullrom"
						},
						"0.9": {
							"post": [3, 0.4, -0.5],
							"lerp_mode": "catmullrom"
						},
						"1.4": {
							"post": [3.175, 0.4, -0.5],
							"lerp_mode": "catmullrom"
						},
						"1.9": {
							"post": [0.5, -0.8, -0.7],
							"lerp_mode": "catmullrom"
						},
						"2.3": {
							"post": [-0.7, -0.7, -0.7],
							"lerp_mode": "catmullrom"
						},
						"2.6667": {
							"post": [1.1, 0.425, -0.4],
							"lerp_mode": "catmullrom"
						},
						"2.7667": {
							"post": [1.4, 0.51, -0.09],
							"lerp_mode": "catmullrom"
						},
						"2.8667": {
							"post": [1.44, 0.46, -0.32],
							"lerp_mode": "catmullrom"
						},
						"3.2": {
							"post": [1.5, 0.26, -0.17],
							"lerp_mode": "catmullrom"
						},
						"3.3667": {
							"post": [2.8, 0.05, -1.55],
							"lerp_mode": "catmullrom"
						},
						"3.5667": {
							"post": [2.895, -0.55, -1.415],
							"lerp_mode": "catmullrom"
						},
						"3.8": {
							"post": [4.125, -1.3, -1.6],
							"lerp_mode": "catmullrom"
						},
						"4.2667": {
							"post": [4.315, -1.34, -1.54],
							"lerp_mode": "catmullrom"
						},
						"4.3667": {
							"post": [4.11, -1.19, -0.725],
							"lerp_mode": "catmullrom"
						},
						"4.6": {
							"post": [0.6, -0.4, -0.6],
							"lerp_mode": "catmullrom"
						},
						"4.7": {
							"post": [0.325, -0.17, 0.045],
							"lerp_mode": "catmullrom"
						},
						"4.8": {
							"post": [0.11, 0.02, -0.17],
							"lerp_mode": "catmullrom"
						},
						"4.9667": {
							"post": [-0.2, 0.3, 0],
							"lerp_mode": "catmullrom"
						},
						"5.1": {
							"post": [-0.18, 0.31, -0.12],
							"lerp_mode": "catmullrom"
						},
						"5.1667": {
							"post": [0.825, 0.3, -1.01],
							"lerp_mode": "catmullrom"
						},
						"5.2667": {
							"post": [-0.23, 0.26, 0.475],
							"lerp_mode": "catmullrom"
						},
						"5.3667": {
							"post": [-0.48, 0.24, -0.42],
							"lerp_mode": "catmullrom"
						},
						"5.5": {
							"post": [0.4, 0.3, -0.4],
							"lerp_mode": "catmullrom"
						},
						"5.7667": {
							"post": [2.36, 0.98, 1.24],
							"lerp_mode": "catmullrom"
						},
						"5.8667": {
							"post": [3.2, 1.2, 1.875],
							"lerp_mode": "catmullrom"
						},
						"6.1": {
							"post": [3.6, 1.2, 2.275],
							"lerp_mode": "catmullrom"
						},
						"6.2667": {
							"post": [4.41, 1.13, 2.88],
							"lerp_mode": "catmullrom"
						},
						"6.6667": {
							"post": [5, 0.9, 1.8],
							"lerp_mode": "catmullrom"
						},
						"7.0667": {
							"post": [4.94, 1.13, 2.08],
							"lerp_mode": "catmullrom"
						},
						"7.1": {
							"post": [6.175, 1.1, 0.75],
							"lerp_mode": "catmullrom"
						},
						"7.2": {
							"post": [3.68, 0.91, 2.755],
							"lerp_mode": "catmullrom"
						},
						"7.3667": {
							"post": [2.805, 0.52, 1],
							"lerp_mode": "catmullrom"
						},
						"7.5667": {
							"post": [-0.1, 0, -0.3],
							"lerp_mode": "catmullrom"
						},
						"7.6667": {
							"post": [0.575, 0, 0.775],
							"lerp_mode": "catmullrom"
						},
						"7.7667": {
							"post": [-0.1, 0, -0.325],
							"lerp_mode": "catmullrom"
						},
						"7.9": {
							"post": [0.00156, 0, 0.03516],
							"lerp_mode": "catmullrom"
						},
						"8.1667": {
							"post": [-0.1, 0, 0],
							"lerp_mode": "catmullrom"
						}
					}
				}
			},
			"sound_effects": {
				"0.1667": {
					"effect": "tacz:victor45/victor_inspect_raise"
				},
				"1.4": {
					"effect": "tacz:victor45/victor_inspect_moveclose"
				},
				"2.1667": {
					"effect": "tacz:victor45/victor_inspect_lower"
				},
				"2.8667": {
					"effect": "tacz:victor45/victor_inspect_magout"
				},
				"4.1667": {
					"effect": "tacz:victor45/victor_reload_drum_rattle"
				},
				"4.7": {
					"effect": "tacz:victor45/victor_reload_empty_maghit"
				},
				"5.1": {
					"effect": "tacz:victor45/victor_inspect_magin"
				},
				"5.4667": {
					"effect": "tacz:victor45/victor_inspect_rotate"
				},
				"6.0": {
					"effect": "tacz:victor45/victor_inspect_boltpull"
				},
				"7.0": {
					"effect": "tacz:victor45/victor_inspect_boltrelease"
				},
				"7.1": {
					"effect": "tacz:victor45/victor_inspect_end"
				}
			}
		},
		"inspect_empty": {
			"animation_length": 8.0667,
			"bones": {
				"root": {
					"rotation": {
						"0.0": {
							"post": [0, 0, 0],
							"lerp_mode": "catmullrom"
						},
						"0.1": {
							"post": [-0.48222, -10.32879, -10.6371],
							"lerp_mode": "catmullrom"
						},
						"0.2667": {
							"post": [2.80857, -38.04124, -30.84864],
							"lerp_mode": "catmullrom"
						},
						"0.4": {
							"post": [11.81654, -51.31791, -40.77999],
							"lerp_mode": "catmullrom"
						},
						"0.6": {
							"post": [14.43207, -55.06151, -43.42137],
							"lerp_mode": "catmullrom"
						},
						"1.4": {
							"post": [15.975, -54.5, -45.175],
							"lerp_mode": "catmullrom"
						},
						"1.5": {
							"post": [22.575, -54.6, -54.345],
							"lerp_mode": "catmullrom"
						},
						"1.6": {
							"post": [24.12084, -54.66492, -56.4999],
							"lerp_mode": "catmullrom"
						},
						"1.7667": {
							"post": [21.54123, -55.13168, -52.93822],
							"lerp_mode": "catmullrom"
						},
						"2.0": {
							"post": [22.02739, -55.36376, -53.45002],
							"lerp_mode": "catmullrom"
						},
						"2.3": {
							"post": [20.11927, -52.13819, -54.42096],
							"lerp_mode": "catmullrom"
						},
						"2.5": {
							"post": [-13.05553, -34.16404, -39.12332],
							"lerp_mode": "catmullrom"
						},
						"2.6667": {
							"post": [-24.46, -29.06, -26.67],
							"lerp_mode": "catmullrom"
						},
						"2.8": {
							"post": [-24.77, -29.29, -26.41],
							"lerp_mode": "catmullrom"
						},
						"2.8667": {
							"post": [-25.53854, -28.5824, -24.30434],
							"lerp_mode": "catmullrom"
						},
						"2.9": {
							"post": [-26.02602, -27.90024, -23.26298],
							"lerp_mode": "catmullrom"
						},
						"3.1667": {
							"post": [-22.12661, -30.06214, -26.94814],
							"lerp_mode": "catmullrom"
						},
						"3.2667": {
							"post": [-17.89823, -31.26039, -38.8467],
							"lerp_mode": "catmullrom"
						},
						"3.3667": {
							"post": [-18.02675, -29.59281, -39.11901],
							"lerp_mode": "catmullrom"
						},
						"3.5": {
							"post": [-23.88068, -23.89861, -27.05986],
							"lerp_mode": "catmullrom"
						},
						"3.6": {
							"post": [-25.80209, -22.09574, -23.61591],
							"lerp_mode": "catmullrom"
						},
						"4.4667": {
							"post": [-26.42779, -21.32537, -21.92459],
							"lerp_mode": "catmullrom"
						},
						"4.6": {
							"post": [-20.88003, -27.95795, -23.38356],
							"lerp_mode": "catmullrom"
						},
						"4.7": {
							"post": [-13.29, -35, -31.65],
							"lerp_mode": "catmullrom"
						},
						"4.7667": {
							"post": [-7.08214, -39.04067, -40.65146],
							"lerp_mode": "catmullrom"
						},
						"4.8": {
							"post": [-4.53034, -42.10711, -40.64172],
							"lerp_mode": "catmullrom"
						},
						"4.9667": {
							"post": [-9.6791, -40.56442, -33.31033],
							"lerp_mode": "catmullrom"
						},
						"5.1": {
							"post": [-7.5921, -39.73003, -37.48158],
							"lerp_mode": "catmullrom"
						},
						"5.1667": {
							"post": [-15.61372, -37.31708, -24.62412],
							"lerp_mode": "catmullrom"
						},
						"5.2": {
							"post": [-10.19401, -38.49259, -33.45924],
							"lerp_mode": "catmullrom"
						},
						"5.3": {
							"post": [-10.47873, -36.44176, -27.0159],
							"lerp_mode": "catmullrom"
						},
						"5.4": {
							"post": [-5.42836, -33.76964, -25.99474],
							"lerp_mode": "catmullrom"
						},
						"5.5": {
							"post": [-19.91, -11.23, 17.39],
							"lerp_mode": "catmullrom"
						},
						"5.6": {
							"post": [-24.5, 8.05, 42.985],
							"lerp_mode": "catmullrom"
						},
						"5.7": {
							"post": [-27.70854, 19.80685, 56.03983],
							"lerp_mode": "catmullrom"
						},
						"5.9": {
							"post": [-31.09992, 23.39746, 57.95521],
							"lerp_mode": "catmullrom"
						},
						"6.1667": {
							"post": [-31.31454, 21.34838, 55.88084],
							"lerp_mode": "catmullrom"
						},
						"6.3333": {
							"post": [-32.145, 22.115, 56.075],
							"lerp_mode": "catmullrom"
						},
						"6.5": {
							"post": [-30.45855, 24.48886, 59.97187],
							"lerp_mode": "catmullrom"
						},
						"6.6667": {
							"post": [-29.99634, 24.32927, 59.56953],
							"lerp_mode": "catmullrom"
						},
						"6.9": {
							"post": [-29.99634, 24.32927, 59.56953],
							"lerp_mode": "catmullrom"
						},
						"7.1667": {
							"post": [-29.10299, 22.54257, 58.25939],
							"lerp_mode": "catmullrom"
						},
						"7.2667": {
							"post": [-25.27628, 15.66317, 51.43045],
							"lerp_mode": "catmullrom"
						},
						"7.3667": {
							"post": [-7.61838, 4.90189, 37.11753],
							"lerp_mode": "catmullrom"
						},
						"7.4667": {
							"post": [-0.08, -1.71, 21.05],
							"lerp_mode": "catmullrom"
						},
						"7.5667": {
							"post": [5.1, 0.6, 6.7],
							"lerp_mode": "catmullrom"
						},
						"7.6667": {
							"post": [0, 0, 0],
							"lerp_mode": "catmullrom"
						},
						"7.7": {
							"post": [-0.18955, -0.01562, 1.75184],
							"lerp_mode": "catmullrom"
						},
						"7.7667": {
							"post": [0, 0, -1.25],
							"lerp_mode": "catmullrom"
						},
						"7.8": {
							"post": [0.01, 0, 0.525],
							"lerp_mode": "catmullrom"
						},
						"7.9": {
							"post": [0, 0, 0],
							"lerp_mode": "catmullrom"
						}
					},
					"position": {
						"0.0": {
							"post": [0, 0, 0],
							"lerp_mode": "catmullrom"
						},
						"0.2": {
							"post": [-0.07, -1.25, -2],
							"lerp_mode": "catmullrom"
						},
						"0.3667": {
							"post": [0.05, 0, -2.475],
							"lerp_mode": "catmullrom"
						},
						"0.5": {
							"post": [-0.12, -0.34, -2.23],
							"lerp_mode": "catmullrom"
						},
						"0.7": {
							"post": [-0.135, -0.445, -2.24],
							"lerp_mode": "catmullrom"
						},
						"1.1667": {
							"post": [0, -0.05, -2.3],
							"lerp_mode": "catmullrom"
						},
						"1.4667": {
							"post": [-0.06, 0.08, -2.38],
							"lerp_mode": "catmullrom"
						},
						"1.7": {
							"post": [-0.05, 0.625, -2.575],
							"lerp_mode": "catmullrom"
						},
						"2.1667": {
							"post": [-0.02, 0.76, -2.75],
							"lerp_mode": "catmullrom"
						},
						"2.3": {
							"post": [-0.1, 0.47, -2.395],
							"lerp_mode": "catmullrom"
						},
						"2.6": {
							"post": [-1.075, -1.485, -0.295],
							"lerp_mode": "catmullrom"
						},
						"2.7667": {
							"post": [-1.02, -1.905, 0.035],
							"lerp_mode": "catmullrom"
						},
						"2.8667": {
							"post": [-0.97, -1.86, 0.03],
							"lerp_mode": "catmullrom"
						},
						"3.0": {
							"post": [-1, -1.75, 0.03],
							"lerp_mode": "catmullrom"
						},
						"3.2": {
							"post": [-1.275, -1.71, 0.03],
							"lerp_mode": "catmullrom"
						},
						"3.3667": {
							"post": [-1.905, -1.13, -0.1],
							"lerp_mode": "catmullrom"
						},
						"3.5": {
							"post": [-3.23, -1.68, -0.11],
							"lerp_mode": "catmullrom"
						},
						"3.7": {
							"post": [-3.95, -2.555, -0.1],
							"lerp_mode": "catmullrom"
						},
						"3.8667": {
							"post": [-4.36, -2.46, -0.1],
							"lerp_mode": "catmullrom"
						},
						"4.1": {
							"post": [-4.335, -2.345, -0.1],
							"lerp_mode": "catmullrom"
						},
						"4.3667": {
							"post": [-4.47, -2.45, -0.1],
							"lerp_mode": "catmullrom"
						},
						"4.4667": {
							"post": [-4.48, -2.28, -0.1],
							"lerp_mode": "catmullrom"
						},
						"4.6": {
							"post": [-3.91, -2.615, -0.1],
							"lerp_mode": "catmullrom"
						},
						"4.8": {
							"post": [-3.65, -0.885, -0.1],
							"lerp_mode": "catmullrom"
						},
						"4.9667": {
							"post": [-3.575, -1.065, -0.15],
							"lerp_mode": "catmullrom"
						},
						"5.1": {
							"post": [-3.5, -1.36, -0.1],
							"lerp_mode": "catmullrom"
						},
						"5.1667": {
							"post": [-3.4, -2.035, 0.125],
							"lerp_mode": "catmullrom"
						},
						"5.2667": {
							"post": [-3.4, -1.98, 0.13],
							"lerp_mode": "catmullrom"
						},
						"5.4": {
							"post": [-3.4, -2.135, 0.125],
							"lerp_mode": "catmullrom"
						},
						"5.5667": {
							"post": [-2.25, -3.19, 0.48],
							"lerp_mode": "catmullrom"
						},
						"5.7": {
							"post": [-2.14, -2.87, 0.74],
							"lerp_mode": "catmullrom"
						},
						"5.8667": {
							"post": [-2.28, -2.5, 0.85],
							"lerp_mode": "catmullrom"
						},
						"6.0": {
							"post": [-2.27, -2.23, 0.91],
							"lerp_mode": "catmullrom"
						},
						"6.1": {
							"post": [-2.26, -2.18, 0.9],
							"lerp_mode": "catmullrom"
						},
						"6.4": {
							"post": [-2.2, -2.215, 0.845],
							"lerp_mode": "catmullrom"
						},
						"6.7667": {
							"post": [-2.21, -2.22, 0.81],
							"lerp_mode": "catmullrom"
						},
						"7.1": {
							"post": [-2.25, -2.16, 0.63],
							"lerp_mode": "catmullrom"
						},
						"7.2667": {
							"post": [-2.32, -2.555, 0.325],
							"lerp_mode": "catmullrom"
						},
						"7.3667": {
							"post": [-2, -1.85, 0],
							"lerp_mode": "catmullrom"
						},
						"7.4667": {
							"post": [-1.15, -0.48, -0.335],
							"lerp_mode": "catmullrom"
						},
						"7.6": {
							"post": [0, -0.825, -0.79766],
							"lerp_mode": "catmullrom"
						},
						"7.6667": {
							"post": [0.07, -0.54, 0.26016],
							"lerp_mode": "catmullrom"
						},
						"7.7": {
							"post": [0, -0.2, 0.49063],
							"lerp_mode": "catmullrom"
						},
						"7.8": {
							"post": [0, -0.1, -0.22109],
							"lerp_mode": "catmullrom"
						},
						"7.9": {
							"post": [0, 0, 0.03125],
							"lerp_mode": "catmullrom"
						},
						"8.0667": {
							"post": [0, 0, 0],
							"lerp_mode": "catmullrom"
						}
					}
				},
				"mag_and_lefthand": {
					"rotation": {
						"2.9": [0, 0, 0],
						"3.0": [0, 0, 0],
						"3.2": [0, 0, 0],
						"3.3667": {
							"pre": [0, 0, 0],
							"post": [0, 0, 0],
							"lerp_mode": "catmullrom"
						},
						"3.5667": {
							"post": [-0.90904, -6.80041, 0.13291],
							"lerp_mode": "catmullrom"
						},
						"3.7667": {
							"post": [-5.57883, -11.04972, 3.16753],
							"lerp_mode": "catmullrom"
						},
						"4.1": {
							"post": [-8.72535, -7.91594, 6.98949],
							"lerp_mode": "catmullrom"
						},
						"4.3": {
							"post": [-9.3, -6.79, 3.9],
							"lerp_mode": "catmullrom"
						},
						"4.4": {
							"post": [-7.98585, -8.29756, -6.07368],
							"lerp_mode": "catmullrom"
						},
						"4.5": {
							"post": [-3.04649, -8.78819, -26.84748],
							"lerp_mode": "catmullrom"
						},
						"4.6": {
							"post": [-2.52626, -7.58991, -16.82727],
							"lerp_mode": "catmullrom"
						},
						"4.7667": [0, 0, 0],
						"4.8": [0, 0, 0],
						"4.9667": [-2, 0, 0],
						"5.0667": [-2, 0, 0],
						"5.1": [0, 0, 0],
						"5.1667": [0, 0, 0],
						"5.4": [0, 0, 0]
					},
					"position": {
						"2.9": [0, 0, 0],
						"3.0": [0, -1.77, 0.7],
						"3.2": [0, -1.77, 0.7],
						"3.3667": {
							"pre": [-0.06746, -5.22815, 2.11691],
							"post": [-0.06746, -5.22815, 2.11691],
							"lerp_mode": "catmullrom"
						},
						"3.5": {
							"post": [0.34734, -9.32727, 1.81573],
							"lerp_mode": "catmullrom"
						},
						"3.6667": {
							"post": [4.55678, -5.14159, 2.26016],
							"lerp_mode": "catmullrom"
						},
						"3.8": {
							"post": [5.7, -4.2, 1.8],
							"lerp_mode": "catmullrom"
						},
						"4.0": {
							"post": [5.71031, -3.96353, 1.7149],
							"lerp_mode": "catmullrom"
						},
						"4.3": {
							"post": [5.7, -4.2, 1.8],
							"lerp_mode": "catmullrom"
						},
						"4.4": {
							"post": [5.85056, -3.5115, 1.39282],
							"lerp_mode": "catmullrom"
						},
						"4.5": {
							"post": [4.07, -5.07, 1.89],
							"lerp_mode": "catmullrom"
						},
						"4.6": {
							"post": [2.44, -5.93, 1.97],
							"lerp_mode": "catmullrom"
						},
						"4.7667": [0, -5.225, 1.35],
						"4.8": [0, -5.225, 1.35],
						"4.9": [0, -5.42, 1.65],
						"4.9667": [0, -5.275, 1.625],
						"5.0667": [0, -5.1, 1.725],
						"5.1": [0, -4.775, 1.925],
						"5.1667": [0, 0, 0],
						"5.4": [0, 0, 0]
					}
				},
				"lefthand": {
					"rotation": {
						"0.1": [104.41741, -8.06723, -198.01172],
						"0.4": [87.62337, -68.8105, -142.85198],
						"2.2": [87.62, -68.81, -142.85],
						"2.2667": [93.59837, -68.8105, -142.85198],
						"2.5333": [120.62851, -8.48775, -193.60482],
						"2.7": [121.50104, -15.34359, -197.8213],
						"2.8": [120.99754, -11.92351, -195.6864],
						"2.9": [120.99754, -11.92351, -195.6864],
						"3.0": [121.94422, -10.72244, -204.85217],
						"3.1667": [102.33, -14.63, -197.84],
						"5.3333": [102.33, -14.63, -197.84],
						"5.6": [92.6122, -32.93456, -181.06149],
						"5.7667": [81.16, -32.93, -181.06],
						"7.2667": [81.16, -32.93, -181.06],
						"7.4667": [104.41741, -8.06723, -198.01172]
					},
					"position": {
						"0.1": [8, -10.3, -6.3],
						"0.4": [6.625, -11.075, -7],
						"2.2": [6.63, -11.07, -7],
						"2.2667": [6.625, -11.075, -7],
						"2.4": [8.06, -12.73, -6],
						"2.5333": [9.48668, -12.39341, -5.00641],
						"2.7": [9.14105, -10.98283, -4.74036],
						"2.9": [9.14105, -10.98283, -4.74036],
						"3.1": [10.165, -16.62, -3.89],
						"3.1667": [9.4, -17.5, -3.6],
						"5.3333": [9.4, -17.5, -3.6],
						"5.5": [7.93, -11.78, -4.66],
						"5.6": [7.3, -10.3, -5],
						"5.7667": [7.3, -10.3, -5],
						"7.2667": [7.3, -10.3, -5],
						"7.4667": [8, -10.3, -6.3]
					},
					"scale": [1, 1.5, 1]
				},
				"bullet": {
					"scale": 0
				},
				"bullet_in_mag": {
					"scale": 0
				},
				"righthand": {
					"rotation": [97.52832, -355.04288, -179.34574],
					"position": [-6.8, -10, 3],
					"scale": [1, 1.5, 1]
				},
				"bolt_cover": {
					"position": [0, 0, 1.5]
				},
				"camera": {
					"rotation": {
						"0.0": {
							"post": [0, 0, 0],
							"lerp_mode": "catmullrom"
						},
						"0.4667": {
							"post": [2.375, 0.3, -0.4],
							"lerp_mode": "catmullrom"
						},
						"0.6667": {
							"post": [3.085, 0.37, -0.23],
							"lerp_mode": "catmullrom"
						},
						"0.9": {
							"post": [3, 0.4, -0.5],
							"lerp_mode": "catmullrom"
						},
						"1.4": {
							"post": [3.175, 0.4, -0.5],
							"lerp_mode": "catmullrom"
						},
						"1.9": {
							"post": [0.5, -0.8, -0.7],
							"lerp_mode": "catmullrom"
						},
						"2.3": {
							"post": [-0.7, -0.7, -0.7],
							"lerp_mode": "catmullrom"
						},
						"2.6667": {
							"post": [1.1, 0.425, -0.4],
							"lerp_mode": "catmullrom"
						},
						"2.7667": {
							"post": [1.4, 0.51, -0.09],
							"lerp_mode": "catmullrom"
						},
						"2.8667": {
							"post": [1.44, 0.46, -0.32],
							"lerp_mode": "catmullrom"
						},
						"3.2": {
							"post": [1.5, 0.26, -0.17],
							"lerp_mode": "catmullrom"
						},
						"3.3667": {
							"post": [2.8, 0.05, -1.55],
							"lerp_mode": "catmullrom"
						},
						"3.5667": {
							"post": [2.895, -0.55, -1.415],
							"lerp_mode": "catmullrom"
						},
						"3.8": {
							"post": [4.125, -1.3, -1.6],
							"lerp_mode": "catmullrom"
						},
						"4.2667": {
							"post": [4.315, -1.34, -1.54],
							"lerp_mode": "catmullrom"
						},
						"4.3667": {
							"post": [4.11, -1.19, -0.725],
							"lerp_mode": "catmullrom"
						},
						"4.6": {
							"post": [0.6, -0.4, -0.6],
							"lerp_mode": "catmullrom"
						},
						"4.7": {
							"post": [0.325, -0.17, 0.045],
							"lerp_mode": "catmullrom"
						},
						"4.8": {
							"post": [0.11, 0.02, -0.17],
							"lerp_mode": "catmullrom"
						},
						"4.9667": {
							"post": [-0.2, 0.3, 0],
							"lerp_mode": "catmullrom"
						},
						"5.1": {
							"post": [-0.18, 0.31, -0.12],
							"lerp_mode": "catmullrom"
						},
						"5.1667": {
							"post": [0.825, 0.3, -1.01],
							"lerp_mode": "catmullrom"
						},
						"5.2667": {
							"post": [-0.23, 0.26, 0.475],
							"lerp_mode": "catmullrom"
						},
						"5.3667": {
							"post": [-0.48, 0.24, -0.42],
							"lerp_mode": "catmullrom"
						},
						"5.5": {
							"post": [0.4, 0.3, -0.4],
							"lerp_mode": "catmullrom"
						},
						"5.7667": {
							"post": [2.81, 0.855, 1.24],
							"lerp_mode": "catmullrom"
						},
						"5.8667": {
							"post": [3.65, 1.075, 1.875],
							"lerp_mode": "catmullrom"
						},
						"6.1": {
							"post": [4.175, 1.2, 2.275],
							"lerp_mode": "catmullrom"
						},
						"6.6667": {
							"post": [4.575, 0.9, 2],
							"lerp_mode": "catmullrom"
						},
						"7.0667": {
							"post": [4.515, 1.13, 2.08],
							"lerp_mode": "catmullrom"
						},
						"7.3667": {
							"post": [2.805, 0.52, 1],
							"lerp_mode": "catmullrom"
						},
						"7.5667": {
							"post": [-0.1, 0, -0.3],
							"lerp_mode": "catmullrom"
						},
						"7.6667": {
							"post": [0.575, 0, 0.775],
							"lerp_mode": "catmullrom"
						},
						"7.7667": {
							"post": [-0.1, 0, -0.325],
							"lerp_mode": "catmullrom"
						},
						"7.9": {
							"post": [0.00156, 0, 0.03516],
							"lerp_mode": "catmullrom"
						},
						"8.1667": {
							"post": [-0.1, 0, 0],
							"lerp_mode": "catmullrom"
						}
					},
					"position": [0, 0, 0]
				},
				"release": {
					"rotation": [0, -8, 0],
					"position": [0.15, 0, 0]
				}
			},
			"sound_effects": {
				"0.1667": {
					"effect": "tacz:victor45/victor_inspect_raise"
				},
				"1.4": {
					"effect": "tacz:victor45/victor_inspect_moveclose"
				},
				"2.1667": {
					"effect": "tacz:victor45/victor_inspect_lower"
				},
				"2.8667": {
					"effect": "tacz:victor45/victor_inspect_magout"
				},
				"4.1667": {
					"effect": "tacz:victor45/victor_reload_drum_rattle"
				},
				"4.7": {
					"effect": "tacz:victor45/victor_inspect_maghit"
				},
				"5.1": {
					"effect": "tacz:victor45/victor_inspect_magin"
				},
				"5.4667": {
					"effect": "tacz:victor45/victor_inspect_rotate"
				},
				"7.1": {
					"effect": "tacz:victor45/victor_inspect_end"
				}
			}
		},
		"run": {
			"loop": true,
			"animation_length": 0.8,
			"bones": {
				"root": {
					"rotation": {
						"0.0": [-68.73, -5.5, -3.14],
						"0.05": [-68.99, -7.39, -3.57],
						"0.1": [-69.36, -9.11, -3.81],
						"0.15": [-69.45, -10.1, -3.75],
						"0.2": [-68.82, -9.82, -3.09],
						"0.25": [-67.92, -8.81, -2.13],
						"0.3": [-67.68, -8.15, -1.7],
						"0.35": [-68.9, -8.72, -2.46],
						"0.4": [-70.77, -9.63, -3.74],
						"0.45": [-71.87, -9.32, -4.34],
						"0.5": [-71.58, -7.25, -3.75],
						"0.55": [-70.7, -4.07, -2.59],
						"0.6": [-69.68, -1.04, -1.42],
						"0.65": [-68.98, 0.57, -0.8],
						"0.7": [-68.67, -0.33, -1.21],
						"0.75": [-68.65, -3, -2.27],
						"0.8": [-68.73, -5.5, -3.14]
					},
					"position": {
						"0.0": [-3.64, -0.38, -0.64],
						"0.05": [-3.63, -0.52, -0.64],
						"0.1": [-3.66, -0.87, -0.64],
						"0.15": [-3.67, -1.23, -0.64],
						"0.2": [-3.64, -1.38, -0.64],
						"0.25": [-3.52, -1.18, -0.64],
						"0.3": [-3.34, -0.78, -0.64],
						"0.35": [-3.19, -0.39, -0.64],
						"0.4": [-3.14, -0.23, -0.64],
						"0.45": [-3.26, -0.47, -0.64],
						"0.5": [-3.5, -0.94, -0.64],
						"0.55": [-3.74, -1.42, -0.64],
						"0.6": [-3.89, -1.64, -0.64],
						"0.65": [-3.89, -1.46, -0.64],
						"0.7": [-3.81, -1.04, -0.64],
						"0.75": [-3.71, -0.6, -0.64],
						"0.8": [-3.64, -0.38, -0.64]
					}
				},
				"lefthand_pos": {
					"position": [-14, -25, 15.5],
					"scale": 0
				},
				"camera": {
					"rotation": {
						"0.0": [0, 0, 0],
						"0.05": [0.09, 0, 0.15],
						"0.1": [0.13, 0, 0.25],
						"0.15": [-0.07, 0, 0.07],
						"0.2": [-0.25, 0, -0.12],
						"0.25": [-0.15, 0, -0.09],
						"0.3": [0, 0, 0],
						"0.35": [0.02, 0, 0.02],
						"0.4": [0, 0, 0],
						"0.45": [-0.01, 0, -0.08],
						"0.5": [0, 0, -0.12],
						"0.55": [0.08, 0, 0],
						"0.6": [0.13, 0, 0.13],
						"0.65": [0, 0, 0.08],
						"0.7": [-0.12, 0, 0],
						"0.75": [-0.09, 0, -0.02],
						"0.8": [0, 0, 0]
					}
				}
			}
		},
		"run_start": {
			"animation_length": 0.55,
			"bones": {
				"root": {
					"rotation": {
						"0.0": [0, 0, 0],
						"0.05": [2.8, -0.48, 3.97],
						"0.1": [5.79, -1.19, 9.23],
						"0.15": [1.73, -2.05, 11.57],
						"0.2": [-10.48, -2.9, 9.39],
						"0.25": [-28.47, -3.91, 4.94],
						"0.3": [-46.79, -4.85, 0.12],
						"0.35": [-59.98, -5.5, -3.14],
						"0.4": [-66.1, -5.75, -4.18],
						"0.45": [-68.22, -5.72, -4.06],
						"0.5": [-68.4, -5.59, -3.49],
						"0.55": [-68.73, -5.5, -3.14]
					},
					"position": {
						"0.0": [0, 0, 0],
						"0.05": [0.06, -0.64, -0.32],
						"0.1": [0.17, -1.58, -0.79],
						"0.15": [0.17, -2.44, -1.22],
						"0.2": [-0.09, -2.83, -1.45],
						"0.25": [-1.13, -2.25, -1.28],
						"0.3": [-2.54, -1.06, -0.83],
						"0.35": [-3.57, -0.19, -0.51],
						"0.4": [-3.83, -0.04, -0.47],
						"0.45": [-3.82, -0.12, -0.51],
						"0.5": [-3.71, -0.28, -0.59],
						"0.55": [-3.64, -0.38, -0.64]
					}
				},
				"lefthand_pos": {
					"position": {
						"0.0": [0, 0, 0],
						"0.1": [-7.17, -3.67, 0],
						"0.2": [-11.83, -12.08, 2],
						"0.3": [-14, -25, 15.5]
					},
					"scale": {
						"0.2": [1, 1, 1],
						"0.3": [0, 0, 0]
					}
				},
				"camera": {
					"rotation": {
						"0.0": {
							"post": [0, 0, 0],
							"lerp_mode": "catmullrom"
						},
						"0.1": {
							"post": [0.75, 0, -0.5],
							"lerp_mode": "catmullrom"
						},
						"0.2": {
							"post": [-0.25, 0, 0.1875],
							"lerp_mode": "catmullrom"
						},
						"0.3": {
							"post": [0, 0, 0],
							"lerp_mode": "catmullrom"
						},
						"0.4": {
							"post": [0, 0, 0],
							"lerp_mode": "catmullrom"
						}
					}
				}
			}
		},
		"run_hold": {
			"animation_length": 0.2917,
			"bones": {
				"root": {
					"rotation": [-68.73314, -5.50468, -3.14473],
					"position": [-3.64, -0.38, -0.64]
				},
				"lefthand_pos": {
					"position": [-14, -25, 15.5],
					"scale": 0
				}
			}
		},
		"run_end": {
			"animation_length": 0.65,
			"bones": {
				"root": {
					"rotation": {
						"0.0": [-68.73, -5.5, -3.14],
						"0.05": [-55.61, -4.21, 0.37],
						"0.1": [-36.44, -2.32, 5.59],
						"0.15": [-17.16, -0.44, 10.34],
						"0.2": [-3.66, 0.81, 12.47],
						"0.25": [1.72, 1.17, 10.52],
						"0.3": [2.4, 1, 5.92],
						"0.35": [1.03, 0.62, 0.91],
						"0.4": [0.28, 0.35, -2.3],
						"0.45": [0.49, 0.21, -2.71],
						"0.5": [0.23, 0.09, -1.23],
						"0.55": [0, 0, 0],
						"0.6": [-0.02, -0.02, 0.14],
						"0.65": [0, 0, 0]
					},
					"position": {
						"0.0": [-3.64, -0.38, -0.64],
						"0.05": [-2.73, -1.11, -1.21],
						"0.1": [-1.47, -2.08, -1.96],
						"0.15": [-0.5, -2.5, -2.25],
						"0.2": [-0.17, -2.06, -1.84],
						"0.25": [-0.04, -1.17, -1.06],
						"0.3": [-0.01, -0.24, -0.23],
						"0.35": [0.02, 0.37, 0.3],
						"0.4": [0.06, 0.47, 0.4],
						"0.45": [0.05, 0.22, 0.18],
						"0.5": [0.03, 0.01, -0.01],
						"0.55": [0.02, -0.02, -0.03],
						"0.6": [0.01, -0.01, -0.01],
						"0.65": [0, 0, 0]
					}
				},
				"lefthand_pos": {
					"position": {
						"0.0": [-14, -25, 15.5],
						"0.1": [-11.83, -12.08, 2],
						"0.2": [-7.17, -3.67, 0],
						"0.3": [0, 0, 0]
					},
					"scale": {
						"0.15": [0, 0, 0],
						"0.2": [1, 1, 1]
					}
				},
				"camera": {
					"rotation": {
						"0.25": {
							"pre": [0, 0, 0],
							"post": [0, 0, 0],
							"lerp_mode": "catmullrom"
						},
						"0.3": {
							"post": [0, 0, 0.3],
							"lerp_mode": "catmullrom"
						},
						"0.35": {
							"post": [0, 0, -0.125],
							"lerp_mode": "catmullrom"
						},
						"0.45": {
							"post": [0, 0, 0],
							"lerp_mode": "catmullrom"
						}
					}
				}
			}
		}
	}
}