{
  "ammo": "tacz:308",
  "ammo_amount": 20,
  "extended_mag_ammo_amount": [
    25,
    30,
    35
  ],
  "script": "tacz:xmag_reload_logic",
  "script_param": {
    "reload_feed": 1.43,
    "reload_cooldown": 2.1,
    "empty_feed": 2.53,
    "empty_cooldown": 2.8,
    "reload_xmag_1_feed": 1.5,
    "reload_xmag_1_cooldown": 2.27,
    "empty_xmag_1_feed": 3.13,
    "empty_xmag_1_cooldown": 3.47,
    "reload_xmag_2_feed": 1.5,
    "reload_xmag_2_cooldown": 2.27,
    "empty_xmag_2_feed": 3.13,
    "empty_xmag_2_cooldown": 3.47,
    "reload_xmag_3_feed": 1.5,
    "reload_xmag_3_cooldown": 2.27,
    "empty_xmag_3_feed": 3.13,
    "empty_xmag_3_cooldown": 3.47
  },
  "can_crawl": true,
  "can_slide": true,
  "bolt": "closed_bolt",
  "rpm": 300,
  "bullet": {
    "life": 0.8,
    "bullet_amount": 1,
    "damage": 13,
    "tracer_count_interval": 0,
    "extra_damage": {
      "armor_ignore": 0.40,
      "head_shot_multiplier": 1.8,
      "damage_adjust": [
        {"distance": 45, "damage": 13},
        {"distance": 90, "damage": 9.5},
        {"distance": "infinite", "damage": 8}
      ]
    },
    "speed": 290,
    "gravity": 0.15,
    "knockback": 0,
    "friction": 0.02,
    "ignite": {
      "entity": false,
      "block": false
    },
    "ignite_entity_time": 2,
    "pierce": 1
  },
  "fire_sound": {
    "fire_multiplier": 1.0,
    "silence_multiplier": 1.0
  },
  "reload": {
    "type": "magazine",
    "infinite": false,
    "feed": {
      "empty": 2.53,
      "tactical": 1.43
    },
    "cooldown": {
      "empty": 2.8,
      "tactical": 2.1
    }
  },
  "draw_time": 0.42,
  "put_away_time": 0.63,
  "aim_time": 0.2,
  "sprint_time": 0.2,
  "weight": 4.7,
  "movement_speed": {
    "base": 0.0,
    "aim": -0.2,
    "reload": -0.15
  },
  "fire_mode": [
    "semi",
    "auto"
  ],
  "fire_mode_adjust": {
    "auto": {
      // 加算，全自动模式的开火数值调整，如无调整可不写
      "damage": -3,
      "rpm": 350,
      "speed": 0,
      "knockback": 0,
      "armor_ignore": -0.1,
      "head_shot_multiplier": -0.3,
      "aim_inaccuracy": 0.1,
      "other_inaccuracy": 0.3
    }
  },
  "crawl_recoil_multiplier": 0.5,
  "recoil": {
    "pitch": [
      {"time": 0, "value": [1.55, 1.75]},
      {"time": 0.05, "value": [1.75, 1.8]},
      {"time": 0.12, "value": [1.4, 1.5]},
      {"time": 0.25, "value": [-0.1, -0.05]},
      {"time": 0.5, "value": [0, 0]},
      {"time": 0.7, "value": [0.15, 0.25]},
      {"time": 0.9, "value": [0, 0]}
    ],
    "yaw": [
      {"time": 0, "value": [-0.5, 0.5]},
      {"time": 0.25, "value": [0, 0]}
    ]
  },
  "hurt_bob_tweak_multiplier": 0.05,
  "inaccuracy": {
    "stand": 6,
    "move": 6.5,
    "sneak": 2.5,
    "lie": 1.5,
    "aim": 0.10
  },
  "melee": {
    "distance": 1,
    "cooldown": 0.7,
    "default": {
      "animation_type": "melee_push",
      "distance": 1,
      "range_angle": 40,
      "cooldown": 0,
      "damage": 1,
      "knockback": 0.5,
      "prep": 0.1
    }
  },
  "allow_attachment_types": [
    "scope",
    "laser",
    "grip",
    "muzzle",
    "extended_mag"
  ]
}
