{
	"format_version": "1.12.0",
	"minecraft:geometry": [
		{
			"description": {
				"identifier": "geometry.10mm_shell",
				"texture_width": 16,
				"texture_height": 16,
				"visible_bounds_width": 2,
				"visible_bounds_height": 1.5,
				"visible_bounds_offset": [0, 0.25, 0]
			},
			"bones": [
				{
					"name": "45",
					"pivot": [0, 0, 0],
					"cubes": [
						{
							"origin": [-0.175, -0.175, 0.35],
							"size": [0.35, 0.35, 0.075],
							"uv": {
								"north": {"uv": [0.5, 8.5], "uv_size": [-0.5, -0.5]},
								"east": {"uv": [4, 6], "uv_size": [0.5, 0.5]},
								"south": {"uv": [8.5, 0], "uv_size": [-0.5, 0.5]},
								"west": {"uv": [6, 6], "uv_size": [0.5, 0.5]},
								"up": {"uv": [6.5, 4.5], "uv_size": [-0.5, -0.5]},
								"down": {"uv": [6.5, 2.5], "uv_size": [-0.5, -0.5]}
							}
						},
						{
							"origin": [-0.25, -0.25, 0.425],
							"size": [0.5, 0.5, 0.075],
							"uv": {
								"north": {"uv": [6.5, 0.5], "uv_size": [-0.5, -0.5]},
								"east": {"uv": [4, 2], "uv_size": [0.5, 0.5]},
								"south": {"uv": [2.5, 6], "uv_size": [-0.5, 0.5]},
								"west": {"uv": [0, 6], "uv_size": [0.5, 0.5]},
								"up": {"uv": [4.5, 4.5], "uv_size": [-0.5, -0.5]},
								"down": {"uv": [2.5, 4.5], "uv_size": [-0.5, -0.5]}
							}
						},
						{
							"origin": [-0.25, -0.25, -0.575],
							"size": [0.5, 0.5, 0.925],
							"uv": {
								"north": {"uv": [0.5, 4.5], "uv_size": [-0.5, -0.5]},
								"east": {"uv": [0, 2], "uv_size": [0.5, 1]},
								"south": {"uv": [4.5, 0], "uv_size": [-0.5, 0.5]},
								"west": {"uv": [2, 2], "uv_size": [0.5, 1]},
								"up": {"uv": [2.5, 1], "uv_size": [-0.5, -1]},
								"down": {"uv": [0.5, 1], "uv_size": [-0.5, -1]}
							}
						}
					]
				}
			]
		}
	]
}