{
	"format_version": "1.12.0",
	"minecraft:geometry": [
		{
			"description": {
				"identifier": "geometry.12g_shell",
				"texture_width": 8,
				"texture_height": 8,
				"visible_bounds_width": 2,
				"visible_bounds_height": 1.5,
				"visible_bounds_offset": [0, 0.25, 0]
			},
			"bones": [
				{
					"name": "12g",
					"pivot": [0.0268, -0.3217, 0.545]
				},
				{
					"name": "shell_illuminated",
					"parent": "12g",
					"pivot": [-0.625, -9.075, -1.425],
					"cubes": [
						{
							"origin": [-0.15533, -0.325, -0.925],
							"size": [0.31066, 0.75, 2.5],
							"pivot": [0, 0.05, 1.075],
							"rotation": [0, 0, -45],
							"uv": {
								"north": {"uv": [1, 4], "uv_size": [0.5, 1]},
								"up": {"uv": [0, 0], "uv_size": [0.5, 2.5]},
								"down": {"uv": [1, 2.5], "uv_size": [0.5, -2.5]}
							}
						},
						{
							"origin": [-0.15533, -0.325, -0.925],
							"size": [0.31066, 0.75, 2.5],
							"uv": {
								"north": {"uv": [2, 4], "uv_size": [0.5, 1]},
								"up": {"uv": [2, 0], "uv_size": [0.5, 2.5]},
								"down": {"uv": [0, 5.5], "uv_size": [0.5, -2.5]}
							}
						},
						{
							"origin": [-0.375, -0.10533, -0.925],
							"size": [0.75, 0.31066, 2.5],
							"pivot": [0, 0.05, 1.075],
							"rotation": [0, 0, -45],
							"uv": {
								"north": {"uv": [3, 4], "uv_size": [1, 0.5]},
								"east": {"uv": [3, 0], "uv_size": [2.5, 0.5]},
								"west": {"uv": [1, 3], "uv_size": [2.5, 0.5]}
							}
						},
						{
							"origin": [-0.375, -0.10533, -0.925],
							"size": [0.75, 0.31066, 2.5],
							"uv": {
								"north": {"uv": [4, 3], "uv_size": [1, 0.5]},
								"east": {"uv": [3, 1], "uv_size": [2.5, 0.5]},
								"west": {"uv": [3, 2], "uv_size": [2.5, 0.5]}
							}
						}
					]
				},
				{
					"name": "bone2",
					"parent": "12g",
					"pivot": [-0.625, -9.075, -1.425],
					"cubes": [
						{
							"origin": [-0.18122, -0.3875, 1.575],
							"size": [0.36244, 0.875, 0.125],
							"pivot": [0, 0.05, 2.075],
							"rotation": [0, 0, -45],
							"uv": {
								"north": {"uv": [4, 4], "uv_size": [0.5, 1]},
								"south": {"uv": [1, 5], "uv_size": [0.5, 1]},
								"up": {"uv": [0, 6], "uv_size": [0.5, 0.5]},
								"down": {"uv": [6, 0.5], "uv_size": [0.5, -0.5]}
							}
						},
						{
							"origin": [-0.4375, -0.13122, 1.575],
							"size": [0.875, 0.36244, 0.125],
							"pivot": [0, 0.05, 2.075],
							"rotation": [0, 0, -45],
							"uv": {
								"north": {"uv": [2, 5], "uv_size": [1, 0.5]},
								"east": {"uv": [1, 6], "uv_size": [0.5, 0.5]},
								"south": {"uv": [3, 5], "uv_size": [1, 0.5]},
								"west": {"uv": [6, 1], "uv_size": [0.5, 0.5]}
							}
						},
						{
							"origin": [-0.4375, -0.13122, 1.575],
							"size": [0.875, 0.36244, 0.125],
							"uv": {
								"north": {"uv": [5, 3], "uv_size": [1, 0.5]},
								"east": {"uv": [2, 6], "uv_size": [0.5, 0.5]},
								"south": {"uv": [4, 5], "uv_size": [1, 0.5]},
								"west": {"uv": [6, 2], "uv_size": [0.5, 0.5]}
							}
						},
						{
							"origin": [-0.18122, -0.3875, 1.575],
							"size": [0.36244, 0.875, 0.125],
							"uv": {
								"north": {"uv": [5, 4], "uv_size": [0.5, 1]},
								"south": {"uv": [5, 5], "uv_size": [0.5, 1]},
								"up": {"uv": [3, 6], "uv_size": [0.5, 0.5]},
								"down": {"uv": [6, 3.5], "uv_size": [0.5, -0.5]}
							}
						}
					]
				}
			]
		}
	]
}