{
	"format_version": "1.12.0",
	"minecraft:geometry": [
		{
			"description": {
				"identifier": "geometry.12g_shell",
				"texture_width": 8,
				"texture_height": 8,
				"visible_bounds_width": 2,
				"visible_bounds_height": 1.5,
				"visible_bounds_offset": [0, 0.25, 0]
			},
			"bones": [
				{
					"name": "12g",
					"pivot": [0, 0.01875, 1.3],
					"rotation": [90, 0, 0],
					"cubes": [
						{
							"origin": [-0.375, -0.575, 0.925],
							"size": [0.75, 2.5, 0.75],
							"uv": {
								"north": {"uv": [0, 0], "uv_size": [0.75, 2.5]},
								"east": {"uv": [1, 0], "uv_size": [0.75, 2.5]},
								"south": {"uv": [2, 0], "uv_size": [0.75, 2.5]},
								"west": {"uv": [0, 3], "uv_size": [0.75, 2.5]},
								"up": {"uv": [3, 1], "uv_size": [0.75, 0.75]},
								"down": {"uv": [2, 3.75], "uv_size": [0.75, -0.75]}
							}
						},
						{
							"origin": [-0.4375, -0.7, 0.8625],
							"size": [0.875, 0.125, 0.875],
							"uv": {
								"north": {"uv": [3, 2], "uv_size": [0.875, 0.125]},
								"east": {"uv": [3, 3], "uv_size": [0.875, 0.125]},
								"south": {"uv": [4, 0], "uv_size": [0.875, 0.125]},
								"west": {"uv": [1, 4], "uv_size": [0.875, 0.125]},
								"up": {"uv": [3, 0], "uv_size": [0.875, 0.875]},
								"down": {"uv": [1, 3.875], "uv_size": [0.875, -0.875]}
							}
						}
					]
				}
			]
		}
	]
}