{
	"format_version": "1.12.0",
	"minecraft:geometry": [
		{
			"description": {
				"identifier": "geometry.Thunder_rounds",
				"texture_width": 16,
				"texture_height": 16,
				"visible_bounds_width": 2,
				"visible_bounds_height": 1.5,
				"visible_bounds_offset": [0, 0.25, 0]
			},
			"bones": [
				{
					"name": "thndr_rnd",
					"pivot": [0.25, -10.9, -0.075],
					"cubes": [
						{
							"origin": [-0.075, -0.09062, -0.59062],
							"size": [0.25, 0.25, 0.375],
							"uv": {
								"north": {"uv": [5, 0], "uv_size": [0.25, 0.25]},
								"east": {"uv": [1, 4], "uv_size": [0.375, 0.25]},
								"south": {"uv": [1, 5], "uv_size": [0.25, 0.25]},
								"west": {"uv": [4, 1], "uv_size": [0.375, 0.25]},
								"up": {"uv": [2, 4], "uv_size": [0.25, 0.375]},
								"down": {"uv": [4, 2.375], "uv_size": [0.25, -0.375]}
							}
						},
						{
							"origin": [-0.1375, -0.09062, -0.21562],
							"size": [0.375, 0.25, 0.90625],
							"uv": {
								"north": {"uv": [3, 4], "uv_size": [0.375, 0.25]},
								"east": {"uv": [2, 2], "uv_size": [0.875, 0.25]},
								"south": {"uv": [4, 3], "uv_size": [0.375, 0.25]},
								"west": {"uv": [0, 3], "uv_size": [0.875, 0.25]},
								"up": {"uv": [0, 2], "uv_size": [0.375, 0.875]},
								"down": {"uv": [2, 0.875], "uv_size": [0.375, -0.875]}
							}
						},
						{
							"origin": [-0.075, -0.30029, -0.29695],
							"size": [0.25, 0.08211, 0.18519],
							"pivot": [0.05, 0.03438, 0.20625],
							"rotation": [-22.5, 0, 0],
							"uv": {
								"north": {"uv": [1, 6], "uv_size": [0.25, 0.125]},
								"east": {"uv": [7, 4], "uv_size": [0.125, 0.125]},
								"south": {"uv": [6, 1], "uv_size": [0.25, 0.125]},
								"west": {"uv": [5, 7], "uv_size": [0.125, 0.125]},
								"up": {"uv": [2, 6], "uv_size": [0.25, 0.125]},
								"down": {"uv": [6, 2.125], "uv_size": [0.25, -0.125]}
							}
						},
						{
							"origin": [-0.17097, -0.00982, -0.21562],
							"size": [0.44194, 0.08839, 0.90625],
							"pivot": [0.05, 0.03438, 0.20625],
							"rotation": [0, 0, 45],
							"uv": {
								"north": {"uv": [5, 1], "uv_size": [0.5, 0.125]},
								"east": {"uv": [3, 2], "uv_size": [0.875, 0.125]},
								"south": {"uv": [2, 5], "uv_size": [0.5, 0.125]},
								"west": {"uv": [3, 3], "uv_size": [0.875, 0.125]},
								"up": {"uv": [0, 0], "uv_size": [0.5, 0.875]},
								"down": {"uv": [0, 1.875], "uv_size": [0.5, -0.875]}
							}
						},
						{
							"origin": [-0.075, -0.15312, -0.21562],
							"size": [0.25, 0.375, 0.90625],
							"uv": {
								"north": {"uv": [4, 4], "uv_size": [0.25, 0.375]},
								"east": {"uv": [1, 2], "uv_size": [0.875, 0.375]},
								"south": {"uv": [0, 5], "uv_size": [0.25, 0.375]},
								"west": {"uv": [2, 1], "uv_size": [0.875, 0.375]},
								"up": {"uv": [3, 0], "uv_size": [0.25, 0.875]},
								"down": {"uv": [1, 3.875], "uv_size": [0.25, -0.875]}
							}
						},
						{
							"origin": [0.00581, -0.1866, -0.21562],
							"size": [0.08838, 0.44195, 0.90625],
							"pivot": [0.05, 0.03438, 0.20625],
							"rotation": [0, 0, 45],
							"uv": {
								"north": {"uv": [5, 2], "uv_size": [0.125, 0.5]},
								"east": {"uv": [1, 0], "uv_size": [0.875, 0.5]},
								"south": {"uv": [3, 5], "uv_size": [0.125, 0.5]},
								"west": {"uv": [1, 1], "uv_size": [0.875, 0.5]},
								"up": {"uv": [0, 4], "uv_size": [0.125, 0.875]},
								"down": {"uv": [4, 0.875], "uv_size": [0.125, -0.875]}
							}
						},
						{
							"origin": [-0.075, 0.28693, -0.29695],
							"size": [0.25, 0.08211, 0.18519],
							"pivot": [0.05, 0.03438, 0.20625],
							"rotation": [22.5, 0, 0],
							"uv": {
								"north": {"uv": [3, 6], "uv_size": [0.25, 0.125]},
								"east": {"uv": [7, 5], "uv_size": [0.125, 0.125]},
								"south": {"uv": [6, 3], "uv_size": [0.25, 0.125]},
								"west": {"uv": [6, 7], "uv_size": [0.125, 0.125]},
								"up": {"uv": [4, 6], "uv_size": [0.25, 0.125]},
								"down": {"uv": [6, 4.125], "uv_size": [0.25, -0.125]}
							}
						},
						{
							"origin": [0.30255, -0.09062, -0.29695],
							"size": [0.08212, 0.25, 0.18519],
							"pivot": [0.05, 0.03438, 0.20625],
							"rotation": [0, 22.5, 0],
							"uv": {
								"north": {"uv": [5, 6], "uv_size": [0.125, 0.25]},
								"east": {"uv": [6, 5], "uv_size": [0.125, 0.25]},
								"south": {"uv": [6, 6], "uv_size": [0.125, 0.25]},
								"west": {"uv": [0, 7], "uv_size": [0.125, 0.25]},
								"up": {"uv": [7, 6], "uv_size": [0.125, 0.125]},
								"down": {"uv": [7, 7.125], "uv_size": [0.125, -0.125]}
							}
						},
						{
							"origin": [-0.28467, -0.09062, -0.29695],
							"size": [0.08212, 0.25, 0.18519],
							"pivot": [0.05, 0.03438, 0.20625],
							"rotation": [0, -22.5, 0],
							"uv": {
								"north": {"uv": [7, 0], "uv_size": [0.125, 0.25]},
								"east": {"uv": [1, 7], "uv_size": [0.125, 0.25]},
								"south": {"uv": [7, 1], "uv_size": [0.125, 0.25]},
								"west": {"uv": [2, 7], "uv_size": [0.125, 0.25]},
								"up": {"uv": [0, 8], "uv_size": [0.125, 0.125]},
								"down": {"uv": [8, 0.125], "uv_size": [0.125, -0.125]}
							}
						},
						{
							"origin": [-0.1375, -0.15312, 0.78438],
							"size": [0.375, 0.375, 0.0625],
							"uv": {
								"north": {"uv": [3, 1], "uv_size": [0.375, 0.375]},
								"east": {"uv": [5, 4], "uv_size": [0.125, 0.375]},
								"south": {"uv": [2, 3], "uv_size": [0.375, 0.375]},
								"west": {"uv": [5, 5], "uv_size": [0.125, 0.375]},
								"up": {"uv": [0, 6], "uv_size": [0.375, 0.125]},
								"down": {"uv": [6, 0.125], "uv_size": [0.375, -0.125]}
							}
						},
						{
							"origin": [-0.09063, -0.10625, 0.69063],
							"size": [0.28125, 0.28125, 0.09375],
							"uv": {
								"north": {"uv": [5, 3], "uv_size": [0.25, 0.25]},
								"east": {"uv": [7, 2], "uv_size": [0.125, 0.25]},
								"south": {"uv": [4, 5], "uv_size": [0.25, 0.25]},
								"west": {"uv": [3, 7], "uv_size": [0.125, 0.25]},
								"up": {"uv": [7, 3], "uv_size": [0.25, 0.125]},
								"down": {"uv": [4, 7.125], "uv_size": [0.25, -0.125]}
							}
						}
					]
				}
			]
		}
	]
}