{
  "model": "hk:gun/aug_geo",
  "texture": "hk:gun/uv/aug",
  "lod": {
    "model": "hk:gun/lod/aug",
    "texture": "hk:gun/lod/aug"
  },
  "hud": "hk:gun/hud/aug_hud",
  "slot": "hk:gun/slot/aug_slot",
  "animation": "hk:auga",
  "use_default_animation": "rifle",
  "third_person_animation": "default",
  "transform": {
    "scale": {
      "thirdperson": [0.6, 0.6, 0.6],
      "ground": [0.6, 0.6, 0.6],
      "fixed": [1.2, 1.2, 1.2]
    }
  },
  "muzzle_flash": {
    "texture": "tacz:flash/common_muzzle_flash",
    "scale": 0.75
  },
  "shell": {
    "initial_velocity": [5, 2, 1],
    "random_velocity": [1, 1, 0.25],
    "acceleration": [0.0, -10, 0.0],
    "angular_velocity": [360, -1200, 90],
    "living_time": 1.0
  },
 "sounds": {
    "shoot": "hk:aug/shoot",
    "shoot_3p": "hk:aug/shoot_3p",
    "reload_empty": "hk:aug/empty",
    "reload_tactical": "hk:aug/tactical",
    "inspect": "hk:aug/aug_inspect",
    "inspect_empty": "hk:aug/aug_inspect_empty",
    "draw": "hk:aug/draw",
    "put_away": "hk:aug/away",
    "silence": "hk:aug/silence",
    "silence_3p": "hk:aug/silence_3p",
    "melee_push": "tacz:melee_stock/melee_stock_01",
    "melee_stock": "tacz:melee_stock/melee_stock_02"
  },
  "offhand_show": {
    "pos": [1, 19, 4],
    "rotate": [0, 0, 50],
    "scale": [0.5, 0.5, 0.5]
  },
  "hotbar_show": {
    "0": {
      "pos": [-1, 19, 3],
      "rotate": [-180, 0, 130],
      "scale": [0.5, 0.5, 0.5]
    }
  }
}