{
  "model": "hk:gun/hk416a_geo",
  "texture": "hk:gun/uv/hk416a",
  "lod": {
    "model": "hk:gun/lod/hk416a",
    "texture": "hk:gun/lod/hk416a"
  },
  "hud": "hk:gun/hud/hk416a_hud",
  "slot": "hk:gun/slot/hk416_slot",
  "animation": "hk:hk416",
  "use_default_animation": "rifle",
  "third_person_animation": "default",
  "transform": {
    "scale": {
      "thirdperson": [0.6, 0.6, 0.6],
      "ground": [0.6, 0.6, 0.6],
      "fixed": [1.2, 1.2, 1.2]
    }
  },
  "muzzle_flash": {
    "texture": "tacz:flash/common_muzzle_flash",
    "scale": 0.75
  },
  "shell": {
    "initial_velocity": [5, 2, 1],
    "random_velocity": [1, 1, 0.25],
    "acceleration": [0.0, -10, 0.0],
    "angular_velocity": [360, -1200, 90],
    "living_time": 1.0
  },
 "sounds": {
    "shoot": "hk:hk416a/hk416a_shoot",
    "shoot_3p": "hk:hk416a/hk416a_shoot_3p",
    "reload_empty": "hk:hk416a/hk416a_reload_empty",
    "reload_tactical": "hk:hk416a/hk416a_reload_tactical",
    "inspect": "hk:hk416a/hk416a_inspect",
    "inspect_empty": "hk:hk416a/hk416a_inspect_empty",
    "draw": "hk:hk416/hk416a_draw",
    "put_away": "hk:hk416/hk416a_put_away",
    "silence": "hk:hk416a/hk416a_silence",
    "silence_3p": "hk:hk416a/hk416a_silence_3p",
    "melee_push": "tacz:melee_stock/melee_stock_01",
    "melee_stock": "tacz:melee_stock/melee_stock_02"
  },
  "offhand_show": {
    "pos": [1, 19, 4],
    "rotate": [0, 0, 50],
    "scale": [0.5, 0.5, 0.5]
  },
  "hotbar_show": {
    "0": {
      "pos": [-1, 19, 3],
      "rotate": [-180, 0, 130],
      "scale": [0.5, 0.5, 0.5]
    }
  }
}