{
  "model": "hk:gun/m82a3_geo",
  "texture": "hk:gun/uv/m82",
  "lod": {
    "model": "hk:gun/lod/m82a3",
    "texture": "hk:gun/lod/m82a3"
  },
  "hud": "hk:gun/hud/m82a3",
  "slot": "hk:gun/slot/m82a3",
  "animation": "hk:m82a3",
  "use_default_animation": "rifle",
  "transform": {
    "scale": {
      "thirdperson": [0.6, 0.6, 0.6],
      "ground": [0.6, 0.6, 0.6],
      "fixed": [1.2, 1.2, 1.2]
    }
  },
  "shell": {
    "initial_velocity": [8.0, 5.0, -0.5],
    "random_velocity": [2.5, 1.5, 0.25],
    "acceleration": [0.0, -20, 0.0],
    "angular_velocity": [-720, -720, 90],
    "living_time": 1.0
  },
  "muzzle_flash": {
    "texture": "hk:flash/common_muzzle_flash",
    "scale": 4
  },
  "sounds": {
    "reload_empty": "hk:m82a3/reload_empty",
    "inspect_empty": "hk:m82a1/inspect",
    "draw": "hk:m82a1/draw",
    "shoot": "hk:m82a3/fire",
    "silence": "hk:m82a1/silence",
    "shoot_3p": "hk:m82a1/shoot_3p",
    "silence_3p": "hk:m82a1/silence_3p"
  },
  "offhand_show": {
    "pos": [0, 20, 4],
    "rotate": [0, 0, 30],
    "scale": [0.5, 0.5, 0.5]
  },
  "hotbar_show": {
    "0": {
      "pos": [-5, 13, -1],
      "rotate": [-90, -35, 90],
      "scale": [0.5, 0.5, 0.5]
    }
  }
}