{
  "materials": [
    {
      "item": {
        "tag": "forge:ingots/gold"
      },
      "count": 8
    },
    {
      "item": {
        "tag": "forge:ingots/iron"
      },
      "count": 64
    },
    {
      "item": {
        "tag": "forge:gems/diamond"
      },
      "count": 16
    },
    {
      "item": {
        "tag": "forge:ingots/copper"
      },
      "count": 8
    }
  ],
  "result": {
    "type": "gun",
    "id": "hk:hk416",
    "attachments": {
      "stock": "hk:b5_stock"
    }
  },
  "type": "tacz:gun_smith_table_crafting"
}