{
  "materials": [
    {
      "item": {
        "tag": "forge:ingots/gold"
      },
      "count": 6
    },
    {
      "item": {
        "tag": "forge:ingots/iron"
      },
      "count": 56
    },
    {
      "item": {
        "tag": "forge:gems/diamond"
      },
      "count": 4
    },
    {
      "item": {
        "tag": "forge:ingots/copper"
      },
      "count": 8
    }
  ],
  "result": {
    "type": "gun",
    "id": "hk:hk416a",
    "attachments": {
      "stock": "hk:stock_tactical_ar"
    }
  },
  "type": "tacz:gun_smith_table_crafting"
}