{
  "materials": [
    {
      "item": {
        "tag": "forge:gems/diamond"
      },
      "count": 8
    },
    {
      "item": {
        "tag": "forge:ingots/gold"
      },
      "count": 51
    },
    {
      "item": {
        "tag": "forge:ingots/netherite"
      },
      "count": 1
    },
    {
      "item": {
        "tag": "forge:ingots/iron"
      },
      "count": 78
    },
    {
      "item": {
        "tag": "forge:rods/blaze"
      },
      "count": 1
    }
  ],
  "result": {
    "type": "gun",
    "id": "hk:m82a1"
  },
  "type": "tacz:gun_smith_table_crafting"
}