{
  "ammo": "tacz:556x45",
  "ammo_amount": 30,
  "extended_mag_ammo_amount": [
    35,
    40,
    100
  ],
  "bolt": "closed_bolt",
  "rpm": 850,
  "bullet": {
    "life": 1.8,
    "bullet_amount": 1,
    "damage": 7.15,
    "tracer_count_interval": 0,
    "extra_damage": {
      "armor_ignore": 0.2,
      "head_shot_multiplier": 2.0,
      "damage_adjust": [
        {"distance": 15, "damage": 8.5},
        {"distance": 20, "damage": 6.5},
        {"distance": 60, "damage": 5.25},
        {"distance": 120, "damage": 3.5},
        {"distance": "infinite", "damage": 3}
      ]
    },
    "speed": 350,
    "gravity": 0.05,
    "knockback": 0.05,
    "friction": 0.015,
    "ignite": false,
    "pierce": 2
  },
  "reload": {
    "type": "magazine",
    "feed": {
      "empty": 2.1,
      "tactical": 1.4
    },
    "cooldown": {
      "empty": 2.3,
      "tactical": 2
    }
  },
  "draw_time": 0.1,
  "put_away_time": 0.22,
  "aim_time": 0.01,
  "sprint_time": 0.03,
  "weight": 2.85,
  "movement_speed": {
    "base": 0.04,
    "aim": 0.05,
    "reload": 0.02
  },
  "crawl_recoil_multiplier": 0.5,
  "fire_mode": [
    "auto",
    "semi"
  ],
  "recoil": {
    "pitch": [
      {"time": 0, "value": [1.25, 1.25]},
      {"time": 0.15, "value": [1.1, 1.1]},
      {"time": 0.5, "value": [-0.2, -0.2]},
      {"time": 0.65, "value": [0, 0]}
    ],
    "yaw": [
      {"time": 0, "value": [-1.1, 1.1]},
      {"time": 0.15, "value": [-0.25, 0.25]},
      {"time": 0.5, "value": [0, 0]}
    ]
  },
  "inaccuracy": {
    "stand": 1.6,
    "move": 3.0,
    "sneak": 1.0,
    "lie": 0.7,
    "aim": 0.52
  },
  // 近战相关
  "melee": {
    // 枪械距离参数，用来延升近战攻击范围
    // 会与刺刀等配件的距离做加和
    "distance": 2,
    // 使用时的冷却时间
    "cooldown": 0.0,
    // 默认近战数据，会被配件的数据替换掉
    "default": {
      // 动画类型：没有枪托的为 melee_push，有枪托的为 melee_stock
      "animation_type": "melee_stock",
      // 刺刀距离参数，枪械里还有个刺刀攻击距离参数，两者做加和
      "distance": 2,
      // 刺刀范围角度
      "range_angle": 45,
      // 伤害值
      "damage": 18,
      // 击退效果
      "knockback": 0.5,
      // 前摇时长，单位：秒
      "prep": 0.1
    }
  },
  "allow_attachment_types": [
    "scope",
    "stock",
    "grip",
    "muzzle",
    "extended_mag"
  ],
  "exclusive_attachments": {
  }
}