{
  "ammo": "tacz:556x45",
  "ammo_amount": 30,
  "extended_mag_ammo_amount": [
    35,
    40,
    50
  ],
  "bolt": "closed_bolt",
  "rpm": 700,
  "bullet": {
    "life": 1.75,
    "bullet_amount": 1,
    "damage": 8,
    "tracer_count_interval": 0,
    "extra_damage": {
      "armor_ignore": 0.3,
      "head_shot_multiplier": 1.9,
      "damage_adjust": [
        {"distance": 40, "damage": 8.0},
        {"distance": 60, "damage": 7.0},
        {"distance": 120, "damage": 6.0},
        {"distance": "infinite", "damage": 5.0}
      ]
    },
    "speed": 415,
    "gravity": 0.015,
    "knockback": 0.15,
    "friction": 0.015,
    "ignite": false,
    "pierce": 5
  },
  "reload": {
    "type": "magazine",
    "feed": {
      "empty": 2.35,
      "tactical": 1.45
    },
    "cooldown": {
      "empty": 2.8,
      "tactical": 1.87
    }
  },
  "draw_time": 0.3,
  "put_away_time": 0.43,
  "aim_time": 0.02,
  "sprint_time": 0.18,
  "weight": 3.3,
  "movement_speed": {
    "base": 0.0,
    "aim": 0.15,
    "reload": 0.1
  },
  "crawl_recoil_multiplier": 0.5,
  "fire_mode": [
    "auto",
    "semi"
  ],
  // 开火模式调整（如无调整可不写）
  /*
  "fire_mode_adjust": {
    // 全自动状态的数值调整，如无调整可不写
    "auto": {
      // 加算，全自动模式的开火数值调整，如无调整可不写
      "damage": 0,
      "rpm": 0,
      "speed": 0,
      "knockback": 0,
      "armor_ignore": 0,
      "head_shot_multiplier": 0,
      "aim_inaccuracy": 0,
      "other_inaccuracy": 0
    },
    // 半自动状态的数值调整，如无调整可不写
    "semi": {
      // 加算，半自动模式的开火数值调整，如无调整可不写
      "damage": 9,
      "rpm": -100,
      "speed": 60,
      "knockback": 0.2,
      "armor_ignore": 0.2,
      "head_shot_multiplier": 0.2,
      "aim_inaccuracy": -0.4,
      "other_inaccuracy": -0.6
    }
    // 多连发状态的数值调整，如无调整可不写
    // "burst": {
    // 加算，多连发模式的开火数值调整，如无调整可不写
    // "damage": 0,
    // "rpm": 0,
    // "speed": 0,
    // "knockback": 0,
    // "armor_ignore": 0,
    // "head_shot_multiplier": 0,
    // "aim_inaccuracy": 0,
    // "other_inaccuracy": 0
    // }
  },
  "burst_data": {
    "continuous_shoot": false,
    "count": 3,
    "bpm": 900,
    "min_interval": 0.3
  },
  */
  "recoil": {
    "pitch": [
      {"time": 0, "value": [1.08, 1.08]},
      {"time": 0.3, "value": [1.02, 1.02]},
      {"time": 0.5, "value": [-0.12, -0.12]},
      {"time": 0.65, "value": [0, 0]}
    ],
    "yaw": [
      {"time": 0, "value": [-0.7, 0.7]},
      {"time": 0.3, "value": [-0.28, 0.28]},
      {"time": 0.5, "value": [0, 0]}
    ]
  },
  "inaccuracy": {
    "stand": 1.9,
    "move": 3.9,
    "sneak": 0.5,
    "lie": 0.4,
    "aim": 0.2
  },
  // 近战相关
  "melee": {
    // 枪械距离参数，用来延升近战攻击范围
    // 会与刺刀等配件的距离做加和
    "distance": 1.5,
    // 使用时的冷却时间
    "cooldown": 0.5,
    // 默认近战数据，会被配件的数据替换掉
    "default": {
      // 动画类型：没有枪托的为 melee_push，有枪托的为 melee_stock
      "animation_type": "melee_stock",
      // 刺刀距离参数，枪械里还有个刺刀攻击距离参数，两者做加和
      "distance": 2.5,
      // 刺刀范围角度
      "range_angle": 180,
      // 伤害值
      "damage": 39,
      // 击退效果
      "knockback": 20.5,
      // 前摇时长，单位：秒
      "prep": 0.1
    }
  },
  "allow_attachment_types": [
    "scope",
    "grip",
    "muzzle",
    "stock",
    "extended_mag"
  ],
  "exclusive_attachments": {
  }
}