{
  "ammo": "tacz:30_06",
  "ammo_amount": 5,
  "extended_mag_ammo_amount": [
    6,
    7,
    8
  ],
  "bolt": "manual_action",
  "rpm": 220,
  "bullet": {
    "life": 0.8,
    "bullet_amount": 1,
    "damage": 21,
    "tracer_count_interval": 0,
    "extra_damage": {
      "armor_ignore": 0.65,
      "head_shot_multiplier": 4.0,
      "damage_adjust": [
        {"distance": 60, "damage": 25},
        {"distance": 120, "damage": 20},
        {"distance": 150, "damage": 19},
        {"distance": "infinite", "damage": 18}
      ]
    },
    "speed": 670,
    "gravity": 0.004,
    "knockback": 4,
    "friction": 0.004,
    "ignite": false,
    "pierce": 4
  },
  "reload": {
    "type": "magazine",
    "feed": {
      "empty": 2.7,
      "tactical": 1.4
    },
    "cooldown": {
      "empty": 3.45,
      "tactical": 2.25
    }
  },
  "draw_time": 0.35,
  "put_away_time": 0.75,
  "aim_time": 0.05,
  "sprint_time": 0.2,
  "bolt_action_time": 0.9,
  "weight": 6.5,
  "movement_speed": {
    // 默认修正
    "base": 0.0,
    // 瞄准时
    "aim": 0.5,
    // 换弹时
    "reload": 0.2
  },
  "crawl_recoil_multiplier": 0.25,
  "fire_mode": [
    "semi"
  ],
  "recoil": {
    "pitch": [
      {"time": 0, "value": [5, 5]},
      {"time": 0.25, "value": [2, 2]},
      {"time": 0.57, "value": [-0.5, -0.5]},
      {"time": 0.82, "value": [0.25, 0.25]},
      {"time": 1.17, "value": [1, 1]},
      {"time": 1.47, "value": [0, 0]}
    ],
    "yaw": [
      {"time": 0, "value": [-0.6, -0.5]},
      {"time": 0.32, "value": [-0.6, -0.5]},
      {"time": 0.57, "value": [0, 0]}
    ]
  },
  "inaccuracy": {
    "stand": 1.4,
    "move": 3,
    "sneak": 1,
    "lie": 0.4,
    "aim": 0.04
  },
  // 近战相关
  "melee": {
    // 枪械距离参数，用来延升近战攻击范围
    // 会与刺刀等配件的距离做加和
    "distance": 2,
    // 使用时的冷却时间
    "cooldown": 0,
    // 默认近战数据，会被配件的数据替换掉
    "default": {
      // 动画类型：没有枪托的为 melee_push，有枪托的为 melee_stock
      "animation_type": "melee_stock",
      // 刺刀距离参数，枪械里还有个刺刀攻击距离参数，两者做加和
      "distance": 0,
      // 刺刀范围角度
      "range_angle": 30,
      // 伤害值
      "damage": 35,
      // 击退效果
      "knockback": 3.75,
      // 前摇时长，单位：秒
      "prep": 0.1
    }
  },
  "allow_attachment_types": [
    "extended_mag",
    "scope",
    "muzzle"
  ]
}