{
  "ammo": "tacz:50bmg",
  "ammo_amount": 5,
  "extended_mag_ammo_amount": [
    7,
    8,
    10
  ],
  "bolt": "closed_bolt",
  "rpm": 250,
  "bullet": {
    "life": 1,
    "bullet_amount": 1,
    "damage": 65,
    "tracer_count_interval": 0,
    "extra_damage": {
      "armor_ignore": 2,
      "head_shot_multiplier": 3,
      "damage_adjust": [
        {"distance": 15, "damage": 90},
        {"distance": 10, "damage": 70},
        {"distance": 30, "damage": 67},
        {"distance": 100, "damage": 64},
        {"distance": 150, "damage": 50},
        {"distance": "infinite", "damage": 42}
      ]
    },
    "speed": 552,
    "gravity": 0.045,
    "knockback": 4.2,
    "friction": 0.01,
    "ignite": false,
    "pierce": 6
  },
  "reload": {
    "type": "magazine",
    "feed": {
      "empty": 3.8,
      "tactical": 3
    },
    "cooldown": {
      "empty": 5,
      "tactical": 4.2
    }
  },
  "draw_time": 0.8,
  "put_away_time": 0.8,
  "aim_time": 0.31,
  "sprint_time": 0.22,
  "weight": 10.3,
  "movement_speed": {
    "base": 0.0,
    "aim": -0.25,
    "reload": -0.3
  },
  "crawl_recoil_multiplier": 0.2,
  "fire_mode": [
    "semi"
  ],
  "recoil": {
    "pitch": [
      {"time": 0, "value": [6.75, 6.75]},
      {"time": 0.05, "value": [5.75, 5.75]},
      {"time": 0.25, "value": [-0.35, -0.25]},
      {"time": 0.5, "value": [3, 3]},
      {"time": 0.7, "value": [1.15, 1.25]},
      {"time": 0.9, "value": [2, 2]}
    ],
    "yaw": [
      {"time": 0, "value": [-1.5, 1.35]},
      {"time": 0.05, "value": [-1.5, 1.35]},
      {"time": 0.25, "value": [0, 0]}
    ]
  },
  "inaccuracy": {
    "stand": 2,
    "move": 5.5,
    "sneak": 2,
    "lie": 1,
    "aim": 0.01
  },
  "allow_attachment_types": [
    "scope",
    "muzzle",
	"extended_mag"
  ],
  "exclusive_attachments": {
  }
}