{
  "ammo": "tacz:308",
  "ammo_amount": 12,
  "extended_mag_ammo_amount": [
    15,
    20,
    25
  ],
  "bolt": "closed_bolt",
  "rpm": 300,
  "bullet": {
    "life": 0.8,
    "bullet_amount": 1,
    "damage": 16,
    "tracer_count_interval": 0,
    "extra_damage": {
      "armor_ignore": 0.45,
      "head_shot_multiplier": 1.8,
      "damage_adjust": [
        {"distance": 60, "damage": 15},
        {"distance": 120, "damage": 14.5},
        {"distance": "infinite", "damage": 12.5}
      ]
    },
    "speed": 420,
    "gravity": 0.15,
    "knockback": 0,
    "friction": 0.01,
    "ignite": false,
    "pierce": 6,
    "explosion": {
      "explode": false,
      "damage": 28,
      "radius": 0.75,
      "knockback": true,
      "delay": 1
    }
  },
  "reload": {
    "type": "magazine",
    "feed": {
      "empty": 1.88,
      "tactical": 1.47
    },
    "cooldown": {
      "empty": 2.2,
      "tactical": 2.2
    }
  },
  "draw_time": 0.4,
  "put_away_time": 0.2,
  "aim_time": 0.08,
  "sprint_time": 0.02,
  "weight": 4.4,
  "movement_speed": {
    "base": 0.0,
    "aim": 0.15,
    "reload": 0.1
  },
  "crawl_recoil_multiplier": 0.2,
  "fire_mode": [
    "semi",
    "auto"
  ],
  "fire_mode_adjust": {
    "auto": {
      // 加算，全自动模式的开火数值调整，如无调整可不写
      "damage": -3.73,
      "rpm": 400,
      "speed": -50,
      "knockback": 0,
      "armor_ignore": -0.05,
      "head_shot_multiplier": -0.02,
      "aim_inaccuracy": 0.25,
      "other_inaccuracy": 0.55
    }
  },
  "recoil": {
    "pitch": [
      {"time": 0, "value": [3.5, 3.5]},
      {"time": 0.05, "value": [2.5, 2.5]},
      {"time": 0.25, "value": [-0.05, -0.05]},
      {"time": 0.5, "value": [1.0, 1.0]}
    ],
    "yaw": [
      {"time": 0, "value": [-3.25, 3.25]},
      {"time": 0.05, "value": [-1.35, 1.35]},
      {"time": 0.25, "value": [0, 0]}
    ]
  },
  "inaccuracy": {
    "stand": 3,
    "move": 5.5,
    "sneak": 2.25,
    "lie": 1,
    "aim": 0.14
  },
  // 近战相关
  "melee": {
    // 枪械距离参数，用来延升近战攻击范围
    // 会与刺刀等配件的距离做加和
    "distance": 2,
    // 使用时的冷却时间
    "cooldown": 1.1,
    // 默认近战数据，会被配件的数据替换掉
    "default": {
      // 动画类型：没有枪托的为 melee_push，有枪托的为 melee_stock
      "animation_type": "melee_stock",
      // 刺刀距离参数，枪械里还有个刺刀攻击距离参数，两者做加和
      "distance": 1.25,
      // 刺刀范围角度
      "range_angle": 60,
      // 伤害值
      "damage": 50,
      // 击退效果
      "knockback": 100,
      // 前摇时长，单位：秒
      "prep": 0.1
    }
  },
  "allow_attachment_types": [
    "scope",
    "stock",
    "grip",
    "muzzle",
    "extended_mag"
  ],
  "exclusive_attachments": {
  }
}