{
  "ammo": "ex:drgn_rnd",
  "ammo_amount": 2,
  "bolt": "open_bolt",
  "rpm": 379,
  "bullet": {
    "life": 0.75,
    "bullet_amount": 8,
    "damage": 275,
    "tracer_count_interval": 0,
    "extra_damage": {
      "armor_ignore": 0.2,
      "head_shot_multiplier": 2.75,
      "damage_adjust": [
        {"distance": 30, "damage": 275},
        {"distance": 40, "damage": 75},
        {"distance": "infinite", "damage": 18}
      ]
    },
    "speed": 250,
    "gravity": 0.098,
    "knockback": 0.15,
    "friction": 0.05,
    "ignite": false,
    "pierce": 1
  },
  "reload": {
    "type": "magazine",
    "feed": {
      "empty": 0.75,
      "tactical": 0.75
    },
    "cooldown": {
      "empty": 1,
      "tactical": 1
    }
  },
  "draw_time": 0.75,
  "put_away_time": 0.7,
  "aim_time": 0.2,
  "sprint_time": 0.15,
  "weight": 2.75,
  "movement_speed": {
    "base": 0.0,
    "aim": -0.2,
    "reload": -0.2
  },
  "fire_mode": [
    "semi"
  ],
  "allow_attachment_types": [
    "scope",
    "grip",
    "laser",
    "muzzle"
  ],
  "recoil": {
    "pitch": [
      {"time": 0, "value": [5.5, 5.5]},
      {"time": 0.1, "value": [4.5, 4.5]},
      {"time": 0.13, "value": [5, 5]},
      {"time": 0.4, "value": [-0.5, -0.5]},
      {"time": 0.53, "value": [0.25, 0.25]},
      {"time": 0.65, "value": [0, 0]},
      {"time": 0.7, "value": [0, 0]}
    ],
    "yaw": [
      {"time": 0, "value": [-1.75, -1.75]},
      {"time": 0.1, "value": [-1.5, -1.5]},
      {"time": 0.5, "value": [0.15, 0.15]},
      {"time": 0.65, "value": [0, 0]}
    ]
  },
  "melee": {
    "distance": 1,
    "cooldown": 1.2,
    "default": {
      "animation_type": "melee_stock",
      "distance": 1.25,
      "range_angle": 30,
      "damage": 5,
      "knockback": 0.85,
      "prep": 0.1
    }
  },
  "inaccuracy": {
    "stand": 3.5,
    "move": 3.7,
    "sneak": 3.5,
    "lie": 3.5,
    "aim": 3.5
  }
}