{
  "ammo": "ex:drgn_breath",
  "ammo_amount": 32,
  "rpm": 400,
  "bullet": {
    "life": 1.1,
    "bullet_amount": 12,
    "damage": 897,
    "tracer_count_interval": 0,
    "extra_damage": {
      "armor_ignore": 9.99,
      "head_shot_multiplier": 1.1,
      "damage_adjust": [
        {"distance": 15, "damage": 897},
        {"distance": "infinite", "damage": 50}
      ]
    },
    "speed": 100,
    "gravity": 0.15,
    "knockback": 0,
    "friction": 0.15,
    "ignite": true,
    "pierce": 1
  },
  "heat":  {
    "max": 300,
    "per_shot": 15,
    "cooling_multiplier": 50,
    "cooling_delay": 50,
    "over_heat_time": 3000,
    "min_inaccuracy": 1,
    "max_inaccuracy": 1.2,
    "min_rpm_mod": 1,
    "max_rpm_mod": 0.8
  },
  "bolt": "open_bolt",
  "reload": {
    "type": "inventory",
    "feed": {
      "empty": 2.25,
      "tactical": 1.55
    },
    "cooldown": {
      "empty": 2.6,
      "tactical": 2.0
    }
  },
  "draw_time": 0.5,
  "put_away_time": 0.7,
  "aim_time": 0.15,
  "sprint_time": 0.15,
  "weight": 8.35,
  "movement_speed": {
    "base": 0.0,
    "aim": -0.2,
    "reload": -0.2
  },
  "crawl_recoil_multiplier": 0.5,
  "fire_mode": [
    "auto"
  ],
  "allow_attachment_types": [
    "scope",
    "muzzle"
  ],
  "recoil": {
    "pitch": [
      {"time": 0, "value": [0.25, 0.25]},
      {"time": 0.125, "value": [0.25, 0.25]},
      {"time": 0.4, "value": [-0.25, -0.25]},
      {"time": 0.55, "value": [0, 0]}
    ],
    "yaw": [
      {"time": 0, "value": [-0.5, 0.5]},
      {"time": 0.1, "value": [-0.5, 0.5]},
      {"time": 0.2, "value": [0.15, 0.15]},
      {"time": 0.4, "value": [0, 0]}
    ]
  },
  "melee": {
    "distance": 1,
    "cooldown": 1.2,
    "default": {
      "animation_type": "melee_stock",
      "distance": 1.25,
      "range_angle": 30,
      "damage": 5,
      "knockback": 0.85,
      "prep": 0.1
    }
  },
  "inaccuracy": {
    "stand": 3.0,
    "move": 3.0,
    "sneak": 3.0,
    "lie": 3.0,
    "aim": 3.0
  }
}