{
  "ammo": "tacz:12g",
  "ammo_amount": 10,
  "extended_mag_ammo_amount": [
    7,
    15,
    0
  ],
  "bolt": "manual_action",
  "rpm": 210,
  "bullet": {
    "life": 1.1,
    "bullet_amount": 12,
    "damage": 172,
    "tracer_count_interval": 0,
    "extra_damage": {
      "armor_ignore": 0.3,
      "head_shot_multiplier": 1.33,
      "damage_adjust": [
        {"distance": 10, "damage": 172},
        {"distance": 30, "damage": 30},
        {"distance": "infinite", "damage": 18}
      ]
    },
    "speed": 400,
    "gravity": 0.98,
    "knockback": 0,
    "friction": 0.15,
    "ignite": false,
    "pierce": 1
  },
  "reload": {
    "type": "magazine",
    "feed": {
      "empty": 1.5,
      "tactical": 1.15
    },
    "cooldown": {
      "empty": 1.65,
      "tactical": 1.5
    }
  },
  "draw_time": 0.7,
  "put_away_time": 0.5,
  "aim_time": 0.14,
  "sprint_time": 0.15,
  "bolt_action_time": 0.6,
  "weight": 4.0,
  "movement_speed": {
    "base": 0.0,
    "aim": -0.1,
    "reload": -0.2
  },
  "fire_mode": [
    "semi"
  ],
 "recoil": {
    "pitch": [
      {"time": 0, "value": [0.25, 0.25]},
      {"time": 0.125, "value": [0.25, 0.25]},
      {"time": 0.4, "value": [-0.25, -0.25]},
      {"time": 0.55, "value": [0, 0]}
    ],
    "yaw": [
      {"time": 0, "value": [-0.5, 0.5]},
      {"time": 0.1, "value": [-0.5, 0.5]},
      {"time": 0.2, "value": [0.15, 0.15]},
      {"time": 0.4, "value": [0, 0]}
    ]
  },
  "inaccuracy": {
    "stand": 3.35,
    "move": 3.75,
    "sneak": 3.25,
    "lie": 3.25,
    "aim": -1
  },
  "melee": {
    "distance": 1.1,
    "cooldown": 1.1,
    "default": {
      "animation_type": "melee_stock",
      "distance": 1.25,
      "range_angle": 30,
      "damage": 10,
      "knockback": 0.85,
      "prep": 0.1
    }
  },
  "allow_attachment_types": [
    "extended_mag",
    "muzzle",
    "laser",
    "scope",
    "stock"
  ]
}
