{
  "ammo": "tacz:556x45",
  "ammo_amount": 30,
  "bolt": "closed_bolt",
  "rpm": 800,
  "bullet": {
    "life": 1.15,
    "bullet_amount": 1,
    "damage": 15,
    "tracer_count_interval": 0,
    "extra_damage": {
      "armor_ignore": 0.15,
      "head_shot_multiplier": 1.15,
      "damage_adjust": [
        {"distance": 115, "damage": 15},
        {"distance": "infinite", "damage": 15}
      ]
    },
    "speed": 320,
    "gravity": 0,
    "knockback": 0,
    "friction": 0,
    "ignite": false,
    "pierce": 1
  },
  "reload": {
    "type": "magazine",
    "feed": {
      "empty": 2.17,
      "tactical": 1.33
    },
    "cooldown": {
      "empty": 2.65,
      "tactical": 1.85
    }
  },
  "draw_time": 0.7,
  "put_away_time": 0.53,
  "aim_time": 0.15,
  "sprint_time": 0.15,
  "weight": 1.15,
  "movement_speed": {
    "base": 0.0,
    "aim": -0.15,
    "reload": -0.15
  },
  "crawl_recoil_multiplier": 0.5,
  "fire_mode": [
    "auto",
    "burst",
    "semi"
  ],
  "burst_data": {
    "continuous_shoot": true,
    "count": 3,
    "bpm": 900,
    "min_interval": 0.4
  },
  "recoil": {
    "pitch": [
      {"time": 0, "value": [-0.15, 0.15]},
      {"time": 0.25, "value": [0, 0]},
      {"time": 0.4, "value": [-0.05, 0.05]}
    ],
    "yaw": [
      {"time": 0, "value": [-0.15, 0.15]},
      {"time": 0.25, "value": [0, 0]},
      {"time": 0.4, "value": [-0.05, 0.05]}
    ]
  },
  "inaccuracy": {
    "stand": 1.15,
    "move": 1.15,
    "sneak": 1.15,
    "lie": 0.15,
    "aim": 0.15
  },
  "allow_attachment_types": [
    "muzzle",
    "scope"
  ]
}