{
  "ammo": "ex:drgn_rnd_x",
  "ammo_amount": 4,
  "bolt": "manual_action",
  "rpm": 80,
  "bullet": {
    "life": 1.1,
    "bullet_amount": 1,
    "damage": 1200,
    "tracer_count_interval": 0,
    "extra_damage": {
      "armor_ignore": 0.9,
      "head_shot_multiplier": 9.99,
      "damage_adjust": [
        {"distance": 150150, "damage": 1200},
        {"distance": "infinite", "damage": 1000}
      ]
    },
    "speed": 900,
    "gravity": 0,
    "knockback": 0,
    "friction": 0,
    "ignite": false,
    "pierce": 50
  },
  "reload": {
    "type": "magazine",
    "feed": {
      "empty": 3.4,
      "tactical": 2
    },
    "cooldown": {
      "empty": 4.3,
      "tactical": 3
    }
  },
  "draw_time": 1.2,
  "put_away_time": 0.5,
  "aim_time": 0.15,
  "sprint_time": 0.15,
  "bolt_action_time": 1.8,
  "weight": 3.0,
  "movement_speed": {
    "base": 0.0,
    "aim": -0.2,
    "reload": -0.2
  },
  "crawl_recoil_multiplier": 0.75,
  "fire_mode": [
    "semi"
  ],
  "recoil": {
    "pitch": [
      {"time": 0, "value": [4.5, 4.5]},
      {"time": 0.32, "value": [4.5, 4.5]},
      {"time": 0.57, "value": [-0.5, -0.5]},
      {"time": 0.82, "value": [0.25, 0.25]},
      {"time": 1.17, "value": [0, 0]},
      {"time": 1.47, "value": [0, 0]}
    ],
    "yaw": [
      {"time": 0, "value": [-0.9, -0.75]},
      {"time": 0.32, "value": [-0.9, -0.75]},
      {"time": 0.57, "value": [0, 0]}
    ]
  },
  "inaccuracy": {
    "stand": 8,
    "move": 10,
    "run": 11,
    "sneak": 6,
    "lie": 0.05,
    "aim": 0.01
  },
  "melee": {
    "distance": 0,
    "cooldown": 0.7,
    "default": {
      "animation_type": "melee_stock",
      "distance": 0,
      "range_angle": 0,
      "damage": 0,
      "knockback": 0,
      "prep": 0
    }
  },
  "builtin_attachments": {
    "scope": "ex:scope_despair"
  }
}