{
  "ammo": "tacz:12g",
  "rpm": 160,
  "bullet": {
    "life": 1.1,
    "bullet_amount": 20,
    "damage": 2000,
    "tracer_count_interval": 0,
    "extra_damage": {
      "armor_ignore": 10,
      "head_shot_multiplier": 10,
      "damage_adjust": [
        {"distance": 100, "damage": 2000},
        {"distance": "infinite", "damage": 2000}
      ]
    },
    "speed": 150,
    "gravity": 0.15,
    "knockback": 0.15,
    "friction": 0.05,
    "ignite": false,
    "pierce": 5
  },
  "ammo_amount": 1,
  "bolt": "open_bolt",
  "reload": {
    "type": "magazine",
    "feed": {
      "empty": 0.7,
      "tactical": 0.1
    },
    "cooldown": {
      "empty": 1.1,
      "tactical": 0.1
    }
  },
  "draw_time": 0.3,
  "put_away_time": 0.3,
  "aim_time": 0.2,
  "sprint_time": 0.15,
  "weight": 0.0,
  "movement_speed": {
    "base": 0.0,
    "aim": 0.2,
    "reload": 0.0
  },
  "crawl_recoil_multiplier": 0.5,
  "fire_mode": [
    "semi"
  ],
  "recoil": {
    "pitch": [
      {"time": 0, "value": [-0.05, 0.05]},
      {"time": 0.25, "value": [0, 0]},
      {"time": 0.4, "value": [-0.05, 0.05]}
    ],
    "yaw": [
      {"time": 0, "value": [-0.05, 0.05]},
      {"time": 0.25, "value": [0, 0]},
      {"time": 0.4, "value": [-0.05, 0.05]}
    ]
  },
  "melee": {
    "distance": 0,
    "cooldown": 0.7,
    "default": {
      "animation_type": "melee_stock",
      "distance": 0,
      "range_angle": 0,
      "damage": 0,
      "knockback": 0,
      "prep": 0
    }
  },
  "inaccuracy": {
    "stand": 3.5,
    "move": 3.5,
    "sneak": 3.5,
    "lie": 2.5,
    "aim": 2.5
  }
}