{
  "ammo": "tacz:50bmg",
  "ammo_amount": 5,
  "extended_mag_ammo_amount": [
    7,
    0,
    0
  ],
  "bolt": "manual_action",
  "rpm": 100,
  "bullet": {
    "life": 1.1,
    "bullet_amount": 1,
    "damage": 98,
    "tracer_count_interval": 0,
    "extra_damage": {
      "armor_ignore": 0.75,
      "head_shot_multiplier": 3,
      "damage_adjust": [
        {"distance": 75, "damage": 98},
        {"distance": 180, "damage": 70},
        {"distance": "infinite", "damage": 50}
      ]
    },
    "speed": 450,
    "gravity": 0.15,
    "knockback": 0,
    "friction": 0.015,
    "ignite": false,
    "pierce": 5
  },
  "reload": {
    "type": "magazine",
    "feed": {
      "empty": 4.3,
      "tactical": 2.5
    },
    "cooldown": {
      "empty": 4.5,
      "tactical": 3.5
    }
  },
  "draw_time": 0.72,
  "put_away_time": 0.85,
  "aim_time": 0.3,
  "sprint_time": 0.2,
  "bolt_action_time": 0.9,
  "weight": 9.5,
  "movement_speed": {
    "base": 0.0,
    "aim": -0.4,
    "reload": -0.2
  },
  "crawl_recoil_multiplier": 0.45,
  "fire_mode": [
    "semi"
  ],
  "recoil": {
    "pitch": [
      {"time": 0, "value": [4.5, 4.5]},
      {"time": 0.32, "value": [4.5, 4.5]},
      {"time": 0.57, "value": [-0.5, -0.5]},
      {"time": 0.82, "value": [0.25, 0.25]},
      {"time": 1.17, "value": [0, 0]},
      {"time": 1.47, "value": [0, 0]}
    ],
    "yaw": [
      {"time": 0, "value": [-1.2, -0.9]},
      {"time": 0.32, "value": [-1.2, -0.9]},
      {"time": 0.57, "value": [0, 0]}
    ]
  },
  "inaccuracy": {
    "stand": 6.5,
    "move": 8,
    "sneak": 1.5,
    "lie": 0.05,
    "aim": 0.01
  },
  "melee": {
    "distance": 1,
    "cooldown": 1.2,
    "default": {
      "animation_type": "melee_stock",
      "distance": 1.25,
      "range_angle": 30,
      "damage": 5,
      "knockback": 0.85,
      "prep": 0.1
    }
  },
  "builtin_attachments": {
    "scope": "ex:scope_dsr50"
  },
  "allow_attachment_types": [
    "laser",
    "scope",
    "muzzle",
    "extended_mag"
  ]
}