{
  "ammo": "ex:drgn_rnd",
  "ammo_amount": 10,
  "extended_mag_ammo_amount": [
    15,
    0,
    0
  ],
  "bolt": "closed_bolt",
  "rpm": 1200,
  "bullet": {
    "life": 1.1,
    "bullet_amount": 1,
    "damage": 320,
    "tracer_count_interval": 0,
    "extra_damage": {
      "armor_ignore": 0.7,
      "head_shot_multiplier": 7,
      "damage_adjust": [
        {"distance": 666, "damage": 300},
        {"distance": "infinite", "damage": 70}
      ]
    },
    "speed": 666,
    "gravity": 0,
    "knockback": 0,
    "friction": 0,
    "ignite": false,
    "pierce": 10
  },
  "reload": {
    "type": "magazine",
    "feed": {
      "empty": 1.9,
      "tactical": 1.2
    },
    "cooldown": {
      "empty": 2,
      "tactical": 2
    }
  },
  "draw_time": 0.72,
  "put_away_time": 0.25,
  "aim_time": 0.15,
  "sprint_time": 0.15,
  "weight": 9.5,
  "movement_speed": {
    "base": 0.0,
    "aim": -0.5,
    "reload": -0.2
  },
  "crawl_recoil_multiplier": 0.2,
  "fire_mode": [
    "semi"
  ],
  "recoil": {
    "pitch": [
      {"time": 0, "value": [4.5, 4.5]},
      {"time": 0.32, "value": [4.5, 4.5]},
      {"time": 0.57, "value": [-0.5, -0.5]},
      {"time": 0.82, "value": [0.25, 0.25]},
      {"time": 1.17, "value": [0, 0]},
      {"time": 1.47, "value": [0, 0]}
    ],
    "yaw": [
      {"time": 0, "value": [-0.9, -0.75]},
      {"time": 0.32, "value": [-0.9, -0.75]},
      {"time": 0.57, "value": [0, 0]}
    ]
  },
  "inaccuracy": {
    "stand": 3,
    "move": 6,
    "sneak": 1.5,
    "lie": 0.05,
    "aim": 0.01
  },
  "melee": {
    "distance": 1,
    "cooldown": 1.2,
    "default": {
      "animation_type": "melee_stock",
      "distance": 1.25,
      "range_angle": 30,
      "damage": 5,
      "knockback": 0.85,
      "prep": 0.1
    }
  },
  "builtin_attachments": {
    "scope": "ex:scope_gehenna"
  },
  "allow_attachment_types": [
    "scope",
    "muzzle",
    "extended_mag"
  ]
}