{
  "ammo": "ex:drgn_rnd",
  "ammo_amount": 5,
  "extended_mag_ammo_amount": [
    10,
    0,
    0
  ],
  "bolt": "manual_action",
  "rpm": 200,
  "bullet": {
    "life": 1.1,
    "bullet_amount": 1,
    "damage": 294,
    "tracer_count_interval": 0,
    "extra_damage": {
      "armor_ignore": 0.8,
      "head_shot_multiplier": 3,
      "damage_adjust": [
        {"distance": 120, "damage": 294},
        {"distance": "infinite", "damage": 194}
      ]
    },
    "speed": 420,
    "gravity": 0,
    "knockback": 0,
    "friction": 0,
    "ignite": false,
    "pierce": 10
  },
  "reload": {
    "type": "magazine",
    "feed": {
      "empty": 1.75,
      "tactical": 0.9
    },
    "cooldown": {
      "empty": 2,
      "tactical": 1.2
    }
  },
  "draw_time": 0.75,
  "put_away_time": 0.25,
  "aim_time": 0.15,
  "sprint_time": 0.15,
  "bolt_action_time": 0.9,
  "weight": 9.5,
  "movement_speed": {
    "base": 0.0,
    "aim": -0.4,
    "reload": -0.2
  },
  "crawl_recoil_multiplier": 0.45,
  "fire_mode": [
    "semi"
  ],
  "recoil": {
    "pitch": [
      {"time": 0, "value": [2.8, 2.8]},
      {"time": 0.3, "value": [2.8, 2.8]},
      {"time": 0.5, "value": [-0.125, -0.125]},
      {"time": 0.65, "value": [0, 0]}
    ],
    "yaw": [
      {"time": 0, "value": [0.25, 0.45]},
      {"time": 0.3, "value": [0.25, 0.45]},
      {"time": 0.5, "value": [0, 0]}
    ]
  },
  "inaccuracy": {
    "stand": 6.5,
    "move": 7,
    "sneak": 1.5,
    "lie": 0.05,
    "aim": 0.01
  },
  "melee": {
    "distance": 1,
    "cooldown": 1.2,
    "default": {
      "animation_type": "melee_stock",
      "distance": 1.25,
      "range_angle": 30,
      "damage": 5,
      "knockback": 0.85,
      "prep": 0.1
    }
  },
  "builtin_attachments": {
    "scope": "ex:scope_intervention"
  },
  "allow_attachment_types": [
    "laser",
    "scope",
    "muzzle",
    "extended_mag"
  ]
}