{
  "ammo": "ex:drgn_rnd",
  "ammo_amount": 5,
  "bolt": "manual_action",
  "rpm": 141,
  "bullet": {
    "life": 0.98,
    "bullet_amount": 1,
    "damage": 164,
    "tracer_count_interval": 0,
    "extra_damage": {
      "armor_ignore": 0.3,
      "head_shot_multiplier": 5,
      "damage_adjust": [
        {"distance": 115, "damage": 164},
        {"distance": "infinite", "damage": 70}
      ]
    },
    "speed": 400,
    "gravity": 0,
    "knockback": 0,
    "friction": 0,
    "ignite": false,
    "pierce": 5
  },
  "reload": {
    "type": "magazine",
    "feed": {
      "empty": 0.75,
      "tactical": 0.67
    },
    "cooldown": {
      "empty": 0.67,
      "tactical": 0.46
    }
  },
  "draw_time": 0.8,
  "put_away_time": 0.7,
  "aim_time": 0.2,
  "sprint_time": 0.15,
  "weight": 3.15,
  "movement_speed": {
    "base": 0.2,
    "aim": -0.2,
    "reload": -0.2
  },
  "crawl_recoil_multiplier": 0.45,
  "fire_mode": [
    "semi"
  ],
  "recoil": {
    "pitch": [
      {"time": 0, "value": [2.8, 2.8]},
      {"time": 0.3, "value": [2.8, 2.8]},
      {"time": 0.5, "value": [-0.125, -0.125]},
      {"time": 0.65, "value": [0, 0]}
    ],
    "yaw": [
      {"time": 0, "value": [-0.9, -0.75]},
      {"time": 0.32, "value": [-0.9, -0.75]},
      {"time": 0.57, "value": [0, 0]}
    ]
  },
  "inaccuracy": {
    "stand": 3,
    "move": 5,
    "sneak": 1.5,
    "lie": 0.05,
    "aim": 0.01
  },
  "melee": {
    "distance": 1,
    "cooldown": 1.2,
    "default": {
      "animation_type": "melee_stock",
      "distance": 1.25,
      "range_angle": 30,
      "damage": 5,
      "knockback": 0.85,
      "prep": 0.1
    }
  },
  "script": "ex:kar98k_gun_logic",
  "script_param": {
    "bolt_time": 1.25,
    "bolt_feed_time": 0.9,
    "intro_empty": 0.38,
    "intro": 0.38,
    "loop": 0.67,
    "ending": 0.6,
    "intro_empty_feed": 0.0,
    "loop_feed": 0.67
  },
  "allow_attachment_types": [
    "muzzle",
    "laser",
    "scope"
  ]
}