{
  "ammo": "ex:drgn_rnd",
  "ammo_amount": 5,
  "extended_mag_ammo_amount": [
    10,
    0,
    0
  ],
  "bolt": "manual_action",
  "rpm": 171,
  "bullet": {
    "life": 1.1,
    "bullet_amount": 1,
    "damage": 350,
    "tracer_count_interval": 0,
    "extra_damage": {
      "armor_ignore": 0.75,
      "head_shot_multiplier": 3,
      "damage_adjust": [
        {"distance": 150, "damage": 350},
        {"distance": "infinite", "damage": 74}
      ]
    },
    "speed": 400,
    "gravity": 0,
    "knockback": 0,
    "friction": 0,
    "ignite": false,
    "pierce": 10
  },
  "reload": {
    "type": "magazine",
    "feed": {
      "empty": 2.7,
      "tactical": 1.45
    },
    "cooldown": {
      "empty": 3.25,
      "tactical": 2.6
    }
  },
  "draw_time": 1,
  "put_away_time": 0.7,
  "aim_time": 0.2,
  "sprint_time": 0.15,
  "bolt_action_time": 1.7,
  "weight": 9.0,
  "movement_speed": {
    "base": 0.0,
    "aim": -0.4,
    "reload": -0.2
  },
  "crawl_recoil_multiplier": 0.25,
  "fire_mode": [
    "semi"
  ],
  "recoil": {
    "pitch": [
      {"time": 0, "value": [4.5, 4.5]},
      {"time": 0.32, "value": [4.5, 4.5]},
      {"time": 0.57, "value": [-0.5, -0.5]},
      {"time": 0.82, "value": [0.25, 0.25]},
      {"time": 1.17, "value": [0, 0]},
      {"time": 1.47, "value": [0, 0]}
    ],
    "yaw": [
      {"time": 0, "value": [-1.2, -0.9]},
      {"time": 0.32, "value": [-1.2, -0.9]},
      {"time": 0.57, "value": [0, 0]}
    ]
  },
  "inaccuracy": {
    "stand": 6,
    "move": 8,
    "sneak": 1.5,
    "lie": 0.05,
    "aim": 0.01
  },
  "melee": {
    "distance": 1,
    "cooldown": 1.2,
    "default": {
      "animation_type": "melee_stock",
      "distance": 1.25,
      "range_angle": 30,
      "damage": 5,
      "knockback": 0.85,
      "prep": 0.1
    }
  },
  "builtin_attachments": {
    "scope": "ex:scope_m95"
  },
  "allow_attachment_types": [
    "scope",
    "extended_mag",
    "muzzle"
  ]
}