{
  "ammo": "ex:10mm",
  "ammo_amount": 30,
  "rpm": 798,
  "bullet": {
    "life": 0.75,
    "bullet_amount": 1,
    "damage": 9,
    "tracer_count_interval": 0,
    "extra_damage": {
      "armor_ignore": 0.15,
      "head_shot_multiplier": 1.6,
      "damage_adjust": [
        {"distance": 30, "damage": 9},
        {"distance": 70, "damage": 8},
        {"distance": "infinite", "damage": 5}
      ]
    },
    "speed": 320,
    "gravity": 0.15,
    "knockback": 0,
    "friction": 0.02,
    "ignite": false,
    "pierce": 1
  },
  "bolt": "closed_bolt",
  "reload": {
    "type": "magazine",
    "feed": {
      "empty": 1.8,
      "tactical": 1.2
    },
    "cooldown": {
      "empty": 2.2,
      "tactical": 2
    }
  },
  "draw_time": 0.6,
  "put_away_time": 0.4,
  "aim_time": 0.01,
  "sprint_time": 0.1,
  "fire_mode": [
    "auto",
    "semi"
  ],
  "allow_attachment_types": [
    "scope",
    "laser"
  ],
  "recoil": {
    "pitch": [
      {"time": 0, "value": [-0.15, 0.15]},
      {"time": 0.25, "value": [0, 0]},
      {"time": 0.4, "value": [-0.05, 0.05]}
    ],
    "yaw": [
      {"time": 0, "value": [-0.15, 0.15]},
      {"time": 0.25, "value": [0, 0]},
      {"time": 0.4, "value": [-0.05, 0.05]}
    ]
  },
  "melee": {
    "distance": 1,
    "cooldown": 1.2,
    "default": {
      "animation_type": "melee_stock",
      "distance": 1.25,
      "range_angle": 30,
      "damage": 5,
      "knockback": 0.85,
      "prep": 0.1
    }
  },
  "inaccuracy": {
    "stand": 3,
    "move": 3,
    "sneak": 1.15,
    "lie": 0.11,
    "aim": 0.11
  }
}