{
  "ammo": "ex:thndr_rnd",
  "ammo_amount": 40,
  "extended_mag_ammo_amount": [
    50,
    60,
    0
  ],
  "rpm": 950,
  "bullet": {
    "life": 0.9,
    "bullet_amount": 1,
    "damage": 9.7,
    "tracer_count_interval": 0,
    "extra_damage": {
      "armor_ignore": 0.5,
      "head_shot_multiplier": 1.9,
      "damage_adjust": [
        {"distance": 30, "damage": 9.7},
        {"distance": 50, "damage": 8.7},
        {"distance": "infinite", "damage": 7}
      ]
    },
    "speed": 700,
    "gravity": 0,
    "knockback": 0,
    "friction": 0,
    "ignite": false,
    "pierce": 1
  },
  "bolt": "closed_bolt",
  "reload": {
    "type": "magazine",
    "feed": {
      "empty": 1.03,
      "tactical": 0.73
    },
    "cooldown": {
      "empty": 1.5,
      "tactical": 1.3
    }
  },
  "draw_time": 0.6,
  "put_away_time": 0.4,
  "aim_time": 0.1,
  "sprint_time": 0.15,
  "weight": 0,
  "movement_speed": {
    "base": 0.1,
    "aim": 0.2,
    "reload": -0.2
  },
  "crawl_recoil_multiplier": 0.75,
  "fire_mode": [
    "auto",
    "semi"
  ],
  "allow_attachment_types": [
    "scope",
    "muzzle",
    "stock",
    "grip",
    "laser",
    "extended_mag"
  ],
  "recoil": {
    "pitch": [
      {"time": 0, "value": [0.35, 0.35]},
      {"time": 0.3, "value": [0.35, 0.35]},
      {"time": 0.55, "value": [-0.15, -0.15]},
      {"time": 0.7, "value": [0, 0]}
    ],
    "yaw": [
      {"time": 0, "value": [-0.15, 0.15]},
      {"time": 0.3, "value": [-0.15, 0.15]},
      {"time": 0.55, "value": [0, 0]}
    ]
  },
  "melee": {
    "distance": 1,
    "cooldown": 1.2,
    "default": {
      "animation_type": "melee_stock",
      "distance": 1.25,
      "range_angle": 30,
      "damage": 5,
      "knockback": 0.85,
      "prep": 0.1
    }
  },
  "inaccuracy": {
    "stand": 3,
    "move": 3,
    "sneak": 1.15,
    "lie": 0.15,
    "aim": 0.15
  }
}