{
  "ammo": "ex:drgn_rnd",
  "ammo_amount": 10,
  "extended_mag_ammo_amount": [
    15,
    0,
    0
  ],
  "bolt": "closed_bolt",
  "rpm": 265,
  "bullet": {
    "life": 0.9,
    "bullet_amount": 1,
    "damage": 55,
    "tracer_count_interval": 0,
    "extra_damage": {
      "armor_ignore": 0.25,
      "head_shot_multiplier": 3,
      "damage_adjust": [
        {"distance": 160, "damage": 55},
        {"distance": "infinite", "damage": 55}
      ]
    },
    "speed": 400,
    "gravity": 0,
    "knockback": 0,
    "friction": 0,
    "ignite": false,
    "pierce": 5
  },
  "reload": {
    "type": "magazine",
    "feed": {
      "empty": 3.37,
      "tactical": 2
    },
    "cooldown": {
      "empty": 3.9333,
      "tactical": 3
    }
  },
  "draw_time": 1,
  "put_away_time": 0.75,
  "aim_time": 0.15,
  "sprint_time": 0.15,
  "weight": 5.5,
  "movement_speed": {
    "base": 0.0,
    "aim": -0.2,
    "reload": -0.2
  },
  "crawl_recoil_multiplier": 0.75,
  "fire_mode": [
    "semi"
  ],
  "recoil": {
    "pitch": [
      {"time": 0, "value": [1.5, 1.75]}, 
      {"time": 0.25, "value": [1.5, 1.75]}, 
      {"time": 0.5, "value": [-0.3, -0.3]}, 
      {"time": 0.6, "value": [0, 0]},
      {"time": 0.9, "value": [0, 0]} 
    ],
    "yaw": [
      {"time": 0, "value": [-0.7, -0.7]}, 
      {"time": 0.06, "value": [0.7, 0.7]}, 
      {"time": 0.13, "value": [-0.35, -0.35]}, 
      {"time": 0.21, "value": [0.15, 0.15]},
      {"time": 0.33, "value": [0, 0]},
      {"time": 0.8, "value": [0, 0]} 
    ]
  },
  "inaccuracy": {
    "stand": 6,
    "move": 8,
    "sneak": 3,
    "lie": 0.05,
    "aim": 0.01
  },
  "melee": {
    "distance": 1,
    "cooldown": 1.2,
    "default": {
      "animation_type": "melee_stock",
      "distance": 1.25,
      "range_angle": 30,
      "damage": 5,
      "knockback": 0.85,
      "prep": 0.1
    }
  },
  "builtin_attachments": {
    "scope": "ex:scope_noir"
  },
  "allow_attachment_types": [
    "scope",
    "stock",
    "laser",
    "grip",
    "muzzle",
    "extended_mag"
  ]
}