{
  "ammo": "ex:zphyr_rnd",
  "ammo_amount": 1,
  "bolt": "open_bolt",
  "rpm": 343,
  "bullet": {
    "life": 1.1,
    "bullet_amount": 1,
    "damage": 290,
    "tracer_count_interval": 0,
    "extra_damage": {
      "armor_ignore": 0.7,
      "head_shot_multiplier": 9,
      "damage_adjust": [
        {"distance": 300, "damage": 294},
        {"distance": "infinite", "damage": 194}
      ]
    },
    "speed": 900,
    "gravity": 0,
    "knockback": 0,
    "friction": 0,
    "ignite": false,
    "pierce": 5
  },
  "reload": {
    "type": "magazine",
    "feed": {
      "empty": 0.67,
      "tactical": 0.1
    },
    "cooldown": {
      "empty": 1,
      "tactical": 0.1
    }
  },
  "draw_time": 0.72,
  "put_away_time": 0.4,
  "aim_time": 0.15,
  "sprint_time": 0.015,
  "weight": 3.6,
  "movement_speed": {
    "base": 0.2,
    "aim": -0.2,
    "reload": -0.2
  },
  "crawl_recoil_multiplier": 0.75,
  "fire_mode": [
    "semi"
  ],
  "recoil": {
    "pitch": [
      {"time": 0, "value": [4.5, 4.5]},
      {"time": 0.32, "value": [4.5, 4.5]},
      {"time": 0.57, "value": [-0.5, -0.5]},
      {"time": 0.82, "value": [0.25, 0.25]},
      {"time": 1.17, "value": [0, 0]},
      {"time": 1.47, "value": [0, 0]}
    ],
    "yaw": [
      {"time": 0, "value": [-0.9, -0.75]},
      {"time": 0.32, "value": [-0.9, -0.75]},
      {"time": 0.57, "value": [0, 0]}
    ]
  },
  "inaccuracy": {
    "stand": 6,
    "move": 8,
    "sneak": 2,
    "lie": 0.05,
    "aim": 0.01
  },
  "melee": {
    "distance": 1,
    "cooldown": 1.2,
    "default": {
      "animation_type": "melee_stock",
      "distance": 1.25,
      "range_angle": 30,
      "damage": 10,
      "knockback": 0.85,
      "prep": 0.1
    }
  },
  "allow_attachment_types": [
    "laser",
    "scope"
  ]
}