{
  "ammo": "tacz:9mm",
  "ammo_amount": 32,
  "bolt": "closed_bolt",
  "rpm": 993,
  "bullet": {
    "life": 0.65,
    "bullet_amount": 1,
    "damage": 8,
    "tracer_count_interval": 0,
    "extra_damage": {
      "armor_ignore": 0.25,
      "head_shot_multiplier": 1.5,
      "damage_adjust": [
        {"distance": 30, "damage": 8},
        {"distance": 50, "damage": 7},
        {"distance": "infinite", "damage": 6}
      ]
    },
    "speed": 320,
    "gravity": 0,
    "knockback": 0,
    "friction": 0,
    "ignite": false,
    "pierce": 1
  },
  "reload": {
    "type": "magazine",
    "feed": {
      "empty": 1.9,
      "tactical": 1.4
    },
    "cooldown": {
      "empty": 2.5,
      "tactical": 2.4
    }
  },
  "draw_time": 0.6,
  "put_away_time": 0.5,
  "aim_time": 0.15,
  "sprint_time": 0.15,
  "weight": 3.75,
  "movement_speed": {
    "base": 0.0,
    "aim": 0.2,
    "reload": -0.1
  },
  "fire_mode": [
    "auto",
    "semi",
    "burst"
  ],
  "burst_data": {
    "continuous_shoot": true,
    "count": 3,
    "bpm": 900,
    "min_interval": 0.3
  },
  "recoil": {
    "pitch": [
      {"time": 0, "value": [0.35, 0.35]},
      {"time": 0.3, "value": [0.35, 0.35]},
      {"time": 0.55, "value": [-0.15, -0.15]},
      {"time": 0.7, "value": [0, 0]}
    ],
    "yaw": [
      {"time": 0, "value": [-0.15, 0.15]},
      {"time": 0.3, "value": [-0.15, 0.15]},
      {"time": 0.55, "value": [0, 0]}
    ]
  },
  "inaccuracy": {
    "stand": 3.25,
    "move": 4,
    "sneak": 2.2,
    "lie": 0.1,
    "aim": 0.1
  },
  "melee": {
    "distance": 0,
    "cooldown": 0.0,
    "default": {
      "animation_type": "melee_stock",
      "distance": 0,
      "range_angle": 0,
      "damage": 0,
      "knockback": 0.0,
      "prep": 0.0
    }
  },
  "allow_attachment_types": [
    "scope",
    "laser",
    "stock",
    "grip",
    "muzzle"
  ]
}