{
  "ammo": "ex:sirius",
  "ammo_amount": 1,
  "bolt": "manual_action",
  "rpm": 165,
  "bullet": {
    "life": 1.1,
    "bullet_amount": 1,
    "damage": 1100,
    "tracer_count_interval": 0,
    "extra_damage": {
      "armor_ignore": 0.3,
      "head_shot_multiplier": 1.1,
      "damage_adjust": [
        {"distance": 999999, "damage": 1100},
        {"distance": "infinite", "damage": 90}
      ]
    },
    "speed": 900,
    "gravity": 0,
    "knockback": 0,
    "friction": 0,
    "ignite": false,
    "pierce": 50
  },
  "heat":  {
    "max": 300,
    "per_shot": 300,
    "cooling_multiplier": 120,
    "cooling_delay": 10,
    "over_heat_time": 3000,
    "min_inaccuracy": 1,
    "max_inaccuracy": 1.2,
    "min_rpm_mod": 1,
    "max_rpm_mod": 0.8
  },
  "reload": {
    "type": "inventory",
    "feed": {
      "empty": 2.25,
      "tactical": 1.55
    },
    "cooldown": {
      "empty": 2.6,
      "tactical": 2.0
    }
  },
  "draw_time": 0.72,
  "put_away_time": 0.8,
  "aim_time": 0.2,
  "sprint_time": 0.15,
  "weight": 9.0,
  "movement_speed": {
    "base": 0.0,
    "aim": -0.2,
    "reload": -0.2
  },
  "crawl_recoil_multiplier": 0.33,
  "fire_mode": [
    "semi"
  ],
  "recoil": {
    "pitch": [
      {"time": 0, "value": [0.0, 0.0]},
        {"time": 0.8, "value": [0.325, 0.325]},
        {"time": 0.95, "value": [0.325, 0.325]},
        {"time": 1.3, "value": [-0.125, -0.125]},
        {"time": 1.45, "value": [0, 0]}
      ],
      "yaw": [
      {"time": 0, "value": [0.0, 0.0]},
        {"time": 0.8, "value": [-0.3, 0.2]},
        {"time": 0.95, "value": [-0.3, 0.2]},
        {"time": 1.3, "value": [0, 0]}
      ]
  },
  "inaccuracy": {
    "stand": 0.01,
    "move": 0.01,
    "sneak": 0.01,
    "lie": 0.01,
    "aim": 0.01
  },
  "melee": {
    "distance": 0,
    "cooldown": 0.7,
    "default": {
      "animation_type": "melee_stock",
      "distance": 0,
      "range_angle": 0,
      "damage": 0,
      "knockback": 0,
      "prep": 0
    }
  },
  "builtin_attachments": {
    "scope": "ex:scope_rytec"
  },
  "script": "ex:rytec_gun_logic",
  "allow_attachment_types": [
    "laser"
  ]
}