{
  "ammo": "tacz:12g",
  "ammo_amount": 7,
  "extended_mag_ammo_amount": [
    12,
    0,
    0
  ],
  "bolt": "manual_action",
  "rpm": 205,
  "bullet": {
    "life": 0.6,
    "bullet_amount": 8,
    "damage": 96,
    "tracer_count_interval": 0,
    "extra_damage": {
      "armor_ignore": 0.3,
      "head_shot_multiplier": 1.5,
      "damage_adjust": [
        {"distance": 12, "damage": 96},
        {"distance": 60, "damage": 26},
        {"distance": "infinite", "damage": 18}
      ]
    },
    "speed": 150,
    "gravity": 0.15,
    "knockback": 0.15,
    "friction": 0.05,
    "ignite": false,
    "pierce": 1
  },
  "reload": {
    "type": "magazine",
    "feed": {
      "empty": 2.13,
      "tactical": 0.3
    },
    "cooldown": {
      "empty": 0.67,
      "tactical": 0.2
    }
  },
  "draw_time": 0.25,
  "put_away_time": 0.5,
  "aim_time": 0.15,
  "sprint_time": 0.15,
  "weight": 4.4,
  "movement_speed": {
    "base": 0.0,
    "aim": -0.2,
    "reload": -0.2
  },
  "fire_mode": [
    "burst",
    "semi"
  ],
  "burst_data": {
    "continuous_shoot": false,
    "count": 1,
    "bpm": 1200,
    "min_interval": 0.3
  },
  "allow_attachment_types": [
    "scope",
    "muzzle",
    "extended_mag"
  ],
  "recoil": {
    "pitch": [
      {"time": 0, "value": [0.25, 0.25]},
      {"time": 0.125, "value": [0.25, 0.25]},
      {"time": 0.4, "value": [-0.25, -0.25]},
      {"time": 0.55, "value": [0, 0]}
    ],
    "yaw": [
      {"time": 0, "value": [-0.5, 0.5]},
      {"time": 0.1, "value": [-0.5, 0.5]},
      {"time": 0.2, "value": [0.15, 0.15]},
      {"time": 0.4, "value": [0, 0]}
    ]
  },
  "inaccuracy": {
    "stand": 3.9,
    "move": 3.9,
    "sneak": 3.9,
    "lie": 3.4,
    "aim": 3.4
  },
  "melee": {
    "distance": 1,
    "cooldown": 1.2,
    "default": {
      "animation_type": "melee_stock",
      "distance": 1.25,
      "range_angle": 30,
      "damage": 5,
      "knockback": 0.85,
      "prep": 0.1
    }
  },
  "script": "ex:spas12_gun_logic",
  "script_param": {
    "bolt_time": 0.3,
    "bolt_feed_time": 0.2,
    "intro_empty": 1.4,
    "intro": 0.4,
    "loop": 0.4,
    "ending": 0.6,
    "intro_empty_feed": 0.77,
    "loop_feed": 0.3
  }
}