{
  "ammo": "ex:drgn_rnd",
  "ammo_amount": 5,
  "extended_mag_ammo_amount": [
    6,
    7,
    8
  ],
  "bolt": "manual_action",
  "rpm": 171,
  "bullet": {
    "life": 1.1,
    "bullet_amount": 1,
    "damage": 134,
    "tracer_count_interval": 0,
    "extra_damage": {
      "armor_ignore": 0.75,
      "head_shot_multiplier": 1.9,
      "damage_adjust": [
        {"distance": 120, "damage": 134},
        {"distance": "infinite", "damage": 100}
      ]
    },
    "speed": 400,
    "gravity": 0,
    "knockback": 0,
    "friction": 0,
    "ignite": false,
    "pierce": 4
  },
  "reload": {
    "type": "magazine",
    "feed": {
      "empty": 2.7,
      "tactical": 1.6
    },
    "cooldown": {
      "empty": 2.9,
      "tactical": 2.2
    }
  },
  "draw_time": 1,
  "put_away_time": 0.87,
  "aim_time": 0.10,
  "sprint_time": 0.15,
  "bolt_action_time": 0.9,
  "weight": 6.5,
  "movement_speed": {
    "base": 0.0,
    "aim": -0.4,
    "reload": -0.2
  },
  "crawl_recoil_multiplier": 0.25,
  "fire_mode": [
    "semi"
  ],
 "recoil": {
    "pitch": [
      {"time": 0, "value": [3.25, 3.25]},
      {"time": 0.07, "value": [2.25, 2.25]},
      {"time": 0.16, "value": [3, 3]},
      {"time": 0.24, "value": [1.85, 1.85]},
      {"time": 0.6, "value": [-0.5, -0.5]},
      {"time": 0.71, "value": [0.25, 0.25]},
      {"time": 0.83, "value": [0, 0]},
      {"time": 0.88, "value": [0, 0]}
    ],
    "yaw": [
      {"time": 0, "value": [-0.75, -0.75]},
      {"time": 0.08, "value": [0.6, 0.6]},
      {"time": 0.17, "value": [-0.35, -0.35]},
      {"time": 0.28, "value": [0.25, 0.25]},
      {"time": 0.5, "value": [0, 0]},
      {"time": 0.8, "value": [0, 0]}
    ]
  },
  "inaccuracy": {
    "stand": 6,
    "move": 8,
    "sneak": 1.5,
    "lie": 0.05,
    "aim": 0.01
  },
  "melee": {
    "distance": 0,
    "cooldown": 0.7,
    "default": {
      "animation_type": "melee_stock",
      "distance": 0,
      "range_angle": 0,
      "damage": 0,
      "knockback": 0,
      "prep": 0
    }
  },
  "allow_attachment_types": [
    "extended_mag",
    "scope",
    "muzzle"
  ]
}