{
  "ammo": "ex:thndr_rnd",
  "ammo_amount": 75,
  "bolt": "closed_bolt",
  "rpm": 651,
  "bullet": {
    "life": 0.9,
    "bullet_amount": 1,
    "damage": 20,
    "tracer_count_interval": 0,
    "extra_damage": {
      "armor_ignore": 0.25,
      "head_shot_multiplier": 2.5,
      "damage_adjust": [
        {"distance": 50, "damage": 20},
        {"distance": 120, "damage": 15},
        {"distance": "infinite", "damage": 10}
      ]
    },
    "speed": 700,
    "gravity": 0,
    "knockback": 0,
    "friction": 0,
    "ignite": false,
    "pierce": 2
  },
  "reload": {
    "type": "magazine",
    "feed": {
      "empty": 2.3,
      "tactical": 1.7
    },
    "cooldown": {
      "empty": 3.05,
      "tactical": 2.4
    }
  },
  "draw_time": 0.7,
  "put_away_time": 0.5,
  "aim_time": 0.2,
  "sprint_time": 0.15,
  "weight": 5.8,
  "movement_speed": {
    "base": 0.0,
    "aim": -0.3,
    "reload": -0.2
  },
  "crawl_recoil_multiplier": 0.2,
  "fire_mode": [
    "auto"
  ],
  "recoil": {
    "pitch": [
      {"time": 0, "value": [-0.15, 0.15]},
      {"time": 0.25, "value": [0, 0]},
      {"time": 0.4, "value": [-0.05, 0.05]}
    ],
    "yaw": [
      {"time": 0, "value": [-0.15, 0.15]},
      {"time": 0.25, "value": [0, 0]},
      {"time": 0.4, "value": [-0.05, 0.05]}
    ]
  },
  "allow_attachment_types": [
    "scope",
    "muzzle",
    "laser"
  ],
  "inaccuracy": {
    "stand": 3.25,
    "move": 4,
    "sneak": 2.2,
    "lie": 0.11,
    "aim": 0.11
  },
  "melee": {
    "distance": 0,
    "cooldown": 0.7,
    "default": {
      "animation_type": "melee_stock",
      "distance": 0,
      "range_angle": 0,
      "damage": 0,
      "knockback": 0,
      "prep": 0
    }
  }
}