{
  "ammo": "ex:drgn_rnd",
  "ammo_amount": 10,
  "extended_mag_ammo_amount": [
    15,
    18,
    20
  ],
  "bolt": "closed_bolt",
  "rpm": 1200,
  "bullet": {
    "life": 1.1,
    "bullet_amount": 1,
    "damage": 55,
    "tracer_count_interval": 0,
    "extra_damage": {
      "armor_ignore": 0.75,
      "head_shot_multiplier": 3.2,
      "damage_adjust": [
        {"distance": 120, "damage": 50},
        {"distance": "infinite", "damage": 50}
      ]
    },
    "speed": 400,
    "gravity": 0,
    "knockback": 0,
    "friction": 0,
    "ignite": false,
    "pierce": 5
  },
  "reload": {
    "type": "magazine",
    "feed": {
      "empty": 1.97,
      "tactical": 1.53
    },
    "cooldown": {
      "empty": 2.4,
      "tactical": 2.07
    }
  },
  "draw_time": 0.8,
  "put_away_time": 0.7,
  "aim_time": 0.15,
  "sprint_time": 0.15,
  "weight": 5.0,
  "movement_speed": {
    "base": 0.0,
    "aim": -0.2,
    "reload": -0.2
  },
  "crawl_recoil_multiplier": 0.2,
  "fire_mode": [
    "semi"
  ],
  "recoil": {
    "pitch": [
      {"time": 0, "value": [1.75, 1.75]},
      {"time": 0.05, "value": [1.75, 1.75]},
      {"time": 0.25, "value": [-0.35, -0.25]},
      {"time": 0.5, "value": [0, 0]},
      {"time": 0.7, "value": [0.15, 0.25]},
      {"time": 0.9, "value": [0, 0]}
    ],
    "yaw": [
      {"time": 0, "value": [-0.5, 0.35]},
      {"time": 0.05, "value": [-0.5, 0.35]},
      {"time": 0.25, "value": [0, 0]}
    ]
  },
  "inaccuracy": {
    "stand": 3,
    "move": 5,
    "sneak": 0.1,
    "lie": 0.1,
    "aim": 0.1
  },
  "melee": {
    "distance": 1,
    "cooldown": 1.2,
    "default": {
      "animation_type": "melee_stock",
      "distance": 1.25,
      "range_angle": 30,
      "damage": 5,
      "knockback": 0.85,
      "prep": 0.1
    }
  },
  "allow_attachment_types": [
    "scope",
    "laser",
    "stock",
    "grip",
    "muzzle",
    "extended_mag"
  ]
}