{
  "ammo": "ex:drgn_rnd",
  "ammo_amount": 50,
  "rpm": 1200,
  "bullet": {
    "life": 0.65,
    "bullet_amount": 1,
    "damage": 9.7,
    "tracer_count_interval": 0,
    "extra_damage": {
      "armor_ignore": 0.5,
      "head_shot_multiplier": 1.8,
      "damage_adjust": [
        {"distance": 40, "damage": 9.7},
        {"distance": 85, "damage": 9.7},
        {"distance": "infinite", "damage": 9}
      ]
    },
    "speed": 400,
    "gravity": 0,
    "knockback": 0,
    "friction": 0,
    "ignite": false,
    "pierce": 1
  },
  "bolt": "closed_bolt",
  "reload": {
    "type": "magazine",
    "feed": {
      "empty": 2.7,
      "tactical": 2.4
    },
    "cooldown": {
      "empty": 3.6,
      "tactical": 3
    }
  },
  "draw_time": 0.8,
  "put_away_time": 0.4,
  "aim_time": 0.1,
  "sprint_time": 0.15,
  "weight": 2.5,
  "movement_speed": {
    "base": 0.0,
    "aim": -0.1,
    "reload": -0.2
  },
  "crawl_recoil_multiplier": 0.75,
  "fire_mode": [
    "auto",
    "burst",
    "semi"
  ],
  "burst_data": {
    "continuous_shoot": true,
    "count": 2,
    "bpm": 1000,
    "min_interval": 0.3
  },
  "allow_attachment_types": [
    "scope",
    "stock",
    "grip"
  ],
  "recoil": {
    "pitch": [
      {"time": 0, "value": [-0.15, 0.15]},
      {"time": 0.25, "value": [0, 0]},
      {"time": 0.4, "value": [-0.05, 0.05]}
    ],
    "yaw": [
      {"time": 0, "value": [-0.15, 0.15]},
      {"time": 0.25, "value": [0, 0]},
      {"time": 0.4, "value": [-0.05, 0.05]}
    ]
  },
  "melee": {
    "distance": 1,
    "cooldown": 1.2,
    "default": {
      "animation_type": "melee_stock",
      "distance": 1.25,
      "range_angle": 30,
      "damage": 5,
      "knockback": 0.85,
      "prep": 0.1
    }
  },
  "inaccuracy": {
    "stand": 3,
    "move": 3,
    "sneak": 1.15,
    "lie": 0.11,
    "aim": 0.11
  }
}