{
  "materials": [
    {
      "item": {
        "tag": "forge:gems/diamond"
      },
      "count": 6
    },
    {
      "item": {
        "tag": "forge:ingots/gold"
      },
      "count": 30
    },
    {
      "item": {
        "tag": "forge:ingots/iron"
      },
      "count": 145
    },
    {
      "item": {
        "tag": "forge:rods/blaze"
      },
      "count": 5
    }
  ],
  "result": {
    "type": "gun",
    "id": "tacz:fn_evolys"
  },
  "type": "tacz:gun_smith_table_crafting"
}