{
  "materials": [
    {
      "item": {
        "tag": "forge:ingots/iron"
      },
      "count": 64
    },
    {
      "item": {
        "tag": "forge:gems/lapis"
      },
      "count": 20
    },
    {
      "item": {
        "tag": "minecraft:logs"
      },
      "count": 30
    },
    {
      "item": {
        "tag": "forge:ingots/gold"
      },
      "count": 10
    }
  ],
  "result": {
    "type": "gun",
    "id": "tacz:fn_fal"
  },
  "type": "tacz:gun_smith_table_crafting"
}