{
  "materials": [
    {
      "item": {
        "tag": "forge:ingots/iron"
      },
      "count": 64
    },
    {
      "item": {
        "tag": "forge:ingots/gold"
      },
      "count": 12
    },
    {
      "item": {
        "tag": "forge:gems/diamond"
      },
      "count": 1
    },
    {
      "item": {
        "tag": "forge:gems/lapis"
      },
      "count": 8
    }
  ],
  "result": {
    "type": "gun",
    "id": "tacz:m1014"
  },
  "type": "tacz:gun_smith_table_crafting"
}