{
  "materials": [
    {
      "item": {
        "tag": "forge:ingots/iron"
      },
      "count": 64
    },
    {
      "item": {
        "tag": "forge:ingots/gold"
      },
      "count": 8
    },
    {
      "item": {
        "tag": "forge:gems/lapis"
      },
      "count": 16
    },
     {
      "item": {
        "tag": "forge:gems/quartz"
      },
      "count": 8
    }
  ],
  "result": {
    "type": "gun",
    "id": "tacz:qbz_191"
  },
  "type": "tacz:gun_smith_table_crafting"
}