{
  "materials": [
    {
      "item": {
        "tag": "forge:ingots/iron"
      },
      "count": 110
    },
    {
      "item": {
        "tag": "forge:ingots/gold"
      },
      "count": 20
    },
    {
      "item": {
        "tag": "forge:gems/diamond"
      },
      "count": 2
    },
    {
      "item": {
        "tag": "forge:gems/lapis"
      },
      "count": 5
    }
  ],
  "result": {
    "type": "gun",
    "id": "tacz:spas_12"
  },
  "type": "tacz:gun_smith_table_crafting"
}