{
	"format_version": "1.12.0",
	"minecraft:geometry": [
		{
			"description": {
				"identifier": "geometry.scope",
				"texture_width": 128,
				"texture_height": 128,
				"visible_bounds_width": 124,
				"visible_bounds_height": 33,
				"visible_bounds_offset": [0, 0.5, 0]
			},
			"bones": [
				{
					"name": "division",
					"pivot": [0.125, -1.25, -127.825],
					"cubes": [
						{
							"origin": [-59, -56.85, -325],
							"size": [118, 118, 0.001],
							"uv": {
								"south": {"uv": [0, 0], "uv_size": [118, 118]}
							}
						},
						{
							"origin": [-59, -248.85, -325],
							"size": [118, 192, 0.00099],
							"uv": {
								"south": {"uv": [0, 0], "uv_size": [1, 1]}
							}
						},
						{
							"origin": [-59, 61.15, -325],
							"size": [118, 192, 0.00099],
							"uv": {
								"south": {"uv": [0, 0], "uv_size": [1, 1]}
							}
						},
						{
							"origin": [59, -248.85001, -325],
							"size": [320, 502, 0.00097],
							"uv": {
								"south": {"uv": [0, 0], "uv_size": [1, 1]}
							}
						},
						{
							"origin": [-379, -248.85001, -325],
							"size": [320, 502, 0.00097],
							"uv": {
								"south": {"uv": [1, 0], "uv_size": [-1, 1]}
							}
						}
					]
				},
				{
					"name": "scope_body",
					"pivot": [0, -0.25, 0]
				},
				{
					"name": "body",
					"parent": "scope_body",
					"pivot": [0, -0.145, -6.0725]
				},
				{
					"name": "group",
					"parent": "body",
					"pivot": [0, 0.03, -6.09]
				},
				{
					"name": "glass",
					"parent": "group",
					"pivot": [0, 0.03, -5.95],
					"cubes": [
						{
							"origin": [-0.3675, 0.635, -11.675],
							"size": [0.735, 1.89, 0.07],
							"uv": {
								"north": {"uv": [7, 118], "uv_size": [1, 2.75]}
							}
						},
						{
							"origin": [-0.945, 1.2125, -11.675],
							"size": [1.89, 0.735, 0.07],
							"uv": {
								"north": {"uv": [118, 7], "uv_size": [2.75, 1]}
							}
						},
						{
							"origin": [-0.3675, 0.635, -11.675],
							"size": [0.735, 1.89, 0.07],
							"pivot": [0, 1.58, -11.64],
							"rotation": [0, 0, 45],
							"uv": {
								"north": {"uv": [8, 118], "uv_size": [1, 2.75]}
							}
						},
						{
							"origin": [-0.3675, 0.635, -11.675],
							"size": [0.735, 1.89, 0.07],
							"pivot": [0, 1.58, -11.64],
							"rotation": [0, 0, -45],
							"uv": {
								"north": {"uv": [118, 8], "uv_size": [1, 2.75]}
							}
						}
					]
				},
				{
					"name": "bone",
					"parent": "group",
					"pivot": [0, 1.43, -2.73],
					"cubes": [
						{
							"origin": [-0.11487, 1.0025, -5.915],
							"size": [0.22974, 1.155, 6.545],
							"uv": {
								"up": {"uv": [118, 12], "uv_size": [0.25, 9.5]},
								"down": {"uv": [15, 127.5], "uv_size": [0.25, -9.5]}
							}
						},
						{
							"origin": [-0.11487, 1.0025, -5.915],
							"size": [0.22974, 1.155, 6.545],
							"pivot": [0, 1.58, -6.09],
							"rotation": [0, 0, 22.5],
							"uv": {
								"up": {"uv": [16, 118], "uv_size": [0.25, 9.5]},
								"down": {"uv": [17, 127.5], "uv_size": [0.25, -9.5]}
							}
						},
						{
							"origin": [-0.11487, 1.0025, -5.915],
							"size": [0.22974, 1.155, 6.545],
							"pivot": [0, 1.58, -6.09],
							"rotation": [0, 0, 45],
							"uv": {
								"up": {"uv": [18, 118], "uv_size": [0.25, 9.5]},
								"down": {"uv": [19, 127.5], "uv_size": [0.25, -9.5]}
							}
						},
						{
							"origin": [-0.11487, 1.0025, -5.915],
							"size": [0.22974, 1.155, 6.545],
							"pivot": [0, 1.58, -6.09],
							"rotation": [0, 0, 67.5],
							"uv": {
								"up": {"uv": [20, 118], "uv_size": [0.25, 9.5]},
								"down": {"uv": [21, 127.5], "uv_size": [0.25, -9.5]}
							}
						},
						{
							"origin": [-0.11487, 1.0025, -5.915],
							"size": [0.22974, 1.155, 6.545],
							"pivot": [0, 1.58, -6.09],
							"rotation": [0, 0, 90],
							"uv": {
								"up": {"uv": [22, 118], "uv_size": [0.25, 9.5]},
								"down": {"uv": [118, 31.5], "uv_size": [0.25, -9.5]}
							}
						},
						{
							"origin": [-0.11487, 1.0025, -5.915],
							"size": [0.22974, 1.155, 6.545],
							"pivot": [0, 1.58, -6.09],
							"rotation": [0, 0, 112.5],
							"uv": {
								"up": {"uv": [23, 118], "uv_size": [0.25, 9.5]},
								"down": {"uv": [24, 127.5], "uv_size": [0.25, -9.5]}
							}
						},
						{
							"origin": [-0.11487, 1.0025, -5.915],
							"size": [0.22974, 1.155, 6.545],
							"pivot": [0, 1.58, -6.09],
							"rotation": [0, 0, 135],
							"uv": {
								"up": {"uv": [25, 118], "uv_size": [0.25, 9.5]},
								"down": {"uv": [26, 127.5], "uv_size": [0.25, -9.5]}
							}
						},
						{
							"origin": [-0.11487, 1.0025, -5.915],
							"size": [0.22974, 1.155, 6.545],
							"pivot": [0, 1.58, -6.09],
							"rotation": [0, 0, 157.5],
							"uv": {
								"up": {"uv": [27, 118], "uv_size": [0.25, 9.5]},
								"down": {"uv": [28, 127.5], "uv_size": [0.25, -9.5]}
							}
						}
					]
				},
				{
					"name": "bone3",
					"parent": "group",
					"pivot": [0, 1.43, -10.115],
					"cubes": [
						{
							"origin": [-0.20888, 2.525, -11.885],
							"size": [0.41776, 0.105, 3.02],
							"uv": {
								"north": {"uv": [123, 45], "uv_size": [0.5, 0.25]},
								"up": {"uv": [65, 118], "uv_size": [0.5, 2.75]},
								"down": {"uv": [66, 120.75], "uv_size": [0.5, -2.75]}
							}
						},
						{
							"origin": [-0.20888, 2.525, -11.885],
							"size": [0.41776, 0.105, 3.02],
							"pivot": [0, 1.58, -10.94],
							"rotation": [0, 0, 22.5],
							"uv": {
								"north": {"uv": [46, 123], "uv_size": [0.5, 0.25]},
								"up": {"uv": [67, 118], "uv_size": [0.5, 2.75]},
								"down": {"uv": [68, 120.75], "uv_size": [0.5, -2.75]}
							}
						},
						{
							"origin": [-0.20888, 2.525, -11.885],
							"size": [0.41776, 0.105, 3.02],
							"pivot": [0, 1.58, -10.94],
							"rotation": [0, 0, 45],
							"uv": {
								"north": {"uv": [123, 46], "uv_size": [0.5, 0.25]},
								"up": {"uv": [69, 118], "uv_size": [0.5, 2.75]},
								"down": {"uv": [118, 71.75], "uv_size": [0.5, -2.75]}
							}
						},
						{
							"origin": [-0.20888, 2.525, -11.885],
							"size": [0.41776, 0.105, 3.02],
							"pivot": [0, 1.58, -10.94],
							"rotation": [0, 0, 67.5],
							"uv": {
								"north": {"uv": [47, 123], "uv_size": [0.5, 0.25]},
								"up": {"uv": [70, 118], "uv_size": [0.5, 2.75]},
								"down": {"uv": [71, 120.75], "uv_size": [0.5, -2.75]}
							}
						},
						{
							"origin": [-0.20888, 2.525, -11.885],
							"size": [0.41776, 0.105, 3.02],
							"pivot": [0, 1.58, -10.94],
							"rotation": [0, 0, 90],
							"uv": {
								"north": {"uv": [123, 47], "uv_size": [0.5, 0.25]},
								"up": {"uv": [72, 118], "uv_size": [0.5, 2.75]},
								"down": {"uv": [118, 74.75], "uv_size": [0.5, -2.75]}
							}
						},
						{
							"origin": [-0.20888, 2.525, -11.885],
							"size": [0.41776, 0.105, 3.02],
							"pivot": [0, 1.58, -10.94],
							"rotation": [0, 0, 112.5],
							"uv": {
								"north": {"uv": [48, 123], "uv_size": [0.5, 0.25]},
								"up": {"uv": [73, 118], "uv_size": [0.5, 2.75]},
								"down": {"uv": [74, 120.75], "uv_size": [0.5, -2.75]}
							}
						},
						{
							"origin": [-0.20888, 2.525, -11.885],
							"size": [0.41776, 0.105, 3.02],
							"pivot": [0, 1.58, -10.94],
							"rotation": [0, 0, 135],
							"uv": {
								"north": {"uv": [123, 48], "uv_size": [0.5, 0.25]},
								"up": {"uv": [75, 118], "uv_size": [0.5, 2.75]},
								"down": {"uv": [118, 77.75], "uv_size": [0.5, -2.75]}
							}
						},
						{
							"origin": [-0.20888, 2.525, -11.885],
							"size": [0.41776, 0.105, 3.02],
							"pivot": [0, 1.58, -10.94],
							"rotation": [0, 0, 157.5],
							"uv": {
								"north": {"uv": [49, 123], "uv_size": [0.5, 0.25]},
								"up": {"uv": [76, 118], "uv_size": [0.5, 2.75]},
								"down": {"uv": [77, 120.75], "uv_size": [0.5, -2.75]}
							}
						},
						{
							"origin": [-0.20888, 2.525, -11.885],
							"size": [0.41776, 0.105, 3.02],
							"pivot": [0, 1.58, -10.94],
							"rotation": [0, 0, 180],
							"uv": {
								"north": {"uv": [123, 49], "uv_size": [0.5, 0.25]},
								"up": {"uv": [78, 118], "uv_size": [0.5, 2.75]},
								"down": {"uv": [118, 80.75], "uv_size": [0.5, -2.75]}
							}
						},
						{
							"origin": [-0.20888, 2.525, -11.885],
							"size": [0.41776, 0.105, 3.02],
							"pivot": [0, 1.58, -10.94],
							"rotation": [0, 0, -157.5],
							"uv": {
								"north": {"uv": [50, 123], "uv_size": [0.5, 0.25]},
								"up": {"uv": [79, 118], "uv_size": [0.5, 2.75]},
								"down": {"uv": [80, 120.75], "uv_size": [0.5, -2.75]}
							}
						},
						{
							"origin": [-0.20888, 2.525, -11.885],
							"size": [0.41776, 0.105, 3.02],
							"pivot": [0, 1.58, -10.94],
							"rotation": [0, 0, -135],
							"uv": {
								"north": {"uv": [123, 50], "uv_size": [0.5, 0.25]},
								"up": {"uv": [81, 118], "uv_size": [0.5, 2.75]},
								"down": {"uv": [118, 83.75], "uv_size": [0.5, -2.75]}
							}
						},
						{
							"origin": [-0.20888, 2.525, -11.885],
							"size": [0.41776, 0.105, 3.02],
							"pivot": [0, 1.58, -10.94],
							"rotation": [0, 0, -112.5],
							"uv": {
								"north": {"uv": [123, 51], "uv_size": [0.5, 0.25]},
								"up": {"uv": [82, 118], "uv_size": [0.5, 2.75]},
								"down": {"uv": [83, 120.75], "uv_size": [0.5, -2.75]}
							}
						},
						{
							"origin": [-0.20888, 2.525, -11.885],
							"size": [0.41776, 0.105, 3.02],
							"pivot": [0, 1.58, -10.94],
							"rotation": [0, 0, -90],
							"uv": {
								"north": {"uv": [123, 52], "uv_size": [0.5, 0.25]},
								"up": {"uv": [84, 118], "uv_size": [0.5, 2.75]},
								"down": {"uv": [118, 86.75], "uv_size": [0.5, -2.75]}
							}
						},
						{
							"origin": [-0.20888, 2.525, -11.885],
							"size": [0.41776, 0.105, 3.02],
							"pivot": [0, 1.58, -10.94],
							"rotation": [0, 0, -67.5],
							"uv": {
								"north": {"uv": [123, 53], "uv_size": [0.5, 0.25]},
								"up": {"uv": [85, 118], "uv_size": [0.5, 2.75]},
								"down": {"uv": [86, 120.75], "uv_size": [0.5, -2.75]}
							}
						},
						{
							"origin": [-0.20888, 2.525, -11.885],
							"size": [0.41776, 0.105, 3.02],
							"pivot": [0, 1.58, -10.94],
							"rotation": [0, 0, -45],
							"uv": {
								"north": {"uv": [54, 123], "uv_size": [0.5, 0.25]},
								"up": {"uv": [87, 118], "uv_size": [0.5, 2.75]},
								"down": {"uv": [118, 89.75], "uv_size": [0.5, -2.75]}
							}
						},
						{
							"origin": [-0.20888, 2.525, -11.885],
							"size": [0.41776, 0.105, 3.02],
							"pivot": [0, 1.58, -10.94],
							"rotation": [0, 0, -22.5],
							"uv": {
								"north": {"uv": [123, 54], "uv_size": [0.5, 0.25]},
								"up": {"uv": [88, 118], "uv_size": [0.5, 2.75]},
								"down": {"uv": [89, 120.75], "uv_size": [0.5, -2.75]}
							}
						}
					]
				},
				{
					"name": "bone4",
					"parent": "group",
					"pivot": [0, 0.03, -6.09],
					"cubes": [
						{
							"origin": [-0.11487, 2.08039, -8.99909],
							"size": [0.22974, 0.07, 3.01875],
							"pivot": [0, 1.58, -5.89],
							"rotation": [-9, 0, 0],
							"uv": {
								"up": {"uv": [119, 18], "uv_size": [0.25, 4.25]}
							}
						},
						{
							"origin": [0.01987, 2.08039, -9.00115],
							"size": [0.09219, 0.07, 3.01734],
							"pivot": [0, 1.58, -5.89],
							"rotation": [-9.00413, -1.72845, 0.27384],
							"uv": {
								"up": {"uv": [119, 23], "uv_size": [0.25, 4.25]}
							}
						},
						{
							"origin": [-0.11206, 2.08039, -9.00115],
							"size": [0.09219, 0.07, 3.01734],
							"pivot": [0, 1.58, -5.89],
							"rotation": [-9.00413, 1.72845, -0.27384],
							"uv": {
								"up": {"uv": [119, 50], "uv_size": [0.25, 4.25]}
							}
						},
						{
							"origin": [-0.11206, 2.08039, -9.00115],
							"size": [0.09219, 0.07, 3.01734],
							"pivot": [0, 1.58, -5.89],
							"rotation": [-9.00413, 1.72845, -45.27384],
							"uv": {
								"up": {"uv": [51, 119], "uv_size": [0.25, 4.25]}
							}
						},
						{
							"origin": [0.01987, 2.08039, -9.00115],
							"size": [0.09219, 0.07, 3.01734],
							"pivot": [0, 1.58, -5.89],
							"rotation": [-9.00413, -1.72845, -44.72616],
							"uv": {
								"up": {"uv": [52, 119], "uv_size": [0.25, 4.25]}
							}
						},
						{
							"origin": [-0.11487, 2.08039, -8.99909],
							"size": [0.22974, 0.07, 3.01875],
							"pivot": [0, 1.58, -5.89],
							"rotation": [-9, 0, -45],
							"uv": {
								"up": {"uv": [53, 119], "uv_size": [0.25, 4.25]}
							}
						},
						{
							"origin": [-0.11206, 2.08039, -9.00115],
							"size": [0.09219, 0.07, 3.01734],
							"pivot": [0, 1.58, -5.89],
							"rotation": [-9.00413, 1.72845, -90.27384],
							"uv": {
								"up": {"uv": [55, 119], "uv_size": [0.25, 4.25]}
							}
						},
						{
							"origin": [0.01987, 2.08039, -9.00115],
							"size": [0.09219, 0.07, 3.01734],
							"pivot": [0, 1.58, -5.89],
							"rotation": [-9.00413, -1.72845, -89.72616],
							"uv": {
								"up": {"uv": [56, 119], "uv_size": [0.25, 4.25]}
							}
						},
						{
							"origin": [-0.11487, 2.08039, -8.99909],
							"size": [0.22974, 0.07, 3.01875],
							"pivot": [0, 1.58, -5.89],
							"rotation": [-9, 0, -90],
							"uv": {
								"up": {"uv": [57, 119], "uv_size": [0.25, 4.25]}
							}
						},
						{
							"origin": [-0.11206, 2.08039, -9.00115],
							"size": [0.09219, 0.07, 3.01734],
							"pivot": [0, 1.58, -5.89],
							"rotation": [-9.00413, 1.72845, -135.27384],
							"uv": {
								"up": {"uv": [119, 57], "uv_size": [0.25, 4.25]}
							}
						},
						{
							"origin": [0.01987, 2.08039, -9.00115],
							"size": [0.09219, 0.07, 3.01734],
							"pivot": [0, 1.58, -5.89],
							"rotation": [-9.00413, -1.72845, -134.72616],
							"uv": {
								"up": {"uv": [119, 63], "uv_size": [0.25, 4.25]}
							}
						},
						{
							"origin": [-0.11487, 2.08039, -8.99909],
							"size": [0.22974, 0.07, 3.01875],
							"pivot": [0, 1.58, -5.89],
							"rotation": [-9, 0, -135],
							"uv": {
								"up": {"uv": [119, 68], "uv_size": [0.25, 4.25]}
							}
						},
						{
							"origin": [-0.11206, 2.08039, -9.00115],
							"size": [0.09219, 0.07, 3.01734],
							"pivot": [0, 1.58, -5.89],
							"rotation": [-9.00413, 1.72845, 179.72616],
							"uv": {
								"up": {"uv": [119, 73], "uv_size": [0.25, 4.25]}
							}
						},
						{
							"origin": [0.01987, 2.08039, -9.00115],
							"size": [0.09219, 0.07, 3.01734],
							"pivot": [0, 1.58, -5.89],
							"rotation": [-9.00413, -1.72845, -179.72616],
							"uv": {
								"up": {"uv": [119, 78], "uv_size": [0.25, 4.25]}
							}
						},
						{
							"origin": [-0.11487, 2.08039, -8.99909],
							"size": [0.22974, 0.07, 3.01875],
							"pivot": [0, 1.58, -5.89],
							"rotation": [-9, 0, -180],
							"uv": {
								"up": {"uv": [119, 83], "uv_size": [0.25, 4.25]}
							}
						},
						{
							"origin": [-0.11206, 2.08039, -9.00115],
							"size": [0.09219, 0.07, 3.01734],
							"pivot": [0, 1.58, -5.89],
							"rotation": [-9.00413, 1.72845, 134.72616],
							"uv": {
								"up": {"uv": [90, 119], "uv_size": [0.25, 4.25]}
							}
						},
						{
							"origin": [0.01987, 2.08039, -9.00115],
							"size": [0.09219, 0.07, 3.01734],
							"pivot": [0, 1.58, -5.89],
							"rotation": [-9.00413, -1.72845, 135.27384],
							"uv": {
								"up": {"uv": [91, 119], "uv_size": [0.25, 4.25]}
							}
						},
						{
							"origin": [-0.11487, 2.08039, -8.99909],
							"size": [0.22974, 0.07, 3.01875],
							"pivot": [0, 1.58, -5.89],
							"rotation": [-9, 0, 135],
							"uv": {
								"up": {"uv": [119, 91], "uv_size": [0.25, 4.25]}
							}
						},
						{
							"origin": [-0.11206, 2.08039, -9.00115],
							"size": [0.09219, 0.07, 3.01734],
							"pivot": [0, 1.58, -5.89],
							"rotation": [-9.00413, 1.72845, 89.72616],
							"uv": {
								"up": {"uv": [119, 96], "uv_size": [0.25, 4.25]}
							}
						},
						{
							"origin": [0.01987, 2.08039, -9.00115],
							"size": [0.09219, 0.07, 3.01734],
							"pivot": [0, 1.58, -5.89],
							"rotation": [-9.00413, -1.72845, 90.27384],
							"uv": {
								"up": {"uv": [119, 101], "uv_size": [0.25, 4.25]}
							}
						},
						{
							"origin": [-0.11487, 2.08039, -8.99909],
							"size": [0.22974, 0.07, 3.01875],
							"pivot": [0, 1.58, -5.89],
							"rotation": [-9, 0, 90],
							"uv": {
								"up": {"uv": [119, 106], "uv_size": [0.25, 4.25]}
							}
						},
						{
							"origin": [-0.11206, 2.08039, -9.00115],
							"size": [0.09219, 0.07, 3.01734],
							"pivot": [0, 1.58, -5.89],
							"rotation": [-9.00413, 1.72845, 44.72616],
							"uv": {
								"up": {"uv": [119, 111], "uv_size": [0.25, 4.25]}
							}
						},
						{
							"origin": [0.01987, 2.08039, -9.00115],
							"size": [0.09219, 0.07, 3.01734],
							"pivot": [0, 1.58, -5.89],
							"rotation": [-9.00413, -1.72845, 45.27384],
							"uv": {
								"up": {"uv": [119, 116], "uv_size": [0.25, 4.25]}
							}
						},
						{
							"origin": [-0.11487, 2.08039, -8.99909],
							"size": [0.22974, 0.07, 3.01875],
							"pivot": [0, 1.58, -5.89],
							"rotation": [-9, 0, 45],
							"uv": {
								"up": {"uv": [118, 119], "uv_size": [0.25, 4.25]}
							}
						},
						{
							"origin": [-0.11487, 2.08039, -8.99909],
							"size": [0.22974, 0.07, 3.01875],
							"pivot": [0, 1.58, -5.89],
							"rotation": [-9, 0, -22.5],
							"uv": {
								"up": {"uv": [120, 0], "uv_size": [0.25, 4.25]}
							}
						},
						{
							"origin": [0.01987, 2.08039, -9.00115],
							"size": [0.09547, 0.06936, 3.01734],
							"pivot": [0, 1.58, -5.89],
							"rotation": [-9.00413, -1.72845, -22.22616],
							"uv": {
								"up": {"uv": [10, 120], "uv_size": [0.25, 4.25]}
							}
						},
						{
							"origin": [-0.11533, 2.08039, -9.00115],
							"size": [0.09547, 0.06936, 3.01734],
							"pivot": [0, 1.58, -5.89],
							"rotation": [-9.00413, 1.72845, -22.77384],
							"uv": {
								"up": {"uv": [11, 120], "uv_size": [0.25, 4.25]}
							}
						},
						{
							"origin": [-0.11487, 2.08039, -8.99909],
							"size": [0.22974, 0.07, 3.01875],
							"pivot": [0, 1.58, -5.89],
							"rotation": [-9, 0, -67.5],
							"uv": {
								"up": {"uv": [120, 18], "uv_size": [0.25, 4.25]}
							}
						},
						{
							"origin": [0.01987, 2.08039, -9.00115],
							"size": [0.09547, 0.06936, 3.01734],
							"pivot": [0, 1.58, -5.89],
							"rotation": [-9.00413, -1.72845, -67.22616],
							"uv": {
								"up": {"uv": [120, 23], "uv_size": [0.25, 4.25]}
							}
						},
						{
							"origin": [-0.11533, 2.08039, -9.00115],
							"size": [0.09547, 0.06936, 3.01734],
							"pivot": [0, 1.58, -5.89],
							"rotation": [-9.00413, 1.72845, -67.77384],
							"uv": {
								"up": {"uv": [120, 28], "uv_size": [0.25, 4.25]}
							}
						},
						{
							"origin": [-0.11487, 2.08039, -8.99909],
							"size": [0.22974, 0.07, 3.01875],
							"pivot": [0, 1.58, -5.89],
							"rotation": [-9, 0, -112.5],
							"uv": {
								"up": {"uv": [29, 120], "uv_size": [0.25, 4.25]}
							}
						},
						{
							"origin": [0.01987, 2.08039, -9.00115],
							"size": [0.09547, 0.06936, 3.01734],
							"pivot": [0, 1.58, -5.89],
							"rotation": [-9.00413, -1.72845, -112.22616],
							"uv": {
								"up": {"uv": [30, 120], "uv_size": [0.25, 4.25]}
							}
						},
						{
							"origin": [-0.11533, 2.08039, -9.00115],
							"size": [0.09547, 0.06936, 3.01734],
							"pivot": [0, 1.58, -5.89],
							"rotation": [-9.00413, 1.72845, -112.77384],
							"uv": {
								"up": {"uv": [31, 120], "uv_size": [0.25, 4.25]}
							}
						},
						{
							"origin": [-0.11487, 2.08039, -8.99909],
							"size": [0.22974, 0.07, 3.01875],
							"pivot": [0, 1.58, -5.89],
							"rotation": [-9, 0, -157.5],
							"uv": {
								"up": {"uv": [32, 120], "uv_size": [0.25, 4.25]}
							}
						},
						{
							"origin": [0.01987, 2.08039, -9.00115],
							"size": [0.09547, 0.06936, 3.01734],
							"pivot": [0, 1.58, -5.89],
							"rotation": [-9.00413, -1.72845, -157.22616],
							"uv": {
								"up": {"uv": [33, 120], "uv_size": [0.25, 4.25]}
							}
						},
						{
							"origin": [-0.11533, 2.08039, -9.00115],
							"size": [0.09547, 0.06936, 3.01734],
							"pivot": [0, 1.58, -5.89],
							"rotation": [-9.00413, 1.72845, -157.77384],
							"uv": {
								"up": {"uv": [120, 33], "uv_size": [0.25, 4.25]}
							}
						},
						{
							"origin": [0.01987, 2.08039, -9.00115],
							"size": [0.09547, 0.06936, 3.01734],
							"pivot": [0, 1.58, -5.89],
							"rotation": [-9.00413, -1.72845, 157.77384],
							"uv": {
								"up": {"uv": [34, 120], "uv_size": [0.25, 4.25]}
							}
						},
						{
							"origin": [-0.11533, 2.08039, -9.00115],
							"size": [0.09547, 0.06936, 3.01734],
							"pivot": [0, 1.58, -5.89],
							"rotation": [-9.00413, 1.72845, 157.22616],
							"uv": {
								"up": {"uv": [35, 120], "uv_size": [0.25, 4.25]}
							}
						},
						{
							"origin": [-0.11487, 2.08039, -8.99909],
							"size": [0.22974, 0.07, 3.01875],
							"pivot": [0, 1.58, -5.89],
							"rotation": [-9, 0, 157.5],
							"uv": {
								"up": {"uv": [36, 120], "uv_size": [0.25, 4.25]}
							}
						},
						{
							"origin": [0.01987, 2.08039, -9.00115],
							"size": [0.09547, 0.06936, 3.01734],
							"pivot": [0, 1.58, -5.89],
							"rotation": [-9.00413, -1.72845, 112.77384],
							"uv": {
								"up": {"uv": [37, 120], "uv_size": [0.25, 4.25]}
							}
						},
						{
							"origin": [-0.11533, 2.08039, -9.00115],
							"size": [0.09547, 0.06936, 3.01734],
							"pivot": [0, 1.58, -5.89],
							"rotation": [-9.00413, 1.72845, 112.22616],
							"uv": {
								"up": {"uv": [38, 120], "uv_size": [0.25, 4.25]}
							}
						},
						{
							"origin": [-0.11487, 2.08039, -8.99909],
							"size": [0.22974, 0.07, 3.01875],
							"pivot": [0, 1.58, -5.89],
							"rotation": [-9, 0, 112.5],
							"uv": {
								"up": {"uv": [120, 38], "uv_size": [0.25, 4.25]}
							}
						},
						{
							"origin": [0.01987, 2.08039, -9.00115],
							"size": [0.09547, 0.06936, 3.01734],
							"pivot": [0, 1.58, -5.89],
							"rotation": [-9.00413, -1.72845, 67.77384],
							"uv": {
								"up": {"uv": [39, 120], "uv_size": [0.25, 4.25]}
							}
						},
						{
							"origin": [-0.11533, 2.08039, -9.00115],
							"size": [0.09547, 0.06936, 3.01734],
							"pivot": [0, 1.58, -5.89],
							"rotation": [-9.00413, 1.72845, 67.22616],
							"uv": {
								"up": {"uv": [40, 120], "uv_size": [0.25, 4.25]}
							}
						},
						{
							"origin": [-0.11487, 2.08039, -8.99909],
							"size": [0.22974, 0.07, 3.01875],
							"pivot": [0, 1.58, -5.89],
							"rotation": [-9, 0, 67.5],
							"uv": {
								"up": {"uv": [41, 120], "uv_size": [0.25, 4.25]}
							}
						},
						{
							"origin": [0.01987, 2.08039, -9.00115],
							"size": [0.09547, 0.06936, 3.01734],
							"pivot": [0, 1.58, -5.89],
							"rotation": [-9.00413, -1.72845, 22.77384],
							"uv": {
								"up": {"uv": [42, 120], "uv_size": [0.25, 4.25]}
							}
						},
						{
							"origin": [-0.11533, 2.08039, -9.00115],
							"size": [0.09547, 0.06936, 3.01734],
							"pivot": [0, 1.58, -5.89],
							"rotation": [-9.00413, 1.72845, 22.22616],
							"uv": {
								"up": {"uv": [43, 120], "uv_size": [0.25, 4.25]}
							}
						},
						{
							"origin": [-0.11487, 2.08039, -8.99909],
							"size": [0.22974, 0.07, 3.01875],
							"pivot": [0, 1.58, -5.89],
							"rotation": [-9, 0, 22.5],
							"uv": {
								"up": {"uv": [120, 43], "uv_size": [0.25, 4.25]}
							}
						}
					]
				},
				{
					"name": "bone5",
					"parent": "group",
					"pivot": [0, 1.43, 1.4175],
					"cubes": [
						{
							"origin": [-0.17402, 0.705, 0.98],
							"size": [0.34804, 1.75, 0.7],
							"uv": {
								"south": {"uv": [97, 118], "uv_size": [0.5, 2.5]},
								"up": {"uv": [61, 120], "uv_size": [0.5, 1]},
								"down": {"uv": [120, 62], "uv_size": [0.5, -1]}
							}
						},
						{
							"origin": [-0.17402, 0.705, 0.98],
							"size": [0.34804, 1.75, 0.7],
							"pivot": [0, 1.58, 1.4175],
							"rotation": [0, 0, 22.5],
							"uv": {
								"south": {"uv": [98, 118], "uv_size": [0.5, 2.5]},
								"up": {"uv": [120, 63], "uv_size": [0.5, 1]},
								"down": {"uv": [120, 65], "uv_size": [0.5, -1]}
							}
						},
						{
							"origin": [-0.17402, 0.705, 0.98],
							"size": [0.34804, 1.75, 0.7],
							"pivot": [0, 1.58, 1.4175],
							"rotation": [0, 0, 45],
							"uv": {
								"south": {"uv": [99, 118], "uv_size": [0.5, 2.5]},
								"up": {"uv": [120, 65], "uv_size": [0.5, 1]},
								"down": {"uv": [120, 67], "uv_size": [0.5, -1]}
							}
						},
						{
							"origin": [-0.17402, 0.705, 0.98],
							"size": [0.34804, 1.75, 0.7],
							"pivot": [0, 1.58, 1.4175],
							"rotation": [0, 0, 67.5],
							"uv": {
								"south": {"uv": [100, 118], "uv_size": [0.5, 2.5]},
								"up": {"uv": [120, 67], "uv_size": [0.5, 1]},
								"down": {"uv": [120, 69], "uv_size": [0.5, -1]}
							}
						},
						{
							"origin": [-0.17402, 0.705, 0.98],
							"size": [0.34804, 1.75, 0.7],
							"pivot": [0, 1.58, 1.4175],
							"rotation": [0, 0, 90],
							"uv": {
								"south": {"uv": [101, 118], "uv_size": [0.5, 2.5]},
								"up": {"uv": [120, 69], "uv_size": [0.5, 1]},
								"down": {"uv": [120, 71], "uv_size": [0.5, -1]}
							}
						},
						{
							"origin": [-0.17402, 0.705, 0.98],
							"size": [0.34804, 1.75, 0.7],
							"pivot": [0, 1.58, 1.4175],
							"rotation": [0, 0, 112.5],
							"uv": {
								"south": {"uv": [118, 101], "uv_size": [0.5, 2.5]},
								"up": {"uv": [120, 71], "uv_size": [0.5, 1]},
								"down": {"uv": [120, 73], "uv_size": [0.5, -1]}
							}
						},
						{
							"origin": [-0.17402, 0.705, 0.98],
							"size": [0.34804, 1.75, 0.7],
							"pivot": [0, 1.58, 1.4175],
							"rotation": [0, 0, 135],
							"uv": {
								"south": {"uv": [102, 118], "uv_size": [0.5, 2.5]},
								"up": {"uv": [120, 73], "uv_size": [0.5, 1]},
								"down": {"uv": [120, 75], "uv_size": [0.5, -1]}
							}
						},
						{
							"origin": [-0.17402, 0.705, 0.98],
							"size": [0.34804, 1.75, 0.7],
							"pivot": [0, 1.58, 1.4175],
							"rotation": [0, 0, 157.5],
							"uv": {
								"south": {"uv": [103, 118], "uv_size": [0.5, 2.5]},
								"up": {"uv": [120, 75], "uv_size": [0.5, 1]},
								"down": {"uv": [120, 77], "uv_size": [0.5, -1]}
							}
						}
					]
				},
				{
					"name": "bone6",
					"parent": "group",
					"pivot": [0, 1.43, 1.2425],
					"cubes": [
						{
							"origin": [-0.16709, 0.74, 1.155],
							"size": [0.33418, 1.68, 2.45],
							"uv": {
								"south": {"uv": [104, 118], "uv_size": [0.5, 2.5]},
								"up": {"uv": [118, 104], "uv_size": [0.5, 2.5]},
								"down": {"uv": [105, 120.5], "uv_size": [0.5, -2.5]}
							}
						},
						{
							"origin": [-0.16709, 0.74, 1.155],
							"size": [0.33418, 1.68, 2.45],
							"pivot": [0, 1.58, 2.1175],
							"rotation": [0, 0, 22.5],
							"uv": {
								"south": {"uv": [106, 118], "uv_size": [0.5, 2.5]},
								"up": {"uv": [107, 118], "uv_size": [0.5, 2.5]},
								"down": {"uv": [118, 109.5], "uv_size": [0.5, -2.5]}
							}
						},
						{
							"origin": [-0.16709, 0.74, 1.155],
							"size": [0.33418, 1.68, 2.45],
							"pivot": [0, 1.58, 2.1175],
							"rotation": [0, 0, 45],
							"uv": {
								"south": {"uv": [108, 118], "uv_size": [0.5, 2.5]},
								"up": {"uv": [109, 118], "uv_size": [0.5, 2.5]},
								"down": {"uv": [110, 120.5], "uv_size": [0.5, -2.5]}
							}
						},
						{
							"origin": [-0.16709, 0.74, 1.155],
							"size": [0.33418, 1.68, 2.45],
							"pivot": [0, 1.58, 2.1175],
							"rotation": [0, 0, 67.5],
							"uv": {
								"south": {"uv": [118, 110], "uv_size": [0.5, 2.5]},
								"up": {"uv": [111, 118], "uv_size": [0.5, 2.5]},
								"down": {"uv": [112, 120.5], "uv_size": [0.5, -2.5]}
							}
						},
						{
							"origin": [-0.16709, 0.74, 1.155],
							"size": [0.33418, 1.68, 2.45],
							"pivot": [0, 1.58, 2.1175],
							"rotation": [0, 0, 90],
							"uv": {
								"south": {"uv": [113, 118], "uv_size": [0.5, 2.5]},
								"up": {"uv": [118, 113], "uv_size": [0.5, 2.5]},
								"down": {"uv": [114, 120.5], "uv_size": [0.5, -2.5]}
							}
						},
						{
							"origin": [-0.16709, 0.74, 1.155],
							"size": [0.33418, 1.68, 2.45],
							"pivot": [0, 1.58, 2.1175],
							"rotation": [0, 0, 112.5],
							"uv": {
								"south": {"uv": [115, 118], "uv_size": [0.5, 2.5]},
								"up": {"uv": [116, 118], "uv_size": [0.5, 2.5]},
								"down": {"uv": [118, 118.5], "uv_size": [0.5, -2.5]}
							}
						},
						{
							"origin": [-0.16709, 0.74, 1.155],
							"size": [0.33418, 1.68, 2.45],
							"pivot": [0, 1.58, 2.1175],
							"rotation": [0, 0, 135],
							"uv": {
								"south": {"uv": [117, 118], "uv_size": [0.5, 2.5]},
								"up": {"uv": [119, 0], "uv_size": [0.5, 2.5]},
								"down": {"uv": [1, 121.5], "uv_size": [0.5, -2.5]}
							}
						},
						{
							"origin": [-0.16709, 0.74, 1.155],
							"size": [0.33418, 1.68, 2.45],
							"pivot": [0, 1.58, 2.1175],
							"rotation": [0, 0, 157.5],
							"uv": {
								"south": {"uv": [2, 119], "uv_size": [0.5, 2.5]},
								"up": {"uv": [3, 119], "uv_size": [0.5, 2.5]},
								"down": {"uv": [119, 5.5], "uv_size": [0.5, -2.5]}
							}
						}
					]
				},
				{
					"name": "bone7",
					"parent": "group",
					"pivot": [0, 0.03, -6.09],
					"cubes": [
						{
							"origin": [-0.11487, 2.45959, 1.18959],
							"size": [0.22974, 0.07, 0.46375],
							"pivot": [0, 1.58, 1.4175],
							"rotation": [40.25, 0, 0],
							"uv": {
								"up": {"uv": [122, 5], "uv_size": [0.25, 0.75]}
							}
						},
						{
							"origin": [0.08419, 2.45959, 1.20591],
							"size": [0.05853, 0.07, 0.46375],
							"pivot": [0, 1.58, 1.4175],
							"rotation": [40.47696, 5.52725, 4.699],
							"uv": {
								"up": {"uv": [7, 122], "uv_size": [0.25, 0.75]}
							}
						},
						{
							"origin": [-0.14272, 2.45959, 1.20591],
							"size": [0.05853, 0.07, 0.46375],
							"pivot": [0, 1.58, 1.4175],
							"rotation": [40.47696, -5.52725, -4.699],
							"uv": {
								"up": {"uv": [8, 122], "uv_size": [0.25, 0.75]}
							}
						},
						{
							"origin": [-0.14272, 2.45959, 1.20591],
							"size": [0.05853, 0.07, 0.46375],
							"pivot": [0, 1.58, 1.4175],
							"rotation": [40.47696, -5.52725, 40.301],
							"uv": {
								"up": {"uv": [9, 122], "uv_size": [0.25, 0.75]}
							}
						},
						{
							"origin": [0.08419, 2.45959, 1.20591],
							"size": [0.05853, 0.07, 0.46375],
							"pivot": [0, 1.58, 1.4175],
							"rotation": [40.47696, 5.52725, 49.699],
							"uv": {
								"up": {"uv": [12, 122], "uv_size": [0.25, 0.75]}
							}
						},
						{
							"origin": [-0.11487, 2.45959, 1.18959],
							"size": [0.22974, 0.07, 0.46375],
							"pivot": [0, 1.58, 1.4175],
							"rotation": [40.25, 0, 45],
							"uv": {
								"up": {"uv": [13, 122], "uv_size": [0.25, 0.75]}
							}
						},
						{
							"origin": [-0.14272, 2.45959, 1.20591],
							"size": [0.05853, 0.07, 0.46375],
							"pivot": [0, 1.58, 1.4175],
							"rotation": [40.47696, -5.52725, 85.301],
							"uv": {
								"up": {"uv": [14, 122], "uv_size": [0.25, 0.75]}
							}
						},
						{
							"origin": [0.08419, 2.45959, 1.20591],
							"size": [0.05853, 0.07, 0.46375],
							"pivot": [0, 1.58, 1.4175],
							"rotation": [40.47696, 5.52725, 94.699],
							"uv": {
								"up": {"uv": [122, 22], "uv_size": [0.25, 0.75]}
							}
						},
						{
							"origin": [-0.11487, 2.45959, 1.18959],
							"size": [0.22974, 0.07, 0.46375],
							"pivot": [0, 1.58, 1.4175],
							"rotation": [40.25, 0, 90],
							"uv": {
								"up": {"uv": [122, 23], "uv_size": [0.25, 0.75]}
							}
						},
						{
							"origin": [-0.14272, 2.45959, 1.20591],
							"size": [0.05853, 0.07, 0.46375],
							"pivot": [0, 1.58, 1.4175],
							"rotation": [40.47696, -5.52725, 130.301],
							"uv": {
								"up": {"uv": [122, 24], "uv_size": [0.25, 0.75]}
							}
						},
						{
							"origin": [0.08419, 2.45959, 1.20591],
							"size": [0.05853, 0.07, 0.46375],
							"pivot": [0, 1.58, 1.4175],
							"rotation": [40.47696, 5.52725, 139.699],
							"uv": {
								"up": {"uv": [122, 25], "uv_size": [0.25, 0.75]}
							}
						},
						{
							"origin": [-0.11487, 2.45959, 1.18959],
							"size": [0.22974, 0.07, 0.46375],
							"pivot": [0, 1.58, 1.4175],
							"rotation": [40.25, 0, 135],
							"uv": {
								"up": {"uv": [122, 26], "uv_size": [0.25, 0.75]}
							}
						},
						{
							"origin": [-0.14272, 2.45959, 1.20591],
							"size": [0.05853, 0.07, 0.46375],
							"pivot": [0, 1.58, 1.4175],
							"rotation": [40.47696, -5.52725, 175.301],
							"uv": {
								"up": {"uv": [122, 27], "uv_size": [0.25, 0.75]}
							}
						},
						{
							"origin": [0.08419, 2.45959, 1.20591],
							"size": [0.05853, 0.07, 0.46375],
							"pivot": [0, 1.58, 1.4175],
							"rotation": [40.47696, 5.52725, -175.301],
							"uv": {
								"up": {"uv": [122, 28], "uv_size": [0.25, 0.75]}
							}
						},
						{
							"origin": [-0.11487, 2.45959, 1.18959],
							"size": [0.22974, 0.07, 0.46375],
							"pivot": [0, 1.58, 1.4175],
							"rotation": [40.25, 0, 180],
							"uv": {
								"up": {"uv": [122, 29], "uv_size": [0.25, 0.75]}
							}
						},
						{
							"origin": [-0.14272, 2.45959, 1.20591],
							"size": [0.05853, 0.07, 0.46375],
							"pivot": [0, 1.58, 1.4175],
							"rotation": [40.47696, -5.52725, -139.699],
							"uv": {
								"up": {"uv": [122, 30], "uv_size": [0.25, 0.75]}
							}
						},
						{
							"origin": [0.08419, 2.45959, 1.20591],
							"size": [0.05853, 0.07, 0.46375],
							"pivot": [0, 1.58, 1.4175],
							"rotation": [40.47696, 5.52725, -130.301],
							"uv": {
								"up": {"uv": [122, 31], "uv_size": [0.25, 0.75]}
							}
						},
						{
							"origin": [-0.11487, 2.45959, 1.18959],
							"size": [0.22974, 0.07, 0.46375],
							"pivot": [0, 1.58, 1.4175],
							"rotation": [40.25, 0, -135],
							"uv": {
								"up": {"uv": [122, 32], "uv_size": [0.25, 0.75]}
							}
						},
						{
							"origin": [-0.14272, 2.45959, 1.20591],
							"size": [0.05853, 0.07, 0.46375],
							"pivot": [0, 1.58, 1.4175],
							"rotation": [40.47696, -5.52725, -94.699],
							"uv": {
								"up": {"uv": [122, 33], "uv_size": [0.25, 0.75]}
							}
						},
						{
							"origin": [0.08419, 2.45959, 1.20591],
							"size": [0.05853, 0.07, 0.46375],
							"pivot": [0, 1.58, 1.4175],
							"rotation": [40.47696, 5.52725, -85.301],
							"uv": {
								"up": {"uv": [122, 34], "uv_size": [0.25, 0.75]}
							}
						},
						{
							"origin": [-0.11487, 2.45959, 1.18959],
							"size": [0.22974, 0.07, 0.46375],
							"pivot": [0, 1.58, 1.4175],
							"rotation": [40.25, 0, -90],
							"uv": {
								"up": {"uv": [122, 35], "uv_size": [0.25, 0.75]}
							}
						},
						{
							"origin": [-0.14272, 2.45959, 1.20591],
							"size": [0.05853, 0.07, 0.46375],
							"pivot": [0, 1.58, 1.4175],
							"rotation": [40.47696, -5.52725, -49.699],
							"uv": {
								"up": {"uv": [122, 36], "uv_size": [0.25, 0.75]}
							}
						},
						{
							"origin": [0.08419, 2.45959, 1.20591],
							"size": [0.05853, 0.07, 0.46375],
							"pivot": [0, 1.58, 1.4175],
							"rotation": [40.47696, 5.52725, -40.301],
							"uv": {
								"up": {"uv": [122, 37], "uv_size": [0.25, 0.75]}
							}
						},
						{
							"origin": [-0.11487, 2.45959, 1.18959],
							"size": [0.22974, 0.07, 0.46375],
							"pivot": [0, 1.58, 1.4175],
							"rotation": [40.25, 0, -45],
							"uv": {
								"up": {"uv": [122, 38], "uv_size": [0.25, 0.75]}
							}
						},
						{
							"origin": [0.0831, 2.45959, 1.20653],
							"size": [0.06053, 0.07, 0.46375],
							"pivot": [0, 1.58, 1.4175],
							"rotation": [40.49293, 5.71739, 27.36209],
							"uv": {
								"up": {"uv": [122, 39], "uv_size": [0.25, 0.75]}
							}
						},
						{
							"origin": [-0.14363, 2.45959, 1.20653],
							"size": [0.06053, 0.07, 0.46375],
							"pivot": [0, 1.58, 1.4175],
							"rotation": [40.49293, -5.71739, 17.63791],
							"uv": {
								"up": {"uv": [122, 40], "uv_size": [0.25, 0.75]}
							}
						},
						{
							"origin": [-0.11487, 2.45959, 1.18959],
							"size": [0.22974, 0.07, 0.46375],
							"pivot": [0, 1.58, 1.4175],
							"rotation": [40.25, 0, 22.5],
							"uv": {
								"up": {"uv": [122, 41], "uv_size": [0.25, 0.75]}
							}
						},
						{
							"origin": [-0.11487, 2.45959, 1.18959],
							"size": [0.22974, 0.07, 0.46375],
							"pivot": [0, 1.58, 1.4175],
							"rotation": [40.25, 0, 67.5],
							"uv": {
								"up": {"uv": [44, 122], "uv_size": [0.25, 0.75]}
							}
						},
						{
							"origin": [-0.14363, 2.45959, 1.20653],
							"size": [0.06053, 0.07, 0.46375],
							"pivot": [0, 1.58, 1.4175],
							"rotation": [40.49293, -5.71739, 62.63791],
							"uv": {
								"up": {"uv": [122, 44], "uv_size": [0.25, 0.75]}
							}
						},
						{
							"origin": [0.0831, 2.45959, 1.20653],
							"size": [0.06053, 0.07, 0.46375],
							"pivot": [0, 1.58, 1.4175],
							"rotation": [40.49293, 5.71739, 72.36209],
							"uv": {
								"up": {"uv": [45, 122], "uv_size": [0.25, 0.75]}
							}
						},
						{
							"origin": [-0.11487, 2.45959, 1.18959],
							"size": [0.22974, 0.07, 0.46375],
							"pivot": [0, 1.58, 1.4175],
							"rotation": [40.25, 0, 112.5],
							"uv": {
								"up": {"uv": [122, 45], "uv_size": [0.25, 0.75]}
							}
						},
						{
							"origin": [-0.14363, 2.45959, 1.20653],
							"size": [0.06053, 0.07, 0.46375],
							"pivot": [0, 1.58, 1.4175],
							"rotation": [40.49293, -5.71739, 107.63791],
							"uv": {
								"up": {"uv": [46, 122], "uv_size": [0.25, 0.75]}
							}
						},
						{
							"origin": [0.0831, 2.45959, 1.20653],
							"size": [0.06053, 0.07, 0.46375],
							"pivot": [0, 1.58, 1.4175],
							"rotation": [40.49293, 5.71739, 117.36209],
							"uv": {
								"up": {"uv": [122, 46], "uv_size": [0.25, 0.75]}
							}
						},
						{
							"origin": [-0.11487, 2.45959, 1.18959],
							"size": [0.22974, 0.07, 0.46375],
							"pivot": [0, 1.58, 1.4175],
							"rotation": [40.25, 0, 157.5],
							"uv": {
								"up": {"uv": [47, 122], "uv_size": [0.25, 0.75]}
							}
						},
						{
							"origin": [-0.14363, 2.45959, 1.20653],
							"size": [0.06053, 0.07, 0.46375],
							"pivot": [0, 1.58, 1.4175],
							"rotation": [40.49293, -5.71739, 152.63791],
							"uv": {
								"up": {"uv": [122, 47], "uv_size": [0.25, 0.75]}
							}
						},
						{
							"origin": [0.0831, 2.45959, 1.20653],
							"size": [0.06053, 0.07, 0.46375],
							"pivot": [0, 1.58, 1.4175],
							"rotation": [40.49293, 5.71739, 162.36209],
							"uv": {
								"up": {"uv": [48, 122], "uv_size": [0.25, 0.75]}
							}
						},
						{
							"origin": [-0.11487, 2.45959, 1.18959],
							"size": [0.22974, 0.07, 0.46375],
							"pivot": [0, 1.58, 1.4175],
							"rotation": [40.25, 0, -157.5],
							"uv": {
								"up": {"uv": [122, 48], "uv_size": [0.25, 0.75]}
							}
						},
						{
							"origin": [-0.14363, 2.45959, 1.20653],
							"size": [0.06053, 0.07, 0.46375],
							"pivot": [0, 1.58, 1.4175],
							"rotation": [40.49293, -5.71739, -162.36209],
							"uv": {
								"up": {"uv": [49, 122], "uv_size": [0.25, 0.75]}
							}
						},
						{
							"origin": [0.0831, 2.45959, 1.20653],
							"size": [0.06053, 0.07, 0.46375],
							"pivot": [0, 1.58, 1.4175],
							"rotation": [40.49293, 5.71739, -152.63791],
							"uv": {
								"up": {"uv": [122, 49], "uv_size": [0.25, 0.75]}
							}
						},
						{
							"origin": [-0.11487, 2.45959, 1.18959],
							"size": [0.22974, 0.07, 0.46375],
							"pivot": [0, 1.58, 1.4175],
							"rotation": [40.25, 0, -112.5],
							"uv": {
								"up": {"uv": [50, 122], "uv_size": [0.25, 0.75]}
							}
						},
						{
							"origin": [-0.14363, 2.45959, 1.20653],
							"size": [0.06053, 0.07, 0.46375],
							"pivot": [0, 1.58, 1.4175],
							"rotation": [40.49293, -5.71739, -117.36209],
							"uv": {
								"up": {"uv": [122, 50], "uv_size": [0.25, 0.75]}
							}
						},
						{
							"origin": [0.0831, 2.45959, 1.20653],
							"size": [0.06053, 0.07, 0.46375],
							"pivot": [0, 1.58, 1.4175],
							"rotation": [40.49293, 5.71739, -107.63791],
							"uv": {
								"up": {"uv": [122, 51], "uv_size": [0.25, 0.75]}
							}
						},
						{
							"origin": [-0.11487, 2.45959, 1.18959],
							"size": [0.22974, 0.07, 0.46375],
							"pivot": [0, 1.58, 1.4175],
							"rotation": [40.25, 0, -67.5],
							"uv": {
								"up": {"uv": [122, 52], "uv_size": [0.25, 0.75]}
							}
						},
						{
							"origin": [-0.14363, 2.45959, 1.20653],
							"size": [0.06053, 0.07, 0.46375],
							"pivot": [0, 1.58, 1.4175],
							"rotation": [40.49293, -5.71739, -72.36209],
							"uv": {
								"up": {"uv": [122, 53], "uv_size": [0.25, 0.75]}
							}
						},
						{
							"origin": [0.0831, 2.45959, 1.20653],
							"size": [0.06053, 0.07, 0.46375],
							"pivot": [0, 1.58, 1.4175],
							"rotation": [40.49293, 5.71739, -62.63791],
							"uv": {
								"up": {"uv": [54, 122], "uv_size": [0.25, 0.75]}
							}
						},
						{
							"origin": [-0.11487, 2.45959, 1.18959],
							"size": [0.22974, 0.07, 0.46375],
							"pivot": [0, 1.58, 1.4175],
							"rotation": [40.25, 0, -22.5],
							"uv": {
								"up": {"uv": [122, 54], "uv_size": [0.25, 0.75]}
							}
						},
						{
							"origin": [-0.14363, 2.45959, 1.20653],
							"size": [0.06053, 0.07, 0.46375],
							"pivot": [0, 1.58, 1.4175],
							"rotation": [40.49293, -5.71739, -27.36209],
							"uv": {
								"up": {"uv": [122, 55], "uv_size": [0.25, 0.75]}
							}
						},
						{
							"origin": [0.0831, 2.45959, 1.20653],
							"size": [0.06053, 0.07, 0.46375],
							"pivot": [0, 1.58, 1.4175],
							"rotation": [40.49293, 5.71739, -17.63791],
							"uv": {
								"up": {"uv": [122, 56], "uv_size": [0.25, 0.75]}
							}
						}
					]
				},
				{
					"name": "elevation",
					"parent": "group",
					"pivot": [0, 2.5125, -1.365],
					"cubes": [
						{
							"origin": [-0.1218, 2.0325, -1.9775],
							"size": [0.2436, 0.35, 1.225],
							"uv": {
								"north": {"uv": [75, 121], "uv_size": [0.25, 1]},
								"south": {"uv": [76, 121], "uv_size": [0.25, 1]}
							}
						},
						{
							"origin": [-0.1218, 2.0325, -1.9775],
							"size": [0.2436, 0.35, 1.225],
							"pivot": [0, 2.3825, -1.365],
							"rotation": [0, -22.5, 0],
							"uv": {
								"north": {"uv": [121, 76], "uv_size": [0.25, 1]},
								"south": {"uv": [77, 121], "uv_size": [0.25, 1]}
							}
						},
						{
							"origin": [-0.1218, 2.0325, -1.9775],
							"size": [0.2436, 0.35, 1.225],
							"pivot": [0, 2.3825, -1.365],
							"rotation": [0, -45, 0],
							"uv": {
								"north": {"uv": [121, 77], "uv_size": [0.25, 1]},
								"south": {"uv": [78, 121], "uv_size": [0.25, 1]}
							}
						},
						{
							"origin": [-0.1218, 2.0325, -1.9775],
							"size": [0.2436, 0.35, 1.225],
							"pivot": [0, 2.3825, -1.365],
							"rotation": [0, -67.5, 0],
							"uv": {
								"north": {"uv": [121, 78], "uv_size": [0.25, 1]},
								"south": {"uv": [79, 121], "uv_size": [0.25, 1]}
							}
						},
						{
							"origin": [-0.1218, 2.0325, -1.9775],
							"size": [0.2436, 0.35, 1.225],
							"pivot": [0, 2.3825, -1.365],
							"rotation": [0, -90, 0],
							"uv": {
								"north": {"uv": [121, 79], "uv_size": [0.25, 1]},
								"south": {"uv": [80, 121], "uv_size": [0.25, 1]}
							}
						},
						{
							"origin": [-0.1218, 2.0325, -1.9775],
							"size": [0.2436, 0.35, 1.225],
							"pivot": [0, 2.3825, -1.365],
							"rotation": [0, -112.5, 0],
							"uv": {
								"north": {"uv": [121, 80], "uv_size": [0.25, 1]},
								"south": {"uv": [81, 121], "uv_size": [0.25, 1]}
							}
						},
						{
							"origin": [-0.1218, 2.0325, -1.9775],
							"size": [0.2436, 0.35, 1.225],
							"pivot": [0, 2.3825, -1.365],
							"rotation": [0, -135, 0],
							"uv": {
								"north": {"uv": [121, 81], "uv_size": [0.25, 1]},
								"south": {"uv": [82, 121], "uv_size": [0.25, 1]}
							}
						},
						{
							"origin": [-0.1218, 2.0325, -1.9775],
							"size": [0.2436, 0.35, 1.225],
							"pivot": [0, 2.3825, -1.365],
							"rotation": [0, -157.5, 0],
							"uv": {
								"north": {"uv": [121, 82], "uv_size": [0.25, 1]},
								"south": {"uv": [83, 121], "uv_size": [0.25, 1]}
							}
						},
						{
							"origin": [-0.1288, 2.3825, -2.0125],
							"size": [0.2576, 0.345, 1.295],
							"uv": {
								"north": {"uv": [123, 70], "uv_size": [0.25, 0.5]},
								"south": {"uv": [71, 123], "uv_size": [0.25, 0.5]},
								"up": {"uv": [120, 77], "uv_size": [0.25, 1.75]},
								"down": {"uv": [120, 80.75], "uv_size": [0.25, -1.75]}
							}
						},
						{
							"origin": [-0.1288, 2.3825, -2.0125],
							"size": [0.2576, 0.345, 1.295],
							"pivot": [0, 2.5925, -1.365],
							"rotation": [0, -22.5, 0],
							"uv": {
								"north": {"uv": [123, 71], "uv_size": [0.25, 0.5]},
								"south": {"uv": [72, 123], "uv_size": [0.25, 0.5]},
								"up": {"uv": [120, 81], "uv_size": [0.25, 1.75]},
								"down": {"uv": [120, 84.75], "uv_size": [0.25, -1.75]}
							}
						},
						{
							"origin": [-0.1288, 2.3825, -2.0125],
							"size": [0.2576, 0.345, 1.295],
							"pivot": [0, 2.5925, -1.365],
							"rotation": [0, -45, 0],
							"uv": {
								"north": {"uv": [123, 72], "uv_size": [0.25, 0.5]},
								"south": {"uv": [73, 123], "uv_size": [0.25, 0.5]},
								"up": {"uv": [120, 85], "uv_size": [0.25, 1.75]},
								"down": {"uv": [120, 88.75], "uv_size": [0.25, -1.75]}
							}
						},
						{
							"origin": [-0.1288, 2.3825, -2.0125],
							"size": [0.2576, 0.345, 1.295],
							"pivot": [0, 2.5925, -1.365],
							"rotation": [0, -67.5, 0],
							"uv": {
								"north": {"uv": [123, 73], "uv_size": [0.25, 0.5]},
								"south": {"uv": [74, 123], "uv_size": [0.25, 0.5]},
								"up": {"uv": [120, 89], "uv_size": [0.25, 1.75]},
								"down": {"uv": [120, 92.75], "uv_size": [0.25, -1.75]}
							}
						},
						{
							"origin": [-0.1288, 2.3825, -2.0125],
							"size": [0.2576, 0.345, 1.295],
							"pivot": [0, 2.5925, -1.365],
							"rotation": [0, -90, 0],
							"uv": {
								"north": {"uv": [123, 74], "uv_size": [0.25, 0.5]},
								"south": {"uv": [75, 123], "uv_size": [0.25, 0.5]},
								"up": {"uv": [92, 120], "uv_size": [0.25, 1.75]},
								"down": {"uv": [93, 121.75], "uv_size": [0.25, -1.75]}
							}
						},
						{
							"origin": [-0.1288, 2.3825, -2.0125],
							"size": [0.2576, 0.345, 1.295],
							"pivot": [0, 2.5925, -1.365],
							"rotation": [0, -112.5, 0],
							"uv": {
								"north": {"uv": [123, 75], "uv_size": [0.25, 0.5]},
								"south": {"uv": [76, 123], "uv_size": [0.25, 0.5]},
								"up": {"uv": [120, 93], "uv_size": [0.25, 1.75]},
								"down": {"uv": [94, 121.75], "uv_size": [0.25, -1.75]}
							}
						},
						{
							"origin": [-0.1288, 2.3825, -2.0125],
							"size": [0.2576, 0.345, 1.295],
							"pivot": [0, 2.5925, -1.365],
							"rotation": [0, -135, 0],
							"uv": {
								"north": {"uv": [123, 76], "uv_size": [0.25, 0.5]},
								"south": {"uv": [77, 123], "uv_size": [0.25, 0.5]},
								"up": {"uv": [95, 120], "uv_size": [0.25, 1.75]},
								"down": {"uv": [120, 96.75], "uv_size": [0.25, -1.75]}
							}
						},
						{
							"origin": [-0.1288, 2.3825, -2.0125],
							"size": [0.2576, 0.345, 1.295],
							"pivot": [0, 2.5925, -1.365],
							"rotation": [0, -157.5, 0],
							"uv": {
								"north": {"uv": [123, 77], "uv_size": [0.25, 0.5]},
								"south": {"uv": [78, 123], "uv_size": [0.25, 0.5]},
								"up": {"uv": [120, 97], "uv_size": [0.25, 1.75]},
								"down": {"uv": [120, 100.75], "uv_size": [0.25, -1.75]}
							}
						}
					]
				},
				{
					"name": "body2",
					"parent": "scope_body",
					"pivot": [0, -0.075, -1.4]
				},
				{
					"name": "bone1",
					"parent": "body2",
					"pivot": [0.0071, 1.36331, 0.12885],
					"cubes": [
						{
							"origin": [-0.28266, 2.1575, -0.45],
							"size": [0.56532, 0.105, 1.05],
							"pivot": [0, 1.58, 0.11],
							"rotation": [0, 0, -45],
							"uv": {
								"north": {"uv": [122, 107], "uv_size": [0.75, 0.25]},
								"south": {"uv": [108, 122], "uv_size": [0.75, 0.25]},
								"up": {"uv": [12, 119], "uv_size": [0.75, 1.5]},
								"down": {"uv": [119, 13.5], "uv_size": [0.75, -1.5]}
							}
						},
						{
							"origin": [-0.28203, 2.1575, -0.45],
							"size": [0.7875, 0.10497, 1.05],
							"uv": {
								"north": {"uv": [70, 121], "uv_size": [1.25, 0.25]},
								"south": {"uv": [121, 70], "uv_size": [1.25, 0.25]},
								"up": {"uv": [118, 42], "uv_size": [1.25, 1.5]},
								"down": {"uv": [43, 119.5], "uv_size": [1.25, -1.5]}
							}
						},
						{
							"origin": [-0.50484, 2.1575, -0.45],
							"size": [0.7875, 0.105, 1.05],
							"pivot": [0, 1.58, 0.11],
							"rotation": [0, 0, -90],
							"uv": {
								"north": {"uv": [121, 71], "uv_size": [1.25, 0.25]},
								"south": {"uv": [72, 121], "uv_size": [1.25, 0.25]},
								"up": {"uv": [118, 44], "uv_size": [1.25, 1.5]},
								"down": {"uv": [45, 119.5], "uv_size": [1.25, -1.5]}
							}
						},
						{
							"origin": [0.12562, 2.1575, -0.45],
							"size": [0.11938, 0.1225, 1.05],
							"pivot": [0, 1.58, 0.11],
							"rotation": [0, 0, -135],
							"uv": {
								"north": {"uv": [123, 119], "uv_size": [0.25, 0.25]},
								"south": {"uv": [120, 123], "uv_size": [0.25, 0.25]},
								"down": {"uv": [121, 50.5], "uv_size": [0.25, -1.5]}
							}
						},
						{
							"origin": [-0.28603, 2.1575, -0.45],
							"size": [0.41165, 0.2625, 1.05],
							"pivot": [0, 1.58, 0.11],
							"rotation": [0, 0, -135],
							"uv": {
								"north": {"uv": [122, 2], "uv_size": [0.5, 0.5]},
								"south": {"uv": [3, 122], "uv_size": [0.5, 0.5]},
								"up": {"uv": [120, 50], "uv_size": [0.5, 1.5]},
								"down": {"uv": [120, 53.5], "uv_size": [0.5, -1.5]}
							}
						},
						{
							"origin": [-0.12516, 2.28, -0.45],
							"size": [0.25078, 0.14, 1.05],
							"pivot": [0, 1.58, 0.11],
							"rotation": [0, 0, 45],
							"uv": {
								"north": {"uv": [123, 120], "uv_size": [0.25, 0.25]},
								"south": {"uv": [121, 123], "uv_size": [0.25, 0.25]},
								"up": {"uv": [121, 51], "uv_size": [0.25, 1.5]}
							}
						},
						{
							"origin": [-0.245, 2.1575, -0.45],
							"size": [0.49, 0.1225, 1.05],
							"pivot": [0, 1.58, 0.11],
							"rotation": [0, 0, 45],
							"uv": {
								"north": {"uv": [122, 108], "uv_size": [0.75, 0.25]},
								"south": {"uv": [109, 122], "uv_size": [0.75, 0.25]},
								"down": {"uv": [13, 120.5], "uv_size": [0.75, -1.5]}
							}
						},
						{
							"origin": [-0.28266, 0.8975, -0.45],
							"size": [0.7875, 0.105, 1.05],
							"pivot": [0, 1.58, 0.11],
							"rotation": [0, 0, -90],
							"uv": {
								"north": {"uv": [121, 72], "uv_size": [1.25, 0.25]},
								"south": {"uv": [121, 73], "uv_size": [1.25, 0.25]},
								"up": {"uv": [118, 46], "uv_size": [1.25, 1.5]},
								"down": {"uv": [47, 119.5], "uv_size": [1.25, -1.5]}
							}
						},
						{
							"origin": [-0.33266, 0.8975, -0.45],
							"size": [0.61532, 0.105, 1.05],
							"pivot": [0, 1.58, 0.11],
							"rotation": [0, 0, -45],
							"uv": {
								"north": {"uv": [122, 109], "uv_size": [0.75, 0.25]},
								"south": {"uv": [110, 122], "uv_size": [0.75, 0.25]},
								"up": {"uv": [14, 119], "uv_size": [0.75, 1.5]},
								"down": {"uv": [119, 15.5], "uv_size": [0.75, -1.5]}
							}
						},
						{
							"origin": [-0.41234, 0.77125, -0.45],
							"size": [0.65, 0.25625, 1.05],
							"uv": {
								"north": {"uv": [122, 3], "uv_size": [1, 0.25]},
								"south": {"uv": [122, 4], "uv_size": [1, 0.25]},
								"up": {"uv": [118, 60], "uv_size": [1, 1.5]},
								"down": {"uv": [61, 119.5], "uv_size": [1, -1.5]}
							}
						},
						{
							"origin": [-0.21875, 0.02125, -0.45],
							"size": [0.485, 0.9, 1.05],
							"uv": {
								"north": {"uv": [121, 53], "uv_size": [0.5, 0.75]},
								"east": {"uv": [119, 16], "uv_size": [1.5, 0.75]},
								"south": {"uv": [54, 121], "uv_size": [0.5, 0.75]},
								"west": {"uv": [119, 17], "uv_size": [1.5, 0.75]},
								"down": {"uv": [120, 58.5], "uv_size": [0.5, -1.5]}
							}
						}
					]
				},
				{
					"name": "bone2",
					"parent": "body2",
					"pivot": [0.0044, 1.38872, -4.82],
					"cubes": [
						{
							"origin": [-0.28266, 2.1575, -5.885],
							"size": [0.56532, 0.105, 1.05],
							"pivot": [0, 1.58, -5.325],
							"rotation": [0, 0, -45],
							"uv": {
								"north": {"uv": [122, 104], "uv_size": [0.75, 0.25]},
								"south": {"uv": [105, 122], "uv_size": [0.75, 0.25]},
								"up": {"uv": [4, 119], "uv_size": [0.75, 1.5]},
								"down": {"uv": [5, 120.5], "uv_size": [0.75, -1.5]}
							}
						},
						{
							"origin": [-0.28203, 2.1575, -5.885],
							"size": [0.7875, 0.10497, 1.05],
							"uv": {
								"north": {"uv": [121, 61], "uv_size": [1.25, 0.25]},
								"south": {"uv": [65, 121], "uv_size": [1.25, 0.25]},
								"up": {"uv": [118, 34], "uv_size": [1.25, 1.5]},
								"down": {"uv": [35, 119.5], "uv_size": [1.25, -1.5]}
							}
						},
						{
							"origin": [-0.50484, 2.1575, -5.885],
							"size": [0.7875, 0.105, 1.05],
							"pivot": [0, 1.58, -5.325],
							"rotation": [0, 0, -90],
							"uv": {
								"north": {"uv": [121, 65], "uv_size": [1.25, 0.25]},
								"south": {"uv": [121, 66], "uv_size": [1.25, 0.25]},
								"up": {"uv": [118, 36], "uv_size": [1.25, 1.5]},
								"down": {"uv": [37, 119.5], "uv_size": [1.25, -1.5]}
							}
						},
						{
							"origin": [0.12562, 2.1575, -5.885],
							"size": [0.11938, 0.1225, 1.05],
							"pivot": [0, 1.58, -5.325],
							"rotation": [0, 0, -135],
							"uv": {
								"north": {"uv": [123, 112], "uv_size": [0.25, 0.25]},
								"south": {"uv": [113, 123], "uv_size": [0.25, 0.25]},
								"down": {"uv": [121, 45.5], "uv_size": [0.25, -1.5]}
							}
						},
						{
							"origin": [-0.28603, 2.1575, -5.885],
							"size": [0.41165, 0.2625, 1.05],
							"pivot": [0, 1.58, -5.325],
							"rotation": [0, 0, -135],
							"uv": {
								"north": {"uv": [109, 121], "uv_size": [0.5, 0.5]},
								"south": {"uv": [121, 109], "uv_size": [0.5, 0.5]},
								"up": {"uv": [48, 120], "uv_size": [0.5, 1.5]},
								"down": {"uv": [120, 49.5], "uv_size": [0.5, -1.5]}
							}
						},
						{
							"origin": [-0.12516, 2.28, -5.885],
							"size": [0.25078, 0.14, 1.05],
							"pivot": [0, 1.58, -5.325],
							"rotation": [0, 0, 45],
							"uv": {
								"north": {"uv": [123, 113], "uv_size": [0.25, 0.25]},
								"south": {"uv": [114, 123], "uv_size": [0.25, 0.25]},
								"up": {"uv": [121, 46], "uv_size": [0.25, 1.5]}
							}
						},
						{
							"origin": [-0.245, 2.1575, -5.885],
							"size": [0.49, 0.1225, 1.05],
							"pivot": [0, 1.58, -5.325],
							"rotation": [0, 0, 45],
							"uv": {
								"north": {"uv": [122, 105], "uv_size": [0.75, 0.25]},
								"south": {"uv": [106, 122], "uv_size": [0.75, 0.25]},
								"down": {"uv": [6, 120.5], "uv_size": [0.75, -1.5]}
							}
						},
						{
							"origin": [-0.28266, 0.8975, -5.885],
							"size": [0.7875, 0.105, 1.05],
							"pivot": [0, 1.58, -5.325],
							"rotation": [0, 0, -90],
							"uv": {
								"north": {"uv": [67, 121], "uv_size": [1.25, 0.25]},
								"south": {"uv": [121, 67], "uv_size": [1.25, 0.25]},
								"up": {"uv": [118, 38], "uv_size": [1.25, 1.5]},
								"down": {"uv": [39, 119.5], "uv_size": [1.25, -1.5]}
							}
						},
						{
							"origin": [-0.30766, 0.8975, -5.885],
							"size": [0.59032, 0.105, 1.05],
							"pivot": [0, 1.58, -5.325],
							"rotation": [0, 0, -45],
							"uv": {
								"north": {"uv": [122, 106], "uv_size": [0.75, 0.25]},
								"south": {"uv": [107, 122], "uv_size": [0.75, 0.25]},
								"up": {"uv": [119, 8], "uv_size": [0.75, 1.5]},
								"down": {"uv": [9, 120.5], "uv_size": [0.75, -1.5]}
							}
						},
						{
							"origin": [-0.38734, 0.79625, -5.885],
							"size": [0.675, 0.20625, 1.05],
							"uv": {
								"north": {"uv": [110, 121], "uv_size": [1, 0.25]},
								"south": {"uv": [121, 110], "uv_size": [1, 0.25]},
								"up": {"uv": [59, 118], "uv_size": [1, 1.5]},
								"down": {"uv": [60, 119.5], "uv_size": [1, -1.5]}
							}
						},
						{
							"origin": [-0.21875, 0.02125, -5.885],
							"size": [0.51, 0.9, 1.05],
							"uv": {
								"north": {"uv": [47, 121], "uv_size": [0.5, 0.75]},
								"east": {"uv": [10, 119], "uv_size": [1.5, 0.75]},
								"south": {"uv": [121, 48], "uv_size": [0.5, 0.75]},
								"west": {"uv": [119, 10], "uv_size": [1.5, 0.75]},
								"down": {"uv": [49, 121.5], "uv_size": [0.5, -1.5]}
							}
						}
					]
				},
				{
					"name": "ocular",
					"pivot": [0, 1.08, -3.08],
					"cubes": [
						{
							"origin": [-0.2625, 0.81, 3.605],
							"size": [0.525, 1.54, 0.07],
							"uv": {
								"south": {"uv": [118, 50], "uv_size": [0.75, 2.25]}
							}
						},
						{
							"origin": [-0.77, 1.3175, 3.605],
							"size": [1.54, 0.525, 0.07],
							"uv": {
								"south": {"uv": [51, 118], "uv_size": [2.25, 0.75]}
							}
						},
						{
							"origin": [-0.2625, 0.81, 3.605],
							"size": [0.525, 1.54, 0.07],
							"pivot": [0, 1.58, 3.64],
							"rotation": [0, 0, 45],
							"uv": {
								"south": {"uv": [118, 53], "uv_size": [0.75, 2.25]}
							}
						},
						{
							"origin": [-0.2625, 0.81, 3.605],
							"size": [0.525, 1.54, 0.07],
							"pivot": [0, 1.58, 3.64],
							"rotation": [0, 0, -45],
							"uv": {
								"south": {"uv": [54, 118], "uv_size": [0.75, 2.25]}
							}
						}
					]
				},
				{
					"name": "ocular_ring",
					"pivot": [0, 1.43, 3.6925],
					"cubes": [
						{
							"origin": [-0.16709, 2.245, 3.605],
							"size": [0.33418, 0.175, 0.175],
							"uv": {
								"north": {"uv": [122, 110], "uv_size": [0.5, 0.25]},
								"south": {"uv": [111, 122], "uv_size": [0.5, 0.25]},
								"up": {"uv": [122, 111], "uv_size": [0.5, 0.25]},
								"down": {"uv": [112, 122.25], "uv_size": [0.5, -0.25]}
							}
						},
						{
							"origin": [-0.16709, 2.245, 3.605],
							"size": [0.33418, 0.175, 0.175],
							"pivot": [0, 1.58, 2.1175],
							"rotation": [0, 0, 22.5],
							"uv": {
								"north": {"uv": [122, 112], "uv_size": [0.5, 0.25]},
								"south": {"uv": [113, 122], "uv_size": [0.5, 0.25]},
								"up": {"uv": [122, 113], "uv_size": [0.5, 0.25]},
								"down": {"uv": [114, 122.25], "uv_size": [0.5, -0.25]}
							}
						},
						{
							"origin": [-0.16709, 2.245, 3.605],
							"size": [0.33418, 0.175, 0.175],
							"pivot": [0, 1.58, 2.1175],
							"rotation": [0, 0, 45],
							"uv": {
								"north": {"uv": [122, 114], "uv_size": [0.5, 0.25]},
								"south": {"uv": [115, 122], "uv_size": [0.5, 0.25]},
								"up": {"uv": [122, 115], "uv_size": [0.5, 0.25]},
								"down": {"uv": [116, 122.25], "uv_size": [0.5, -0.25]}
							}
						},
						{
							"origin": [-0.16709, 2.245, 3.605],
							"size": [0.33418, 0.175, 0.175],
							"pivot": [0, 1.58, 2.1175],
							"rotation": [0, 0, 67.5],
							"uv": {
								"north": {"uv": [122, 116], "uv_size": [0.5, 0.25]},
								"south": {"uv": [117, 122], "uv_size": [0.5, 0.25]},
								"up": {"uv": [122, 117], "uv_size": [0.5, 0.25]},
								"down": {"uv": [122, 118.25], "uv_size": [0.5, -0.25]}
							}
						},
						{
							"origin": [-0.16709, 2.245, 3.605],
							"size": [0.33418, 0.175, 0.175],
							"pivot": [0, 1.58, 2.1175],
							"rotation": [0, 0, 90],
							"uv": {
								"north": {"uv": [119, 122], "uv_size": [0.5, 0.25]},
								"south": {"uv": [122, 119], "uv_size": [0.5, 0.25]},
								"up": {"uv": [120, 122], "uv_size": [0.5, 0.25]},
								"down": {"uv": [122, 120.25], "uv_size": [0.5, -0.25]}
							}
						},
						{
							"origin": [-0.16709, 2.245, 3.605],
							"size": [0.33418, 0.175, 0.175],
							"pivot": [0, 1.58, 2.1175],
							"rotation": [0, 0, 112.5],
							"uv": {
								"north": {"uv": [121, 122], "uv_size": [0.5, 0.25]},
								"south": {"uv": [122, 121], "uv_size": [0.5, 0.25]},
								"up": {"uv": [122, 122], "uv_size": [0.5, 0.25]},
								"down": {"uv": [123, 0.25], "uv_size": [0.5, -0.25]}
							}
						},
						{
							"origin": [-0.16709, 2.245, 3.605],
							"size": [0.33418, 0.175, 0.175],
							"pivot": [0, 1.58, 2.1175],
							"rotation": [0, 0, 135],
							"uv": {
								"north": {"uv": [1, 123], "uv_size": [0.5, 0.25]},
								"south": {"uv": [123, 1], "uv_size": [0.5, 0.25]},
								"up": {"uv": [2, 123], "uv_size": [0.5, 0.25]},
								"down": {"uv": [123, 2.25], "uv_size": [0.5, -0.25]}
							}
						},
						{
							"origin": [-0.16709, 2.245, 3.605],
							"size": [0.33418, 0.175, 0.175],
							"pivot": [0, 1.58, 2.1175],
							"rotation": [0, 0, 157.5],
							"uv": {
								"north": {"uv": [3, 123], "uv_size": [0.5, 0.25]},
								"south": {"uv": [123, 3], "uv_size": [0.5, 0.25]},
								"up": {"uv": [4, 123], "uv_size": [0.5, 0.25]},
								"down": {"uv": [123, 4.25], "uv_size": [0.5, -0.25]}
							}
						},
						{
							"origin": [-0.16709, 2.245, 3.605],
							"size": [0.33418, 0.175, 0.175],
							"pivot": [0, 1.58, 2.1175],
							"rotation": [0, 0, -180],
							"uv": {
								"north": {"uv": [5, 123], "uv_size": [0.5, 0.25]},
								"south": {"uv": [123, 5], "uv_size": [0.5, 0.25]},
								"up": {"uv": [6, 123], "uv_size": [0.5, 0.25]},
								"down": {"uv": [7, 123.25], "uv_size": [0.5, -0.25]}
							}
						},
						{
							"origin": [-0.16709, 2.245, 3.605],
							"size": [0.33418, 0.175, 0.175],
							"pivot": [0, 1.58, 2.1175],
							"rotation": [0, 0, -157.5],
							"uv": {
								"north": {"uv": [123, 7], "uv_size": [0.5, 0.25]},
								"south": {"uv": [8, 123], "uv_size": [0.5, 0.25]},
								"up": {"uv": [123, 8], "uv_size": [0.5, 0.25]},
								"down": {"uv": [9, 123.25], "uv_size": [0.5, -0.25]}
							}
						},
						{
							"origin": [-0.16709, 2.245, 3.605],
							"size": [0.33418, 0.175, 0.175],
							"pivot": [0, 1.58, 2.1175],
							"rotation": [0, 0, -135],
							"uv": {
								"north": {"uv": [123, 9], "uv_size": [0.5, 0.25]},
								"south": {"uv": [123, 10], "uv_size": [0.5, 0.25]},
								"up": {"uv": [12, 123], "uv_size": [0.5, 0.25]},
								"down": {"uv": [123, 12.25], "uv_size": [0.5, -0.25]}
							}
						},
						{
							"origin": [-0.16709, 2.245, 3.605],
							"size": [0.33418, 0.175, 0.175],
							"pivot": [0, 1.58, 2.1175],
							"rotation": [0, 0, -112.5],
							"uv": {
								"north": {"uv": [13, 123], "uv_size": [0.5, 0.25]},
								"south": {"uv": [123, 13], "uv_size": [0.5, 0.25]},
								"up": {"uv": [14, 123], "uv_size": [0.5, 0.25]},
								"down": {"uv": [123, 14.25], "uv_size": [0.5, -0.25]}
							}
						},
						{
							"origin": [-0.16709, 2.245, 3.605],
							"size": [0.33418, 0.175, 0.175],
							"pivot": [0, 1.58, 2.1175],
							"rotation": [0, 0, -90],
							"uv": {
								"north": {"uv": [123, 15], "uv_size": [0.5, 0.25]},
								"south": {"uv": [123, 16], "uv_size": [0.5, 0.25]},
								"up": {"uv": [123, 17], "uv_size": [0.5, 0.25]},
								"down": {"uv": [123, 18.25], "uv_size": [0.5, -0.25]}
							}
						},
						{
							"origin": [-0.16709, 2.245, 3.605],
							"size": [0.33418, 0.175, 0.175],
							"pivot": [0, 1.58, 2.1175],
							"rotation": [0, 0, -67.5],
							"uv": {
								"north": {"uv": [123, 19], "uv_size": [0.5, 0.25]},
								"south": {"uv": [123, 20], "uv_size": [0.5, 0.25]},
								"up": {"uv": [123, 21], "uv_size": [0.5, 0.25]},
								"down": {"uv": [123, 22.25], "uv_size": [0.5, -0.25]}
							}
						},
						{
							"origin": [-0.16709, 2.245, 3.605],
							"size": [0.33418, 0.175, 0.175],
							"pivot": [0, 1.58, 2.1175],
							"rotation": [0, 0, -45],
							"uv": {
								"north": {"uv": [123, 23], "uv_size": [0.5, 0.25]},
								"south": {"uv": [123, 24], "uv_size": [0.5, 0.25]},
								"up": {"uv": [123, 25], "uv_size": [0.5, 0.25]},
								"down": {"uv": [123, 26.25], "uv_size": [0.5, -0.25]}
							}
						},
						{
							"origin": [-0.16709, 2.245, 3.605],
							"size": [0.33418, 0.175, 0.175],
							"pivot": [0, 1.58, 2.1175],
							"rotation": [0, 0, -22.5],
							"uv": {
								"north": {"uv": [123, 27], "uv_size": [0.5, 0.25]},
								"south": {"uv": [123, 28], "uv_size": [0.5, 0.25]},
								"up": {"uv": [123, 29], "uv_size": [0.5, 0.25]},
								"down": {"uv": [123, 30.25], "uv_size": [0.5, -0.25]}
							}
						}
					]
				},
				{
					"name": "scope_view",
					"pivot": [0, 1.605, 7.765]
				}
			]
		}
	]
}