{
	"format_version": "1.12.0",
	"minecraft:geometry": [
		{
			"description": {
				"identifier": "geometry.DSR50_laser",
				"texture_width": 176,
				"texture_height": 176,
				"visible_bounds_width": 21,
				"visible_bounds_height": 2.5,
				"visible_bounds_offset": [0, 0.75, 0]
			},
			"bones": [
				{
					"name": "laser_dsr50_laser",
					"pivot": [-0.366, -0.2232, -0.25]
				},
				{
					"name": "body",
					"parent": "laser_dsr50_laser",
					"pivot": [0.034, 0, 0.05]
				},
				{
					"name": "bone",
					"parent": "body",
					"pivot": [1.15, -0.2, 0.025],
					"cubes": [
						{
							"origin": [-0.63125, -0.125, -0.85],
							"size": [1.3125, 0.125, 1.75],
							"uv": {
								"north": {"uv": [2, 15], "uv_size": [1.5, 0.5]},
								"east": {"uv": [4, 15], "uv_size": [1.5, 0.5]},
								"south": {"uv": [6, 15], "uv_size": [1.5, 0.5]},
								"west": {"uv": [8, 15], "uv_size": [1.5, 0.5]},
								"up": {"uv": [7, 8], "uv_size": [1.5, 1.5]},
								"down": {"uv": [2, 10.5], "uv_size": [1.5, -1.5]}
							}
						},
						{
							"origin": [-0.44375, 0.125, -0.6],
							"size": [0.125, 0.125, 1.25],
							"uv": {
								"north": {"uv": [17, 15], "uv_size": [0.5, 0.5]},
								"east": {"uv": [4, 16], "uv_size": [1, 0.5]},
								"south": {"uv": [16, 17], "uv_size": [0.5, 0.5]},
								"west": {"uv": [5, 16], "uv_size": [1, 0.5]},
								"up": {"uv": [16, 5], "uv_size": [0.5, 1]},
								"down": {"uv": [6, 17], "uv_size": [0.5, -1]}
							}
						},
						{
							"origin": [-0.75625, 0.125, -0.6],
							"size": [0.3125, 0.125, 1.25],
							"pivot": [-0.44375, 0.25, 0.025],
							"rotation": [0, 0, -53.5],
							"uv": {
								"north": {"uv": [17, 16], "uv_size": [0.5, 0.5]},
								"east": {"uv": [16, 6], "uv_size": [1, 0.5]},
								"south": {"uv": [17, 17], "uv_size": [0.5, 0.5]},
								"west": {"uv": [7, 16], "uv_size": [1, 0.5]},
								"up": {"uv": [16, 7], "uv_size": [0.5, 1]},
								"down": {"uv": [8, 17], "uv_size": [0.5, -1]}
							}
						},
						{
							"origin": [0.36875, 0.125, -0.85],
							"size": [0.125, 0.125, 1.75],
							"uv": {
								"north": {"uv": [2, 18], "uv_size": [0.5, 0.5]},
								"east": {"uv": [10, 15], "uv_size": [1.5, 0.5]},
								"south": {"uv": [18, 2], "uv_size": [0.5, 0.5]},
								"west": {"uv": [15, 10], "uv_size": [1.5, 0.5]},
								"up": {"uv": [15, 11], "uv_size": [0.5, 1.5]},
								"down": {"uv": [12, 16.5], "uv_size": [0.5, -1.5]}
							}
						},
						{
							"origin": [0.49375, 0.125, -0.85],
							"size": [0.3125, 0.125, 1.75],
							"pivot": [0.49375, 0.25, 0.025],
							"rotation": [0, 0, 53.5],
							"uv": {
								"north": {"uv": [3, 18], "uv_size": [0.5, 0.5]},
								"east": {"uv": [13, 15], "uv_size": [1.5, 0.5]},
								"south": {"uv": [18, 3], "uv_size": [0.5, 0.5]},
								"west": {"uv": [15, 15], "uv_size": [1.5, 0.5]},
								"up": {"uv": [2, 16], "uv_size": [0.5, 1.5]},
								"down": {"uv": [3, 17.5], "uv_size": [0.5, -1.5]}
							}
						},
						{
							"origin": [-1.225, -1.0625, -1.1],
							"size": [2.5, 0.8125, 2.75],
							"uv": {
								"north": {"uv": [2, 8], "uv_size": [2.5, 1]},
								"east": {"uv": [5, 2], "uv_size": [3, 1]},
								"south": {"uv": [8, 2], "uv_size": [2.5, 1]},
								"west": {"uv": [5, 3], "uv_size": [3, 1]},
								"up": {"uv": [2, 2], "uv_size": [2.5, 3]},
								"down": {"uv": [2, 8], "uv_size": [2.5, -3]}
							}
						},
						{
							"origin": [-0.975, -0.8125, 1.65],
							"size": [0.375, 0.375, 0.125],
							"pivot": [-0.81875, -0.65625, 1.74375],
							"rotation": [0, 0, 45],
							"uv": {
								"north": {"uv": [4, 18], "uv_size": [0.5, 0.5]},
								"east": {"uv": [18, 4], "uv_size": [0.5, 0.5]},
								"south": {"uv": [5, 18], "uv_size": [0.5, 0.5]},
								"west": {"uv": [18, 5], "uv_size": [0.5, 0.5]},
								"up": {"uv": [6, 18], "uv_size": [0.5, 0.5]},
								"down": {"uv": [18, 6.5], "uv_size": [0.5, -0.5]}
							}
						},
						{
							"origin": [-0.225, -0.8125, 1.65],
							"size": [0.375, 0.375, 0.125],
							"pivot": [-0.06875, -0.65625, 1.74375],
							"rotation": [0, 0, 45],
							"uv": {
								"north": {"uv": [7, 18], "uv_size": [0.5, 0.5]},
								"east": {"uv": [18, 7], "uv_size": [0.5, 0.5]},
								"south": {"uv": [8, 18], "uv_size": [0.5, 0.5]},
								"west": {"uv": [18, 8], "uv_size": [0.5, 0.5]},
								"up": {"uv": [9, 18], "uv_size": [0.5, 0.5]},
								"down": {"uv": [18, 9.5], "uv_size": [0.5, -0.5]}
							}
						},
						{
							"origin": [-1.225, -1.125, -1.225],
							"size": [2.5, 0.9375, 0.125],
							"uv": {
								"north": {"uv": [8, 3], "uv_size": [2.5, 1]},
								"east": {"uv": [9, 16], "uv_size": [0.5, 1]},
								"south": {"uv": [8, 4], "uv_size": [2.5, 1]},
								"west": {"uv": [16, 9], "uv_size": [0.5, 1]},
								"up": {"uv": [11, 14], "uv_size": [2.5, 0.5]},
								"down": {"uv": [14, 14.5], "uv_size": [2.5, -0.5]}
							}
						},
						{
							"origin": [-1.1625, -1.25, -1.225],
							"size": [0.6875, 0.125, 0.125],
							"uv": {
								"north": {"uv": [10, 18], "uv_size": [0.5, 0.5]},
								"east": {"uv": [18, 10], "uv_size": [0.5, 0.5]},
								"south": {"uv": [11, 18], "uv_size": [0.5, 0.5]},
								"west": {"uv": [18, 11], "uv_size": [0.5, 0.5]},
								"up": {"uv": [12, 18], "uv_size": [0.5, 0.5]},
								"down": {"uv": [18, 12.5], "uv_size": [0.5, -0.5]}
							}
						},
						{
							"origin": [-0.475, -1.25, -1.225],
							"size": [0.1875, 0.09375, 0.125],
							"pivot": [-0.475, -1.25, -1.1625],
							"rotation": [0, 0, -45],
							"uv": {
								"north": {"uv": [13, 18], "uv_size": [0.5, 0.5]},
								"east": {"uv": [18, 13], "uv_size": [0.5, 0.5]},
								"south": {"uv": [14, 18], "uv_size": [0.5, 0.5]},
								"west": {"uv": [18, 14], "uv_size": [0.5, 0.5]},
								"up": {"uv": [15, 18], "uv_size": [0.5, 0.5]},
								"down": {"uv": [18, 15.5], "uv_size": [0.5, -0.5]}
							}
						},
						{
							"origin": [-1.30312, -1.25, -1.225],
							"size": [0.14063, 0.0625, 0.125],
							"pivot": [-1.1625, -1.25, -1.1625],
							"rotation": [0, 0, 63],
							"uv": {
								"north": {"uv": [16, 18], "uv_size": [0.5, 0.5]},
								"east": {"uv": [18, 16], "uv_size": [0.5, 0.5]},
								"south": {"uv": [17, 18], "uv_size": [0.5, 0.5]},
								"west": {"uv": [18, 17], "uv_size": [0.5, 0.5]},
								"up": {"uv": [18, 18], "uv_size": [0.5, 0.5]},
								"down": {"uv": [2, 19.5], "uv_size": [0.5, -0.5]}
							}
						},
						{
							"origin": [-1.30312, -0.125, -1.225],
							"size": [0.14063, 0.0625, 0.125],
							"pivot": [-1.1625, -0.0625, -1.1625],
							"rotation": [0, 0, -63],
							"uv": {
								"north": {"uv": [19, 2], "uv_size": [0.5, 0.5]},
								"east": {"uv": [3, 19], "uv_size": [0.5, 0.5]},
								"south": {"uv": [19, 3], "uv_size": [0.5, 0.5]},
								"west": {"uv": [4, 19], "uv_size": [0.5, 0.5]},
								"up": {"uv": [19, 4], "uv_size": [0.5, 0.5]},
								"down": {"uv": [5, 19.5], "uv_size": [0.5, -0.5]}
							}
						},
						{
							"origin": [-1.1625, -0.1875, -1.225],
							"size": [0.6875, 0.125, 0.125],
							"uv": {
								"north": {"uv": [19, 5], "uv_size": [0.5, 0.5]},
								"east": {"uv": [6, 19], "uv_size": [0.5, 0.5]},
								"south": {"uv": [19, 6], "uv_size": [0.5, 0.5]},
								"west": {"uv": [7, 19], "uv_size": [0.5, 0.5]},
								"up": {"uv": [19, 7], "uv_size": [0.5, 0.5]},
								"down": {"uv": [8, 19.5], "uv_size": [0.5, -0.5]}
							}
						},
						{
							"origin": [-0.475, -0.15625, -1.225],
							"size": [0.1875, 0.09375, 0.125],
							"pivot": [-0.475, -0.0625, -1.1625],
							"rotation": [0, 0, 45],
							"uv": {
								"north": {"uv": [19, 8], "uv_size": [0.5, 0.5]},
								"east": {"uv": [9, 19], "uv_size": [0.5, 0.5]},
								"south": {"uv": [19, 9], "uv_size": [0.5, 0.5]},
								"west": {"uv": [10, 19], "uv_size": [0.5, 0.5]},
								"up": {"uv": [19, 10], "uv_size": [0.5, 0.5]},
								"down": {"uv": [11, 19.5], "uv_size": [0.5, -0.5]}
							}
						},
						{
							"origin": [0.3375, -1.1875, -1.1],
							"size": [0.8125, 1.0625, 2.75],
							"uv": {
								"north": {"uv": [4, 12], "uv_size": [1, 1]},
								"east": {"uv": [5, 4], "uv_size": [3, 1]},
								"south": {"uv": [5, 12], "uv_size": [1, 1]},
								"west": {"uv": [5, 5], "uv_size": [3, 1]},
								"up": {"uv": [5, 6], "uv_size": [1, 3]},
								"down": {"uv": [6, 9], "uv_size": [1, -3]}
							}
						},
						{
							"origin": [-1.1, -1.1875, -1.1],
							"size": [0.6875, 1.0625, 2.75],
							"uv": {
								"north": {"uv": [10, 16], "uv_size": [0.5, 1]},
								"east": {"uv": [7, 6], "uv_size": [3, 1]},
								"south": {"uv": [11, 16], "uv_size": [0.5, 1]},
								"west": {"uv": [7, 7], "uv_size": [3, 1]},
								"up": {"uv": [4, 9], "uv_size": [0.5, 3]},
								"down": {"uv": [5, 12], "uv_size": [0.5, -3]}
							}
						},
						{
							"origin": [-0.4125, -1.1875, -1.1],
							"size": [0.75, 1.0625, 0.3125],
							"uv": {
								"north": {"uv": [4, 13], "uv_size": [1, 1]},
								"east": {"uv": [16, 11], "uv_size": [0.5, 1]},
								"south": {"uv": [5, 13], "uv_size": [1, 1]},
								"west": {"uv": [16, 12], "uv_size": [0.5, 1]},
								"up": {"uv": [13, 16], "uv_size": [1, 0.5]},
								"down": {"uv": [16, 13.5], "uv_size": [1, -0.5]}
							}
						},
						{
							"origin": [-0.4125, -1.1875, -0.1],
							"size": [0.75, 1.0625, 1.75],
							"uv": {
								"north": {"uv": [7, 13], "uv_size": [1, 1]},
								"east": {"uv": [8, 5], "uv_size": [1.5, 1]},
								"south": {"uv": [8, 13], "uv_size": [1, 1]},
								"west": {"uv": [9, 8], "uv_size": [1.5, 1]},
								"up": {"uv": [6, 9], "uv_size": [1, 1.5]},
								"down": {"uv": [9, 10.5], "uv_size": [1, -1.5]}
							}
						},
						{
							"origin": [-0.4125, -1.15625, -0.7875],
							"size": [0.75, 0.0625, 0.6875],
							"uv": {
								"north": {"uv": [14, 16], "uv_size": [1, 0.5]},
								"east": {"uv": [19, 11], "uv_size": [0.5, 0.5]},
								"south": {"uv": [15, 16], "uv_size": [1, 0.5]},
								"west": {"uv": [12, 19], "uv_size": [0.5, 0.5]},
								"up": {"uv": [16, 16], "uv_size": [1, 0.5]},
								"down": {"uv": [17, 2.5], "uv_size": [1, -0.5]}
							}
						},
						{
							"origin": [-0.9, -1.25, 0],
							"size": [0.25, 0.0625, 0.25],
							"pivot": [-0.775, -1.21875, 0.125],
							"rotation": [0, 45, 0],
							"uv": {
								"north": {"uv": [19, 12], "uv_size": [0.5, 0.5]},
								"east": {"uv": [13, 19], "uv_size": [0.5, 0.5]},
								"south": {"uv": [19, 13], "uv_size": [0.5, 0.5]},
								"west": {"uv": [14, 19], "uv_size": [0.5, 0.5]},
								"up": {"uv": [19, 14], "uv_size": [0.5, 0.5]},
								"down": {"uv": [15, 19.5], "uv_size": [0.5, -0.5]}
							}
						},
						{
							"origin": [0.65, -1.25, 0],
							"size": [0.25, 0.0625, 0.25],
							"pivot": [0.775, -1.21875, 0.125],
							"rotation": [0, 45, 0],
							"uv": {
								"north": {"uv": [19, 12], "uv_size": [0.5, 0.5]},
								"east": {"uv": [13, 19], "uv_size": [0.5, 0.5]},
								"south": {"uv": [19, 13], "uv_size": [0.5, 0.5]},
								"west": {"uv": [14, 19], "uv_size": [0.5, 0.5]},
								"up": {"uv": [19, 14], "uv_size": [0.5, 0.5]},
								"down": {"uv": [15, 19.5], "uv_size": [0.5, -0.5]}
							}
						},
						{
							"origin": [1.05625, -1.18751, -1.1],
							"size": [0.09375, 0.17188, 2.75],
							"pivot": [1.15, -1.1875, 0.025],
							"rotation": [0, 0, 45],
							"uv": {
								"north": {"uv": [19, 15], "uv_size": [0.5, 0.5]},
								"east": {"uv": [10, 5], "uv_size": [3, 0.5]},
								"south": {"uv": [16, 19], "uv_size": [0.5, 0.5]},
								"west": {"uv": [10, 6], "uv_size": [3, 0.5]},
								"up": {"uv": [7, 10], "uv_size": [0.5, 3]},
								"down": {"uv": [8, 13], "uv_size": [0.5, -3]}
							}
						},
						{
							"origin": [-1.1, -1.18751, -1.1],
							"size": [0.09375, 0.17188, 2.75],
							"pivot": [-1.1, -1.1875, 0.025],
							"rotation": [0, 0, -45],
							"uv": {
								"north": {"uv": [19, 16], "uv_size": [0.5, 0.5]},
								"east": {"uv": [10, 7], "uv_size": [3, 0.5]},
								"south": {"uv": [17, 19], "uv_size": [0.5, 0.5]},
								"west": {"uv": [10, 9], "uv_size": [3, 0.5]},
								"up": {"uv": [10, 10], "uv_size": [0.5, 3]},
								"down": {"uv": [2, 14], "uv_size": [0.5, -3]}
							}
						},
						{
							"origin": [-1.1, -0.29688, -1.1],
							"size": [0.09375, 0.17188, 2.75],
							"pivot": [-1.1, -0.125, 0.025],
							"rotation": [0, 0, 45],
							"uv": {
								"north": {"uv": [19, 17], "uv_size": [0.5, 0.5]},
								"east": {"uv": [11, 2], "uv_size": [3, 0.5]},
								"south": {"uv": [18, 19], "uv_size": [0.5, 0.5]},
								"west": {"uv": [11, 3], "uv_size": [3, 0.5]},
								"up": {"uv": [3, 11], "uv_size": [0.5, 3]},
								"down": {"uv": [6, 14], "uv_size": [0.5, -3]}
							}
						},
						{
							"origin": [1.05625, -0.29688, -1.1],
							"size": [0.09375, 0.17188, 2.75],
							"pivot": [1.15, -0.125, 0.025],
							"rotation": [0, 0, -45],
							"uv": {
								"north": {"uv": [19, 18], "uv_size": [0.5, 0.5]},
								"east": {"uv": [11, 4], "uv_size": [3, 0.5]},
								"south": {"uv": [19, 19], "uv_size": [0.5, 0.5]},
								"west": {"uv": [11, 8], "uv_size": [3, 0.5]},
								"up": {"uv": [9, 11], "uv_size": [0.5, 3]},
								"down": {"uv": [11, 13], "uv_size": [0.5, -3]}
							}
						}
					]
				},
				{
					"name": "bone2",
					"parent": "body",
					"pivot": [-0.225, 0.3, -0.36562],
					"cubes": [
						{
							"origin": [1.275, -0.82813, -0.92812],
							"size": [0.25, 0.34375, 0.28125],
							"pivot": [1.525, -0.65625, -0.92812],
							"rotation": [0, -42.75, 0],
							"uv": {
								"north": {"uv": [2, 20], "uv_size": [0.5, 0.5]},
								"east": {"uv": [20, 2], "uv_size": [0.5, 0.5]},
								"south": {"uv": [3, 20], "uv_size": [0.5, 0.5]},
								"west": {"uv": [20, 3], "uv_size": [0.5, 0.5]},
								"up": {"uv": [4, 20], "uv_size": [0.5, 0.5]},
								"down": {"uv": [20, 4.5], "uv_size": [0.5, -0.5]}
							}
						},
						{
							"origin": [1.3375, -0.82813, -0.36562],
							"size": [0.1875, 0.34375, 0.09375],
							"uv": {
								"north": {"uv": [5, 20], "uv_size": [0.5, 0.5]},
								"east": {"uv": [20, 5], "uv_size": [0.5, 0.5]},
								"south": {"uv": [6, 20], "uv_size": [0.5, 0.5]},
								"west": {"uv": [20, 6], "uv_size": [0.5, 0.5]},
								"up": {"uv": [7, 20], "uv_size": [0.5, 0.5]},
								"down": {"uv": [20, 7.5], "uv_size": [0.5, -0.5]}
							}
						},
						{
							"origin": [1.30625, -0.82813, -0.36562],
							"size": [0.21875, 0.34375, 0.09375],
							"pivot": [1.525, -0.65625, -0.27187],
							"rotation": [0, 31, 0],
							"uv": {
								"north": {"uv": [8, 20], "uv_size": [0.5, 0.5]},
								"east": {"uv": [20, 8], "uv_size": [0.5, 0.5]},
								"south": {"uv": [9, 20], "uv_size": [0.5, 0.5]},
								"west": {"uv": [20, 9], "uv_size": [0.5, 0.5]},
								"up": {"uv": [10, 20], "uv_size": [0.5, 0.5]},
								"down": {"uv": [20, 10.5], "uv_size": [0.5, -0.5]}
							}
						},
						{
							"origin": [1.275, -0.82813, -1.1],
							"size": [0.0625, 0.34375, 0.9375],
							"uv": {
								"north": {"uv": [11, 20], "uv_size": [0.5, 0.5]},
								"east": {"uv": [17, 3], "uv_size": [1, 0.5]},
								"south": {"uv": [20, 11], "uv_size": [0.5, 0.5]},
								"west": {"uv": [4, 17], "uv_size": [1, 0.5]},
								"up": {"uv": [17, 4], "uv_size": [0.5, 1]},
								"down": {"uv": [5, 18], "uv_size": [0.5, -1]}
							}
						},
						{
							"origin": [1.3375, -0.82813, -0.92812],
							"size": [0.1875, 0.34375, 0.09375],
							"uv": {
								"north": {"uv": [12, 20], "uv_size": [0.5, 0.5]},
								"east": {"uv": [20, 12], "uv_size": [0.5, 0.5]},
								"south": {"uv": [13, 20], "uv_size": [0.5, 0.5]},
								"west": {"uv": [20, 13], "uv_size": [0.5, 0.5]},
								"up": {"uv": [14, 20], "uv_size": [0.5, 0.5]},
								"down": {"uv": [20, 14.5], "uv_size": [0.5, -0.5]}
							}
						}
					]
				},
				{
					"name": "bone7",
					"parent": "bone2",
					"pivot": [0.275, 0.3, -0.36562],
					"cubes": [
						{
							"origin": [-1.475, -0.82813, -0.92812],
							"size": [0.25, 0.34375, 0.28125],
							"pivot": [-1.475, -0.65625, -0.92812],
							"rotation": [0, 42.75, 0],
							"uv": {
								"north": {"uv": [15, 20], "uv_size": [0.5, 0.5]},
								"east": {"uv": [20, 15], "uv_size": [0.5, 0.5]},
								"south": {"uv": [16, 20], "uv_size": [0.5, 0.5]},
								"west": {"uv": [20, 16], "uv_size": [0.5, 0.5]},
								"up": {"uv": [17, 20], "uv_size": [0.5, 0.5]},
								"down": {"uv": [20, 17.5], "uv_size": [0.5, -0.5]}
							}
						},
						{
							"origin": [-1.475, -0.82813, -0.36562],
							"size": [0.1875, 0.34375, 0.09375],
							"uv": {
								"north": {"uv": [18, 20], "uv_size": [0.5, 0.5]},
								"east": {"uv": [20, 18], "uv_size": [0.5, 0.5]},
								"south": {"uv": [19, 20], "uv_size": [0.5, 0.5]},
								"west": {"uv": [20, 19], "uv_size": [0.5, 0.5]},
								"up": {"uv": [20, 20], "uv_size": [0.5, 0.5]},
								"down": {"uv": [2, 21.5], "uv_size": [0.5, -0.5]}
							}
						},
						{
							"origin": [-1.475, -0.82813, -0.36562],
							"size": [0.21875, 0.34375, 0.09375],
							"pivot": [-1.475, -0.65625, -0.27187],
							"rotation": [0, -31, 0],
							"uv": {
								"north": {"uv": [21, 2], "uv_size": [0.5, 0.5]},
								"east": {"uv": [3, 21], "uv_size": [0.5, 0.5]},
								"south": {"uv": [21, 3], "uv_size": [0.5, 0.5]},
								"west": {"uv": [4, 21], "uv_size": [0.5, 0.5]},
								"up": {"uv": [21, 4], "uv_size": [0.5, 0.5]},
								"down": {"uv": [5, 21.5], "uv_size": [0.5, -0.5]}
							}
						},
						{
							"origin": [-1.2875, -0.82813, -1.1],
							"size": [0.0625, 0.34375, 0.9375],
							"uv": {
								"north": {"uv": [21, 5], "uv_size": [0.5, 0.5]},
								"east": {"uv": [17, 5], "uv_size": [1, 0.5]},
								"south": {"uv": [6, 21], "uv_size": [0.5, 0.5]},
								"west": {"uv": [6, 17], "uv_size": [1, 0.5]},
								"up": {"uv": [17, 6], "uv_size": [0.5, 1]},
								"down": {"uv": [7, 18], "uv_size": [0.5, -1]}
							}
						},
						{
							"origin": [-1.475, -0.82813, -0.92812],
							"size": [0.1875, 0.34375, 0.09375],
							"uv": {
								"north": {"uv": [21, 6], "uv_size": [0.5, 0.5]},
								"east": {"uv": [7, 21], "uv_size": [0.5, 0.5]},
								"south": {"uv": [21, 7], "uv_size": [0.5, 0.5]},
								"west": {"uv": [8, 21], "uv_size": [0.5, 0.5]},
								"up": {"uv": [21, 8], "uv_size": [0.5, 0.5]},
								"down": {"uv": [9, 21.5], "uv_size": [0.5, -0.5]}
							}
						}
					]
				},
				{
					"name": "bone3",
					"parent": "body",
					"pivot": [1.15, -1.2, 0.025]
				},
				{
					"name": "octagon18",
					"parent": "bone3",
					"pivot": [-0.81875, -0.0125, 0.3375],
					"rotation": [-22.5, 0, -90],
					"cubes": [
						{
							"origin": [-0.9, -0.09016, 0.15],
							"size": [0.3125, 0.15533, 0.375],
							"pivot": [-0.475, -0.0125, 0.3375],
							"rotation": [22.5, 0, 0],
							"uv": {
								"north": {"uv": [21, 9], "uv_size": [0.5, 0.5]},
								"east": {"uv": [10, 21], "uv_size": [0.5, 0.5]},
								"south": {"uv": [21, 10], "uv_size": [0.5, 0.5]},
								"west": {"uv": [11, 21], "uv_size": [0.5, 0.5]},
								"up": {"uv": [21, 11], "uv_size": [0.5, 0.5]},
								"down": {"uv": [12, 21.5], "uv_size": [0.5, -0.5]}
							}
						},
						{
							"origin": [-0.9, -0.09016, 0.15],
							"size": [0.3125, 0.15533, 0.375],
							"pivot": [-0.475, -0.0125, 0.3375],
							"rotation": [-22.5, 0, 0],
							"uv": {
								"north": {"uv": [21, 12], "uv_size": [0.5, 0.5]},
								"east": {"uv": [13, 21], "uv_size": [0.5, 0.5]},
								"south": {"uv": [21, 13], "uv_size": [0.5, 0.5]},
								"west": {"uv": [14, 21], "uv_size": [0.5, 0.5]},
								"up": {"uv": [21, 14], "uv_size": [0.5, 0.5]},
								"down": {"uv": [15, 21.5], "uv_size": [0.5, -0.5]}
							}
						},
						{
							"origin": [-0.9, -0.3875, 0.25983],
							"size": [0.3125, 0.5625, 0.15533],
							"pivot": [-0.475, -0.0125, 0.3375],
							"rotation": [22.5, 0, 0],
							"uv": {
								"north": {"uv": [21, 15], "uv_size": [0.5, 0.5]},
								"east": {"uv": [16, 21], "uv_size": [0.5, 0.5]},
								"south": {"uv": [21, 16], "uv_size": [0.5, 0.5]},
								"west": {"uv": [17, 21], "uv_size": [0.5, 0.5]},
								"up": {"uv": [21, 17], "uv_size": [0.5, 0.5]},
								"down": {"uv": [18, 21.5], "uv_size": [0.5, -0.5]}
							}
						},
						{
							"origin": [-0.9, -0.2, 0.25983],
							"size": [0.3125, 0.375, 0.15533],
							"pivot": [-0.475, -0.0125, 0.3375],
							"rotation": [-22.5, 0, 0],
							"uv": {
								"north": {"uv": [21, 18], "uv_size": [0.5, 0.5]},
								"east": {"uv": [19, 21], "uv_size": [0.5, 0.5]},
								"south": {"uv": [21, 19], "uv_size": [0.5, 0.5]},
								"west": {"uv": [20, 21], "uv_size": [0.5, 0.5]},
								"up": {"uv": [21, 20], "uv_size": [0.5, 0.5]},
								"down": {"uv": [21, 21.5], "uv_size": [0.5, -0.5]}
							}
						}
					]
				},
				{
					"name": "octagon19",
					"parent": "bone3",
					"pivot": [-0.81875, 0.2375, 0.3375],
					"rotation": [0, 22.5, 0],
					"cubes": [
						{
							"origin": [-0.7348, -0.125, -0.4125],
							"size": [0.14461, 0.375, 0.625],
							"pivot": [-0.81875, 0.2375, 0.3375],
							"rotation": [0, -22.5, 0],
							"uv": {
								"north": {"uv": [2, 22], "uv_size": [0.5, 0.5]},
								"east": {"uv": [22, 2], "uv_size": [0.5, 0.5]},
								"south": {"uv": [3, 22], "uv_size": [0.5, 0.5]},
								"west": {"uv": [22, 3], "uv_size": [0.5, 0.5]},
								"up": {"uv": [4, 22], "uv_size": [0.5, 0.5]},
								"down": {"uv": [22, 4.5], "uv_size": [0.5, -0.5]}
							}
						},
						{
							"origin": [-0.7973, -0.03125, -0.0375],
							"size": [0.20711, 0.1875, 0.1875],
							"pivot": [-0.81875, 0.2375, 0.3375],
							"rotation": [0, -22.5, 0],
							"uv": {
								"north": {"uv": [5, 22], "uv_size": [0.5, 0.5]},
								"east": {"uv": [22, 5], "uv_size": [0.5, 0.5]},
								"south": {"uv": [6, 22], "uv_size": [0.5, 0.5]},
								"west": {"uv": [22, 6], "uv_size": [0.5, 0.5]},
								"up": {"uv": [7, 22], "uv_size": [0.5, 0.5]},
								"down": {"uv": [22, 7.5], "uv_size": [0.5, -0.5]}
							}
						},
						{
							"origin": [-0.65543, -0.03125, -0.12575],
							"size": [0.0625, 0.1875, 0.125],
							"pivot": [-0.65543, -0.0125, -0.00075],
							"rotation": [0, -52.5, 0],
							"uv": {
								"north": {"uv": [8, 22], "uv_size": [0.5, 0.5]},
								"east": {"uv": [22, 8], "uv_size": [0.5, 0.5]},
								"south": {"uv": [9, 22], "uv_size": [0.5, 0.5]},
								"west": {"uv": [22, 9], "uv_size": [0.5, 0.5]},
								"up": {"uv": [10, 22], "uv_size": [0.5, 0.5]},
								"down": {"uv": [22, 10.5], "uv_size": [0.5, -0.5]}
							}
						},
						{
							"origin": [-0.44558, -0.125, -0.51795],
							"size": [0.125, 0.375, 0.25],
							"pivot": [-0.32058, -0.0125, -0.26795],
							"rotation": [0, 7.5, 0],
							"uv": {
								"north": {"uv": [11, 22], "uv_size": [0.5, 0.5]},
								"east": {"uv": [22, 11], "uv_size": [0.5, 0.5]},
								"south": {"uv": [12, 22], "uv_size": [0.5, 0.5]},
								"west": {"uv": [22, 12], "uv_size": [0.5, 0.5]},
								"up": {"uv": [13, 22], "uv_size": [0.5, 0.5]},
								"down": {"uv": [22, 13.5], "uv_size": [0.5, -0.5]}
							}
						},
						{
							"origin": [-0.9223, -0.125, 0.0875],
							"size": [0.20711, 0.0625, 0.5],
							"pivot": [-0.81875, 0.2375, 0.3375],
							"rotation": [0, -22.5, 0],
							"uv": {
								"north": {"uv": [14, 22], "uv_size": [0.5, 0.5]},
								"east": {"uv": [22, 14], "uv_size": [0.5, 0.5]},
								"south": {"uv": [15, 22], "uv_size": [0.5, 0.5]},
								"west": {"uv": [22, 15], "uv_size": [0.5, 0.5]},
								"up": {"uv": [16, 22], "uv_size": [0.5, 0.5]},
								"down": {"uv": [22, 16.5], "uv_size": [0.5, -0.5]}
							}
						},
						{
							"origin": [-0.70327, -0.125, -0.13526],
							"size": [0.0625, 0.0625, 0.25],
							"pivot": [-0.70327, -0.16875, 0.11474],
							"rotation": [0, -37.5, 0],
							"uv": {
								"north": {"uv": [17, 22], "uv_size": [0.5, 0.5]},
								"east": {"uv": [22, 17], "uv_size": [0.5, 0.5]},
								"south": {"uv": [18, 22], "uv_size": [0.5, 0.5]},
								"west": {"uv": [22, 18], "uv_size": [0.5, 0.5]},
								"up": {"uv": [19, 22], "uv_size": [0.5, 0.5]},
								"down": {"uv": [22, 19.5], "uv_size": [0.5, -0.5]}
							}
						},
						{
							"origin": [-0.70327, 0.1875, -0.13526],
							"size": [0.0625, 0.0625, 0.25],
							"pivot": [-0.70327, -0.16875, 0.11474],
							"rotation": [0, -37.5, 0],
							"uv": {
								"north": {"uv": [20, 22], "uv_size": [0.5, 0.5]},
								"east": {"uv": [22, 20], "uv_size": [0.5, 0.5]},
								"south": {"uv": [21, 22], "uv_size": [0.5, 0.5]},
								"west": {"uv": [22, 21], "uv_size": [0.5, 0.5]},
								"up": {"uv": [22, 22], "uv_size": [0.5, 0.5]},
								"down": {"uv": [2, 23.5], "uv_size": [0.5, -0.5]}
							}
						},
						{
							"origin": [-0.9223, -0.125, 0.0875],
							"size": [0.20711, 0.0625, 0.5],
							"pivot": [-0.81875, 0.2375, 0.3375],
							"rotation": [0, 22.5, 0],
							"uv": {
								"north": {"uv": [23, 2], "uv_size": [0.5, 0.5]},
								"east": {"uv": [3, 23], "uv_size": [0.5, 0.5]},
								"south": {"uv": [23, 3], "uv_size": [0.5, 0.5]},
								"west": {"uv": [4, 23], "uv_size": [0.5, 0.5]},
								"up": {"uv": [23, 4], "uv_size": [0.5, 0.5]},
								"down": {"uv": [5, 23.5], "uv_size": [0.5, -0.5]}
							}
						},
						{
							"origin": [-1.06875, -0.125, 0.23395],
							"size": [0.625, 0.0625, 0.20711],
							"pivot": [-0.81875, 0.2375, 0.3375],
							"rotation": [0, -22.5, 0],
							"uv": {
								"north": {"uv": [23, 5], "uv_size": [0.5, 0.5]},
								"east": {"uv": [6, 23], "uv_size": [0.5, 0.5]},
								"south": {"uv": [23, 6], "uv_size": [0.5, 0.5]},
								"west": {"uv": [7, 23], "uv_size": [0.5, 0.5]},
								"up": {"uv": [23, 7], "uv_size": [0.5, 0.5]},
								"down": {"uv": [8, 23.5], "uv_size": [0.5, -0.5]}
							}
						},
						{
							"origin": [-1.06875, -0.125, 0.23395],
							"size": [0.5, 0.0625, 0.20711],
							"pivot": [-0.81875, 0.2375, 0.3375],
							"rotation": [0, 22.5, 0],
							"uv": {
								"north": {"uv": [23, 8], "uv_size": [0.5, 0.5]},
								"east": {"uv": [9, 23], "uv_size": [0.5, 0.5]},
								"south": {"uv": [23, 9], "uv_size": [0.5, 0.5]},
								"west": {"uv": [10, 23], "uv_size": [0.5, 0.5]},
								"up": {"uv": [23, 10], "uv_size": [0.5, 0.5]},
								"down": {"uv": [11, 23.5], "uv_size": [0.5, -0.5]}
							}
						}
					]
				},
				{
					"name": "octagon29",
					"parent": "bone3",
					"pivot": [-0.81875, 0.55, 0.3375],
					"rotation": [0, 22.5, 0],
					"cubes": [
						{
							"origin": [-0.9223, 0.1875, 0.0875],
							"size": [0.20711, 0.0625, 0.5],
							"pivot": [-0.81875, 0.55, 0.3375],
							"rotation": [0, -22.5, 0],
							"uv": {
								"north": {"uv": [23, 11], "uv_size": [0.5, 0.5]},
								"east": {"uv": [12, 23], "uv_size": [0.5, 0.5]},
								"south": {"uv": [23, 12], "uv_size": [0.5, 0.5]},
								"west": {"uv": [13, 23], "uv_size": [0.5, 0.5]},
								"up": {"uv": [23, 13], "uv_size": [0.5, 0.5]},
								"down": {"uv": [14, 23.5], "uv_size": [0.5, -0.5]}
							}
						},
						{
							"origin": [-0.9223, 0.1875, 0.0875],
							"size": [0.20711, 0.0625, 0.5],
							"pivot": [-0.81875, 0.55, 0.3375],
							"rotation": [0, 22.5, 0],
							"uv": {
								"north": {"uv": [23, 14], "uv_size": [0.5, 0.5]},
								"east": {"uv": [15, 23], "uv_size": [0.5, 0.5]},
								"south": {"uv": [23, 15], "uv_size": [0.5, 0.5]},
								"west": {"uv": [16, 23], "uv_size": [0.5, 0.5]},
								"up": {"uv": [23, 16], "uv_size": [0.5, 0.5]},
								"down": {"uv": [17, 23.5], "uv_size": [0.5, -0.5]}
							}
						},
						{
							"origin": [-1.06875, 0.1875, 0.23395],
							"size": [0.625, 0.0625, 0.20711],
							"pivot": [-0.81875, 0.55, 0.3375],
							"rotation": [0, -22.5, 0],
							"uv": {
								"north": {"uv": [23, 17], "uv_size": [0.5, 0.5]},
								"east": {"uv": [18, 23], "uv_size": [0.5, 0.5]},
								"south": {"uv": [23, 18], "uv_size": [0.5, 0.5]},
								"west": {"uv": [19, 23], "uv_size": [0.5, 0.5]},
								"up": {"uv": [23, 19], "uv_size": [0.5, 0.5]},
								"down": {"uv": [20, 23.5], "uv_size": [0.5, -0.5]}
							}
						},
						{
							"origin": [-1.06875, 0.1875, 0.23395],
							"size": [0.5, 0.0625, 0.20711],
							"pivot": [-0.81875, 0.55, 0.3375],
							"rotation": [0, 22.5, 0],
							"uv": {
								"north": {"uv": [23, 20], "uv_size": [0.5, 0.5]},
								"east": {"uv": [21, 23], "uv_size": [0.5, 0.5]},
								"south": {"uv": [23, 21], "uv_size": [0.5, 0.5]},
								"west": {"uv": [22, 23], "uv_size": [0.5, 0.5]},
								"up": {"uv": [23, 22], "uv_size": [0.5, 0.5]},
								"down": {"uv": [23, 23.5], "uv_size": [0.5, -0.5]}
							}
						}
					]
				},
				{
					"name": "octagon30",
					"parent": "body",
					"pivot": [0.025, -0.73125, -0.6],
					"rotation": [-22.5, 0, 0],
					"cubes": [
						{
							"origin": [-1.475, -0.74686, -0.81875],
							"size": [3, 0.18122, 0.4375],
							"pivot": [1.025, -0.73125, -0.6],
							"rotation": [22.5, 0, 0],
							"uv": {
								"north": {"uv": [12, 10], "uv_size": [3, 0.5]},
								"east": {"uv": [2, 24], "uv_size": [0.5, 0.5]},
								"south": {"uv": [12, 11], "uv_size": [3, 0.5]},
								"west": {"uv": [24, 2], "uv_size": [0.5, 0.5]},
								"up": {"uv": [12, 12], "uv_size": [3, 0.5]},
								"down": {"uv": [13, 5.5], "uv_size": [3, -0.5]}
							}
						},
						{
							"origin": [-1.475, -0.76883, -0.87178],
							"size": [3, 0.18122, 0.4375],
							"pivot": [1.025, -0.73125, -0.6],
							"rotation": [-22.5, 0, 0],
							"uv": {
								"north": {"uv": [13, 6], "uv_size": [3, 0.5]},
								"east": {"uv": [3, 24], "uv_size": [0.5, 0.5]},
								"south": {"uv": [13, 7], "uv_size": [3, 0.5]},
								"west": {"uv": [24, 3], "uv_size": [0.5, 0.5]},
								"up": {"uv": [13, 9], "uv_size": [3, 0.5]},
								"down": {"uv": [10, 13.5], "uv_size": [3, -0.5]}
							}
						},
						{
							"origin": [-1.475, -0.875, -0.69061],
							"size": [3, 0.4375, 0.18122],
							"pivot": [1.025, -0.73125, -0.6],
							"rotation": [22.5, 0, 0],
							"uv": {
								"north": {"uv": [13, 13], "uv_size": [3, 0.5]},
								"east": {"uv": [4, 24], "uv_size": [0.5, 0.5]},
								"south": {"uv": [2, 14], "uv_size": [3, 0.5]},
								"west": {"uv": [24, 4], "uv_size": [0.5, 0.5]},
								"up": {"uv": [14, 2], "uv_size": [3, 0.5]},
								"down": {"uv": [14, 3.5], "uv_size": [3, -0.5]}
							}
						},
						{
							"origin": [-1.475, -0.89697, -0.74364],
							"size": [3, 0.4375, 0.18122],
							"pivot": [1.025, -0.73125, -0.6],
							"rotation": [-22.5, 0, 0],
							"uv": {
								"north": {"uv": [14, 4], "uv_size": [3, 0.5]},
								"east": {"uv": [5, 24], "uv_size": [0.5, 0.5]},
								"south": {"uv": [5, 14], "uv_size": [3, 0.5]},
								"west": {"uv": [24, 5], "uv_size": [0.5, 0.5]},
								"up": {"uv": [8, 14], "uv_size": [3, 0.5]},
								"down": {"uv": [14, 8.5], "uv_size": [3, -0.5]}
							}
						}
					]
				},
				{
					"name": "octagon33",
					"parent": "body",
					"pivot": [-0.0125, -0.825, 0.6],
					"cubes": [
						{
							"origin": [-0.11605, -1.3125, 0.35],
							"size": [0.20711, 0.125, 0.5],
							"pivot": [-0.0125, -0.75, 0.6],
							"rotation": [0, -22.5, 0],
							"uv": {
								"north": {"uv": [25, 26], "uv_size": [0.5, 0.5]},
								"east": {"uv": [26, 25], "uv_size": [0.5, 0.5]},
								"south": {"uv": [26, 26], "uv_size": [0.5, 0.5]},
								"west": {"uv": [2, 27], "uv_size": [0.5, 0.5]},
								"up": {"uv": [27, 2], "uv_size": [0.5, 0.5]},
								"down": {"uv": [3, 27.5], "uv_size": [0.5, -0.5]}
							}
						},
						{
							"origin": [-0.11605, -1.3125, 0.35],
							"size": [0.20711, 0.125, 0.5],
							"pivot": [-0.0125, -0.75, 0.6],
							"rotation": [0, 22.5, 0],
							"uv": {
								"north": {"uv": [27, 3], "uv_size": [0.5, 0.5]},
								"east": {"uv": [4, 27], "uv_size": [0.5, 0.5]},
								"south": {"uv": [27, 4], "uv_size": [0.5, 0.5]},
								"west": {"uv": [5, 27], "uv_size": [0.5, 0.5]},
								"up": {"uv": [27, 5], "uv_size": [0.5, 0.5]},
								"down": {"uv": [6, 27.5], "uv_size": [0.5, -0.5]}
							}
						},
						{
							"origin": [-0.2625, -1.3125, 0.49645],
							"size": [0.5, 0.125, 0.20711],
							"pivot": [-0.0125, -0.75, 0.6],
							"rotation": [0, -22.5, 0],
							"uv": {
								"north": {"uv": [27, 6], "uv_size": [0.5, 0.5]},
								"east": {"uv": [7, 27], "uv_size": [0.5, 0.5]},
								"south": {"uv": [27, 7], "uv_size": [0.5, 0.5]},
								"west": {"uv": [8, 27], "uv_size": [0.5, 0.5]},
								"up": {"uv": [27, 8], "uv_size": [0.5, 0.5]},
								"down": {"uv": [9, 27.5], "uv_size": [0.5, -0.5]}
							}
						},
						{
							"origin": [-0.2625, -1.3125, 0.49645],
							"size": [0.5, 0.125, 0.20711],
							"pivot": [-0.0125, -0.75, 0.6],
							"rotation": [0, 22.5, 0],
							"uv": {
								"north": {"uv": [27, 9], "uv_size": [0.5, 0.5]},
								"east": {"uv": [10, 27], "uv_size": [0.5, 0.5]},
								"south": {"uv": [27, 10], "uv_size": [0.5, 0.5]},
								"west": {"uv": [11, 27], "uv_size": [0.5, 0.5]},
								"up": {"uv": [27, 11], "uv_size": [0.5, 0.5]},
								"down": {"uv": [12, 27.5], "uv_size": [0.5, -0.5]}
							}
						}
					]
				},
				{
					"name": "octagon34",
					"parent": "body",
					"pivot": [0.9625, -0.73125, -1.6625],
					"cubes": [
						{
							"origin": [0.85895, -0.50625, -1.5375],
							"size": [0.20711, 0.1, 0.375],
							"pivot": [0.9625, -0.65625, -1.6625],
							"rotation": [0, 0, -22.5],
							"uv": {
								"north": {"uv": [27, 12], "uv_size": [0.5, 0.5]},
								"east": {"uv": [13, 27], "uv_size": [0.5, 0.5]},
								"south": {"uv": [27, 13], "uv_size": [0.5, 0.5]},
								"west": {"uv": [14, 27], "uv_size": [0.5, 0.5]},
								"up": {"uv": [27, 14], "uv_size": [0.5, 0.5]},
								"down": {"uv": [15, 27.5], "uv_size": [0.5, -0.5]}
							}
						},
						{
							"origin": [0.85895, -0.50625, -1.5375],
							"size": [0.20711, 0.1, 0.375],
							"pivot": [0.9625, -0.65625, -1.6625],
							"rotation": [0, 0, 22.5],
							"uv": {
								"north": {"uv": [27, 15], "uv_size": [0.5, 0.5]},
								"east": {"uv": [16, 27], "uv_size": [0.5, 0.5]},
								"south": {"uv": [27, 16], "uv_size": [0.5, 0.5]},
								"west": {"uv": [17, 27], "uv_size": [0.5, 0.5]},
								"up": {"uv": [27, 17], "uv_size": [0.5, 0.5]},
								"down": {"uv": [18, 27.5], "uv_size": [0.5, -0.5]}
							}
						},
						{
							"origin": [0.85895, -0.90625, -1.5375],
							"size": [0.20711, 0.1, 0.375],
							"pivot": [0.9625, -0.65625, -1.6625],
							"rotation": [0, 0, -22.5],
							"uv": {
								"north": {"uv": [27, 18], "uv_size": [0.5, 0.5]},
								"east": {"uv": [19, 27], "uv_size": [0.5, 0.5]},
								"south": {"uv": [27, 19], "uv_size": [0.5, 0.5]},
								"west": {"uv": [20, 27], "uv_size": [0.5, 0.5]},
								"up": {"uv": [27, 20], "uv_size": [0.5, 0.5]},
								"down": {"uv": [21, 27.5], "uv_size": [0.5, -0.5]}
							}
						},
						{
							"origin": [0.88211, -1.08293, -1.4125],
							"size": [0.17188, 0.1875, 0.125],
							"uv": {
								"north": {"uv": [27, 21], "uv_size": [0.5, 0.5]},
								"east": {"uv": [22, 27], "uv_size": [0.5, 0.5]},
								"south": {"uv": [27, 22], "uv_size": [0.5, 0.5]},
								"west": {"uv": [23, 27], "uv_size": [0.5, 0.5]},
								"up": {"uv": [27, 23], "uv_size": [0.5, 0.5]},
								"down": {"uv": [24, 27.5], "uv_size": [0.5, -0.5]}
							}
						},
						{
							"origin": [0.88211, -0.42668, -1.4125],
							"size": [0.17188, 0.23438, 0.125],
							"uv": {
								"north": {"uv": [27, 24], "uv_size": [0.5, 0.5]},
								"east": {"uv": [25, 27], "uv_size": [0.5, 0.5]},
								"south": {"uv": [27, 25], "uv_size": [0.5, 0.5]},
								"west": {"uv": [26, 27], "uv_size": [0.5, 0.5]},
								"up": {"uv": [27, 26], "uv_size": [0.5, 0.5]},
								"down": {"uv": [27, 27.5], "uv_size": [0.5, -0.5]}
							}
						},
						{
							"origin": [0.85895, -0.90625, -1.5375],
							"size": [0.20711, 0.1, 0.375],
							"pivot": [0.9625, -0.65625, -1.6625],
							"rotation": [0, 0, 22.5],
							"uv": {
								"north": {"uv": [2, 28], "uv_size": [0.5, 0.5]},
								"east": {"uv": [28, 2], "uv_size": [0.5, 0.5]},
								"south": {"uv": [3, 28], "uv_size": [0.5, 0.5]},
								"west": {"uv": [28, 3], "uv_size": [0.5, 0.5]},
								"up": {"uv": [4, 28], "uv_size": [0.5, 0.5]},
								"down": {"uv": [28, 4.5], "uv_size": [0.5, -0.5]}
							}
						},
						{
							"origin": [1.1125, -0.75981, -1.5375],
							"size": [0.1, 0.20711, 0.375],
							"pivot": [0.9625, -0.65625, -1.6625],
							"rotation": [0, 0, -22.5],
							"uv": {
								"north": {"uv": [5, 28], "uv_size": [0.5, 0.5]},
								"east": {"uv": [28, 5], "uv_size": [0.5, 0.5]},
								"south": {"uv": [6, 28], "uv_size": [0.5, 0.5]},
								"west": {"uv": [28, 6], "uv_size": [0.5, 0.5]},
								"up": {"uv": [7, 28], "uv_size": [0.5, 0.5]},
								"down": {"uv": [28, 7.5], "uv_size": [0.5, -0.5]}
							}
						},
						{
							"origin": [1.1125, -0.75981, -1.5375],
							"size": [0.1, 0.20711, 0.375],
							"pivot": [0.9625, -0.65625, -1.6625],
							"rotation": [0, 0, 22.5],
							"uv": {
								"north": {"uv": [8, 28], "uv_size": [0.5, 0.5]},
								"east": {"uv": [28, 8], "uv_size": [0.5, 0.5]},
								"south": {"uv": [9, 28], "uv_size": [0.5, 0.5]},
								"west": {"uv": [28, 9], "uv_size": [0.5, 0.5]},
								"up": {"uv": [10, 28], "uv_size": [0.5, 0.5]},
								"down": {"uv": [28, 10.5], "uv_size": [0.5, -0.5]}
							}
						},
						{
							"origin": [0.7125, -0.75981, -1.5375],
							"size": [0.1, 0.20711, 0.375],
							"pivot": [0.9625, -0.65625, -1.6625],
							"rotation": [0, 0, -22.5],
							"uv": {
								"north": {"uv": [11, 28], "uv_size": [0.5, 0.5]},
								"east": {"uv": [28, 11], "uv_size": [0.5, 0.5]},
								"south": {"uv": [12, 28], "uv_size": [0.5, 0.5]},
								"west": {"uv": [28, 12], "uv_size": [0.5, 0.5]},
								"up": {"uv": [13, 28], "uv_size": [0.5, 0.5]},
								"down": {"uv": [28, 13.5], "uv_size": [0.5, -0.5]}
							}
						},
						{
							"origin": [0.7125, -0.75981, -1.5375],
							"size": [0.1, 0.20711, 0.375],
							"pivot": [0.9625, -0.65625, -1.6625],
							"rotation": [0, 0, 22.5],
							"uv": {
								"north": {"uv": [14, 28], "uv_size": [0.5, 0.5]},
								"east": {"uv": [28, 14], "uv_size": [0.5, 0.5]},
								"south": {"uv": [15, 28], "uv_size": [0.5, 0.5]},
								"west": {"uv": [28, 15], "uv_size": [0.5, 0.5]},
								"up": {"uv": [16, 28], "uv_size": [0.5, 0.5]},
								"down": {"uv": [28, 16.5], "uv_size": [0.5, -0.5]}
							}
						}
					]
				},
				{
					"name": "octagon35",
					"parent": "octagon34",
					"pivot": [0.8375, -0.71563, -1.35],
					"rotation": [22.5, 0, 0],
					"cubes": [
						{
							"origin": [1.275, -0.76615, -1.54697],
							"size": [0.0625, 0.20711, 0.5],
							"pivot": [0.8375, -0.71563, -1.35],
							"rotation": [22.5, 0, 0],
							"uv": {
								"north": {"uv": [17, 28], "uv_size": [0.5, 0.5]},
								"east": {"uv": [28, 17], "uv_size": [0.5, 0.5]},
								"south": {"uv": [18, 28], "uv_size": [0.5, 0.5]},
								"west": {"uv": [28, 18], "uv_size": [0.5, 0.5]},
								"up": {"uv": [19, 28], "uv_size": [0.5, 0.5]},
								"down": {"uv": [28, 19.5], "uv_size": [0.5, -0.5]}
							}
						},
						{
							"origin": [1.275, -0.74418, -1.6],
							"size": [0.0625, 0.20711, 0.5],
							"pivot": [0.8375, -0.71563, -1.35],
							"rotation": [-22.5, 0, 0],
							"uv": {
								"north": {"uv": [20, 28], "uv_size": [0.5, 0.5]},
								"east": {"uv": [28, 20], "uv_size": [0.5, 0.5]},
								"south": {"uv": [21, 28], "uv_size": [0.5, 0.5]},
								"west": {"uv": [28, 21], "uv_size": [0.5, 0.5]},
								"up": {"uv": [22, 28], "uv_size": [0.5, 0.5]},
								"down": {"uv": [28, 22.5], "uv_size": [0.5, -0.5]}
							}
						},
						{
							"origin": [1.275, -0.9126, -1.40052],
							"size": [0.0625, 0.5, 0.20711],
							"pivot": [0.8375, -0.71563, -1.35],
							"rotation": [22.5, 0, 0],
							"uv": {
								"north": {"uv": [23, 28], "uv_size": [0.5, 0.5]},
								"east": {"uv": [28, 23], "uv_size": [0.5, 0.5]},
								"south": {"uv": [24, 28], "uv_size": [0.5, 0.5]},
								"west": {"uv": [28, 24], "uv_size": [0.5, 0.5]},
								"up": {"uv": [25, 28], "uv_size": [0.5, 0.5]},
								"down": {"uv": [28, 25.5], "uv_size": [0.5, -0.5]}
							}
						},
						{
							"origin": [1.275, -1.01563, -1.45355],
							"size": [0.0625, 0.75, 0.20711],
							"pivot": [0.8375, -0.71563, -1.35],
							"rotation": [-22.5, 0, 0],
							"uv": {
								"north": {"uv": [17, 11], "uv_size": [0.5, 1]},
								"east": {"uv": [12, 17], "uv_size": [0.5, 1]},
								"south": {"uv": [17, 12], "uv_size": [0.5, 1]},
								"west": {"uv": [13, 17], "uv_size": [0.5, 1]},
								"up": {"uv": [26, 28], "uv_size": [0.5, 0.5]},
								"down": {"uv": [28, 26.5], "uv_size": [0.5, -0.5]}
							}
						},
						{
							"origin": [1.32803, -0.31614, -1.31005],
							"size": [0.0625, 0.1875, 0.20711],
							"pivot": [1.3375, -0.36917, -1.20649],
							"rotation": [-16.32495, -15.69986, -42.73421],
							"uv": {
								"north": {"uv": [27, 28], "uv_size": [0.5, 0.5]},
								"east": {"uv": [28, 27], "uv_size": [0.5, 0.5]},
								"south": {"uv": [28, 28], "uv_size": [0.5, 0.5]},
								"west": {"uv": [2, 29], "uv_size": [0.5, 0.5]},
								"up": {"uv": [29, 2], "uv_size": [0.5, 0.5]},
								"down": {"uv": [3, 29.5], "uv_size": [0.5, -0.5]}
							}
						},
						{
							"origin": [1.21742, -0.24668, -1.25931],
							"size": [0.0625, 0.25, 0.20711],
							"pivot": [1.20492, -0.24668, -1.15576],
							"rotation": [0, -22.5, -90],
							"uv": {
								"north": {"uv": [29, 3], "uv_size": [0.5, 0.5]},
								"east": {"uv": [4, 29], "uv_size": [0.5, 0.5]},
								"south": {"uv": [29, 4], "uv_size": [0.5, 0.5]},
								"west": {"uv": [5, 29], "uv_size": [0.5, 0.5]},
								"up": {"uv": [29, 5], "uv_size": [0.5, 0.5]},
								"down": {"uv": [6, 29.5], "uv_size": [0.5, -0.5]}
							}
						},
						{
							"origin": [1.22197, -1.19655, -1.59706],
							"size": [0.0625, 0.1875, 0.20711],
							"pivot": [1.3375, -1.06208, -1.49351],
							"rotation": [-16.32495, 15.69986, 42.73421],
							"uv": {
								"north": {"uv": [29, 6], "uv_size": [0.5, 0.5]},
								"east": {"uv": [7, 29], "uv_size": [0.5, 0.5]},
								"south": {"uv": [29, 7], "uv_size": [0.5, 0.5]},
								"west": {"uv": [8, 29], "uv_size": [0.5, 0.5]},
								"up": {"uv": [29, 8], "uv_size": [0.5, 0.5]},
								"down": {"uv": [9, 29.5], "uv_size": [0.5, -0.5]}
							}
						},
						{
							"origin": [1.06742, -1.43457, -1.6478],
							"size": [0.0625, 0.25, 0.20711],
							"pivot": [1.20492, -1.18457, -1.54424],
							"rotation": [0, 22.5, 90],
							"uv": {
								"north": {"uv": [29, 9], "uv_size": [0.5, 0.5]},
								"east": {"uv": [10, 29], "uv_size": [0.5, 0.5]},
								"south": {"uv": [29, 10], "uv_size": [0.5, 0.5]},
								"west": {"uv": [11, 29], "uv_size": [0.5, 0.5]},
								"up": {"uv": [29, 11], "uv_size": [0.5, 0.5]},
								"down": {"uv": [12, 29.5], "uv_size": [0.5, -0.5]}
							}
						}
					]
				},
				{
					"name": "octagon36",
					"parent": "body",
					"pivot": [-0.9125, -0.73125, -1.6625],
					"cubes": [
						{
							"origin": [-1.01605, -0.50625, -1.5375],
							"size": [0.20711, 0.1, 0.375],
							"pivot": [-0.9125, -0.65625, -1.6625],
							"rotation": [0, 0, 22.5],
							"uv": {
								"north": {"uv": [29, 12], "uv_size": [0.5, 0.5]},
								"east": {"uv": [13, 29], "uv_size": [0.5, 0.5]},
								"south": {"uv": [29, 13], "uv_size": [0.5, 0.5]},
								"west": {"uv": [14, 29], "uv_size": [0.5, 0.5]},
								"up": {"uv": [29, 14], "uv_size": [0.5, 0.5]},
								"down": {"uv": [15, 29.5], "uv_size": [0.5, -0.5]}
							}
						},
						{
							"origin": [-1.01605, -0.50625, -1.5375],
							"size": [0.20711, 0.1, 0.375],
							"pivot": [-0.9125, -0.65625, -1.6625],
							"rotation": [0, 0, -22.5],
							"uv": {
								"north": {"uv": [29, 15], "uv_size": [0.5, 0.5]},
								"east": {"uv": [16, 29], "uv_size": [0.5, 0.5]},
								"south": {"uv": [29, 16], "uv_size": [0.5, 0.5]},
								"west": {"uv": [17, 29], "uv_size": [0.5, 0.5]},
								"up": {"uv": [29, 17], "uv_size": [0.5, 0.5]},
								"down": {"uv": [18, 29.5], "uv_size": [0.5, -0.5]}
							}
						},
						{
							"origin": [-1.01605, -0.90625, -1.5375],
							"size": [0.20711, 0.1, 0.375],
							"pivot": [-0.9125, -0.65625, -1.6625],
							"rotation": [0, 0, 22.5],
							"uv": {
								"north": {"uv": [29, 18], "uv_size": [0.5, 0.5]},
								"east": {"uv": [19, 29], "uv_size": [0.5, 0.5]},
								"south": {"uv": [29, 19], "uv_size": [0.5, 0.5]},
								"west": {"uv": [20, 29], "uv_size": [0.5, 0.5]},
								"up": {"uv": [29, 20], "uv_size": [0.5, 0.5]},
								"down": {"uv": [21, 29.5], "uv_size": [0.5, -0.5]}
							}
						},
						{
							"origin": [-1.00398, -1.08293, -1.4125],
							"size": [0.17188, 0.1875, 0.125],
							"uv": {
								"north": {"uv": [29, 21], "uv_size": [0.5, 0.5]},
								"east": {"uv": [22, 29], "uv_size": [0.5, 0.5]},
								"south": {"uv": [29, 22], "uv_size": [0.5, 0.5]},
								"west": {"uv": [23, 29], "uv_size": [0.5, 0.5]},
								"up": {"uv": [29, 23], "uv_size": [0.5, 0.5]},
								"down": {"uv": [24, 29.5], "uv_size": [0.5, -0.5]}
							}
						},
						{
							"origin": [-1.00398, -0.42668, -1.4125],
							"size": [0.17188, 0.23438, 0.125],
							"uv": {
								"north": {"uv": [29, 24], "uv_size": [0.5, 0.5]},
								"east": {"uv": [25, 29], "uv_size": [0.5, 0.5]},
								"south": {"uv": [29, 25], "uv_size": [0.5, 0.5]},
								"west": {"uv": [26, 29], "uv_size": [0.5, 0.5]},
								"up": {"uv": [29, 26], "uv_size": [0.5, 0.5]},
								"down": {"uv": [27, 29.5], "uv_size": [0.5, -0.5]}
							}
						},
						{
							"origin": [-1.01605, -0.90625, -1.5375],
							"size": [0.20711, 0.1, 0.375],
							"pivot": [-0.9125, -0.65625, -1.6625],
							"rotation": [0, 0, -22.5],
							"uv": {
								"north": {"uv": [29, 27], "uv_size": [0.5, 0.5]},
								"east": {"uv": [28, 29], "uv_size": [0.5, 0.5]},
								"south": {"uv": [29, 28], "uv_size": [0.5, 0.5]},
								"west": {"uv": [29, 29], "uv_size": [0.5, 0.5]},
								"up": {"uv": [2, 30], "uv_size": [0.5, 0.5]},
								"down": {"uv": [30, 2.5], "uv_size": [0.5, -0.5]}
							}
						},
						{
							"origin": [-1.1625, -0.75981, -1.5375],
							"size": [0.1, 0.20711, 0.375],
							"pivot": [-0.9125, -0.65625, -1.6625],
							"rotation": [0, 0, 22.5],
							"uv": {
								"north": {"uv": [3, 30], "uv_size": [0.5, 0.5]},
								"east": {"uv": [30, 3], "uv_size": [0.5, 0.5]},
								"south": {"uv": [4, 30], "uv_size": [0.5, 0.5]},
								"west": {"uv": [30, 4], "uv_size": [0.5, 0.5]},
								"up": {"uv": [5, 30], "uv_size": [0.5, 0.5]},
								"down": {"uv": [30, 5.5], "uv_size": [0.5, -0.5]}
							}
						},
						{
							"origin": [-1.1625, -0.75981, -1.5375],
							"size": [0.1, 0.20711, 0.375],
							"pivot": [-0.9125, -0.65625, -1.6625],
							"rotation": [0, 0, -22.5],
							"uv": {
								"north": {"uv": [6, 30], "uv_size": [0.5, 0.5]},
								"east": {"uv": [30, 6], "uv_size": [0.5, 0.5]},
								"south": {"uv": [7, 30], "uv_size": [0.5, 0.5]},
								"west": {"uv": [30, 7], "uv_size": [0.5, 0.5]},
								"up": {"uv": [8, 30], "uv_size": [0.5, 0.5]},
								"down": {"uv": [30, 8.5], "uv_size": [0.5, -0.5]}
							}
						},
						{
							"origin": [-0.7625, -0.75981, -1.5375],
							"size": [0.1, 0.20711, 0.375],
							"pivot": [-0.9125, -0.65625, -1.6625],
							"rotation": [0, 0, 22.5],
							"uv": {
								"north": {"uv": [9, 30], "uv_size": [0.5, 0.5]},
								"east": {"uv": [30, 9], "uv_size": [0.5, 0.5]},
								"south": {"uv": [10, 30], "uv_size": [0.5, 0.5]},
								"west": {"uv": [30, 10], "uv_size": [0.5, 0.5]},
								"up": {"uv": [11, 30], "uv_size": [0.5, 0.5]},
								"down": {"uv": [30, 11.5], "uv_size": [0.5, -0.5]}
							}
						},
						{
							"origin": [-0.7625, -0.75981, -1.5375],
							"size": [0.1, 0.20711, 0.375],
							"pivot": [-0.9125, -0.65625, -1.6625],
							"rotation": [0, 0, -22.5],
							"uv": {
								"north": {"uv": [12, 30], "uv_size": [0.5, 0.5]},
								"east": {"uv": [30, 12], "uv_size": [0.5, 0.5]},
								"south": {"uv": [13, 30], "uv_size": [0.5, 0.5]},
								"west": {"uv": [30, 13], "uv_size": [0.5, 0.5]},
								"up": {"uv": [14, 30], "uv_size": [0.5, 0.5]},
								"down": {"uv": [30, 14.5], "uv_size": [0.5, -0.5]}
							}
						}
					]
				},
				{
					"name": "octagon37",
					"parent": "octagon36",
					"pivot": [-0.7875, -0.71563, -1.35],
					"rotation": [22.5, 0, 0],
					"cubes": [
						{
							"origin": [-1.2875, -0.76615, -1.54697],
							"size": [0.0625, 0.20711, 0.5],
							"pivot": [-0.7875, -0.71563, -1.35],
							"rotation": [22.5, 0, 0],
							"uv": {
								"north": {"uv": [15, 30], "uv_size": [0.5, 0.5]},
								"east": {"uv": [30, 15], "uv_size": [0.5, 0.5]},
								"south": {"uv": [16, 30], "uv_size": [0.5, 0.5]},
								"west": {"uv": [30, 16], "uv_size": [0.5, 0.5]},
								"up": {"uv": [17, 30], "uv_size": [0.5, 0.5]},
								"down": {"uv": [30, 17.5], "uv_size": [0.5, -0.5]}
							}
						},
						{
							"origin": [-1.2875, -0.74418, -1.6],
							"size": [0.0625, 0.20711, 0.5],
							"pivot": [-0.7875, -0.71563, -1.35],
							"rotation": [-22.5, 0, 0],
							"uv": {
								"north": {"uv": [18, 30], "uv_size": [0.5, 0.5]},
								"east": {"uv": [30, 18], "uv_size": [0.5, 0.5]},
								"south": {"uv": [19, 30], "uv_size": [0.5, 0.5]},
								"west": {"uv": [30, 19], "uv_size": [0.5, 0.5]},
								"up": {"uv": [20, 30], "uv_size": [0.5, 0.5]},
								"down": {"uv": [30, 20.5], "uv_size": [0.5, -0.5]}
							}
						},
						{
							"origin": [-1.2875, -0.9126, -1.40052],
							"size": [0.0625, 0.5, 0.20711],
							"pivot": [-0.7875, -0.71563, -1.35],
							"rotation": [22.5, 0, 0],
							"uv": {
								"north": {"uv": [21, 30], "uv_size": [0.5, 0.5]},
								"east": {"uv": [30, 21], "uv_size": [0.5, 0.5]},
								"south": {"uv": [22, 30], "uv_size": [0.5, 0.5]},
								"west": {"uv": [30, 22], "uv_size": [0.5, 0.5]},
								"up": {"uv": [23, 30], "uv_size": [0.5, 0.5]},
								"down": {"uv": [30, 23.5], "uv_size": [0.5, -0.5]}
							}
						},
						{
							"origin": [-1.2875, -1.01563, -1.45355],
							"size": [0.0625, 0.75, 0.20711],
							"pivot": [-0.7875, -0.71563, -1.35],
							"rotation": [-22.5, 0, 0],
							"uv": {
								"north": {"uv": [17, 13], "uv_size": [0.5, 1]},
								"east": {"uv": [14, 17], "uv_size": [0.5, 1]},
								"south": {"uv": [17, 14], "uv_size": [0.5, 1]},
								"west": {"uv": [15, 17], "uv_size": [0.5, 1]},
								"up": {"uv": [24, 30], "uv_size": [0.5, 0.5]},
								"down": {"uv": [30, 24.5], "uv_size": [0.5, -0.5]}
							}
						},
						{
							"origin": [-1.34053, -0.31614, -1.31005],
							"size": [0.0625, 0.1875, 0.20711],
							"pivot": [-1.2875, -0.36917, -1.20649],
							"rotation": [-16.32495, 15.69986, 42.73421],
							"uv": {
								"north": {"uv": [25, 30], "uv_size": [0.5, 0.5]},
								"east": {"uv": [30, 25], "uv_size": [0.5, 0.5]},
								"south": {"uv": [26, 30], "uv_size": [0.5, 0.5]},
								"west": {"uv": [30, 26], "uv_size": [0.5, 0.5]},
								"up": {"uv": [27, 30], "uv_size": [0.5, 0.5]},
								"down": {"uv": [30, 27.5], "uv_size": [0.5, -0.5]}
							}
						},
						{
							"origin": [-1.22992, -0.24668, -1.25931],
							"size": [0.0625, 0.25, 0.20711],
							"pivot": [-1.15492, -0.24668, -1.15576],
							"rotation": [0, 22.5, 90],
							"uv": {
								"north": {"uv": [28, 30], "uv_size": [0.5, 0.5]},
								"east": {"uv": [30, 28], "uv_size": [0.5, 0.5]},
								"south": {"uv": [29, 30], "uv_size": [0.5, 0.5]},
								"west": {"uv": [30, 29], "uv_size": [0.5, 0.5]},
								"up": {"uv": [30, 30], "uv_size": [0.5, 0.5]},
								"down": {"uv": [2, 31.5], "uv_size": [0.5, -0.5]}
							}
						},
						{
							"origin": [-1.23447, -1.19655, -1.59706],
							"size": [0.0625, 0.1875, 0.20711],
							"pivot": [-1.2875, -1.06208, -1.49351],
							"rotation": [-16.32495, -15.69986, -42.73421],
							"uv": {
								"north": {"uv": [31, 2], "uv_size": [0.5, 0.5]},
								"east": {"uv": [3, 31], "uv_size": [0.5, 0.5]},
								"south": {"uv": [31, 3], "uv_size": [0.5, 0.5]},
								"west": {"uv": [4, 31], "uv_size": [0.5, 0.5]},
								"up": {"uv": [31, 4], "uv_size": [0.5, 0.5]},
								"down": {"uv": [5, 31.5], "uv_size": [0.5, -0.5]}
							}
						},
						{
							"origin": [-1.07992, -1.43457, -1.6478],
							"size": [0.0625, 0.25, 0.20711],
							"pivot": [-1.15492, -1.18457, -1.54424],
							"rotation": [0, -22.5, -90],
							"uv": {
								"north": {"uv": [31, 5], "uv_size": [0.5, 0.5]},
								"east": {"uv": [6, 31], "uv_size": [0.5, 0.5]},
								"south": {"uv": [31, 6], "uv_size": [0.5, 0.5]},
								"west": {"uv": [7, 31], "uv_size": [0.5, 0.5]},
								"up": {"uv": [31, 7], "uv_size": [0.5, 0.5]},
								"down": {"uv": [8, 31.5], "uv_size": [0.5, -0.5]}
							}
						}
					]
				},
				{
					"name": "octagon38",
					"parent": "body",
					"pivot": [0.025, -0.73125, -1.35],
					"cubes": [
						{
							"origin": [-0.11739, -1, -1.4125],
							"size": [0.28477, 0.6875, 0.25],
							"pivot": [0.025, -0.65625, -1.35],
							"rotation": [0, 0, -45],
							"uv": {
								"north": {"uv": [31, 8], "uv_size": [0.5, 0.5]},
								"east": {"uv": [9, 31], "uv_size": [0.5, 0.5]},
								"south": {"uv": [31, 9], "uv_size": [0.5, 0.5]},
								"west": {"uv": [10, 31], "uv_size": [0.5, 0.5]},
								"up": {"uv": [31, 10], "uv_size": [0.5, 0.5]},
								"down": {"uv": [11, 31.5], "uv_size": [0.5, -0.5]}
							}
						},
						{
							"origin": [-0.11739, -1, -1.4125],
							"size": [0.28477, 0.6875, 0.25],
							"uv": {
								"north": {"uv": [31, 11], "uv_size": [0.5, 0.5]},
								"east": {"uv": [12, 31], "uv_size": [0.5, 0.5]},
								"south": {"uv": [31, 12], "uv_size": [0.5, 0.5]},
								"west": {"uv": [13, 31], "uv_size": [0.5, 0.5]},
								"up": {"uv": [31, 13], "uv_size": [0.5, 0.5]},
								"down": {"uv": [14, 31.5], "uv_size": [0.5, -0.5]}
							}
						},
						{
							"origin": [-0.31875, -0.79863, -1.4125],
							"size": [0.6875, 0.28477, 0.25],
							"pivot": [0.025, -0.65625, -1.35],
							"rotation": [0, 0, -45],
							"uv": {
								"north": {"uv": [31, 14], "uv_size": [0.5, 0.5]},
								"east": {"uv": [15, 31], "uv_size": [0.5, 0.5]},
								"south": {"uv": [31, 15], "uv_size": [0.5, 0.5]},
								"west": {"uv": [16, 31], "uv_size": [0.5, 0.5]},
								"up": {"uv": [31, 16], "uv_size": [0.5, 0.5]},
								"down": {"uv": [17, 31.5], "uv_size": [0.5, -0.5]}
							}
						},
						{
							"origin": [-0.31875, -0.79863, -1.4125],
							"size": [0.6875, 0.28477, 0.25],
							"uv": {
								"north": {"uv": [31, 17], "uv_size": [0.5, 0.5]},
								"east": {"uv": [18, 31], "uv_size": [0.5, 0.5]},
								"south": {"uv": [31, 18], "uv_size": [0.5, 0.5]},
								"west": {"uv": [19, 31], "uv_size": [0.5, 0.5]},
								"up": {"uv": [31, 19], "uv_size": [0.5, 0.5]},
								"down": {"uv": [20, 31.5], "uv_size": [0.5, -0.5]}
							}
						},
						{
							"origin": [-0.1, -0.76386, -1.475],
							"size": [0.25, 0.25, 0.0625],
							"pivot": [0.025, -0.63886, -1.44375],
							"rotation": [0, 0, -45],
							"uv": {
								"north": {"uv": [31, 20], "uv_size": [0.5, 0.5]},
								"east": {"uv": [21, 31], "uv_size": [0.5, 0.5]},
								"south": {"uv": [31, 21], "uv_size": [0.5, 0.5]},
								"west": {"uv": [22, 31], "uv_size": [0.5, 0.5]},
								"up": {"uv": [31, 22], "uv_size": [0.5, 0.5]},
								"down": {"uv": [23, 31.5], "uv_size": [0.5, -0.5]}
							}
						}
					]
				},
				{
					"name": "octagon39",
					"parent": "body",
					"pivot": [0.775, -0.7, 1.4],
					"cubes": [
						{
							"origin": [0.67145, -0.875, 1.65],
							"size": [0.20711, 0.5, 0.125],
							"pivot": [0.775, -0.625, 1.4],
							"rotation": [0, 0, -45],
							"uv": {
								"north": {"uv": [31, 23], "uv_size": [0.5, 0.5]},
								"east": {"uv": [24, 31], "uv_size": [0.5, 0.5]},
								"south": {"uv": [31, 24], "uv_size": [0.5, 0.5]},
								"west": {"uv": [25, 31], "uv_size": [0.5, 0.5]},
								"up": {"uv": [31, 25], "uv_size": [0.5, 0.5]},
								"down": {"uv": [26, 31.5], "uv_size": [0.5, -0.5]}
							}
						},
						{
							"origin": [0.67145, -0.875, 1.65],
							"size": [0.20711, 0.5, 0.125],
							"uv": {
								"north": {"uv": [31, 26], "uv_size": [0.5, 0.5]},
								"east": {"uv": [27, 31], "uv_size": [0.5, 0.5]},
								"south": {"uv": [31, 27], "uv_size": [0.5, 0.5]},
								"west": {"uv": [28, 31], "uv_size": [0.5, 0.5]},
								"up": {"uv": [31, 28], "uv_size": [0.5, 0.5]},
								"down": {"uv": [29, 31.5], "uv_size": [0.5, -0.5]}
							}
						},
						{
							"origin": [0.525, -0.72856, 1.65],
							"size": [0.5, 0.20711, 0.125],
							"pivot": [0.775, -0.625, 1.4],
							"rotation": [0, 0, -45],
							"uv": {
								"north": {"uv": [31, 29], "uv_size": [0.5, 0.5]},
								"east": {"uv": [30, 31], "uv_size": [0.5, 0.5]},
								"south": {"uv": [31, 30], "uv_size": [0.5, 0.5]},
								"west": {"uv": [31, 31], "uv_size": [0.5, 0.5]},
								"up": {"uv": [2, 32], "uv_size": [0.5, 0.5]},
								"down": {"uv": [32, 2.5], "uv_size": [0.5, -0.5]}
							}
						},
						{
							"origin": [0.525, -0.72856, 1.65],
							"size": [0.5, 0.20711, 0.125],
							"uv": {
								"north": {"uv": [3, 32], "uv_size": [0.5, 0.5]},
								"east": {"uv": [32, 3], "uv_size": [0.5, 0.5]},
								"south": {"uv": [4, 32], "uv_size": [0.5, 0.5]},
								"west": {"uv": [32, 4], "uv_size": [0.5, 0.5]},
								"up": {"uv": [5, 32], "uv_size": [0.5, 0.5]},
								"down": {"uv": [32, 5.5], "uv_size": [0.5, -0.5]}
							}
						}
					]
				},
				{
					"name": "hazard",
					"parent": "body",
					"pivot": [0.034, 0, 0.05],
					"cubes": [
						{
							"origin": [-0.4125, -1.15625, -0.7875],
							"size": [0.75, 0.0625, 0.6875],
							"uv": {
								"down": {"uv": [2, 32.5], "uv_size": [85, 44]}
							}
						}
					]
				},
				{
					"name": "laser_beam",
					"pivot": [-0.9125, -0.63437, -1.55]
				}
			]
		}
	]
}