{
	"format_version": "1.12.0",
	"minecraft:geometry": [
		{
			"description": {
				"identifier": "geometry.M200_laser",
				"texture_width": 176,
				"texture_height": 176,
				"visible_bounds_width": 21,
				"visible_bounds_height": 2.5,
				"visible_bounds_offset": [0, 0.75, 0]
			},
			"bones": [
				{
					"name": "tac_laser",
					"pivot": [0, 0, 0]
				},
				{
					"name": "body",
					"parent": "tac_laser",
					"pivot": [0.034, -0.125, 0.05]
				},
				{
					"name": "bone",
					"parent": "body",
					"pivot": [1.15, 0.075, 0.025],
					"cubes": [
						{
							"origin": [-0.63125, -0.125, -0.85],
							"size": [1.3125, 0.125, 1.75],
							"uv": {
								"north": {"uv": [2, 15.5], "uv_size": [1.5, -0.5]},
								"east": {"uv": [4, 15.5], "uv_size": [1.5, -0.5]},
								"south": {"uv": [6, 15.5], "uv_size": [1.5, -0.5]},
								"west": {"uv": [8, 15.5], "uv_size": [1.5, -0.5]},
								"up": {"uv": [2, 9], "uv_size": [1.5, 1.5]},
								"down": {"uv": [7, 9.5], "uv_size": [1.5, -1.5]}
							}
						},
						{
							"origin": [-0.44375, -0.375, -0.85],
							"size": [0.125, 0.125, 1.75],
							"uv": {
								"north": {"uv": [17, 15.5], "uv_size": [0.5, -0.5]},
								"east": {"uv": [4, 16.5], "uv_size": [1, -0.5]},
								"south": {"uv": [16, 17.5], "uv_size": [0.5, -0.5]},
								"west": {"uv": [5, 16.5], "uv_size": [1, -0.5]},
								"up": {"uv": [6, 16], "uv_size": [0.5, 1]},
								"down": {"uv": [16, 6], "uv_size": [0.5, -1]}
							}
						},
						{
							"origin": [-0.75625, -0.375, -0.85],
							"size": [0.3125, 0.125, 1.75],
							"pivot": [-0.44375, -0.375, 0.025],
							"rotation": [0, 0, 53.5],
							"uv": {
								"north": {"uv": [17, 16.5], "uv_size": [0.5, -0.5]},
								"east": {"uv": [16, 6.5], "uv_size": [1, -0.5]},
								"south": {"uv": [17, 17.5], "uv_size": [0.5, -0.5]},
								"west": {"uv": [7, 16.5], "uv_size": [1, -0.5]},
								"up": {"uv": [8, 16], "uv_size": [0.5, 1]},
								"down": {"uv": [16, 8], "uv_size": [0.5, -1]}
							}
						},
						{
							"origin": [0.36875, -0.375, -0.85],
							"size": [0.125, 0.125, 1.75],
							"uv": {
								"north": {"uv": [2, 18.5], "uv_size": [0.5, -0.5]},
								"east": {"uv": [10, 15.5], "uv_size": [1.5, -0.5]},
								"south": {"uv": [18, 2.5], "uv_size": [0.5, -0.5]},
								"west": {"uv": [15, 10.5], "uv_size": [1.5, -0.5]},
								"up": {"uv": [12, 15], "uv_size": [0.5, 1.5]},
								"down": {"uv": [15, 12.5], "uv_size": [0.5, -1.5]}
							}
						},
						{
							"origin": [0.49375, -0.375, -0.85],
							"size": [0.3125, 0.125, 1.75],
							"pivot": [0.49375, -0.375, 0.025],
							"rotation": [0, 0, -53.5],
							"uv": {
								"north": {"uv": [3, 18.5], "uv_size": [0.5, -0.5]},
								"east": {"uv": [13, 15.5], "uv_size": [1.5, -0.5]},
								"south": {"uv": [18, 3.5], "uv_size": [0.5, -0.5]},
								"west": {"uv": [15, 15.5], "uv_size": [1.5, -0.5]},
								"up": {"uv": [3, 16], "uv_size": [0.5, 1.5]},
								"down": {"uv": [2, 17.5], "uv_size": [0.5, -1.5]}
							}
						},
						{
							"origin": [-1.225, 0.125, -1.1],
							"size": [2.5, 0.8125, 2.75],
							"uv": {
								"north": {"uv": [2, 9], "uv_size": [2.5, -1]},
								"east": {"uv": [5, 3], "uv_size": [3, -1]},
								"south": {"uv": [8, 3], "uv_size": [2.5, -1]},
								"west": {"uv": [5, 4], "uv_size": [3, -1]},
								"up": {"uv": [2, 5], "uv_size": [2.5, 3]},
								"down": {"uv": [2, 5], "uv_size": [2.5, -3]}
							}
						},
						{
							"origin": [-0.975, 0.3125, 1.65],
							"size": [0.375, 0.375, 0.125],
							"pivot": [-0.81875, 0.53125, 1.74375],
							"rotation": [0, 0, -45],
							"uv": {
								"north": {"uv": [4, 18.5], "uv_size": [0.5, -0.5]},
								"east": {"uv": [18, 4.5], "uv_size": [0.5, -0.5]},
								"south": {"uv": [5, 18.5], "uv_size": [0.5, -0.5]},
								"west": {"uv": [18, 5.5], "uv_size": [0.5, -0.5]},
								"up": {"uv": [18, 6], "uv_size": [0.5, 0.5]},
								"down": {"uv": [6, 18.5], "uv_size": [0.5, -0.5]}
							}
						},
						{
							"origin": [0.575, 0.3125, 1.65],
							"size": [0.375, 0.375, 0.125],
							"pivot": [0.73125, 0.53125, 1.74375],
							"rotation": [0, 0, -45],
							"uv": {
								"north": {"uv": [7, 18.5], "uv_size": [0.5, -0.5]},
								"east": {"uv": [18, 7.5], "uv_size": [0.5, -0.5]},
								"south": {"uv": [8, 18.5], "uv_size": [0.5, -0.5]},
								"west": {"uv": [18, 8.5], "uv_size": [0.5, -0.5]},
								"up": {"uv": [18, 9], "uv_size": [0.5, 0.5]},
								"down": {"uv": [9, 18.5], "uv_size": [0.5, -0.5]}
							}
						},
						{
							"origin": [-1.225, 0.0625, -1.225],
							"size": [2.5, 0.9375, 0.125],
							"uv": {
								"north": {"uv": [8, 4], "uv_size": [2.5, -1]},
								"east": {"uv": [9, 17], "uv_size": [0.5, -1]},
								"south": {"uv": [8, 5], "uv_size": [2.5, -1]},
								"west": {"uv": [16, 10], "uv_size": [0.5, -1]},
								"up": {"uv": [14, 14], "uv_size": [2.5, 0.5]},
								"down": {"uv": [11, 14.5], "uv_size": [2.5, -0.5]}
							}
						},
						{
							"origin": [-1.1625, 1, -1.225],
							"size": [0.6875, 0.125, 0.125],
							"uv": {
								"north": {"uv": [10, 18.5], "uv_size": [0.5, -0.5]},
								"east": {"uv": [18, 10.5], "uv_size": [0.5, -0.5]},
								"south": {"uv": [11, 18.5], "uv_size": [0.5, -0.5]},
								"west": {"uv": [18, 11.5], "uv_size": [0.5, -0.5]},
								"up": {"uv": [18, 12], "uv_size": [0.5, 0.5]},
								"down": {"uv": [12, 18.5], "uv_size": [0.5, -0.5]}
							}
						},
						{
							"origin": [-0.475, 1.03125, -1.225],
							"size": [0.1875, 0.09375, 0.125],
							"pivot": [-0.475, 1.125, -1.1625],
							"rotation": [0, 0, 45],
							"uv": {
								"north": {"uv": [13, 18.5], "uv_size": [0.5, -0.5]},
								"east": {"uv": [18, 13.5], "uv_size": [0.5, -0.5]},
								"south": {"uv": [14, 18.5], "uv_size": [0.5, -0.5]},
								"west": {"uv": [18, 14.5], "uv_size": [0.5, -0.5]},
								"up": {"uv": [18, 15], "uv_size": [0.5, 0.5]},
								"down": {"uv": [15, 18.5], "uv_size": [0.5, -0.5]}
							}
						},
						{
							"origin": [-1.30312, 1.0625, -1.225],
							"size": [0.14063, 0.0625, 0.125],
							"pivot": [-1.1625, 1.125, -1.1625],
							"rotation": [0, 0, -63],
							"uv": {
								"north": {"uv": [16, 18.5], "uv_size": [0.5, -0.5]},
								"east": {"uv": [18, 16.5], "uv_size": [0.5, -0.5]},
								"south": {"uv": [17, 18.5], "uv_size": [0.5, -0.5]},
								"west": {"uv": [18, 17.5], "uv_size": [0.5, -0.5]},
								"up": {"uv": [2, 19], "uv_size": [0.5, 0.5]},
								"down": {"uv": [18, 18.5], "uv_size": [0.5, -0.5]}
							}
						},
						{
							"origin": [-1.30312, -0.0625, -1.225],
							"size": [0.14063, 0.0625, 0.125],
							"pivot": [-1.1625, -0.0625, -1.1625],
							"rotation": [0, 0, 63],
							"uv": {
								"north": {"uv": [19, 2.5], "uv_size": [0.5, -0.5]},
								"east": {"uv": [3, 19.5], "uv_size": [0.5, -0.5]},
								"south": {"uv": [19, 3.5], "uv_size": [0.5, -0.5]},
								"west": {"uv": [4, 19.5], "uv_size": [0.5, -0.5]},
								"up": {"uv": [5, 19], "uv_size": [0.5, 0.5]},
								"down": {"uv": [19, 4.5], "uv_size": [0.5, -0.5]}
							}
						},
						{
							"origin": [-1.1625, -0.0625, -1.225],
							"size": [0.6875, 0.125, 0.125],
							"uv": {
								"north": {"uv": [19, 5.5], "uv_size": [0.5, -0.5]},
								"east": {"uv": [6, 19.5], "uv_size": [0.5, -0.5]},
								"south": {"uv": [19, 6.5], "uv_size": [0.5, -0.5]},
								"west": {"uv": [7, 19.5], "uv_size": [0.5, -0.5]},
								"up": {"uv": [8, 19], "uv_size": [0.5, 0.5]},
								"down": {"uv": [19, 7.5], "uv_size": [0.5, -0.5]}
							}
						},
						{
							"origin": [-0.475, -0.0625, -1.225],
							"size": [0.1875, 0.09375, 0.125],
							"pivot": [-0.475, -0.0625, -1.1625],
							"rotation": [0, 0, -45],
							"uv": {
								"north": {"uv": [19, 8.5], "uv_size": [0.5, -0.5]},
								"east": {"uv": [9, 19.5], "uv_size": [0.5, -0.5]},
								"south": {"uv": [19, 9.5], "uv_size": [0.5, -0.5]},
								"west": {"uv": [10, 19.5], "uv_size": [0.5, -0.5]},
								"up": {"uv": [11, 19], "uv_size": [0.5, 0.5]},
								"down": {"uv": [19, 10.5], "uv_size": [0.5, -0.5]}
							}
						},
						{
							"origin": [0.3375, 0, -1.1],
							"size": [0.8125, 1.0625, 2.75],
							"uv": {
								"north": {"uv": [4, 13], "uv_size": [1, -1]},
								"east": {"uv": [5, 5], "uv_size": [3, -1]},
								"south": {"uv": [5, 13], "uv_size": [1, -1]},
								"west": {"uv": [5, 6], "uv_size": [3, -1]},
								"up": {"uv": [6, 6], "uv_size": [1, 3]},
								"down": {"uv": [5, 9], "uv_size": [1, -3]}
							}
						},
						{
							"origin": [-1.1, 0, -1.1],
							"size": [0.6875, 1.0625, 2.75],
							"uv": {
								"north": {"uv": [10, 17], "uv_size": [0.5, -1]},
								"east": {"uv": [7, 7], "uv_size": [3, -1]},
								"south": {"uv": [11, 17], "uv_size": [0.5, -1]},
								"west": {"uv": [7, 8], "uv_size": [3, -1]},
								"up": {"uv": [5, 9], "uv_size": [0.5, 3]},
								"down": {"uv": [4, 12], "uv_size": [0.5, -3]}
							}
						},
						{
							"origin": [-0.4125, 0, -1.1],
							"size": [0.75, 1.0625, 0.3125],
							"uv": {
								"north": {"uv": [4, 14], "uv_size": [1, -1]},
								"east": {"uv": [16, 12], "uv_size": [0.5, -1]},
								"south": {"uv": [5, 14], "uv_size": [1, -1]},
								"west": {"uv": [16, 13], "uv_size": [0.5, -1]},
								"up": {"uv": [16, 13], "uv_size": [1, 0.5]},
								"down": {"uv": [13, 16.5], "uv_size": [1, -0.5]}
							}
						},
						{
							"origin": [-0.4125, 0, -0.1],
							"size": [0.75, 1.0625, 1.75],
							"uv": {
								"north": {"uv": [7, 14], "uv_size": [1, -1]},
								"east": {"uv": [8, 6], "uv_size": [1.5, -1]},
								"south": {"uv": [8, 14], "uv_size": [1, -1]},
								"west": {"uv": [9, 9], "uv_size": [1.5, -1]},
								"up": {"uv": [9, 9], "uv_size": [1, 1.5]},
								"down": {"uv": [6, 10.5], "uv_size": [1, -1.5]}
							}
						},
						{
							"origin": [-0.4125, 0.96875, -0.7875],
							"size": [0.75, 0.0625, 0.6875],
							"uv": {
								"north": {"uv": [14, 16.5], "uv_size": [1, -0.5]},
								"east": {"uv": [19, 11.5], "uv_size": [0.5, -0.5]},
								"south": {"uv": [15, 16.5], "uv_size": [1, -0.5]},
								"west": {"uv": [12, 19.5], "uv_size": [0.5, -0.5]},
								"up": {"uv": [17, 2], "uv_size": [1, 0.5]},
								"down": {"uv": [16, 16.5], "uv_size": [1, -0.5]}
							}
						},
						{
							"origin": [-0.9, 1.0625, 0],
							"size": [0.25, 0.0625, 0.25],
							"pivot": [-0.775, 1.09375, 0.125],
							"rotation": [0, 45, 0],
							"uv": {
								"north": {"uv": [19, 12.5], "uv_size": [0.5, -0.5]},
								"east": {"uv": [13, 19.5], "uv_size": [0.5, -0.5]},
								"south": {"uv": [19, 13.5], "uv_size": [0.5, -0.5]},
								"west": {"uv": [14, 19.5], "uv_size": [0.5, -0.5]},
								"up": {"uv": [15, 19], "uv_size": [0.5, 0.5]},
								"down": {"uv": [19, 14.5], "uv_size": [0.5, -0.5]}
							}
						},
						{
							"origin": [0.65, 1.0625, 0],
							"size": [0.25, 0.0625, 0.25],
							"pivot": [0.775, 1.09375, 0.125],
							"rotation": [0, 45, 0],
							"uv": {
								"north": {"uv": [19, 12.5], "uv_size": [0.5, -0.5]},
								"east": {"uv": [13, 19.5], "uv_size": [0.5, -0.5]},
								"south": {"uv": [19, 13.5], "uv_size": [0.5, -0.5]},
								"west": {"uv": [14, 19.5], "uv_size": [0.5, -0.5]},
								"up": {"uv": [15, 19], "uv_size": [0.5, 0.5]},
								"down": {"uv": [19, 14.5], "uv_size": [0.5, -0.5]}
							}
						},
						{
							"origin": [1.05625, 0.89063, -1.1],
							"size": [0.09375, 0.17188, 2.75],
							"pivot": [1.15, 1.0625, 0.025],
							"rotation": [0, 0, -45],
							"uv": {
								"north": {"uv": [19, 15.5], "uv_size": [0.5, -0.5]},
								"east": {"uv": [10, 5.5], "uv_size": [3, -0.5]},
								"south": {"uv": [16, 19.5], "uv_size": [0.5, -0.5]},
								"west": {"uv": [10, 6.5], "uv_size": [3, -0.5]},
								"up": {"uv": [8, 10], "uv_size": [0.5, 3]},
								"down": {"uv": [7, 13], "uv_size": [0.5, -3]}
							}
						},
						{
							"origin": [-1.1, 0.89063, -1.1],
							"size": [0.09375, 0.17188, 2.75],
							"pivot": [-1.1, 1.0625, 0.025],
							"rotation": [0, 0, 45],
							"uv": {
								"north": {"uv": [19, 16.5], "uv_size": [0.5, -0.5]},
								"east": {"uv": [10, 7.5], "uv_size": [3, -0.5]},
								"south": {"uv": [17, 19.5], "uv_size": [0.5, -0.5]},
								"west": {"uv": [10, 9.5], "uv_size": [3, -0.5]},
								"up": {"uv": [2, 11], "uv_size": [0.5, 3]},
								"down": {"uv": [10, 13], "uv_size": [0.5, -3]}
							}
						},
						{
							"origin": [-1.1, 0, -1.1],
							"size": [0.09375, 0.17188, 2.75],
							"pivot": [-1.1, 0, 0.025],
							"rotation": [0, 0, -45],
							"uv": {
								"north": {"uv": [19, 17.5], "uv_size": [0.5, -0.5]},
								"east": {"uv": [11, 2.5], "uv_size": [3, -0.5]},
								"south": {"uv": [18, 19.5], "uv_size": [0.5, -0.5]},
								"west": {"uv": [11, 3.5], "uv_size": [3, -0.5]},
								"up": {"uv": [6, 11], "uv_size": [0.5, 3]},
								"down": {"uv": [3, 14], "uv_size": [0.5, -3]}
							}
						},
						{
							"origin": [1.05625, 0, -1.1],
							"size": [0.09375, 0.17188, 2.75],
							"pivot": [1.15, 0, 0.025],
							"rotation": [0, 0, 45],
							"uv": {
								"north": {"uv": [19, 18.5], "uv_size": [0.5, -0.5]},
								"east": {"uv": [11, 4.5], "uv_size": [3, -0.5]},
								"south": {"uv": [19, 19.5], "uv_size": [0.5, -0.5]},
								"west": {"uv": [11, 8.5], "uv_size": [3, -0.5]},
								"up": {"uv": [11, 10], "uv_size": [0.5, 3]},
								"down": {"uv": [9, 14], "uv_size": [0.5, -3]}
							}
						}
					]
				},
				{
					"name": "bone2",
					"parent": "body",
					"pivot": [-0.225, -0.425, -0.36562],
					"cubes": [
						{
							"origin": [1.275, 0.35938, -0.92812],
							"size": [0.25, 0.34375, 0.28125],
							"pivot": [1.525, 0.53125, -0.92812],
							"rotation": [0, -42.75, 0],
							"uv": {
								"north": {"uv": [2, 20.5], "uv_size": [0.5, -0.5]},
								"east": {"uv": [20, 2.5], "uv_size": [0.5, -0.5]},
								"south": {"uv": [3, 20.5], "uv_size": [0.5, -0.5]},
								"west": {"uv": [20, 3.5], "uv_size": [0.5, -0.5]},
								"up": {"uv": [20, 4], "uv_size": [0.5, 0.5]},
								"down": {"uv": [4, 20.5], "uv_size": [0.5, -0.5]}
							}
						},
						{
							"origin": [1.3375, 0.35938, -0.36562],
							"size": [0.1875, 0.34375, 0.09375],
							"uv": {
								"north": {"uv": [5, 20.5], "uv_size": [0.5, -0.5]},
								"east": {"uv": [20, 5.5], "uv_size": [0.5, -0.5]},
								"south": {"uv": [6, 20.5], "uv_size": [0.5, -0.5]},
								"west": {"uv": [20, 6.5], "uv_size": [0.5, -0.5]},
								"up": {"uv": [20, 7], "uv_size": [0.5, 0.5]},
								"down": {"uv": [7, 20.5], "uv_size": [0.5, -0.5]}
							}
						},
						{
							"origin": [1.30625, 0.35938, -0.36562],
							"size": [0.21875, 0.34375, 0.09375],
							"pivot": [1.525, 0.53125, -0.27187],
							"rotation": [0, 31, 0],
							"uv": {
								"north": {"uv": [8, 20.5], "uv_size": [0.5, -0.5]},
								"east": {"uv": [20, 8.5], "uv_size": [0.5, -0.5]},
								"south": {"uv": [9, 20.5], "uv_size": [0.5, -0.5]},
								"west": {"uv": [20, 9.5], "uv_size": [0.5, -0.5]},
								"up": {"uv": [20, 10], "uv_size": [0.5, 0.5]},
								"down": {"uv": [10, 20.5], "uv_size": [0.5, -0.5]}
							}
						},
						{
							"origin": [1.275, 0.35938, -1.1],
							"size": [0.0625, 0.34375, 0.9375],
							"uv": {
								"north": {"uv": [11, 20.5], "uv_size": [0.5, -0.5]},
								"east": {"uv": [17, 3.5], "uv_size": [1, -0.5]},
								"south": {"uv": [20, 11.5], "uv_size": [0.5, -0.5]},
								"west": {"uv": [4, 17.5], "uv_size": [1, -0.5]},
								"up": {"uv": [5, 17], "uv_size": [0.5, 1]},
								"down": {"uv": [17, 5], "uv_size": [0.5, -1]}
							}
						},
						{
							"origin": [1.3375, 0.35938, -0.92812],
							"size": [0.1875, 0.34375, 0.09375],
							"uv": {
								"north": {"uv": [12, 20.5], "uv_size": [0.5, -0.5]},
								"east": {"uv": [20, 12.5], "uv_size": [0.5, -0.5]},
								"south": {"uv": [13, 20.5], "uv_size": [0.5, -0.5]},
								"west": {"uv": [20, 13.5], "uv_size": [0.5, -0.5]},
								"up": {"uv": [20, 14], "uv_size": [0.5, 0.5]},
								"down": {"uv": [14, 20.5], "uv_size": [0.5, -0.5]}
							}
						}
					]
				},
				{
					"name": "bone7",
					"parent": "bone2",
					"pivot": [0.275, -0.425, -0.36562],
					"cubes": [
						{
							"origin": [-1.475, 0.35938, -0.92812],
							"size": [0.25, 0.34375, 0.28125],
							"pivot": [-1.475, 0.53125, -0.92812],
							"rotation": [0, 42.75, 0],
							"uv": {
								"north": {"uv": [15, 20.5], "uv_size": [0.5, -0.5]},
								"east": {"uv": [20, 15.5], "uv_size": [0.5, -0.5]},
								"south": {"uv": [16, 20.5], "uv_size": [0.5, -0.5]},
								"west": {"uv": [20, 16.5], "uv_size": [0.5, -0.5]},
								"up": {"uv": [20, 17], "uv_size": [0.5, 0.5]},
								"down": {"uv": [17, 20.5], "uv_size": [0.5, -0.5]}
							}
						},
						{
							"origin": [-1.475, 0.35938, -0.36562],
							"size": [0.1875, 0.34375, 0.09375],
							"uv": {
								"north": {"uv": [18, 20.5], "uv_size": [0.5, -0.5]},
								"east": {"uv": [20, 18.5], "uv_size": [0.5, -0.5]},
								"south": {"uv": [19, 20.5], "uv_size": [0.5, -0.5]},
								"west": {"uv": [20, 19.5], "uv_size": [0.5, -0.5]},
								"up": {"uv": [2, 21], "uv_size": [0.5, 0.5]},
								"down": {"uv": [20, 20.5], "uv_size": [0.5, -0.5]}
							}
						},
						{
							"origin": [-1.475, 0.35938, -0.36562],
							"size": [0.21875, 0.34375, 0.09375],
							"pivot": [-1.475, 0.53125, -0.27187],
							"rotation": [0, -31, 0],
							"uv": {
								"north": {"uv": [21, 2.5], "uv_size": [0.5, -0.5]},
								"east": {"uv": [3, 21.5], "uv_size": [0.5, -0.5]},
								"south": {"uv": [21, 3.5], "uv_size": [0.5, -0.5]},
								"west": {"uv": [4, 21.5], "uv_size": [0.5, -0.5]},
								"up": {"uv": [5, 21], "uv_size": [0.5, 0.5]},
								"down": {"uv": [21, 4.5], "uv_size": [0.5, -0.5]}
							}
						},
						{
							"origin": [-1.2875, 0.35938, -1.1],
							"size": [0.0625, 0.34375, 0.9375],
							"uv": {
								"north": {"uv": [21, 5.5], "uv_size": [0.5, -0.5]},
								"east": {"uv": [17, 5.5], "uv_size": [1, -0.5]},
								"south": {"uv": [6, 21.5], "uv_size": [0.5, -0.5]},
								"west": {"uv": [6, 17.5], "uv_size": [1, -0.5]},
								"up": {"uv": [7, 17], "uv_size": [0.5, 1]},
								"down": {"uv": [17, 7], "uv_size": [0.5, -1]}
							}
						},
						{
							"origin": [-1.475, 0.35938, -0.92812],
							"size": [0.1875, 0.34375, 0.09375],
							"uv": {
								"north": {"uv": [21, 6.5], "uv_size": [0.5, -0.5]},
								"east": {"uv": [7, 21.5], "uv_size": [0.5, -0.5]},
								"south": {"uv": [21, 7.5], "uv_size": [0.5, -0.5]},
								"west": {"uv": [8, 21.5], "uv_size": [0.5, -0.5]},
								"up": {"uv": [9, 21], "uv_size": [0.5, 0.5]},
								"down": {"uv": [21, 8.5], "uv_size": [0.5, -0.5]}
							}
						}
					]
				},
				{
					"name": "octagon30",
					"parent": "body",
					"pivot": [0.025, 0.60625, -0.6],
					"rotation": [22.5, 0, 0],
					"cubes": [
						{
							"origin": [-1.475, 0.44064, -0.81875],
							"size": [3, 0.18122, 0.4375],
							"pivot": [1.025, 0.60625, -0.6],
							"rotation": [-22.5, 0, 0],
							"uv": {
								"north": {"uv": [12, 10.5], "uv_size": [3, -0.5]},
								"east": {"uv": [2, 24.5], "uv_size": [0.5, -0.5]},
								"south": {"uv": [12, 11.5], "uv_size": [3, -0.5]},
								"west": {"uv": [24, 2.5], "uv_size": [0.5, -0.5]},
								"up": {"uv": [13, 5], "uv_size": [3, 0.5]},
								"down": {"uv": [12, 12.5], "uv_size": [3, -0.5]}
							}
						},
						{
							"origin": [-1.475, 0.46261, -0.87178],
							"size": [3, 0.18122, 0.4375],
							"pivot": [1.025, 0.60625, -0.6],
							"rotation": [22.5, 0, 0],
							"uv": {
								"north": {"uv": [13, 6.5], "uv_size": [3, -0.5]},
								"east": {"uv": [3, 24.5], "uv_size": [0.5, -0.5]},
								"south": {"uv": [13, 7.5], "uv_size": [3, -0.5]},
								"west": {"uv": [24, 3.5], "uv_size": [0.5, -0.5]},
								"up": {"uv": [10, 13], "uv_size": [3, 0.5]},
								"down": {"uv": [13, 9.5], "uv_size": [3, -0.5]}
							}
						},
						{
							"origin": [-1.475, 0.3125, -0.69061],
							"size": [3, 0.4375, 0.18122],
							"pivot": [1.025, 0.60625, -0.6],
							"rotation": [-22.5, 0, 0],
							"uv": {
								"north": {"uv": [13, 13.5], "uv_size": [3, -0.5]},
								"east": {"uv": [4, 24.5], "uv_size": [0.5, -0.5]},
								"south": {"uv": [2, 14.5], "uv_size": [3, -0.5]},
								"west": {"uv": [24, 4.5], "uv_size": [0.5, -0.5]},
								"up": {"uv": [14, 3], "uv_size": [3, 0.5]},
								"down": {"uv": [14, 2.5], "uv_size": [3, -0.5]}
							}
						},
						{
							"origin": [-1.475, 0.33447, -0.74364],
							"size": [3, 0.4375, 0.18122],
							"pivot": [1.025, 0.60625, -0.6],
							"rotation": [22.5, 0, 0],
							"uv": {
								"north": {"uv": [14, 4.5], "uv_size": [3, -0.5]},
								"east": {"uv": [5, 24.5], "uv_size": [0.5, -0.5]},
								"south": {"uv": [5, 14.5], "uv_size": [3, -0.5]},
								"west": {"uv": [24, 5.5], "uv_size": [0.5, -0.5]},
								"up": {"uv": [14, 8], "uv_size": [3, 0.5]},
								"down": {"uv": [8, 14.5], "uv_size": [3, -0.5]}
							}
						}
					]
				},
				{
					"name": "octagon33",
					"parent": "body",
					"pivot": [-0.0125, 0.7, 0.6],
					"cubes": [
						{
							"origin": [-0.11605, 1.0625, 0.35],
							"size": [0.20711, 0.125, 0.5],
							"pivot": [-0.0125, 0.625, 0.6],
							"rotation": [0, -22.5, 0],
							"uv": {
								"north": {"uv": [25, 26.5], "uv_size": [0.5, -0.5]},
								"east": {"uv": [26, 25.5], "uv_size": [0.5, -0.5]},
								"south": {"uv": [26, 26.5], "uv_size": [0.5, -0.5]},
								"west": {"uv": [2, 27.5], "uv_size": [0.5, -0.5]},
								"up": {"uv": [3, 27], "uv_size": [0.5, 0.5]},
								"down": {"uv": [27, 2.5], "uv_size": [0.5, -0.5]}
							}
						},
						{
							"origin": [-0.11605, 1.0625, 0.35],
							"size": [0.20711, 0.125, 0.5],
							"pivot": [-0.0125, 0.625, 0.6],
							"rotation": [0, 22.5, 0],
							"uv": {
								"north": {"uv": [27, 3.5], "uv_size": [0.5, -0.5]},
								"east": {"uv": [4, 27.5], "uv_size": [0.5, -0.5]},
								"south": {"uv": [27, 4.5], "uv_size": [0.5, -0.5]},
								"west": {"uv": [5, 27.5], "uv_size": [0.5, -0.5]},
								"up": {"uv": [6, 27], "uv_size": [0.5, 0.5]},
								"down": {"uv": [27, 5.5], "uv_size": [0.5, -0.5]}
							}
						},
						{
							"origin": [-0.2625, 1.0625, 0.49645],
							"size": [0.5, 0.125, 0.20711],
							"pivot": [-0.0125, 0.625, 0.6],
							"rotation": [0, -22.5, 0],
							"uv": {
								"north": {"uv": [27, 6.5], "uv_size": [0.5, -0.5]},
								"east": {"uv": [7, 27.5], "uv_size": [0.5, -0.5]},
								"south": {"uv": [27, 7.5], "uv_size": [0.5, -0.5]},
								"west": {"uv": [8, 27.5], "uv_size": [0.5, -0.5]},
								"up": {"uv": [9, 27], "uv_size": [0.5, 0.5]},
								"down": {"uv": [27, 8.5], "uv_size": [0.5, -0.5]}
							}
						},
						{
							"origin": [-0.2625, 1.0625, 0.49645],
							"size": [0.5, 0.125, 0.20711],
							"pivot": [-0.0125, 0.625, 0.6],
							"rotation": [0, 22.5, 0],
							"uv": {
								"north": {"uv": [27, 9.5], "uv_size": [0.5, -0.5]},
								"east": {"uv": [10, 27.5], "uv_size": [0.5, -0.5]},
								"south": {"uv": [27, 10.5], "uv_size": [0.5, -0.5]},
								"west": {"uv": [11, 27.5], "uv_size": [0.5, -0.5]},
								"up": {"uv": [12, 27], "uv_size": [0.5, 0.5]},
								"down": {"uv": [27, 11.5], "uv_size": [0.5, -0.5]}
							}
						}
					]
				},
				{
					"name": "octagon36",
					"parent": "body",
					"pivot": [-0.91361, 0.52987, -1.35],
					"cubes": [
						{
							"origin": [-1.01605, 0.28125, -1.5375],
							"size": [0.20711, 0.1, 0.375],
							"pivot": [-0.9125, 0.53125, -1.6625],
							"rotation": [0, 0, -22.5],
							"uv": {
								"north": {"uv": [29, 12.5], "uv_size": [0.5, -0.5]},
								"east": {"uv": [13, 29.5], "uv_size": [0.5, -0.5]},
								"south": {"uv": [29, 13.5], "uv_size": [0.5, -0.5]},
								"west": {"uv": [14, 29.5], "uv_size": [0.5, -0.5]},
								"up": {"uv": [15, 29], "uv_size": [0.5, 0.5]},
								"down": {"uv": [29, 14.5], "uv_size": [0.5, -0.5]}
							}
						},
						{
							"origin": [-1.01605, 0.28125, -1.5375],
							"size": [0.20711, 0.1, 0.375],
							"pivot": [-0.9125, 0.53125, -1.6625],
							"rotation": [0, 0, 22.5],
							"uv": {
								"north": {"uv": [29, 15.5], "uv_size": [0.5, -0.5]},
								"east": {"uv": [16, 29.5], "uv_size": [0.5, -0.5]},
								"south": {"uv": [29, 16.5], "uv_size": [0.5, -0.5]},
								"west": {"uv": [17, 29.5], "uv_size": [0.5, -0.5]},
								"up": {"uv": [18, 29], "uv_size": [0.5, 0.5]},
								"down": {"uv": [29, 17.5], "uv_size": [0.5, -0.5]}
							}
						},
						{
							"origin": [-1.01605, 0.68125, -1.5375],
							"size": [0.20711, 0.1, 0.375],
							"pivot": [-0.9125, 0.53125, -1.6625],
							"rotation": [0, 0, -22.5],
							"uv": {
								"north": {"uv": [29, 18.5], "uv_size": [0.5, -0.5]},
								"east": {"uv": [19, 29.5], "uv_size": [0.5, -0.5]},
								"south": {"uv": [29, 19.5], "uv_size": [0.5, -0.5]},
								"west": {"uv": [20, 29.5], "uv_size": [0.5, -0.5]},
								"up": {"uv": [21, 29], "uv_size": [0.5, 0.5]},
								"down": {"uv": [29, 20.5], "uv_size": [0.5, -0.5]}
							}
						},
						{
							"origin": [-1.00398, 0.77043, -1.4125],
							"size": [0.17188, 0.1875, 0.125],
							"uv": {
								"north": {"uv": [29, 21.5], "uv_size": [0.5, -0.5]},
								"east": {"uv": [22, 29.5], "uv_size": [0.5, -0.5]},
								"south": {"uv": [29, 22.5], "uv_size": [0.5, -0.5]},
								"west": {"uv": [23, 29.5], "uv_size": [0.5, -0.5]},
								"up": {"uv": [24, 29], "uv_size": [0.5, 0.5]},
								"down": {"uv": [29, 23.5], "uv_size": [0.5, -0.5]}
							}
						},
						{
							"origin": [-1.00398, 0.0673, -1.4125],
							"size": [0.17188, 0.23438, 0.125],
							"uv": {
								"north": {"uv": [29, 24.5], "uv_size": [0.5, -0.5]},
								"east": {"uv": [25, 29.5], "uv_size": [0.5, -0.5]},
								"south": {"uv": [29, 25.5], "uv_size": [0.5, -0.5]},
								"west": {"uv": [26, 29.5], "uv_size": [0.5, -0.5]},
								"up": {"uv": [27, 29], "uv_size": [0.5, 0.5]},
								"down": {"uv": [29, 26.5], "uv_size": [0.5, -0.5]}
							}
						},
						{
							"origin": [-1.01605, 0.68125, -1.5375],
							"size": [0.20711, 0.1, 0.375],
							"pivot": [-0.9125, 0.53125, -1.6625],
							"rotation": [0, 0, 22.5],
							"uv": {
								"north": {"uv": [29, 27.5], "uv_size": [0.5, -0.5]},
								"east": {"uv": [28, 29.5], "uv_size": [0.5, -0.5]},
								"south": {"uv": [29, 28.5], "uv_size": [0.5, -0.5]},
								"west": {"uv": [29, 29.5], "uv_size": [0.5, -0.5]},
								"up": {"uv": [30, 2], "uv_size": [0.5, 0.5]},
								"down": {"uv": [2, 30.5], "uv_size": [0.5, -0.5]}
							}
						},
						{
							"origin": [-1.1625, 0.4277, -1.5375],
							"size": [0.1, 0.20711, 0.375],
							"pivot": [-0.9125, 0.53125, -1.6625],
							"rotation": [0, 0, -22.5],
							"uv": {
								"north": {"uv": [3, 30.5], "uv_size": [0.5, -0.5]},
								"east": {"uv": [30, 3.5], "uv_size": [0.5, -0.5]},
								"south": {"uv": [4, 30.5], "uv_size": [0.5, -0.5]},
								"west": {"uv": [30, 4.5], "uv_size": [0.5, -0.5]},
								"up": {"uv": [30, 5], "uv_size": [0.5, 0.5]},
								"down": {"uv": [5, 30.5], "uv_size": [0.5, -0.5]}
							}
						},
						{
							"origin": [-1.1625, 0.4277, -1.5375],
							"size": [0.1, 0.20711, 0.375],
							"pivot": [-0.9125, 0.53125, -1.6625],
							"rotation": [0, 0, 22.5],
							"uv": {
								"north": {"uv": [6, 30.5], "uv_size": [0.5, -0.5]},
								"east": {"uv": [30, 6.5], "uv_size": [0.5, -0.5]},
								"south": {"uv": [7, 30.5], "uv_size": [0.5, -0.5]},
								"west": {"uv": [30, 7.5], "uv_size": [0.5, -0.5]},
								"up": {"uv": [30, 8], "uv_size": [0.5, 0.5]},
								"down": {"uv": [8, 30.5], "uv_size": [0.5, -0.5]}
							}
						},
						{
							"origin": [-0.7625, 0.4277, -1.5375],
							"size": [0.1, 0.20711, 0.375],
							"pivot": [-0.9125, 0.53125, -1.6625],
							"rotation": [0, 0, -22.5],
							"uv": {
								"north": {"uv": [9, 30.5], "uv_size": [0.5, -0.5]},
								"east": {"uv": [30, 9.5], "uv_size": [0.5, -0.5]},
								"south": {"uv": [10, 30.5], "uv_size": [0.5, -0.5]},
								"west": {"uv": [30, 10.5], "uv_size": [0.5, -0.5]},
								"up": {"uv": [30, 11], "uv_size": [0.5, 0.5]},
								"down": {"uv": [11, 30.5], "uv_size": [0.5, -0.5]}
							}
						},
						{
							"origin": [-0.7625, 0.4277, -1.5375],
							"size": [0.1, 0.20711, 0.375],
							"pivot": [-0.9125, 0.53125, -1.6625],
							"rotation": [0, 0, 22.5],
							"uv": {
								"north": {"uv": [12, 30.5], "uv_size": [0.5, -0.5]},
								"east": {"uv": [30, 12.5], "uv_size": [0.5, -0.5]},
								"south": {"uv": [13, 30.5], "uv_size": [0.5, -0.5]},
								"west": {"uv": [30, 13.5], "uv_size": [0.5, -0.5]},
								"up": {"uv": [30, 14], "uv_size": [0.5, 0.5]},
								"down": {"uv": [14, 30.5], "uv_size": [0.5, -0.5]}
							}
						}
					]
				},
				{
					"name": "octagon38",
					"parent": "body",
					"pivot": [0.825, 0.52777, -1.31875],
					"cubes": [
						{
							"origin": [0.68261, 0.1875, -1.4125],
							"size": [0.28477, 0.6875, 0.25],
							"pivot": [0.825, 0.53125, -1.35],
							"rotation": [0, 0, 45],
							"uv": {
								"north": {"uv": [31, 8.5], "uv_size": [0.5, -0.5]},
								"east": {"uv": [9, 31.5], "uv_size": [0.5, -0.5]},
								"south": {"uv": [31, 9.5], "uv_size": [0.5, -0.5]},
								"west": {"uv": [10, 31.5], "uv_size": [0.5, -0.5]},
								"up": {"uv": [11, 31], "uv_size": [0.5, 0.5]},
								"down": {"uv": [31, 10.5], "uv_size": [0.5, -0.5]}
							}
						},
						{
							"origin": [0.68261, 0.1875, -1.4125],
							"size": [0.28477, 0.6875, 0.25],
							"uv": {
								"north": {"uv": [31, 11.5], "uv_size": [0.5, -0.5]},
								"east": {"uv": [12, 31.5], "uv_size": [0.5, -0.5]},
								"south": {"uv": [31, 12.5], "uv_size": [0.5, -0.5]},
								"west": {"uv": [13, 31.5], "uv_size": [0.5, -0.5]},
								"up": {"uv": [14, 31], "uv_size": [0.5, 0.5]},
								"down": {"uv": [31, 13.5], "uv_size": [0.5, -0.5]}
							}
						},
						{
							"origin": [0.48125, 0.38886, -1.4125],
							"size": [0.6875, 0.28477, 0.25],
							"pivot": [0.825, 0.53125, -1.35],
							"rotation": [0, 0, 45],
							"uv": {
								"north": {"uv": [31, 14.5], "uv_size": [0.5, -0.5]},
								"east": {"uv": [15, 31.5], "uv_size": [0.5, -0.5]},
								"south": {"uv": [31, 15.5], "uv_size": [0.5, -0.5]},
								"west": {"uv": [16, 31.5], "uv_size": [0.5, -0.5]},
								"up": {"uv": [17, 31], "uv_size": [0.5, 0.5]},
								"down": {"uv": [31, 16.5], "uv_size": [0.5, -0.5]}
							}
						},
						{
							"origin": [0.48125, 0.38886, -1.4125],
							"size": [0.6875, 0.28477, 0.25],
							"uv": {
								"north": {"uv": [31, 17.5], "uv_size": [0.5, -0.5]},
								"east": {"uv": [18, 31.5], "uv_size": [0.5, -0.5]},
								"south": {"uv": [31, 18.5], "uv_size": [0.5, -0.5]},
								"west": {"uv": [19, 31.5], "uv_size": [0.5, -0.5]},
								"up": {"uv": [20, 31], "uv_size": [0.5, 0.5]},
								"down": {"uv": [31, 19.5], "uv_size": [0.5, -0.5]}
							}
						},
						{
							"origin": [0.7, 0.38886, -1.475],
							"size": [0.25, 0.25, 0.0625],
							"pivot": [0.825, 0.51386, -1.44375],
							"rotation": [0, 0, 45],
							"uv": {
								"north": {"uv": [31, 20.5], "uv_size": [0.5, -0.5]},
								"east": {"uv": [21, 31.5], "uv_size": [0.5, -0.5]},
								"south": {"uv": [31, 21.5], "uv_size": [0.5, -0.5]},
								"west": {"uv": [22, 31.5], "uv_size": [0.5, -0.5]},
								"up": {"uv": [23, 31], "uv_size": [0.5, 0.5]},
								"down": {"uv": [31, 22.5], "uv_size": [0.5, -0.5]}
							}
						}
					]
				},
				{
					"name": "hazard",
					"parent": "body",
					"pivot": [0.034, -0.125, 0.05],
					"cubes": [
						{
							"origin": [-0.4125, 0.96875, -0.7875],
							"size": [0.75, 0.0625, 0.6875],
							"uv": {
								"up": {"uv": [2, 76.5], "uv_size": [85, -44]}
							}
						}
					]
				}
			]
		}
	]
}