{
	"format_version": "1.12.0",
	"minecraft:geometry": [
		{
			"description": {
				"identifier": "geometry.M200_laser",
				"texture_width": 16,
				"texture_height": 16,
				"visible_bounds_width": 21,
				"visible_bounds_height": 2.5,
				"visible_bounds_offset": [0, 0.75, 0]
			},
			"bones": [
				{
					"name": "tac_laser",
					"pivot": [0, 0, 0]
				},
				{
					"name": "octagon8",
					"parent": "tac_laser",
					"pivot": [-0.095, 0.025, 0.25],
					"cubes": [
						{
							"origin": [-0.16569, -0.375, -0.35],
							"size": [0.33137, 0.8, 1.2],
							"pivot": [0, 0.025, 3.65],
							"rotation": [0, 0, 45],
							"uv": {
								"north": {"uv": [6, 0], "uv_size": [1, 1]},
								"east": {"uv": [6, 1], "uv_size": [1, 1]},
								"south": {"uv": [2, 6], "uv_size": [1, 1]},
								"west": {"uv": [3, 6], "uv_size": [1, 1]},
								"up": {"uv": [6, 5], "uv_size": [1, 1]},
								"down": {"uv": [6, 7], "uv_size": [1, -1]}
							}
						},
						{
							"origin": [-0.16569, -0.375, -0.35],
							"size": [0.33137, 0.8, 1.2],
							"uv": {
								"north": {"uv": [7, 0], "uv_size": [1, 1]},
								"east": {"uv": [7, 1], "uv_size": [1, 1]},
								"south": {"uv": [2, 7], "uv_size": [1, 1]},
								"west": {"uv": [3, 7], "uv_size": [1, 1]},
								"up": {"uv": [7, 3], "uv_size": [1, 1]},
								"down": {"uv": [4, 8], "uv_size": [1, -1]}
							}
						},
						{
							"origin": [-0.4, -0.14069, -0.35],
							"size": [0.8, 0.33137, 1.2],
							"pivot": [0, 0.025, 3.65],
							"rotation": [0, 0, 45],
							"uv": {
								"north": {"uv": [7, 5], "uv_size": [1, 1]},
								"east": {"uv": [6, 7], "uv_size": [1, 1]},
								"south": {"uv": [7, 6], "uv_size": [1, 1]},
								"west": {"uv": [7, 7], "uv_size": [1, 1]},
								"up": {"uv": [0, 8], "uv_size": [1, 1]},
								"down": {"uv": [8, 1], "uv_size": [1, -1]}
							}
						},
						{
							"origin": [-0.4, -0.14069, -0.35],
							"size": [0.8, 0.33137, 1.2],
							"uv": {
								"north": {"uv": [1, 8], "uv_size": [1, 1]},
								"east": {"uv": [8, 1], "uv_size": [1, 1]},
								"south": {"uv": [2, 8], "uv_size": [1, 1]},
								"west": {"uv": [8, 2], "uv_size": [1, 1]},
								"up": {"uv": [3, 8], "uv_size": [1, 1]},
								"down": {"uv": [8, 4], "uv_size": [1, -1]}
							}
						},
						{
							"origin": [-0.6, -0.14069, -0.35],
							"size": [0.25, 0.33137, 1.2],
							"uv": {
								"north": {"uv": [4, 8], "uv_size": [1, 1]},
								"east": {"uv": [8, 4], "uv_size": [1, 1]},
								"south": {"uv": [5, 8], "uv_size": [1, 1]},
								"west": {"uv": [8, 5], "uv_size": [1, 1]},
								"up": {"uv": [6, 8], "uv_size": [1, 1]},
								"down": {"uv": [8, 7], "uv_size": [1, -1]}
							}
						}
					]
				},
				{
					"name": "bone4",
					"parent": "tac_laser",
					"pivot": [-1, 0.025, 0.25],
					"cubes": [
						{
							"origin": [-1.4, -0.14069, -0.35],
							"size": [0.8, 0.15637, 1.2],
							"uv": {
								"north": {"uv": [7, 8], "uv_size": [1, 1]},
								"east": {"uv": [8, 7], "uv_size": [1, 1]},
								"south": {"uv": [8, 8], "uv_size": [1, 1]},
								"west": {"uv": [0, 9], "uv_size": [1, 1]},
								"up": {"uv": [9, 0], "uv_size": [1, 1]},
								"down": {"uv": [1, 10], "uv_size": [1, -1]}
							}
						},
						{
							"origin": [-1.4, 0.03431, -0.35],
							"size": [0.8, 0.15637, 1.2],
							"uv": {
								"north": {"uv": [7, 8], "uv_size": [1, 1]},
								"east": {"uv": [8, 7], "uv_size": [1, 1]},
								"south": {"uv": [8, 8], "uv_size": [1, 1]},
								"west": {"uv": [0, 9], "uv_size": [1, 1]},
								"up": {"uv": [9, 0], "uv_size": [1, 1]},
								"down": {"uv": [1, 10], "uv_size": [1, -1]}
							}
						},
						{
							"origin": [-1.16569, -0.375, -0.35],
							"size": [0.33137, 0.8, 1.2],
							"pivot": [-1, 0.025, 0.25],
							"rotation": [0, 0, 45],
							"uv": {
								"north": {"uv": [9, 1], "uv_size": [1, 1]},
								"east": {"uv": [2, 9], "uv_size": [1, 1]},
								"south": {"uv": [9, 2], "uv_size": [1, 1]},
								"west": {"uv": [3, 9], "uv_size": [1, 1]},
								"up": {"uv": [9, 3], "uv_size": [1, 1]},
								"down": {"uv": [4, 10], "uv_size": [1, -1]}
							}
						},
						{
							"origin": [-1.16569, -0.375, -0.35],
							"size": [0.33137, 0.8, 1.2],
							"uv": {
								"north": {"uv": [9, 4], "uv_size": [1, 1]},
								"east": {"uv": [5, 9], "uv_size": [1, 1]},
								"south": {"uv": [9, 5], "uv_size": [1, 1]},
								"west": {"uv": [6, 9], "uv_size": [1, 1]},
								"up": {"uv": [9, 6], "uv_size": [1, 1]},
								"down": {"uv": [7, 10], "uv_size": [1, -1]}
							}
						},
						{
							"origin": [-1.4, -0.14069, -0.35],
							"size": [0.8, 0.33137, 1.2],
							"pivot": [-1, 0.025, 0.25],
							"rotation": [0, 0, 45],
							"uv": {
								"north": {"uv": [9, 7], "uv_size": [1, 1]},
								"east": {"uv": [8, 9], "uv_size": [1, 1]},
								"south": {"uv": [9, 8], "uv_size": [1, 1]},
								"west": {"uv": [9, 9], "uv_size": [1, 1]},
								"up": {"uv": [0, 10], "uv_size": [1, 1]},
								"down": {"uv": [10, 1], "uv_size": [1, -1]}
							}
						}
					]
				},
				{
					"name": "bone5",
					"parent": "tac_laser",
					"pivot": [-1.0204, 0.0454, -0.90385],
					"cubes": [
						{
							"origin": [-1.36, -0.12412, -1.29],
							"size": [0.72, 0.29823, 2.58],
							"uv": {
								"north": {"uv": [1, 10], "uv_size": [1, 1]},
								"east": {"uv": [0, 0], "uv_size": [3, 1]},
								"south": {"uv": [10, 1], "uv_size": [1, 1]},
								"west": {"uv": [0, 1], "uv_size": [3, 1]},
								"up": {"uv": [0, 2], "uv_size": [1, 3]},
								"down": {"uv": [1, 5], "uv_size": [1, -3]}
							}
						},
						{
							"origin": [-1.14912, -0.335, -1.29],
							"size": [0.29823, 0.72, 2.58],
							"pivot": [-1, 0.025, 0.75],
							"rotation": [0, 0, 45],
							"uv": {
								"north": {"uv": [2, 10], "uv_size": [1, 1]},
								"east": {"uv": [2, 2], "uv_size": [3, 1]},
								"south": {"uv": [10, 2], "uv_size": [1, 1]},
								"west": {"uv": [3, 0], "uv_size": [3, 1]},
								"up": {"uv": [2, 3], "uv_size": [1, 3]},
								"down": {"uv": [3, 6], "uv_size": [1, -3]}
							}
						},
						{
							"origin": [-1.14912, -0.335, -1.29],
							"size": [0.29823, 0.72, 2.58],
							"uv": {
								"north": {"uv": [3, 10], "uv_size": [1, 1]},
								"east": {"uv": [3, 1], "uv_size": [3, 1]},
								"south": {"uv": [10, 3], "uv_size": [1, 1]},
								"west": {"uv": [4, 3], "uv_size": [3, 1]},
								"up": {"uv": [4, 4], "uv_size": [1, 3]},
								"down": {"uv": [0, 8], "uv_size": [1, -3]}
							}
						},
						{
							"origin": [-1.36, -0.12412, -1.29],
							"size": [0.72, 0.29823, 2.58],
							"pivot": [-1, 0.025, 0.75],
							"rotation": [0, 0, 45],
							"uv": {
								"north": {"uv": [4, 10], "uv_size": [1, 1]},
								"east": {"uv": [5, 2], "uv_size": [3, 1]},
								"south": {"uv": [10, 4], "uv_size": [1, 1]},
								"west": {"uv": [5, 4], "uv_size": [3, 1]},
								"up": {"uv": [1, 5], "uv_size": [1, 3]},
								"down": {"uv": [5, 8], "uv_size": [1, -3]}
							}
						},
						{
							"origin": [-1.14912, -0.335, -1.39],
							"size": [0.29823, 0.22, 0.105],
							"uv": {
								"north": {"uv": [5, 10], "uv_size": [1, 1]},
								"east": {"uv": [10, 5], "uv_size": [1, 1]},
								"south": {"uv": [6, 10], "uv_size": [1, 1]},
								"west": {"uv": [10, 6], "uv_size": [1, 1]},
								"up": {"uv": [7, 10], "uv_size": [1, 1]},
								"down": {"uv": [10, 8], "uv_size": [1, -1]}
							}
						},
						{
							"origin": [-1.14912, 0.165, -1.39],
							"size": [0.29823, 0.22, 0.105],
							"uv": {
								"north": {"uv": [8, 10], "uv_size": [1, 1]},
								"east": {"uv": [10, 8], "uv_size": [1, 1]},
								"south": {"uv": [9, 10], "uv_size": [1, 1]},
								"west": {"uv": [10, 9], "uv_size": [1, 1]},
								"up": {"uv": [10, 10], "uv_size": [1, 1]},
								"down": {"uv": [0, 12], "uv_size": [1, -1]}
							}
						},
						{
							"origin": [-0.86, -0.12412, -1.39],
							"size": [0.22, 0.29823, 0.105],
							"pivot": [-1, 0.025, -1.825],
							"rotation": [0, 0, 45],
							"uv": {
								"north": {"uv": [11, 0], "uv_size": [1, 1]},
								"east": {"uv": [1, 11], "uv_size": [1, 1]},
								"south": {"uv": [11, 1], "uv_size": [1, 1]},
								"west": {"uv": [2, 11], "uv_size": [1, 1]},
								"up": {"uv": [11, 2], "uv_size": [1, 1]},
								"down": {"uv": [3, 12], "uv_size": [1, -1]}
							}
						},
						{
							"origin": [-1.36, -0.12412, -1.39],
							"size": [0.22, 0.29823, 0.105],
							"pivot": [-1, 0.025, -1.825],
							"rotation": [0, 0, 45],
							"uv": {
								"north": {"uv": [11, 3], "uv_size": [1, 1]},
								"east": {"uv": [4, 11], "uv_size": [1, 1]},
								"south": {"uv": [11, 4], "uv_size": [1, 1]},
								"west": {"uv": [5, 11], "uv_size": [1, 1]},
								"up": {"uv": [11, 5], "uv_size": [1, 1]},
								"down": {"uv": [6, 12], "uv_size": [1, -1]}
							}
						},
						{
							"origin": [-1.36, -0.12412, -1.39],
							"size": [0.22, 0.29823, 0.105],
							"pivot": [-1, 0.025, -1.825],
							"rotation": [0, 0, -45],
							"uv": {
								"north": {"uv": [11, 6], "uv_size": [1, 1]},
								"east": {"uv": [7, 11], "uv_size": [1, 1]},
								"south": {"uv": [11, 7], "uv_size": [1, 1]},
								"west": {"uv": [8, 11], "uv_size": [1, 1]},
								"up": {"uv": [11, 8], "uv_size": [1, 1]},
								"down": {"uv": [9, 12], "uv_size": [1, -1]}
							}
						},
						{
							"origin": [-0.86, -0.12412, -1.39],
							"size": [0.22, 0.29823, 0.105],
							"pivot": [-1, 0.025, -1.825],
							"rotation": [0, 0, -45],
							"uv": {
								"north": {"uv": [11, 9], "uv_size": [1, 1]},
								"east": {"uv": [10, 11], "uv_size": [1, 1]},
								"south": {"uv": [11, 10], "uv_size": [1, 1]},
								"west": {"uv": [11, 11], "uv_size": [1, 1]},
								"up": {"uv": [0, 12], "uv_size": [1, 1]},
								"down": {"uv": [12, 1], "uv_size": [1, -1]}
							}
						},
						{
							"origin": [-0.86, -0.12412, -1.39],
							"size": [0.22, 0.29823, 0.105],
							"uv": {
								"north": {"uv": [1, 12], "uv_size": [1, 1]},
								"east": {"uv": [12, 1], "uv_size": [1, 1]},
								"south": {"uv": [2, 12], "uv_size": [1, 1]},
								"west": {"uv": [12, 2], "uv_size": [1, 1]},
								"up": {"uv": [3, 12], "uv_size": [1, 1]},
								"down": {"uv": [12, 4], "uv_size": [1, -1]}
							}
						},
						{
							"origin": [-1.36, -0.12412, -1.39],
							"size": [0.22, 0.29823, 0.105],
							"uv": {
								"north": {"uv": [4, 12], "uv_size": [1, 1]},
								"east": {"uv": [12, 4], "uv_size": [1, 1]},
								"south": {"uv": [5, 12], "uv_size": [1, 1]},
								"west": {"uv": [12, 5], "uv_size": [1, 1]},
								"up": {"uv": [6, 12], "uv_size": [1, 1]},
								"down": {"uv": [12, 7], "uv_size": [1, -1]}
							}
						},
						{
							"origin": [-1.41, -0.12412, -1.39],
							"size": [0.07, 0.29823, 0.68],
							"pivot": [-1, 0.025, 0.75],
							"rotation": [0, 0, 45],
							"uv": {
								"north": {"uv": [7, 12], "uv_size": [1, 1]},
								"east": {"uv": [12, 7], "uv_size": [1, 1]},
								"south": {"uv": [8, 12], "uv_size": [1, 1]},
								"west": {"uv": [12, 8], "uv_size": [1, 1]},
								"up": {"uv": [9, 12], "uv_size": [1, 1]},
								"down": {"uv": [12, 10], "uv_size": [1, -1]}
							}
						}
					]
				},
				{
					"name": "bone6",
					"parent": "tac_laser",
					"pivot": [-1, 0.025, 1.365],
					"cubes": [
						{
							"origin": [-1.14166, -0.317, 1.29],
							"size": [0.28332, 0.684, 0.15],
							"uv": {
								"north": {"uv": [10, 12], "uv_size": [1, 1]},
								"east": {"uv": [12, 10], "uv_size": [1, 1]},
								"south": {"uv": [11, 12], "uv_size": [1, 1]},
								"west": {"uv": [12, 11], "uv_size": [1, 1]},
								"up": {"uv": [12, 12], "uv_size": [1, 1]},
								"down": {"uv": [0, 14], "uv_size": [1, -1]}
							}
						},
						{
							"origin": [-1.342, -0.11666, 1.29],
							"size": [0.684, 0.28332, 0.15],
							"pivot": [-1, 0.025, 3.853],
							"rotation": [0, 0, 45],
							"uv": {
								"north": {"uv": [13, 0], "uv_size": [1, 1]},
								"east": {"uv": [1, 13], "uv_size": [1, 1]},
								"south": {"uv": [13, 1], "uv_size": [1, 1]},
								"west": {"uv": [2, 13], "uv_size": [1, 1]},
								"up": {"uv": [13, 2], "uv_size": [1, 1]},
								"down": {"uv": [3, 14], "uv_size": [1, -1]}
							}
						},
						{
							"origin": [-1.342, -0.11666, 1.29],
							"size": [0.684, 0.28332, 0.15],
							"uv": {
								"north": {"uv": [13, 3], "uv_size": [1, 1]},
								"east": {"uv": [4, 13], "uv_size": [1, 1]},
								"south": {"uv": [13, 4], "uv_size": [1, 1]},
								"west": {"uv": [5, 13], "uv_size": [1, 1]},
								"up": {"uv": [13, 5], "uv_size": [1, 1]},
								"down": {"uv": [6, 14], "uv_size": [1, -1]}
							}
						},
						{
							"origin": [-1.14166, -0.317, 1.29],
							"size": [0.28332, 0.684, 0.15],
							"pivot": [-1, 0.025, 3.853],
							"rotation": [0, 0, 45],
							"uv": {
								"north": {"uv": [13, 6], "uv_size": [1, 1]},
								"east": {"uv": [7, 13], "uv_size": [1, 1]},
								"south": {"uv": [13, 7], "uv_size": [1, 1]},
								"west": {"uv": [8, 13], "uv_size": [1, 1]},
								"up": {"uv": [13, 8], "uv_size": [1, 1]},
								"down": {"uv": [9, 14], "uv_size": [1, -1]}
							}
						}
					]
				}
			]
		}
	]
}