{
	"format_version": "1.12.0",
	"minecraft:geometry": [
		{
			"description": {
				"identifier": "geometry.Marauder_silencer",
				"texture_width": 32,
				"texture_height": 32,
				"visible_bounds_width": 2,
				"visible_bounds_height": 1.5,
				"visible_bounds_offset": [0, 0.25, 0]
			},
			"bones": [
				{
					"name": "muzzle_silencer_marauder",
					"pivot": [0, 0, 0]
				},
				{
					"name": "bone3",
					"parent": "muzzle_silencer_marauder",
					"pivot": [0.0015, -1.29231, -8.16081],
					"cubes": [
						{
							"origin": [-0.707, -2.3, -9.15],
							"size": [1.417, 2.65, 8.5375],
							"uv": {
								"north": {"uv": [9, 3], "uv_size": [1.5, 2.5]},
								"east": {"uv": [0, 0], "uv_size": [8.5, 2.5]},
								"south": {"uv": [10, 9], "uv_size": [1.5, 2.5]},
								"west": {"uv": [0, 3], "uv_size": [8.5, 2.5]},
								"up": {"uv": [0, 6], "uv_size": [1.5, 8.5]},
								"down": {"uv": [2, 14.5], "uv_size": [1.5, -8.5]}
							}
						},
						{
							"origin": [-0.707, -2.3, -9.359],
							"size": [0.142, 2.65, 0.21],
							"uv": {
								"north": {"uv": [13, 4], "uv_size": [0.5, 2.5]},
								"east": {"uv": [11, 13], "uv_size": [0.5, 2.5]},
								"south": {"uv": [12, 13], "uv_size": [0.5, 2.5]},
								"west": {"uv": [13, 12], "uv_size": [0.5, 2.5]},
								"up": {"uv": [0, 17], "uv_size": [0.5, 0.5]},
								"down": {"uv": [1, 17.5], "uv_size": [0.5, -0.5]}
							}
						},
						{
							"origin": [-0.582, -2.3, -9.359],
							"size": [1.167, 0.1115, 0.21],
							"uv": {
								"north": {"uv": [3, 15], "uv_size": [1, 0.5]},
								"east": {"uv": [2, 17], "uv_size": [0.5, 0.5]},
								"south": {"uv": [15, 6], "uv_size": [1, 0.5]},
								"west": {"uv": [3, 17], "uv_size": [0.5, 0.5]},
								"up": {"uv": [15, 7], "uv_size": [1, 0.5]},
								"down": {"uv": [15, 8.5], "uv_size": [1, -0.5]}
							}
						},
						{
							"origin": [0.568, -2.3, -9.359],
							"size": [0.142, 2.65, 0.21],
							"uv": {
								"north": {"uv": [14, 4], "uv_size": [0.5, 2.5]},
								"east": {"uv": [14, 9], "uv_size": [0.5, 2.5]},
								"south": {"uv": [10, 14], "uv_size": [0.5, 2.5]},
								"west": {"uv": [14, 12], "uv_size": [0.5, 2.5]},
								"up": {"uv": [17, 3], "uv_size": [0.5, 0.5]},
								"down": {"uv": [4, 17.5], "uv_size": [0.5, -0.5]}
							}
						}
					]
				},
				{
					"name": "octagon",
					"parent": "muzzle_silencer_marauder",
					"pivot": [0, -0.075, -0.29375],
					"cubes": [
						{
							"origin": [-0.26924, -0.725, -0.95],
							"size": [0.53848, 1.3, 0.9625],
							"pivot": [0, -0.075, 0.975],
							"rotation": [0, 0, 45],
							"uv": {
								"north": {"uv": [13, 9], "uv_size": [0.5, 1.5]},
								"east": {"uv": [11, 3], "uv_size": [1, 1.5]},
								"south": {"uv": [0, 15], "uv_size": [0.5, 1.5]},
								"west": {"uv": [12, 3], "uv_size": [1, 1.5]},
								"up": {"uv": [15, 9], "uv_size": [0.5, 1]},
								"down": {"uv": [15, 11], "uv_size": [0.5, -1]}
							}
						},
						{
							"origin": [-0.26924, -0.725, -0.95],
							"size": [0.53848, 1.3, 0.9625],
							"uv": {
								"north": {"uv": [1, 15], "uv_size": [0.5, 1.5]},
								"east": {"uv": [12, 9], "uv_size": [1, 1.5]},
								"south": {"uv": [2, 15], "uv_size": [0.5, 1.5]},
								"west": {"uv": [10, 12], "uv_size": [1, 1.5]},
								"up": {"uv": [15, 11], "uv_size": [0.5, 1]},
								"down": {"uv": [15, 13], "uv_size": [0.5, -1]}
							}
						},
						{
							"origin": [-0.65, -0.34424, -0.95],
							"size": [1.3, 0.53848, 0.9625],
							"pivot": [0, -0.075, 0.975],
							"rotation": [0, 0, 45],
							"uv": {
								"north": {"uv": [13, 7], "uv_size": [1.5, 0.5]},
								"east": {"uv": [13, 15], "uv_size": [1, 0.5]},
								"south": {"uv": [15, 3], "uv_size": [1.5, 0.5]},
								"west": {"uv": [15, 13], "uv_size": [1, 0.5]},
								"up": {"uv": [11, 5], "uv_size": [1.5, 1]},
								"down": {"uv": [11, 13], "uv_size": [1.5, -1]}
							}
						},
						{
							"origin": [-0.65, -0.34424, -0.95],
							"size": [1.3, 0.53848, 0.9625],
							"uv": {
								"north": {"uv": [15, 4], "uv_size": [1.5, 0.5]},
								"east": {"uv": [14, 15], "uv_size": [1, 0.5]},
								"south": {"uv": [15, 5], "uv_size": [1.5, 0.5]},
								"west": {"uv": [15, 14], "uv_size": [1, 0.5]},
								"up": {"uv": [12, 11], "uv_size": [1.5, 1]},
								"down": {"uv": [13, 4], "uv_size": [1.5, -1]}
							}
						}
					]
				},
				{
					"name": "bone",
					"parent": "muzzle_silencer_marauder",
					"pivot": [0, -0.075, -9.075],
					"cubes": [
						{
							"origin": [-0.20711, -0.575, -9.225],
							"size": [0.41421, 1, 0.3],
							"pivot": [0, -0.075, -0.725],
							"rotation": [0, 0, 45],
							"uv": {
								"north": {"uv": [15, 15], "uv_size": [0.5, 1]},
								"east": {"uv": [3, 16], "uv_size": [0.5, 1]},
								"south": {"uv": [16, 6], "uv_size": [0.5, 1]},
								"west": {"uv": [16, 7], "uv_size": [0.5, 1]},
								"up": {"uv": [17, 4], "uv_size": [0.5, 0.5]},
								"down": {"uv": [5, 17.5], "uv_size": [0.5, -0.5]}
							}
						},
						{
							"origin": [-0.20711, -0.575, -9.225],
							"size": [0.41421, 1, 0.3],
							"uv": {
								"north": {"uv": [16, 8], "uv_size": [0.5, 1]},
								"east": {"uv": [16, 9], "uv_size": [0.5, 1]},
								"south": {"uv": [16, 10], "uv_size": [0.5, 1]},
								"west": {"uv": [11, 16], "uv_size": [0.5, 1]},
								"up": {"uv": [17, 5], "uv_size": [0.5, 0.5]},
								"down": {"uv": [17, 6.5], "uv_size": [0.5, -0.5]}
							}
						},
						{
							"origin": [-0.5, -0.28211, -9.225],
							"size": [1, 0.41421, 0.3],
							"pivot": [0, -0.075, -0.725],
							"rotation": [0, 0, 45],
							"uv": {
								"north": {"uv": [16, 11], "uv_size": [1, 0.5]},
								"east": {"uv": [17, 7], "uv_size": [0.5, 0.5]},
								"south": {"uv": [12, 16], "uv_size": [1, 0.5]},
								"west": {"uv": [17, 8], "uv_size": [0.5, 0.5]},
								"up": {"uv": [16, 12], "uv_size": [1, 0.5]},
								"down": {"uv": [13, 16.5], "uv_size": [1, -0.5]}
							}
						},
						{
							"origin": [-0.5, -0.28211, -9.225],
							"size": [1, 0.41421, 0.3],
							"uv": {
								"north": {"uv": [16, 13], "uv_size": [1, 0.5]},
								"east": {"uv": [17, 9], "uv_size": [0.5, 0.5]},
								"south": {"uv": [14, 16], "uv_size": [1, 0.5]},
								"west": {"uv": [10, 17], "uv_size": [0.5, 0.5]},
								"up": {"uv": [16, 14], "uv_size": [1, 0.5]},
								"down": {"uv": [15, 16.5], "uv_size": [1, -0.5]}
							}
						}
					]
				},
				{
					"name": "bone2",
					"parent": "muzzle_silencer_marauder",
					"pivot": [-0.0162, 0.43504, -7.07137],
					"cubes": [
						{
							"origin": [-0.18842, -0.26302, -9.15887],
							"size": [0.52684, 0.98647, 8.5375],
							"pivot": [0.075, 0.0875, -3.15],
							"rotation": [0, 0, 45],
							"uv": {
								"north": {"uv": [16, 15], "uv_size": [0.5, 1]},
								"east": {"uv": [4, 6], "uv_size": [8.5, 1]},
								"south": {"uv": [16, 16], "uv_size": [0.5, 1]},
								"west": {"uv": [4, 7], "uv_size": [8.5, 1]},
								"up": {"uv": [4, 8], "uv_size": [0.5, 8.5]},
								"down": {"uv": [5, 16.5], "uv_size": [0.5, -8.5]}
							}
						},
						{
							"origin": [-0.33842, 0.18698, -9.15887],
							"size": [0.67684, 0.53647, 8.5375],
							"uv": {
								"north": {"uv": [17, 10], "uv_size": [0.5, 0.5]},
								"east": {"uv": [6, 8], "uv_size": [8.5, 0.5]},
								"south": {"uv": [11, 17], "uv_size": [0.5, 0.5]},
								"west": {"uv": [9, 0], "uv_size": [8.5, 0.5]},
								"up": {"uv": [6, 9], "uv_size": [0.5, 8.5]},
								"down": {"uv": [7, 17.5], "uv_size": [0.5, -8.5]}
							}
						},
						{
							"origin": [-0.71095, -0.17592, -9.15887],
							"size": [0.66147, 0.52684, 8.5375],
							"pivot": [-0.075, 0.0875, -3.15],
							"rotation": [0, 0, 45],
							"uv": {
								"north": {"uv": [17, 11], "uv_size": [0.5, 0.5]},
								"east": {"uv": [9, 1], "uv_size": [8.5, 0.5]},
								"south": {"uv": [12, 17], "uv_size": [0.5, 0.5]},
								"west": {"uv": [9, 2], "uv_size": [8.5, 0.5]},
								"up": {"uv": [8, 9], "uv_size": [0.5, 8.5]},
								"down": {"uv": [9, 17.5], "uv_size": [0.5, -8.5]}
							}
						},
						{
							"origin": [-0.08751, 0.59518, -9.35887],
							"size": [0.52684, 0.08647, 0.2125],
							"pivot": [0.17591, 0.18841, -4.99012],
							"rotation": [0, 0, 45],
							"uv": {
								"north": {"uv": [17, 12], "uv_size": [0.5, 0.5]},
								"east": {"uv": [13, 17], "uv_size": [0.5, 0.5]},
								"south": {"uv": [17, 13], "uv_size": [0.5, 0.5]},
								"west": {"uv": [14, 17], "uv_size": [0.5, 0.5]},
								"up": {"uv": [17, 14], "uv_size": [0.5, 0.5]},
								"down": {"uv": [15, 17.5], "uv_size": [0.5, -0.5]}
							}
						},
						{
							"origin": [-0.33842, 0.61198, -9.35887],
							"size": [0.67684, 0.11147, 0.2125],
							"uv": {
								"north": {"uv": [17, 15], "uv_size": [0.5, 0.5]},
								"east": {"uv": [16, 17], "uv_size": [0.5, 0.5]},
								"south": {"uv": [17, 16], "uv_size": [0.5, 0.5]},
								"west": {"uv": [17, 17], "uv_size": [0.5, 0.5]},
								"up": {"uv": [0, 18], "uv_size": [0.5, 0.5]},
								"down": {"uv": [18, 0.5], "uv_size": [0.5, -0.5]}
							}
						},
						{
							"origin": [-0.71095, -0.17592, -9.35887],
							"size": [0.13647, 0.52684, 0.2125],
							"pivot": [-0.075, 0.0875, -3.15],
							"rotation": [0, 0, 45],
							"uv": {
								"north": {"uv": [1, 18], "uv_size": [0.5, 0.5]},
								"east": {"uv": [18, 1], "uv_size": [0.5, 0.5]},
								"south": {"uv": [2, 18], "uv_size": [0.5, 0.5]},
								"west": {"uv": [18, 2], "uv_size": [0.5, 0.5]},
								"up": {"uv": [3, 18], "uv_size": [0.5, 0.5]},
								"down": {"uv": [18, 3.5], "uv_size": [0.5, -0.5]}
							}
						}
					]
				}
			]
		}
	]
}