{
	"format_version": "1.12.0",
	"minecraft:geometry": [
		{
			"description": {
				"identifier": "geometry.argus_suppressor",
				"texture_width": 64,
				"texture_height": 64,
				"visible_bounds_width": 5,
				"visible_bounds_height": 2,
				"visible_bounds_offset": [0, 0, 0]
			},
			"bones": [
				{
					"name": "argus_suppressor",
					"pivot": [0, 0, 0]
				},
				{
					"name": "bone30",
					"parent": "argus_suppressor",
					"pivot": [0.01476, -1.62273, -0.25],
					"cubes": [
						{
							"origin": [-0.87056, -4.46826, -0.5],
							"size": [0.575, 0.675, 0.5],
							"pivot": [-0.58306, -4.13076, -11],
							"rotation": [0, 0, -45],
							"uv": {
								"east": {"uv": [33, 14], "uv_size": [0.5, 0.75]},
								"south": {"uv": [33, 15], "uv_size": [0.5, 0.75]}
							}
						},
						{
							"origin": [-1.025, -4.0954, -0.5],
							"size": [2.079, 4.945, 0.5],
							"uv": {
								"east": {"uv": [11, 28], "uv_size": [0.5, 5]},
								"south": {"uv": [0, 16], "uv_size": [2, 5]},
								"west": {"uv": [28, 12], "uv_size": [0.5, 5]}
							}
						},
						{
							"origin": [-0.5477, 0.8273, -0.5],
							"size": [1.125, 0.5, 0.5],
							"uv": {
								"north": {"uv": [5, 33], "uv_size": [1, 0.5]},
								"east": {"uv": [3, 34], "uv_size": [0.5, 0.5]},
								"south": {"uv": [6, 33], "uv_size": [1, 0.5]},
								"west": {"uv": [4, 34], "uv_size": [0.5, 0.5]},
								"up": {"uv": [33, 6], "uv_size": [1, 0.5]},
								"down": {"uv": [33, 7.5], "uv_size": [1, -0.5]}
							}
						},
						{
							"origin": [-1.01449, 0.40037, -0.5],
							"size": [0.575, 0.675, 0.5],
							"pivot": [-0.47699, 0.63787, -11],
							"rotation": [0, 0, 45],
							"uv": {
								"east": {"uv": [33, 21], "uv_size": [0.5, 0.75]},
								"south": {"uv": [33, 22], "uv_size": [0.5, 0.75]}
							}
						},
						{
							"origin": [0.32515, 0.54786, -0.5],
							"size": [0.575, 0.675, 0.5],
							"pivot": [0.61265, 0.88536, -11],
							"rotation": [0, 0, -45],
							"uv": {
								"south": {"uv": [33, 27], "uv_size": [0.5, 0.75]},
								"west": {"uv": [28, 33], "uv_size": [0.5, 0.75]}
							}
						},
						{
							"origin": [-0.5477, -4.5727, -0.5],
							"size": [1.125, 0.5, 0.5],
							"uv": {
								"south": {"uv": [33, 12], "uv_size": [1, 0.5]},
								"down": {"uv": [33, 13.5], "uv_size": [1, -0.5]}
							}
						},
						{
							"origin": [0.18122, -4.61575, -0.5],
							"size": [0.575, 0.675, 0.5],
							"pivot": [0.71872, -4.37825, -11],
							"rotation": [0, 0, 45],
							"uv": {
								"south": {"uv": [33, 29], "uv_size": [0.5, 0.75]},
								"west": {"uv": [31, 33], "uv_size": [0.5, 0.75]}
							}
						}
					]
				},
				{
					"name": "bone31",
					"parent": "argus_suppressor",
					"pivot": [0.04125, -1.73897, -0.525],
					"cubes": [
						{
							"origin": [-1.05366, 0.47728, -3.5],
							"size": [0.60088, 0.70538, 3],
							"pivot": [-0.49197, 0.72547, -13.95],
							"rotation": [0, 0, 45],
							"uv": {
								"east": {"uv": [28, 26], "uv_size": [3.05, 0.75]},
								"south": {"uv": [32, 33], "uv_size": [0.5, 0.75]}
							}
						},
						{
							"origin": [0.3356, 0.63141, -3.5],
							"size": [0.60088, 0.70537, 3],
							"pivot": [0.63603, 0.9841, -13.95],
							"rotation": [0, 0, -45],
							"uv": {
								"north": {"uv": [33, 32], "uv_size": [0.5, 0.75]},
								"south": {"uv": [33, 33], "uv_size": [0.5, 0.75]},
								"west": {"uv": [28.95, 12], "uv_size": [3.05, 0.75]}
							}
						},
						{
							"origin": [-0.56491, 0.42468, -3.5],
							"size": [1.164, 1.02125, 3],
							"uv": {
								"south": {"uv": [28, 31], "uv_size": [1.25, 1]},
								"up": {"uv": [22, 9], "uv_size": [1.25, 3.05]}
							}
						},
						{
							"origin": [-0.56491, -4.72663, -3.5],
							"size": [1.164, 0.5225, 3],
							"uv": {
								"south": {"uv": [32, 23], "uv_size": [1.25, 0.5]},
								"down": {"uv": [25, 23.00625], "uv_size": [1.25, -3.00625]}
							}
						},
						{
							"origin": [0.18519, -4.77161, -3.5],
							"size": [0.60088, 0.70537, 3],
							"pivot": [0.74687, -4.52342, -13.95],
							"rotation": [0, 0, 45],
							"uv": {
								"south": {"uv": [34, 0], "uv_size": [0.5, 0.75]},
								"west": {"uv": [28.98125, 14], "uv_size": [3.01875, 0.75]},
								"up": {"uv": [31, 19], "uv_size": [0.5, 3]}
							}
						},
						{
							"origin": [-0.90324, -4.61748, -3.5],
							"size": [0.60088, 0.70537, 3],
							"pivot": [-0.60281, -4.2648, -13.95],
							"rotation": [0, 0, -45],
							"uv": {
								"east": {"uv": [29, 15], "uv_size": [3.01875, 0.75]},
								"south": {"uv": [34, 1], "uv_size": [0.5, 0.75]}
							}
						}
					]
				},
				{
					"name": "bone5",
					"parent": "argus_suppressor",
					"pivot": [0.03984, -1.62125, -20.7],
					"cubes": [
						{
							"origin": [-1.14243, 0.60253, -9.95],
							"size": [0.6325, 0.7425, 6.5],
							"pivot": [-0.55118, 0.86378, -20.7],
							"rotation": [0, 0, 45],
							"uv": {
								"north": {"uv": [15, 9], "uv_size": [0.75, 0.75]},
								"east": {"uv": [19, 12], "uv_size": [6.5, 0.75]},
								"south": {"uv": [15, 19], "uv_size": [0.75, 0.75]},
								"west": {"uv": [17, 20], "uv_size": [6.5, 0.75]},
								"up": {"uv": [0, 21], "uv_size": [0.75, 6.5]},
								"down": {"uv": [1, 27.5], "uv_size": [0.75, -6.5]}
							}
						},
						{
							"origin": [0.38118, 0.76477, -9.95],
							"size": [0.6325, 0.7425, 6.5],
							"pivot": [0.69743, 1.13602, -20.7],
							"rotation": [0, 0, -45],
							"uv": {
								"north": {"uv": [33, 0], "uv_size": [0.75, 0.75]},
								"east": {"uv": [21, 13], "uv_size": [6.5, 0.75]},
								"south": {"uv": [33, 1], "uv_size": [0.75, 0.75]},
								"west": {"uv": [21, 14], "uv_size": [6.5, 0.75]},
								"up": {"uv": [17, 21], "uv_size": [0.75, 6.5]},
								"down": {"uv": [18, 27.5], "uv_size": [0.75, -6.5]}
							}
						},
						{
							"origin": [-0.62896, 0.54715, -9.95],
							"size": [1.2875, 1.075, 6.5],
							"uv": {
								"north": {"uv": [31, 28], "uv_size": [1.25, 1]},
								"east": {"uv": [17, 8], "uv_size": [6.5, 1]},
								"south": {"uv": [31, 29], "uv_size": [1.25, 1]},
								"west": {"uv": [19, 3], "uv_size": [6.5, 1]},
								"up": {"uv": [5, 16], "uv_size": [1.25, 6.5]},
								"down": {"uv": [13, 22.5], "uv_size": [1.25, -6.5]}
							}
						},
						{
							"origin": [-0.55396, -4.45285, -9.95],
							"size": [1.1625, 4.025, 6.5],
							"uv": {
								"north": {"uv": [20, 4], "uv_size": [1.25, 4]},
								"east": {"uv": [0, 12], "uv_size": [6.5, 4]},
								"south": {"uv": [15, 20], "uv_size": [1.25, 4]},
								"west": {"uv": [12, 0], "uv_size": [6.5, 4]},
								"up": {"uv": [16, 13], "uv_size": [1.25, 6.5]},
								"down": {"uv": [7, 24.5], "uv_size": [1.25, -6.5]}
							}
						},
						{
							"origin": [-1.05396, -3.92785, -5.95],
							"size": [2.1625, 3.5, 2.5],
							"uv": {
								"north": {"uv": [17, 4], "uv_size": [2.25, 3.5]},
								"east": {"uv": [2, 16], "uv_size": [2.5, 3.5]},
								"west": {"uv": [16, 9], "uv_size": [2.5, 3.5]},
								"up": {"uv": [19, 9], "uv_size": [2.25, 2.5]},
								"down": {"uv": [2, 22.5], "uv_size": [2.25, -2.5]}
							}
						},
						{
							"origin": [-1.06464, -4.22785, -3.475],
							"size": [2.1625, 5.175, 2.975],
							"uv": {
								"east": {"uv": [12, 4], "uv_size": [3, 5.25]},
								"south": {"uv": [13, 10], "uv_size": [2.25, 5.25]},
								"west": {"uv": [7, 12], "uv_size": [3, 5.25]},
								"up": {"uv": [18, 17], "uv_size": [2.25, 3]},
								"down": {"uv": [19, 3], "uv_size": [2.25, -3]}
							}
						},
						{
							"origin": [-0.60813, -4.86308, -9.95],
							"size": [1.249, 0.55, 6.5],
							"uv": {
								"north": {"uv": [28, 32], "uv_size": [1.25, 0.5]},
								"east": {"uv": [24, 11], "uv_size": [6.5, 0.5]},
								"south": {"uv": [32, 30], "uv_size": [1.25, 0.5]},
								"west": {"uv": [25, 23], "uv_size": [6.5, 0.5]},
								"up": {"uv": [9, 18], "uv_size": [1.25, 6.5]},
								"down": {"uv": [11, 24.5], "uv_size": [1.25, -6.5]}
							}
						},
						{
							"origin": [0.20518, -4.91043, -9.95],
							"size": [0.6325, 0.7675, 6.5],
							"pivot": [0.79643, -4.64918, -20.7],
							"rotation": [0, 0, 45],
							"uv": {
								"north": {"uv": [2, 33], "uv_size": [0.75, 0.75]},
								"east": {"uv": [21, 15], "uv_size": [6.5, 0.75]},
								"south": {"uv": [33, 2], "uv_size": [0.75, 0.75]},
								"west": {"uv": [21, 16], "uv_size": [6.5, 0.75]},
								"up": {"uv": [19, 21], "uv_size": [0.75, 6.5]},
								"down": {"uv": [20, 27.5], "uv_size": [0.75, -6.5]}
							}
						},
						{
							"origin": [0.54667, -4.32038, -9.95],
							"size": [0.6369, 5.4175, 5.25],
							"uv": {
								"north": {"uv": [24, 20], "uv_size": [0.75, 5.5]},
								"east": {"uv": [0, 0], "uv_size": [5.25, 5.5]},
								"south": {"uv": [7, 25], "uv_size": [0.75, 5.5]},
								"west": {"uv": [0, 6], "uv_size": [5.25, 5.5]},
								"up": {"uv": [8, 25], "uv_size": [0.75, 5.25]},
								"down": {"uv": [9, 30.25], "uv_size": [0.75, -5.25]}
							}
						},
						{
							"origin": [0.54667, -0.57038, -4.7],
							"size": [0.6369, 1.6675, 1.25],
							"uv": {
								"north": {"uv": [12, 10], "uv_size": [0.75, 1.75]},
								"east": {"uv": [29, 20], "uv_size": [1.25, 1.75]},
								"south": {"uv": [26, 31], "uv_size": [0.75, 1.75]},
								"west": {"uv": [24, 29], "uv_size": [1.25, 1.75]},
								"up": {"uv": [32, 6], "uv_size": [0.75, 1.25]},
								"down": {"uv": [32, 13.25], "uv_size": [0.75, -1.25]}
							}
						},
						{
							"origin": [0.54667, -4.32038, -4.7],
							"size": [0.6369, 2.3425, 1.25],
							"uv": {
								"north": {"uv": [15, 16], "uv_size": [0.75, 2.25]},
								"east": {"uv": [26, 8], "uv_size": [1.25, 2.25]},
								"south": {"uv": [30, 29], "uv_size": [0.75, 2.25]},
								"west": {"uv": [24, 26], "uv_size": [1.25, 2.25]},
								"up": {"uv": [32, 14], "uv_size": [0.75, 1.25]},
								"down": {"uv": [32, 20.25], "uv_size": [0.75, -1.25]}
							}
						},
						{
							"origin": [-1.15333, -4.32038, -9.95],
							"size": [0.6619, 5.4175, 5.25],
							"uv": {
								"north": {"uv": [12, 25], "uv_size": [0.5, 5.5]},
								"east": {"uv": [6, 0], "uv_size": [5.25, 5.5]},
								"south": {"uv": [0, 28], "uv_size": [0.5, 5.5]},
								"west": {"uv": [6, 6], "uv_size": [5.25, 5.5]},
								"up": {"uv": [1, 28], "uv_size": [0.5, 5.25]},
								"down": {"uv": [10, 33.25], "uv_size": [0.5, -5.25]}
							}
						},
						{
							"origin": [-1.15333, -4.32038, -4.7],
							"size": [0.6619, 2.3425, 1.25],
							"uv": {
								"north": {"uv": [31, 30], "uv_size": [0.5, 2.25]},
								"east": {"uv": [26, 26], "uv_size": [1.25, 2.25]},
								"south": {"uv": [32, 0], "uv_size": [0.5, 2.25]},
								"west": {"uv": [27, 20], "uv_size": [1.25, 2.25]},
								"up": {"uv": [30, 32], "uv_size": [0.5, 1.25]},
								"down": {"uv": [32, 32.25], "uv_size": [0.5, -1.25]}
							}
						},
						{
							"origin": [-1.15333, -0.57038, -4.7],
							"size": [0.6869, 1.6675, 1.25],
							"uv": {
								"north": {"uv": [31, 26], "uv_size": [0.75, 1.75]},
								"east": {"uv": [26, 29], "uv_size": [1.25, 1.75]},
								"south": {"uv": [27, 31], "uv_size": [0.75, 1.75]},
								"west": {"uv": [28, 29], "uv_size": [1.25, 1.75]},
								"up": {"uv": [32, 21], "uv_size": [0.75, 1.25]},
								"down": {"uv": [32, 27.25], "uv_size": [0.75, -1.25]}
							}
						},
						{
							"origin": [-0.96577, -4.7482, -9.95],
							"size": [0.6325, 0.7675, 6.5],
							"pivot": [-0.64952, -4.37695, -20.7],
							"rotation": [0, 0, -45],
							"uv": {
								"north": {"uv": [3, 33], "uv_size": [0.75, 0.75]},
								"east": {"uv": [21, 17], "uv_size": [6.5, 0.75]},
								"south": {"uv": [4, 33], "uv_size": [0.75, 0.75]},
								"west": {"uv": [21, 18], "uv_size": [6.5, 0.75]},
								"up": {"uv": [21, 21], "uv_size": [0.75, 6.5]},
								"down": {"uv": [22, 27.5], "uv_size": [0.75, -6.5]}
							}
						}
					]
				},
				{
					"name": "octagon12",
					"parent": "argus_suppressor",
					"pivot": [0.025, 0.05, -27.675],
					"cubes": [
						{
							"origin": [-0.18211, -0.675, -9.95],
							"size": [0.41421, 0.325, 9.475],
							"pivot": [0.025, 0.05, -26.175],
							"rotation": [0, 0, 45],
							"uv": {
								"north": {"uv": [11, 34], "uv_size": [0.5, 0.25]},
								"east": {"uv": [26, 3], "uv_size": [9.5, 0.25]},
								"south": {"uv": [34, 11], "uv_size": [0.5, 0.25]},
								"west": {"uv": [28, 8], "uv_size": [9.5, 0.25]},
								"up": {"uv": [2, 23], "uv_size": [0.5, 9.5]},
								"down": {"uv": [3, 32.5], "uv_size": [0.5, -9.5]}
							}
						},
						{
							"origin": [-0.18211, 0.45, -9.95],
							"size": [0.41421, 0.325, 9.475],
							"pivot": [0.025, 0.05, -26.175],
							"rotation": [0, 0, 45],
							"uv": {
								"north": {"uv": [12, 34], "uv_size": [0.5, 0.25]},
								"east": {"uv": [28, 9], "uv_size": [9.5, 0.25]},
								"south": {"uv": [34, 12], "uv_size": [0.5, 0.25]},
								"west": {"uv": [28, 10], "uv_size": [9.5, 0.25]},
								"up": {"uv": [4, 23], "uv_size": [0.5, 9.5]},
								"down": {"uv": [5, 32.5], "uv_size": [0.5, -9.5]}
							}
						},
						{
							"origin": [-0.18211, -0.45, -9.95],
							"size": [0.41421, 0.1, 9.475],
							"uv": {
								"north": {"uv": [13, 34], "uv_size": [0.5, 0.25]},
								"east": {"uv": [28, 17], "uv_size": [9.5, 0.25]},
								"south": {"uv": [34, 13], "uv_size": [0.5, 0.25]},
								"west": {"uv": [28, 18], "uv_size": [9.5, 0.25]},
								"up": {"uv": [6, 23], "uv_size": [0.5, 9.5]},
								"down": {"uv": [13, 32.5], "uv_size": [0.5, -9.5]}
							}
						},
						{
							"origin": [-0.18211, 0.45, -9.95],
							"size": [0.41421, 0.1, 9.475],
							"uv": {
								"north": {"uv": [14, 34], "uv_size": [0.5, 0.25]},
								"east": {"uv": [28, 24], "uv_size": [9.5, 0.25]},
								"south": {"uv": [34, 14], "uv_size": [0.5, 0.25]},
								"west": {"uv": [28, 25], "uv_size": [9.5, 0.25]},
								"up": {"uv": [14, 23], "uv_size": [0.5, 9.5]},
								"down": {"uv": [23, 30.5], "uv_size": [0.5, -9.5]}
							}
						},
						{
							"origin": [0.425, -0.15711, -9.95],
							"size": [0.3, 0.41421, 9.475],
							"pivot": [0.025, 0.05, -26.175],
							"rotation": [0, 0, 45],
							"uv": {
								"north": {"uv": [15, 34], "uv_size": [0.25, 0.5]},
								"east": {"uv": [21, 19], "uv_size": [9.5, 0.5]},
								"south": {"uv": [34, 15], "uv_size": [0.25, 0.5]},
								"west": {"uv": [22, 0], "uv_size": [9.5, 0.5]},
								"up": {"uv": [17, 28], "uv_size": [0.25, 9.5]},
								"down": {"uv": [18, 37.5], "uv_size": [0.25, -9.5]}
							}
						},
						{
							"origin": [-0.825, -0.15711, -9.95],
							"size": [0.45, 0.41421, 9.475],
							"pivot": [0.025, 0.05, -26.175],
							"rotation": [0, 0, 45],
							"uv": {
								"north": {"uv": [9, 34], "uv_size": [0.5, 0.5]},
								"east": {"uv": [22, 1], "uv_size": [9.5, 0.5]},
								"south": {"uv": [10, 34], "uv_size": [0.5, 0.5]},
								"west": {"uv": [22, 2], "uv_size": [9.5, 0.5]},
								"up": {"uv": [15, 24], "uv_size": [0.5, 9.5]},
								"down": {"uv": [16, 33.5], "uv_size": [0.5, -9.5]}
							}
						},
						{
							"origin": [0.425, -0.28211, -9.95],
							"size": [0.125, 0.58921, 9.475],
							"uv": {
								"north": {"uv": [16, 34], "uv_size": [0.25, 0.5]},
								"east": {"uv": [22, 4], "uv_size": [9.5, 0.5]},
								"south": {"uv": [34, 16], "uv_size": [0.25, 0.5]},
								"west": {"uv": [22, 5], "uv_size": [9.5, 0.5]},
								"up": {"uv": [19, 28], "uv_size": [0.25, 9.5]},
								"down": {"uv": [20, 37.5], "uv_size": [0.25, -9.5]}
							}
						},
						{
							"origin": [-0.5, -0.25711, -9.95],
							"size": [0.125, 0.56421, 9.475],
							"uv": {
								"north": {"uv": [34, 19], "uv_size": [0.25, 0.5]},
								"east": {"uv": [22, 6], "uv_size": [9.5, 0.5]},
								"south": {"uv": [34, 20], "uv_size": [0.25, 0.5]},
								"west": {"uv": [22, 7], "uv_size": [9.5, 0.5]},
								"up": {"uv": [21, 28], "uv_size": [0.25, 9.5]},
								"down": {"uv": [22, 37.5], "uv_size": [0.25, -9.5]}
							}
						}
					]
				}
			]
		}
	]
}