{
	"format_version": "1.12.0",
	"minecraft:geometry": [
		{
			"description": {
				"identifier": "geometry.DSR50_silencer",
				"texture_width": 24,
				"texture_height": 24,
				"visible_bounds_width": 3,
				"visible_bounds_height": 1.5,
				"visible_bounds_offset": [0, 0.25, 0]
			},
			"bones": [
				{
					"name": "muzzle_monolithic_silencer",
					"pivot": [0, 0, 0]
				},
				{
					"name": "hexadecagon",
					"parent": "muzzle_monolithic_silencer",
					"pivot": [0, 0, -9.4]
				},
				{
					"name": "bone",
					"parent": "hexadecagon",
					"pivot": [0, -0.0204, -13.872],
					"cubes": [
						{
							"origin": [-1.224, -0.26387, -0.532],
							"size": [2.448, 0.48694, 0.5],
							"pivot": [0, -0.0204, -13.872],
							"rotation": [0, 0, 22.5],
							"uv": {
								"north": {"uv": [0, 0], "uv_size": [2.5, 0.5]},
								"east": {"uv": [16, 16], "uv_size": [0.5, 0.5]},
								"south": {"uv": [0, 1], "uv_size": [2.5, 0.5]},
								"west": {"uv": [0, 17], "uv_size": [0.5, 0.5]},
								"up": {"uv": [0, 2], "uv_size": [2.5, 0.5]},
								"down": {"uv": [0, 3.5], "uv_size": [2.5, -0.5]}
							}
						},
						{
							"origin": [-0.24347, -1.2444, -0.532],
							"size": [0.48694, 2.448, 0.5],
							"pivot": [0, -0.0204, -13.872],
							"rotation": [0, 0, -45],
							"uv": {
								"north": {"uv": [3, 0], "uv_size": [0.5, 2.5]},
								"east": {"uv": [3, 3], "uv_size": [0.5, 2.5]},
								"south": {"uv": [0, 4], "uv_size": [0.5, 2.5]},
								"west": {"uv": [4, 0], "uv_size": [0.5, 2.5]},
								"up": {"uv": [17, 0], "uv_size": [0.5, 0.5]},
								"down": {"uv": [1, 17.5], "uv_size": [0.5, -0.5]}
							}
						},
						{
							"origin": [-0.24347, -1.2444, -0.532],
							"size": [0.48694, 2.448, 0.5],
							"pivot": [0, -0.0204, -13.872],
							"rotation": [0, 0, -22.5],
							"uv": {
								"north": {"uv": [1, 4], "uv_size": [0.5, 2.5]},
								"east": {"uv": [2, 4], "uv_size": [0.5, 2.5]},
								"south": {"uv": [4, 3], "uv_size": [0.5, 2.5]},
								"west": {"uv": [5, 0], "uv_size": [0.5, 2.5]},
								"up": {"uv": [17, 1], "uv_size": [0.5, 0.5]},
								"down": {"uv": [2, 17.5], "uv_size": [0.5, -0.5]}
							}
						},
						{
							"origin": [-0.24347, -1.2444, -0.532],
							"size": [0.48694, 2.448, 0.5],
							"uv": {
								"north": {"uv": [5, 3], "uv_size": [0.5, 2.5]},
								"east": {"uv": [6, 0], "uv_size": [0.5, 2.5]},
								"south": {"uv": [3, 6], "uv_size": [0.5, 2.5]},
								"west": {"uv": [6, 3], "uv_size": [0.5, 2.5]},
								"up": {"uv": [17, 2], "uv_size": [0.5, 0.5]},
								"down": {"uv": [3, 17.5], "uv_size": [0.5, -0.5]}
							}
						},
						{
							"origin": [-0.24347, -1.2444, -0.532],
							"size": [0.48694, 2.448, 0.5],
							"pivot": [0, -0.0204, -13.872],
							"rotation": [0, 0, 22.5],
							"uv": {
								"north": {"uv": [4, 6], "uv_size": [0.5, 2.5]},
								"east": {"uv": [5, 6], "uv_size": [0.5, 2.5]},
								"south": {"uv": [6, 6], "uv_size": [0.5, 2.5]},
								"west": {"uv": [0, 7], "uv_size": [0.5, 2.5]},
								"up": {"uv": [17, 3], "uv_size": [0.5, 0.5]},
								"down": {"uv": [4, 17.5], "uv_size": [0.5, -0.5]}
							}
						},
						{
							"origin": [-0.24347, -1.2444, -0.532],
							"size": [0.48694, 2.448, 0.5],
							"pivot": [0, -0.0204, -13.872],
							"rotation": [0, 0, 45],
							"uv": {
								"north": {"uv": [7, 0], "uv_size": [0.5, 2.5]},
								"east": {"uv": [1, 7], "uv_size": [0.5, 2.5]},
								"south": {"uv": [2, 7], "uv_size": [0.5, 2.5]},
								"west": {"uv": [7, 3], "uv_size": [0.5, 2.5]},
								"up": {"uv": [17, 4], "uv_size": [0.5, 0.5]},
								"down": {"uv": [5, 17.5], "uv_size": [0.5, -0.5]}
							}
						},
						{
							"origin": [-1.224, -0.26387, -0.532],
							"size": [2.448, 0.48694, 0.5],
							"pivot": [0, -0.0204, -13.872],
							"rotation": [0, 0, -22.5],
							"uv": {
								"north": {"uv": [7, 6], "uv_size": [2.5, 0.5]},
								"east": {"uv": [17, 5], "uv_size": [0.5, 0.5]},
								"south": {"uv": [7, 7], "uv_size": [2.5, 0.5]},
								"west": {"uv": [6, 17], "uv_size": [0.5, 0.5]},
								"up": {"uv": [8, 0], "uv_size": [2.5, 0.5]},
								"down": {"uv": [8, 1.5], "uv_size": [2.5, -0.5]}
							}
						},
						{
							"origin": [-1.224, -0.26387, -0.532],
							"size": [2.448, 0.48694, 0.5],
							"uv": {
								"north": {"uv": [8, 2], "uv_size": [2.5, 0.5]},
								"east": {"uv": [17, 6], "uv_size": [0.5, 0.5]},
								"south": {"uv": [8, 3], "uv_size": [2.5, 0.5]},
								"west": {"uv": [7, 17], "uv_size": [0.5, 0.5]},
								"up": {"uv": [8, 4], "uv_size": [2.5, 0.5]},
								"down": {"uv": [8, 5.5], "uv_size": [2.5, -0.5]}
							}
						}
					]
				},
				{
					"name": "bone2",
					"parent": "bone",
					"pivot": [0, -0.0204, -14.472],
					"cubes": [
						{
							"origin": [-1.224, -0.26387, -10.557],
							"size": [2.448, 0.48694, 9.925],
							"pivot": [0, -0.0204, -14.472],
							"rotation": [0, 0, 22.5],
							"uv": {
								"north": {"uv": [0, 0], "uv_size": [2.5, 0.5]},
								"east": {"uv": [16, 16], "uv_size": [0.5, 0.5]},
								"south": {"uv": [0, 1], "uv_size": [2.5, 0.5]},
								"west": {"uv": [0, 17], "uv_size": [0.5, 0.5]},
								"up": {"uv": [2.5, 2.5], "uv_size": [-2.5, -0.5]},
								"down": {"uv": [2.5, 3.5], "uv_size": [-2.5, -0.5]}
							}
						},
						{
							"origin": [-0.24347, -1.2444, -10.557],
							"size": [0.48694, 2.448, 9.925],
							"pivot": [0, -0.0204, -14.472],
							"rotation": [0, 0, -45],
							"uv": {
								"north": {"uv": [3, 0], "uv_size": [0.5, 2.5]},
								"east": {"uv": [3, 3], "uv_size": [0.5, 2.5]},
								"south": {"uv": [0, 4], "uv_size": [0.5, 2.5]},
								"west": {"uv": [4, 0], "uv_size": [0.5, 2.5]},
								"up": {"uv": [17.5, 0.5], "uv_size": [-0.5, -0.5]},
								"down": {"uv": [1.5, 17.5], "uv_size": [-0.5, -0.5]}
							}
						},
						{
							"origin": [-0.24347, -1.2444, -10.557],
							"size": [0.48694, 2.448, 9.925],
							"pivot": [0, -0.0204, -14.472],
							"rotation": [0, 0, -22.5],
							"uv": {
								"north": {"uv": [1, 4], "uv_size": [0.5, 2.5]},
								"east": {"uv": [2, 4], "uv_size": [0.5, 2.5]},
								"south": {"uv": [4, 3], "uv_size": [0.5, 2.5]},
								"west": {"uv": [5, 0], "uv_size": [0.5, 2.5]},
								"up": {"uv": [17.5, 1.5], "uv_size": [-0.5, -0.5]},
								"down": {"uv": [2.5, 17.5], "uv_size": [-0.5, -0.5]}
							}
						},
						{
							"origin": [-0.24347, -1.2444, -10.557],
							"size": [0.48694, 2.448, 9.925],
							"uv": {
								"north": {"uv": [5, 3], "uv_size": [0.5, 2.5]},
								"east": {"uv": [6, 0], "uv_size": [0.5, 2.5]},
								"south": {"uv": [3, 6], "uv_size": [0.5, 2.5]},
								"west": {"uv": [6, 3], "uv_size": [0.5, 2.5]},
								"up": {"uv": [17.5, 2.5], "uv_size": [-0.5, -0.5]},
								"down": {"uv": [3.5, 17.5], "uv_size": [-0.5, -0.5]}
							}
						},
						{
							"origin": [-0.24347, -1.2444, -10.557],
							"size": [0.48694, 2.448, 9.925],
							"pivot": [0, -0.0204, -14.472],
							"rotation": [0, 0, 22.5],
							"uv": {
								"north": {"uv": [4, 6], "uv_size": [0.5, 2.5]},
								"east": {"uv": [5, 6], "uv_size": [0.5, 2.5]},
								"south": {"uv": [6, 6], "uv_size": [0.5, 2.5]},
								"west": {"uv": [0, 7], "uv_size": [0.5, 2.5]},
								"up": {"uv": [17.5, 3.5], "uv_size": [-0.5, -0.5]},
								"down": {"uv": [4.5, 17.5], "uv_size": [-0.5, -0.5]}
							}
						},
						{
							"origin": [-0.24347, -1.2444, -10.557],
							"size": [0.48694, 2.448, 9.925],
							"pivot": [0, -0.0204, -14.472],
							"rotation": [0, 0, 45],
							"uv": {
								"north": {"uv": [7, 0], "uv_size": [0.5, 2.5]},
								"east": {"uv": [1, 7], "uv_size": [0.5, 2.5]},
								"south": {"uv": [2, 7], "uv_size": [0.5, 2.5]},
								"west": {"uv": [7, 3], "uv_size": [0.5, 2.5]},
								"up": {"uv": [17.5, 4.5], "uv_size": [-0.5, -0.5]},
								"down": {"uv": [5.5, 17.5], "uv_size": [-0.5, -0.5]}
							}
						},
						{
							"origin": [-1.224, -0.26387, -10.557],
							"size": [2.448, 0.48694, 9.925],
							"pivot": [0, -0.0204, -14.472],
							"rotation": [0, 0, -22.5],
							"uv": {
								"north": {"uv": [7, 6], "uv_size": [2.5, 0.5]},
								"east": {"uv": [17, 5], "uv_size": [0.5, 0.5]},
								"south": {"uv": [7, 7], "uv_size": [2.5, 0.5]},
								"west": {"uv": [6, 17], "uv_size": [0.5, 0.5]},
								"up": {"uv": [10.5, 0.5], "uv_size": [-2.5, -0.5]},
								"down": {"uv": [10.5, 1.5], "uv_size": [-2.5, -0.5]}
							}
						},
						{
							"origin": [-1.224, -0.26387, -10.557],
							"size": [2.448, 0.48694, 9.925],
							"uv": {
								"north": {"uv": [8, 2], "uv_size": [2.5, 0.5]},
								"east": {"uv": [17, 6], "uv_size": [0.5, 0.5]},
								"south": {"uv": [8, 3], "uv_size": [2.5, 0.5]},
								"west": {"uv": [7, 17], "uv_size": [0.5, 0.5]},
								"up": {"uv": [10.5, 4.5], "uv_size": [-2.5, -0.5]},
								"down": {"uv": [10.5, 5.5], "uv_size": [-2.5, -0.5]}
							}
						}
					]
				},
				{
					"name": "bone4",
					"parent": "hexadecagon",
					"pivot": [0, -0.0204, -3.247],
					"cubes": [
						{
							"origin": [-0.2313, -1.18218, -0.7154],
							"size": [0.46259, 2.3256, 0.195],
							"pivot": [0, -0.01938, -0.6679],
							"rotation": [0, 0, -45],
							"uv": {
								"north": {"uv": [7, 8], "uv_size": [0.5, 2.5]},
								"east": {"uv": [8, 8], "uv_size": [0.5, 2.5]},
								"south": {"uv": [3, 9], "uv_size": [0.5, 2.5]},
								"west": {"uv": [4, 9], "uv_size": [0.5, 2.5]},
								"up": {"uv": [17, 7], "uv_size": [0.5, 0.5]},
								"down": {"uv": [8, 17.5], "uv_size": [0.5, -0.5]}
							}
						},
						{
							"origin": [-0.2313, -1.18218, -0.7154],
							"size": [0.46259, 2.3256, 0.195],
							"pivot": [0, -0.01938, -0.6679],
							"rotation": [0, 0, -22.5],
							"uv": {
								"north": {"uv": [5, 9], "uv_size": [0.5, 2.5]},
								"east": {"uv": [6, 9], "uv_size": [0.5, 2.5]},
								"south": {"uv": [9, 8], "uv_size": [0.5, 2.5]},
								"west": {"uv": [0, 10], "uv_size": [0.5, 2.5]},
								"up": {"uv": [17, 8], "uv_size": [0.5, 0.5]},
								"down": {"uv": [9, 17.5], "uv_size": [0.5, -0.5]}
							}
						},
						{
							"origin": [-0.2313, -1.18218, -0.7154],
							"size": [0.46259, 2.3256, 0.195],
							"uv": {
								"north": {"uv": [1, 10], "uv_size": [0.5, 2.5]},
								"east": {"uv": [2, 10], "uv_size": [0.5, 2.5]},
								"south": {"uv": [10, 6], "uv_size": [0.5, 2.5]},
								"west": {"uv": [10, 9], "uv_size": [0.5, 2.5]},
								"up": {"uv": [17, 9], "uv_size": [0.5, 0.5]},
								"down": {"uv": [10, 17.5], "uv_size": [0.5, -0.5]}
							}
						},
						{
							"origin": [-0.2313, -1.18218, -0.7154],
							"size": [0.46259, 2.3256, 0.195],
							"pivot": [0, -0.01938, -0.6679],
							"rotation": [0, 0, 22.5],
							"uv": {
								"north": {"uv": [11, 0], "uv_size": [0.5, 2.5]},
								"east": {"uv": [11, 3], "uv_size": [0.5, 2.5]},
								"south": {"uv": [11, 6], "uv_size": [0.5, 2.5]},
								"west": {"uv": [7, 11], "uv_size": [0.5, 2.5]},
								"up": {"uv": [17, 10], "uv_size": [0.5, 0.5]},
								"down": {"uv": [11, 17.5], "uv_size": [0.5, -0.5]}
							}
						},
						{
							"origin": [-0.2313, -1.18218, -0.7154],
							"size": [0.46259, 2.3256, 0.195],
							"pivot": [0, -0.01938, -0.6679],
							"rotation": [0, 0, 45],
							"uv": {
								"north": {"uv": [8, 11], "uv_size": [0.5, 2.5]},
								"east": {"uv": [9, 11], "uv_size": [0.5, 2.5]},
								"south": {"uv": [11, 9], "uv_size": [0.5, 2.5]},
								"west": {"uv": [12, 0], "uv_size": [0.5, 2.5]},
								"up": {"uv": [17, 11], "uv_size": [0.5, 0.5]},
								"down": {"uv": [12, 17.5], "uv_size": [0.5, -0.5]}
							}
						},
						{
							"origin": [-1.1628, -0.25068, -0.7154],
							"size": [2.3256, 0.46259, 0.195],
							"pivot": [0, -0.01938, -0.6679],
							"rotation": [0, 0, -22.5],
							"uv": {
								"north": {"uv": [3, 12], "uv_size": [2.5, 0.5]},
								"east": {"uv": [17, 12], "uv_size": [0.5, 0.5]},
								"south": {"uv": [12, 3], "uv_size": [2.5, 0.5]},
								"west": {"uv": [13, 17], "uv_size": [0.5, 0.5]},
								"up": {"uv": [12, 4], "uv_size": [2.5, 0.5]},
								"down": {"uv": [12, 5.5], "uv_size": [2.5, -0.5]}
							}
						},
						{
							"origin": [-1.1628, -0.25068, -0.7154],
							"size": [2.3256, 0.46259, 0.195],
							"uv": {
								"north": {"uv": [12, 6], "uv_size": [2.5, 0.5]},
								"east": {"uv": [17, 13], "uv_size": [0.5, 0.5]},
								"south": {"uv": [12, 7], "uv_size": [2.5, 0.5]},
								"west": {"uv": [14, 17], "uv_size": [0.5, 0.5]},
								"up": {"uv": [12, 8], "uv_size": [2.5, 0.5]},
								"down": {"uv": [12, 9.5], "uv_size": [2.5, -0.5]}
							}
						},
						{
							"origin": [-1.1628, -0.25068, -0.7154],
							"size": [2.3256, 0.46259, 0.195],
							"pivot": [0, -0.01938, -0.6679],
							"rotation": [0, 0, 22.5],
							"uv": {
								"north": {"uv": [10, 12], "uv_size": [2.5, 0.5]},
								"east": {"uv": [17, 14], "uv_size": [0.5, 0.5]},
								"south": {"uv": [12, 10], "uv_size": [2.5, 0.5]},
								"west": {"uv": [15, 17], "uv_size": [0.5, 0.5]},
								"up": {"uv": [12, 11], "uv_size": [2.5, 0.5]},
								"down": {"uv": [0, 13.5], "uv_size": [2.5, -0.5]}
							}
						}
					]
				},
				{
					"name": "bone3",
					"parent": "hexadecagon",
					"pivot": [0, -0.0204, -13.072],
					"cubes": [
						{
							"origin": [-0.24347, -1.2444, -11.682],
							"size": [0.48694, 0.948, 1.15],
							"pivot": [0, -0.0204, -22.772],
							"rotation": [0, 0, -45],
							"uv": {
								"north": {"uv": [14, 14], "uv_size": [0.5, 1]},
								"east": {"uv": [6, 12], "uv_size": [1, 1]},
								"south": {"uv": [0, 15], "uv_size": [0.5, 1]},
								"west": {"uv": [13, 0], "uv_size": [1, 1]},
								"up": {"uv": [15, 0], "uv_size": [0.5, 1]},
								"down": {"uv": [1, 16], "uv_size": [0.5, -1]}
							}
						},
						{
							"origin": [-0.24347, 0.2556, -11.682],
							"size": [0.48694, 0.948, 1.15],
							"pivot": [0, -0.0204, -22.772],
							"rotation": [0, 0, -45],
							"uv": {
								"north": {"uv": [15, 1], "uv_size": [0.5, 1]},
								"east": {"uv": [13, 1], "uv_size": [1, 1]},
								"south": {"uv": [2, 15], "uv_size": [0.5, 1]},
								"west": {"uv": [13, 2], "uv_size": [1, 1]},
								"up": {"uv": [15, 2], "uv_size": [0.5, 1]},
								"down": {"uv": [3, 16], "uv_size": [0.5, -1]}
							}
						},
						{
							"origin": [-0.24347, -1.2444, -11.682],
							"size": [0.48694, 0.948, 1.15],
							"pivot": [0, -0.0204, -22.772],
							"rotation": [0, 0, -22.5],
							"uv": {
								"north": {"uv": [15, 3], "uv_size": [0.5, 1]},
								"east": {"uv": [3, 13], "uv_size": [1, 1]},
								"south": {"uv": [4, 15], "uv_size": [0.5, 1]},
								"west": {"uv": [4, 13], "uv_size": [1, 1]},
								"up": {"uv": [15, 4], "uv_size": [0.5, 1]},
								"down": {"uv": [5, 16], "uv_size": [0.5, -1]}
							}
						},
						{
							"origin": [-0.24347, 0.2556, -11.682],
							"size": [0.48694, 0.948, 1.15],
							"pivot": [0, -0.0204, -22.772],
							"rotation": [0, 0, -22.5],
							"uv": {
								"north": {"uv": [15, 5], "uv_size": [0.5, 1]},
								"east": {"uv": [5, 13], "uv_size": [1, 1]},
								"south": {"uv": [6, 15], "uv_size": [0.5, 1]},
								"west": {"uv": [6, 13], "uv_size": [1, 1]},
								"up": {"uv": [15, 6], "uv_size": [0.5, 1]},
								"down": {"uv": [7, 16], "uv_size": [0.5, -1]}
							}
						},
						{
							"origin": [-0.24347, -1.2444, -11.682],
							"size": [0.48694, 0.948, 1.15],
							"uv": {
								"north": {"uv": [15, 7], "uv_size": [0.5, 1]},
								"east": {"uv": [10, 13], "uv_size": [1, 1]},
								"south": {"uv": [8, 15], "uv_size": [0.5, 1]},
								"west": {"uv": [11, 13], "uv_size": [1, 1]},
								"up": {"uv": [15, 8], "uv_size": [0.5, 1]},
								"down": {"uv": [9, 16], "uv_size": [0.5, -1]}
							}
						},
						{
							"origin": [-0.24347, 0.2556, -11.682],
							"size": [0.48694, 0.948, 1.15],
							"uv": {
								"north": {"uv": [15, 9], "uv_size": [0.5, 1]},
								"east": {"uv": [12, 13], "uv_size": [1, 1]},
								"south": {"uv": [10, 15], "uv_size": [0.5, 1]},
								"west": {"uv": [13, 12], "uv_size": [1, 1]},
								"up": {"uv": [15, 10], "uv_size": [0.5, 1]},
								"down": {"uv": [11, 16], "uv_size": [0.5, -1]}
							}
						},
						{
							"origin": [-0.24347, 0.2556, -11.682],
							"size": [0.48694, 0.948, 1.15],
							"pivot": [0, -0.0204, -22.772],
							"rotation": [0, 0, 22.5],
							"uv": {
								"north": {"uv": [15, 11], "uv_size": [0.5, 1]},
								"east": {"uv": [13, 13], "uv_size": [1, 1]},
								"south": {"uv": [12, 15], "uv_size": [0.5, 1]},
								"west": {"uv": [0, 14], "uv_size": [1, 1]},
								"up": {"uv": [15, 12], "uv_size": [0.5, 1]},
								"down": {"uv": [13, 16], "uv_size": [0.5, -1]}
							}
						},
						{
							"origin": [-0.24347, -1.2444, -11.682],
							"size": [0.48694, 0.948, 1.15],
							"pivot": [0, -0.0204, -22.772],
							"rotation": [0, 0, 22.5],
							"uv": {
								"north": {"uv": [15, 13], "uv_size": [0.5, 1]},
								"east": {"uv": [14, 0], "uv_size": [1, 1]},
								"south": {"uv": [14, 15], "uv_size": [0.5, 1]},
								"west": {"uv": [1, 14], "uv_size": [1, 1]},
								"up": {"uv": [15, 14], "uv_size": [0.5, 1]},
								"down": {"uv": [15, 16], "uv_size": [0.5, -1]}
							}
						},
						{
							"origin": [-0.24347, 0.2556, -11.682],
							"size": [0.48694, 0.948, 1.15],
							"pivot": [0, -0.0204, -22.772],
							"rotation": [0, 0, 45],
							"uv": {
								"north": {"uv": [0, 16], "uv_size": [0.5, 1]},
								"east": {"uv": [14, 1], "uv_size": [1, 1]},
								"south": {"uv": [16, 0], "uv_size": [0.5, 1]},
								"west": {"uv": [2, 14], "uv_size": [1, 1]},
								"up": {"uv": [1, 16], "uv_size": [0.5, 1]},
								"down": {"uv": [16, 2], "uv_size": [0.5, -1]}
							}
						},
						{
							"origin": [-0.24347, -1.2444, -11.682],
							"size": [0.48694, 0.948, 1.15],
							"pivot": [0, -0.0204, -22.772],
							"rotation": [0, 0, 45],
							"uv": {
								"north": {"uv": [2, 16], "uv_size": [0.5, 1]},
								"east": {"uv": [14, 2], "uv_size": [1, 1]},
								"south": {"uv": [16, 2], "uv_size": [0.5, 1]},
								"west": {"uv": [3, 14], "uv_size": [1, 1]},
								"up": {"uv": [3, 16], "uv_size": [0.5, 1]},
								"down": {"uv": [16, 4], "uv_size": [0.5, -1]}
							}
						},
						{
							"origin": [0.276, -0.26387, -11.682],
							"size": [0.948, 0.48694, 1.15],
							"pivot": [0, -0.0204, -22.772],
							"rotation": [0, 0, -22.5],
							"uv": {
								"north": {"uv": [4, 16], "uv_size": [1, 0.5]},
								"east": {"uv": [16, 4], "uv_size": [1, 0.5]},
								"south": {"uv": [5, 16], "uv_size": [1, 0.5]},
								"west": {"uv": [16, 5], "uv_size": [1, 0.5]},
								"up": {"uv": [4, 14], "uv_size": [1, 1]},
								"down": {"uv": [5, 15], "uv_size": [1, -1]}
							}
						},
						{
							"origin": [-1.224, -0.26387, -11.682],
							"size": [0.948, 0.48694, 1.15],
							"pivot": [0, -0.0204, -22.772],
							"rotation": [0, 0, -22.5],
							"uv": {
								"north": {"uv": [6, 16], "uv_size": [1, 0.5]},
								"east": {"uv": [16, 6], "uv_size": [1, 0.5]},
								"south": {"uv": [7, 16], "uv_size": [1, 0.5]},
								"west": {"uv": [16, 7], "uv_size": [1, 0.5]},
								"up": {"uv": [6, 14], "uv_size": [1, 1]},
								"down": {"uv": [7, 15], "uv_size": [1, -1]}
							}
						},
						{
							"origin": [0.276, -0.26387, -11.682],
							"size": [0.948, 0.48694, 1.15],
							"uv": {
								"north": {"uv": [8, 16], "uv_size": [1, 0.5]},
								"east": {"uv": [16, 8], "uv_size": [1, 0.5]},
								"south": {"uv": [9, 16], "uv_size": [1, 0.5]},
								"west": {"uv": [16, 9], "uv_size": [1, 0.5]},
								"up": {"uv": [8, 14], "uv_size": [1, 1]},
								"down": {"uv": [9, 15], "uv_size": [1, -1]}
							}
						},
						{
							"origin": [-1.224, -0.26387, -11.682],
							"size": [0.948, 0.48694, 1.15],
							"uv": {
								"north": {"uv": [10, 16], "uv_size": [1, 0.5]},
								"east": {"uv": [16, 10], "uv_size": [1, 0.5]},
								"south": {"uv": [11, 16], "uv_size": [1, 0.5]},
								"west": {"uv": [16, 11], "uv_size": [1, 0.5]},
								"up": {"uv": [10, 14], "uv_size": [1, 1]},
								"down": {"uv": [11, 15], "uv_size": [1, -1]}
							}
						},
						{
							"origin": [0.276, -0.26387, -11.682],
							"size": [0.948, 0.48694, 1.15],
							"pivot": [0, -0.0204, -22.772],
							"rotation": [0, 0, 22.5],
							"uv": {
								"north": {"uv": [12, 16], "uv_size": [1, 0.5]},
								"east": {"uv": [16, 12], "uv_size": [1, 0.5]},
								"south": {"uv": [13, 16], "uv_size": [1, 0.5]},
								"west": {"uv": [16, 13], "uv_size": [1, 0.5]},
								"up": {"uv": [12, 14], "uv_size": [1, 1]},
								"down": {"uv": [14, 13], "uv_size": [1, -1]}
							}
						},
						{
							"origin": [-1.224, -0.26387, -11.682],
							"size": [0.948, 0.48694, 1.15],
							"pivot": [0, -0.0204, -22.772],
							"rotation": [0, 0, 22.5],
							"uv": {
								"north": {"uv": [14, 16], "uv_size": [1, 0.5]},
								"east": {"uv": [16, 14], "uv_size": [1, 0.5]},
								"south": {"uv": [15, 16], "uv_size": [1, 0.5]},
								"west": {"uv": [16, 15], "uv_size": [1, 0.5]},
								"up": {"uv": [13, 14], "uv_size": [1, 1]},
								"down": {"uv": [14, 14], "uv_size": [1, -1]}
							}
						}
					]
				}
			]
		}
	]
}