{
	"format_version": "1.12.0",
	"minecraft:geometry": [
		{
			"description": {
				"identifier": "geometry.DSR50_silencer",
				"texture_width": 64,
				"texture_height": 64,
				"visible_bounds_width": 3,
				"visible_bounds_height": 1.5,
				"visible_bounds_offset": [0, 0.25, 0]
			},
			"bones": [
				{
					"name": "dsr50_silencer",
					"pivot": [0, 0, 0]
				},
				{
					"name": "hexadecagon",
					"parent": "dsr50_silencer",
					"pivot": [0, 0, -9.4],
					"cubes": [
						{
							"origin": [-0.24347, -1.2444, -11.282],
							"size": [0.48694, 2.448, 9.65],
							"pivot": [0, -0.0204, -13.872],
							"rotation": [0, 0, -45],
							"uv": {
								"north": {"uv": [8, 28], "uv_size": [0.5, 2.5]},
								"east": {"uv": [0, 0], "uv_size": [9.5, 2.5]},
								"south": {"uv": [9, 28], "uv_size": [0.5, 2.5]},
								"west": {"uv": [0, 3], "uv_size": [9.5, 2.5]},
								"up": {"uv": [18, 15], "uv_size": [0.5, 9.5]},
								"down": {"uv": [19, 24.5], "uv_size": [0.5, -9.5]}
							}
						},
						{
							"origin": [-0.24347, -1.2444, -11.282],
							"size": [0.48694, 2.448, 9.65],
							"pivot": [0, -0.0204, -13.872],
							"rotation": [0, 0, -22.5],
							"uv": {
								"north": {"uv": [28, 9], "uv_size": [0.5, 2.5]},
								"east": {"uv": [0, 6], "uv_size": [9.5, 2.5]},
								"south": {"uv": [28, 12], "uv_size": [0.5, 2.5]},
								"west": {"uv": [0, 9], "uv_size": [9.5, 2.5]},
								"up": {"uv": [20, 0], "uv_size": [0.5, 9.5]},
								"down": {"uv": [20, 19.5], "uv_size": [0.5, -9.5]}
							}
						},
						{
							"origin": [-0.24347, -1.2444, -11.282],
							"size": [0.48694, 2.448, 9.65],
							"uv": {
								"north": {"uv": [28, 15], "uv_size": [0.5, 2.5]},
								"east": {"uv": [10, 0], "uv_size": [9.5, 2.5]},
								"south": {"uv": [22, 28], "uv_size": [0.5, 2.5]},
								"west": {"uv": [10, 3], "uv_size": [9.5, 2.5]},
								"up": {"uv": [20, 20], "uv_size": [0.5, 9.5]},
								"down": {"uv": [21, 9.5], "uv_size": [0.5, -9.5]}
							}
						},
						{
							"origin": [-0.24347, -1.2444, -11.282],
							"size": [0.48694, 2.448, 9.65],
							"pivot": [0, -0.0204, -13.872],
							"rotation": [0, 0, 22.5],
							"uv": {
								"north": {"uv": [23, 28], "uv_size": [0.5, 2.5]},
								"east": {"uv": [10, 6], "uv_size": [9.5, 2.5]},
								"south": {"uv": [28, 23], "uv_size": [0.5, 2.5]},
								"west": {"uv": [10, 9], "uv_size": [9.5, 2.5]},
								"up": {"uv": [21, 10], "uv_size": [0.5, 9.5]},
								"down": {"uv": [21, 29.5], "uv_size": [0.5, -9.5]}
							}
						},
						{
							"origin": [-0.24347, -1.2444, -11.282],
							"size": [0.48694, 2.448, 9.65],
							"pivot": [0, -0.0204, -13.872],
							"rotation": [0, 0, 45],
							"uv": {
								"north": {"uv": [24, 28], "uv_size": [0.5, 2.5]},
								"east": {"uv": [0, 12], "uv_size": [9.5, 2.5]},
								"south": {"uv": [28, 26], "uv_size": [0.5, 2.5]},
								"west": {"uv": [10, 12], "uv_size": [9.5, 2.5]},
								"up": {"uv": [22, 0], "uv_size": [0.5, 9.5]},
								"down": {"uv": [22, 19.5], "uv_size": [0.5, -9.5]}
							}
						},
						{
							"origin": [-1.224, -0.26387, -11.282],
							"size": [2.448, 0.48694, 9.65],
							"pivot": [0, -0.0204, -13.872],
							"rotation": [0, 0, -22.5],
							"uv": {
								"north": {"uv": [25, 19], "uv_size": [2.5, 0.5]},
								"east": {"uv": [22, 20], "uv_size": [9.5, 0.5]},
								"south": {"uv": [28, 18], "uv_size": [2.5, 0.5]},
								"west": {"uv": [22, 21], "uv_size": [9.5, 0.5]},
								"up": {"uv": [0, 15], "uv_size": [2.5, 9.5]},
								"down": {"uv": [3, 24.5], "uv_size": [2.5, -9.5]}
							}
						},
						{
							"origin": [-1.224, -0.26387, -11.282],
							"size": [2.448, 0.48694, 9.65],
							"uv": {
								"north": {"uv": [28, 19], "uv_size": [2.5, 0.5]},
								"east": {"uv": [22, 22], "uv_size": [9.5, 0.5]},
								"south": {"uv": [29, 3], "uv_size": [2.5, 0.5]},
								"west": {"uv": [23, 0], "uv_size": [9.5, 0.5]},
								"up": {"uv": [6, 15], "uv_size": [2.5, 9.5]},
								"down": {"uv": [9, 24.5], "uv_size": [2.5, -9.5]}
							}
						},
						{
							"origin": [-1.224, -0.26387, -11.282],
							"size": [2.448, 0.48694, 9.65],
							"pivot": [0, -0.0204, -13.872],
							"rotation": [0, 0, 22.5],
							"uv": {
								"north": {"uv": [29, 4], "uv_size": [2.5, 0.5]},
								"east": {"uv": [23, 1], "uv_size": [9.5, 0.5]},
								"south": {"uv": [29, 5], "uv_size": [2.5, 0.5]},
								"west": {"uv": [23, 2], "uv_size": [9.5, 0.5]},
								"up": {"uv": [12, 15], "uv_size": [2.5, 9.5]},
								"down": {"uv": [15, 24.5], "uv_size": [2.5, -9.5]}
							}
						}
					]
				},
				{
					"name": "bone4",
					"parent": "hexadecagon",
					"pivot": [0, -0.0204, -13.872],
					"cubes": [
						{
							"origin": [-0.2313, -1.18218, -11.3404],
							"size": [0.46259, 2.3256, 0.195],
							"pivot": [0, -0.01938, -11.2929],
							"rotation": [0, 0, -45],
							"uv": {
								"north": {"uv": [29, 6], "uv_size": [0.5, 2.5]},
								"east": {"uv": [29, 9], "uv_size": [0.5, 2.5]},
								"south": {"uv": [10, 29], "uv_size": [0.5, 2.5]},
								"west": {"uv": [11, 29], "uv_size": [0.5, 2.5]},
								"up": {"uv": [17, 33], "uv_size": [0.5, 0.5]},
								"down": {"uv": [33, 17.5], "uv_size": [0.5, -0.5]}
							}
						},
						{
							"origin": [-0.2313, -1.18218, -11.3404],
							"size": [0.46259, 2.3256, 0.195],
							"pivot": [0, -0.01938, -11.2929],
							"rotation": [0, 0, -22.5],
							"uv": {
								"north": {"uv": [12, 29], "uv_size": [0.5, 2.5]},
								"east": {"uv": [29, 12], "uv_size": [0.5, 2.5]},
								"south": {"uv": [13, 29], "uv_size": [0.5, 2.5]},
								"west": {"uv": [14, 29], "uv_size": [0.5, 2.5]},
								"up": {"uv": [18, 33], "uv_size": [0.5, 0.5]},
								"down": {"uv": [33, 18.5], "uv_size": [0.5, -0.5]}
							}
						},
						{
							"origin": [-0.2313, -1.18218, -11.3404],
							"size": [0.46259, 2.3256, 0.195],
							"uv": {
								"north": {"uv": [15, 29], "uv_size": [0.5, 2.5]},
								"east": {"uv": [29, 15], "uv_size": [0.5, 2.5]},
								"south": {"uv": [16, 29], "uv_size": [0.5, 2.5]},
								"west": {"uv": [17, 29], "uv_size": [0.5, 2.5]},
								"up": {"uv": [19, 33], "uv_size": [0.5, 0.5]},
								"down": {"uv": [33, 19.5], "uv_size": [0.5, -0.5]}
							}
						},
						{
							"origin": [-0.2313, -1.18218, -11.3404],
							"size": [0.46259, 2.3256, 0.195],
							"pivot": [0, -0.01938, -11.2929],
							"rotation": [0, 0, 22.5],
							"uv": {
								"north": {"uv": [18, 29], "uv_size": [0.5, 2.5]},
								"east": {"uv": [19, 29], "uv_size": [0.5, 2.5]},
								"south": {"uv": [29, 23], "uv_size": [0.5, 2.5]},
								"west": {"uv": [25, 29], "uv_size": [0.5, 2.5]},
								"up": {"uv": [20, 33], "uv_size": [0.5, 0.5]},
								"down": {"uv": [33, 20.5], "uv_size": [0.5, -0.5]}
							}
						},
						{
							"origin": [-0.2313, -1.18218, -11.3404],
							"size": [0.46259, 2.3256, 0.195],
							"pivot": [0, -0.01938, -11.2929],
							"rotation": [0, 0, 45],
							"uv": {
								"north": {"uv": [26, 29], "uv_size": [0.5, 2.5]},
								"east": {"uv": [29, 26], "uv_size": [0.5, 2.5]},
								"south": {"uv": [27, 29], "uv_size": [0.5, 2.5]},
								"west": {"uv": [28, 29], "uv_size": [0.5, 2.5]},
								"up": {"uv": [21, 33], "uv_size": [0.5, 0.5]},
								"down": {"uv": [33, 21.5], "uv_size": [0.5, -0.5]}
							}
						},
						{
							"origin": [-1.1628, -0.25068, -11.3404],
							"size": [2.3256, 0.46259, 0.195],
							"pivot": [0, -0.01938, -11.2929],
							"rotation": [0, 0, -22.5],
							"uv": {
								"north": {"uv": [29, 29], "uv_size": [2.5, 0.5]},
								"east": {"uv": [22, 33], "uv_size": [0.5, 0.5]},
								"south": {"uv": [0, 30], "uv_size": [2.5, 0.5]},
								"west": {"uv": [33, 22], "uv_size": [0.5, 0.5]},
								"up": {"uv": [3, 30], "uv_size": [2.5, 0.5]},
								"down": {"uv": [30, 6.5], "uv_size": [2.5, -0.5]}
							}
						},
						{
							"origin": [-1.1628, -0.25068, -11.3404],
							"size": [2.3256, 0.46259, 0.195],
							"uv": {
								"north": {"uv": [30, 7], "uv_size": [2.5, 0.5]},
								"east": {"uv": [23, 33], "uv_size": [0.5, 0.5]},
								"south": {"uv": [30, 8], "uv_size": [2.5, 0.5]},
								"west": {"uv": [33, 23], "uv_size": [0.5, 0.5]},
								"up": {"uv": [30, 9], "uv_size": [2.5, 0.5]},
								"down": {"uv": [30, 10.5], "uv_size": [2.5, -0.5]}
							}
						},
						{
							"origin": [-1.1628, -0.25068, -11.3404],
							"size": [2.3256, 0.46259, 0.195],
							"pivot": [0, -0.01938, -11.2929],
							"rotation": [0, 0, 22.5],
							"uv": {
								"north": {"uv": [30, 11], "uv_size": [2.5, 0.5]},
								"east": {"uv": [24, 33], "uv_size": [0.5, 0.5]},
								"south": {"uv": [30, 12], "uv_size": [2.5, 0.5]},
								"west": {"uv": [33, 24], "uv_size": [0.5, 0.5]},
								"up": {"uv": [30, 13], "uv_size": [2.5, 0.5]},
								"down": {"uv": [30, 14.5], "uv_size": [2.5, -0.5]}
							}
						}
					]
				},
				{
					"name": "bone3",
					"parent": "hexadecagon",
					"pivot": [0, -0.0204, -13.872],
					"cubes": [
						{
							"origin": [-0.24347, -1.2444, -12.482],
							"size": [0.48694, 0.948, 1.15],
							"pivot": [0, -0.0204, -23.572],
							"rotation": [0, 0, -45],
							"uv": {
								"north": {"uv": [14, 32], "uv_size": [0.5, 1]},
								"east": {"uv": [6, 30], "uv_size": [1, 1]},
								"south": {"uv": [15, 32], "uv_size": [0.5, 1]},
								"west": {"uv": [7, 30], "uv_size": [1, 1]},
								"up": {"uv": [32, 15], "uv_size": [0.5, 1]},
								"down": {"uv": [16, 33], "uv_size": [0.5, -1]}
							}
						},
						{
							"origin": [-0.24347, 0.2556, -12.482],
							"size": [0.48694, 0.948, 1.15],
							"pivot": [0, -0.0204, -23.572],
							"rotation": [0, 0, -45],
							"uv": {
								"north": {"uv": [32, 16], "uv_size": [0.5, 1]},
								"east": {"uv": [30, 15], "uv_size": [1, 1]},
								"south": {"uv": [17, 32], "uv_size": [0.5, 1]},
								"west": {"uv": [30, 16], "uv_size": [1, 1]},
								"up": {"uv": [32, 17], "uv_size": [0.5, 1]},
								"down": {"uv": [18, 33], "uv_size": [0.5, -1]}
							}
						},
						{
							"origin": [-0.24347, -1.2444, -12.482],
							"size": [0.48694, 0.948, 1.15],
							"pivot": [0, -0.0204, -23.572],
							"rotation": [0, 0, -22.5],
							"uv": {
								"north": {"uv": [32, 18], "uv_size": [0.5, 1]},
								"east": {"uv": [30, 17], "uv_size": [1, 1]},
								"south": {"uv": [19, 32], "uv_size": [0.5, 1]},
								"west": {"uv": [20, 30], "uv_size": [1, 1]},
								"up": {"uv": [32, 19], "uv_size": [0.5, 1]},
								"down": {"uv": [20, 33], "uv_size": [0.5, -1]}
							}
						},
						{
							"origin": [-0.24347, 0.2556, -12.482],
							"size": [0.48694, 0.948, 1.15],
							"pivot": [0, -0.0204, -23.572],
							"rotation": [0, 0, -22.5],
							"uv": {
								"north": {"uv": [32, 20], "uv_size": [0.5, 1]},
								"east": {"uv": [21, 30], "uv_size": [1, 1]},
								"south": {"uv": [21, 32], "uv_size": [0.5, 1]},
								"west": {"uv": [30, 23], "uv_size": [1, 1]},
								"up": {"uv": [32, 21], "uv_size": [0.5, 1]},
								"down": {"uv": [22, 33], "uv_size": [0.5, -1]}
							}
						},
						{
							"origin": [-0.24347, -1.2444, -12.482],
							"size": [0.48694, 0.948, 1.15],
							"uv": {
								"north": {"uv": [32, 22], "uv_size": [0.5, 1]},
								"east": {"uv": [30, 24], "uv_size": [1, 1]},
								"south": {"uv": [23, 32], "uv_size": [0.5, 1]},
								"west": {"uv": [30, 25], "uv_size": [1, 1]},
								"up": {"uv": [32, 23], "uv_size": [0.5, 1]},
								"down": {"uv": [24, 33], "uv_size": [0.5, -1]}
							}
						},
						{
							"origin": [-0.24347, 0.2556, -12.482],
							"size": [0.48694, 0.948, 1.15],
							"uv": {
								"north": {"uv": [32, 24], "uv_size": [0.5, 1]},
								"east": {"uv": [30, 26], "uv_size": [1, 1]},
								"south": {"uv": [25, 32], "uv_size": [0.5, 1]},
								"west": {"uv": [30, 27], "uv_size": [1, 1]},
								"up": {"uv": [32, 25], "uv_size": [0.5, 1]},
								"down": {"uv": [26, 33], "uv_size": [0.5, -1]}
							}
						},
						{
							"origin": [-0.24347, 0.2556, -12.482],
							"size": [0.48694, 0.948, 1.15],
							"pivot": [0, -0.0204, -23.572],
							"rotation": [0, 0, 22.5],
							"uv": {
								"north": {"uv": [32, 26], "uv_size": [0.5, 1]},
								"east": {"uv": [30, 28], "uv_size": [1, 1]},
								"south": {"uv": [27, 32], "uv_size": [0.5, 1]},
								"west": {"uv": [29, 30], "uv_size": [1, 1]},
								"up": {"uv": [32, 27], "uv_size": [0.5, 1]},
								"down": {"uv": [28, 33], "uv_size": [0.5, -1]}
							}
						},
						{
							"origin": [-0.24347, -1.2444, -12.482],
							"size": [0.48694, 0.948, 1.15],
							"pivot": [0, -0.0204, -23.572],
							"rotation": [0, 0, 22.5],
							"uv": {
								"north": {"uv": [32, 28], "uv_size": [0.5, 1]},
								"east": {"uv": [30, 30], "uv_size": [1, 1]},
								"south": {"uv": [29, 32], "uv_size": [0.5, 1]},
								"west": {"uv": [0, 31], "uv_size": [1, 1]},
								"up": {"uv": [32, 29], "uv_size": [0.5, 1]},
								"down": {"uv": [30, 33], "uv_size": [0.5, -1]}
							}
						},
						{
							"origin": [-0.24347, 0.2556, -12.482],
							"size": [0.48694, 0.948, 1.15],
							"pivot": [0, -0.0204, -23.572],
							"rotation": [0, 0, 45],
							"uv": {
								"north": {"uv": [32, 30], "uv_size": [0.5, 1]},
								"east": {"uv": [1, 31], "uv_size": [1, 1]},
								"south": {"uv": [31, 32], "uv_size": [0.5, 1]},
								"west": {"uv": [2, 31], "uv_size": [1, 1]},
								"up": {"uv": [32, 31], "uv_size": [0.5, 1]},
								"down": {"uv": [32, 33], "uv_size": [0.5, -1]}
							}
						},
						{
							"origin": [-0.24347, -1.2444, -12.482],
							"size": [0.48694, 0.948, 1.15],
							"pivot": [0, -0.0204, -23.572],
							"rotation": [0, 0, 45],
							"uv": {
								"north": {"uv": [0, 33], "uv_size": [0.5, 1]},
								"east": {"uv": [3, 31], "uv_size": [1, 1]},
								"south": {"uv": [33, 0], "uv_size": [0.5, 1]},
								"west": {"uv": [4, 31], "uv_size": [1, 1]},
								"up": {"uv": [1, 33], "uv_size": [0.5, 1]},
								"down": {"uv": [33, 2], "uv_size": [0.5, -1]}
							}
						},
						{
							"origin": [0.276, -0.26387, -12.482],
							"size": [0.948, 0.48694, 1.15],
							"pivot": [0, -0.0204, -23.572],
							"rotation": [0, 0, -22.5],
							"uv": {
								"north": {"uv": [2, 33], "uv_size": [1, 0.5]},
								"east": {"uv": [33, 2], "uv_size": [1, 0.5]},
								"south": {"uv": [3, 33], "uv_size": [1, 0.5]},
								"west": {"uv": [33, 3], "uv_size": [1, 0.5]},
								"up": {"uv": [5, 31], "uv_size": [1, 1]},
								"down": {"uv": [6, 32], "uv_size": [1, -1]}
							}
						},
						{
							"origin": [-1.224, -0.26387, -12.482],
							"size": [0.948, 0.48694, 1.15],
							"pivot": [0, -0.0204, -23.572],
							"rotation": [0, 0, -22.5],
							"uv": {
								"north": {"uv": [4, 33], "uv_size": [1, 0.5]},
								"east": {"uv": [33, 4], "uv_size": [1, 0.5]},
								"south": {"uv": [5, 33], "uv_size": [1, 0.5]},
								"west": {"uv": [33, 5], "uv_size": [1, 0.5]},
								"up": {"uv": [7, 31], "uv_size": [1, 1]},
								"down": {"uv": [8, 32], "uv_size": [1, -1]}
							}
						},
						{
							"origin": [0.276, -0.26387, -12.482],
							"size": [0.948, 0.48694, 1.15],
							"uv": {
								"north": {"uv": [6, 33], "uv_size": [1, 0.5]},
								"east": {"uv": [33, 6], "uv_size": [1, 0.5]},
								"south": {"uv": [7, 33], "uv_size": [1, 0.5]},
								"west": {"uv": [33, 7], "uv_size": [1, 0.5]},
								"up": {"uv": [9, 31], "uv_size": [1, 1]},
								"down": {"uv": [31, 16], "uv_size": [1, -1]}
							}
						},
						{
							"origin": [-1.224, -0.26387, -12.482],
							"size": [0.948, 0.48694, 1.15],
							"uv": {
								"north": {"uv": [8, 33], "uv_size": [1, 0.5]},
								"east": {"uv": [33, 8], "uv_size": [1, 0.5]},
								"south": {"uv": [9, 33], "uv_size": [1, 0.5]},
								"west": {"uv": [33, 9], "uv_size": [1, 0.5]},
								"up": {"uv": [31, 16], "uv_size": [1, 1]},
								"down": {"uv": [31, 18], "uv_size": [1, -1]}
							}
						},
						{
							"origin": [0.276, -0.26387, -12.482],
							"size": [0.948, 0.48694, 1.15],
							"pivot": [0, -0.0204, -23.572],
							"rotation": [0, 0, 22.5],
							"uv": {
								"north": {"uv": [33, 10], "uv_size": [1, 0.5]},
								"east": {"uv": [33, 11], "uv_size": [1, 0.5]},
								"south": {"uv": [33, 12], "uv_size": [1, 0.5]},
								"west": {"uv": [33, 13], "uv_size": [1, 0.5]},
								"up": {"uv": [31, 18], "uv_size": [1, 1]},
								"down": {"uv": [31, 20], "uv_size": [1, -1]}
							}
						},
						{
							"origin": [-1.224, -0.26387, -12.482],
							"size": [0.948, 0.48694, 1.15],
							"pivot": [0, -0.0204, -23.572],
							"rotation": [0, 0, 22.5],
							"uv": {
								"north": {"uv": [14, 33], "uv_size": [1, 0.5]},
								"east": {"uv": [33, 14], "uv_size": [1, 0.5]},
								"south": {"uv": [15, 33], "uv_size": [1, 0.5]},
								"west": {"uv": [33, 15], "uv_size": [1, 0.5]},
								"up": {"uv": [20, 31], "uv_size": [1, 1]},
								"down": {"uv": [21, 32], "uv_size": [1, -1]}
							}
						}
					]
				},
				{
					"name": "bone2",
					"parent": "dsr50_silencer",
					"pivot": [0, -0.024, -0.84285],
					"cubes": [
						{
							"origin": [-0.35607, -1.37586, -2.34882],
							"size": [1.0491, 2.40177, 0.80142],
							"inflate": -0.39946,
							"pivot": [0, -0.024, -0.84256],
							"rotation": [-97.4358, -1.9682, 90.2568],
							"uv": {
								"north": {"uv": [23, 3], "uv_size": [1, 2.5]}
							}
						},
						{
							"origin": [-0.69303, -1.37586, -2.34882],
							"size": [1.0491, 2.40177, 0.80142],
							"inflate": -0.39946,
							"pivot": [0, -0.024, -0.84256],
							"rotation": [-97.4358, 1.9682, 89.7432],
							"uv": {
								"north": {"uv": [23, 6], "uv_size": [1, 2.5]}
							}
						},
						{
							"origin": [-0.55316, -1.25325, -2.23292],
							"size": [1.10631, 2.17175, 0.56955],
							"inflate": -0.28229,
							"pivot": [0, -0.024, -0.84256],
							"rotation": [-97.4314, 0, 90],
							"uv": {
								"north": {"uv": [10, 25], "uv_size": [1, 2]}
							}
						},
						{
							"origin": [-0.35607, -1.37586, -2.34882],
							"size": [1.0491, 2.40177, 0.80142],
							"inflate": -0.39946,
							"pivot": [0, -0.024, -0.84256],
							"rotation": [-97.4358, -1.9682, -89.7432],
							"uv": {
								"north": {"uv": [23, 9], "uv_size": [1, 2.5]}
							}
						},
						{
							"origin": [-0.55316, -1.25325, -2.23292],
							"size": [1.10631, 2.17175, 0.56955],
							"inflate": -0.28229,
							"pivot": [0, -0.024, -0.84256],
							"rotation": [-97.4314, 0, -90],
							"uv": {
								"north": {"uv": [11, 25], "uv_size": [1, 2]}
							}
						},
						{
							"origin": [-0.69303, -1.37586, -2.34882],
							"size": [1.0491, 2.40177, 0.80142],
							"inflate": -0.39946,
							"pivot": [0, -0.024, -0.84256],
							"rotation": [-97.4358, 1.9682, -90.2568],
							"uv": {
								"north": {"uv": [23, 12], "uv_size": [1, 2.5]}
							}
						},
						{
							"origin": [-0.55316, -1.25325, -2.23292],
							"size": [1.10631, 2.17175, 0.56955],
							"inflate": -0.28229,
							"pivot": [0, -0.024, -0.84256],
							"rotation": [-97.4314, 0, 60],
							"uv": {
								"north": {"uv": [25, 11], "uv_size": [1, 2]}
							}
						},
						{
							"origin": [-0.69303, -1.37586, -2.34882],
							"size": [1.0491, 2.40177, 0.80142],
							"inflate": -0.39946,
							"pivot": [0, -0.024, -0.84256],
							"rotation": [-97.4358, 1.9682, 59.7432],
							"uv": {
								"north": {"uv": [23, 15], "uv_size": [1, 2.5]}
							}
						},
						{
							"origin": [-0.35607, -1.37586, -2.34882],
							"size": [1.0491, 2.40177, 0.80142],
							"inflate": -0.39946,
							"pivot": [0, -0.024, -0.84256],
							"rotation": [-97.4358, -1.9682, 60.2568],
							"uv": {
								"north": {"uv": [22, 23], "uv_size": [1, 2.5]}
							}
						},
						{
							"origin": [-0.69303, -1.37586, -2.34882],
							"size": [1.0491, 2.40177, 0.80142],
							"inflate": -0.39946,
							"pivot": [0, -0.024, -0.84256],
							"rotation": [-97.4358, 1.9682, -120.2568],
							"uv": {
								"north": {"uv": [23, 23], "uv_size": [1, 2.5]}
							}
						},
						{
							"origin": [-0.55316, -1.25325, -2.23292],
							"size": [1.10631, 2.17175, 0.56955],
							"inflate": -0.28229,
							"pivot": [0, -0.024, -0.84256],
							"rotation": [-97.4314, 0, -120],
							"uv": {
								"north": {"uv": [12, 25], "uv_size": [1, 2]}
							}
						},
						{
							"origin": [-0.35607, -1.37586, -2.34882],
							"size": [1.0491, 2.40177, 0.80142],
							"inflate": -0.39946,
							"pivot": [0, -0.024, -0.84256],
							"rotation": [-97.4358, -1.9682, -119.7432],
							"uv": {
								"north": {"uv": [24, 3], "uv_size": [1, 2.5]}
							}
						},
						{
							"origin": [-0.55316, -1.25325, -2.23292],
							"size": [1.10631, 2.17175, 0.56955],
							"inflate": -0.28229,
							"pivot": [0, -0.024, -0.84256],
							"rotation": [-97.4314, 0, 30],
							"uv": {
								"north": {"uv": [13, 25], "uv_size": [1, 2]}
							}
						},
						{
							"origin": [-0.69303, -1.37586, -2.34882],
							"size": [1.0491, 2.40177, 0.80142],
							"inflate": -0.39946,
							"pivot": [0, -0.024, -0.84256],
							"rotation": [-97.4358, 1.9682, 29.7432],
							"uv": {
								"north": {"uv": [24, 6], "uv_size": [1, 2.5]}
							}
						},
						{
							"origin": [-0.35607, -1.37586, -2.34882],
							"size": [1.0491, 2.40177, 0.80142],
							"inflate": -0.39946,
							"pivot": [0, -0.024, -0.84256],
							"rotation": [-97.4358, -1.9682, 30.2568],
							"uv": {
								"north": {"uv": [24, 9], "uv_size": [1, 2.5]}
							}
						},
						{
							"origin": [-0.69303, -1.37586, -2.34882],
							"size": [1.0491, 2.40177, 0.80142],
							"inflate": -0.39946,
							"pivot": [0, -0.024, -0.84256],
							"rotation": [-97.4358, 1.9682, -150.2568],
							"uv": {
								"north": {"uv": [24, 12], "uv_size": [1, 2.5]}
							}
						},
						{
							"origin": [-0.55316, -1.25325, -2.23292],
							"size": [1.10631, 2.17175, 0.56955],
							"inflate": -0.28229,
							"pivot": [0, -0.024, -0.84256],
							"rotation": [-97.4314, 0, -150],
							"uv": {
								"north": {"uv": [25, 13], "uv_size": [1, 2]}
							}
						},
						{
							"origin": [-0.35607, -1.37586, -2.34882],
							"size": [1.0491, 2.40177, 0.80142],
							"inflate": -0.39946,
							"pivot": [0, -0.024, -0.84256],
							"rotation": [-97.4358, -1.9682, -149.7432],
							"uv": {
								"north": {"uv": [24, 15], "uv_size": [1, 2.5]}
							}
						},
						{
							"origin": [-0.35607, -1.37586, -2.34882],
							"size": [1.0491, 2.40177, 0.80142],
							"inflate": -0.39946,
							"pivot": [0, -0.024, -0.84256],
							"rotation": [-97.4358, -1.9682, -179.7432],
							"uv": {
								"north": {"uv": [24, 23], "uv_size": [1, 2.5]}
							}
						},
						{
							"origin": [-0.55316, -1.25325, -2.23292],
							"size": [1.10631, 2.17175, 0.56955],
							"inflate": -0.28229,
							"pivot": [0, -0.024, -0.84256],
							"rotation": [-97.4314, 0, -180],
							"uv": {
								"north": {"uv": [14, 25], "uv_size": [1, 2]}
							}
						},
						{
							"origin": [-0.69303, -1.37586, -2.34882],
							"size": [1.0491, 2.40177, 0.80142],
							"inflate": -0.39946,
							"pivot": [0, -0.024, -0.84256],
							"rotation": [-97.4358, 1.9682, 179.7432],
							"uv": {
								"north": {"uv": [0, 25], "uv_size": [1, 2.5]}
							}
						},
						{
							"origin": [-0.35607, -1.37586, -2.34882],
							"size": [1.0491, 2.40177, 0.80142],
							"inflate": -0.39946,
							"pivot": [0, -0.024, -0.84256],
							"rotation": [-97.4358, -1.9682, 0.2568],
							"uv": {
								"north": {"uv": [1, 25], "uv_size": [1, 2.5]}
							}
						},
						{
							"origin": [-0.69303, -1.37586, -2.34882],
							"size": [1.0491, 2.40177, 0.80142],
							"inflate": -0.39946,
							"pivot": [0, -0.024, -0.84256],
							"rotation": [-97.4358, 1.9682, -0.2568],
							"uv": {
								"north": {"uv": [2, 25], "uv_size": [1, 2.5]}
							}
						},
						{
							"origin": [-0.55316, -1.25325, -2.23292],
							"size": [1.10631, 2.17175, 0.56955],
							"inflate": -0.28229,
							"pivot": [0, -0.024, -0.84256],
							"rotation": [-97.4314, 0, 0],
							"uv": {
								"north": {"uv": [15, 25], "uv_size": [1, 2]}
							}
						},
						{
							"origin": [-0.55316, -1.25325, -2.23292],
							"size": [1.10631, 2.17175, 0.56955],
							"inflate": -0.28229,
							"pivot": [0, -0.024, -0.84256],
							"rotation": [-97.4314, 0, -30],
							"uv": {
								"north": {"uv": [25, 15], "uv_size": [1, 2]}
							}
						},
						{
							"origin": [-0.69303, -1.37586, -2.34882],
							"size": [1.0491, 2.40177, 0.80142],
							"inflate": -0.39946,
							"pivot": [0, -0.024, -0.84256],
							"rotation": [-97.4358, 1.9682, -30.2568],
							"uv": {
								"north": {"uv": [3, 25], "uv_size": [1, 2.5]}
							}
						},
						{
							"origin": [-0.35607, -1.37586, -2.34882],
							"size": [1.0491, 2.40177, 0.80142],
							"inflate": -0.39946,
							"pivot": [0, -0.024, -0.84256],
							"rotation": [-97.4358, -1.9682, -29.7432],
							"uv": {
								"north": {"uv": [25, 3], "uv_size": [1, 2.5]}
							}
						},
						{
							"origin": [-0.69303, -1.37586, -2.34882],
							"size": [1.0491, 2.40177, 0.80142],
							"inflate": -0.39946,
							"pivot": [0, -0.024, -0.84256],
							"rotation": [-97.4358, 1.9682, 149.7432],
							"uv": {
								"north": {"uv": [4, 25], "uv_size": [1, 2.5]}
							}
						},
						{
							"origin": [-0.55316, -1.25325, -2.23292],
							"size": [1.10631, 2.17175, 0.56955],
							"inflate": -0.28229,
							"pivot": [0, -0.024, -0.84256],
							"rotation": [-97.4314, 0, 150],
							"uv": {
								"north": {"uv": [16, 25], "uv_size": [1, 2]}
							}
						},
						{
							"origin": [-0.35607, -1.37586, -2.34882],
							"size": [1.0491, 2.40177, 0.80142],
							"inflate": -0.39946,
							"pivot": [0, -0.024, -0.84256],
							"rotation": [-97.4358, -1.9682, 150.2568],
							"uv": {
								"north": {"uv": [5, 25], "uv_size": [1, 2.5]}
							}
						},
						{
							"origin": [-0.35607, -1.37586, -2.34882],
							"size": [1.0491, 2.40177, 0.80142],
							"inflate": -0.39946,
							"pivot": [0, -0.024, -0.84256],
							"rotation": [-97.4358, -1.9682, 120.2568],
							"uv": {
								"north": {"uv": [6, 25], "uv_size": [1, 2.5]}
							}
						},
						{
							"origin": [-0.55316, -1.25325, -2.23292],
							"size": [1.10631, 2.17175, 0.56955],
							"inflate": -0.28229,
							"pivot": [0, -0.024, -0.84256],
							"rotation": [-97.4314, 0, 120],
							"uv": {
								"north": {"uv": [17, 25], "uv_size": [1, 2]}
							}
						},
						{
							"origin": [-0.69303, -1.37586, -2.34882],
							"size": [1.0491, 2.40177, 0.80142],
							"inflate": -0.39946,
							"pivot": [0, -0.024, -0.84256],
							"rotation": [-97.4358, 1.9682, 119.7432],
							"uv": {
								"north": {"uv": [25, 6], "uv_size": [1, 2.5]}
							}
						},
						{
							"origin": [-0.35607, -1.37586, -2.34882],
							"size": [1.0491, 2.40177, 0.80142],
							"inflate": -0.39946,
							"pivot": [0, -0.024, -0.84256],
							"rotation": [-97.4358, -1.9682, -59.7432],
							"uv": {
								"north": {"uv": [7, 25], "uv_size": [1, 2.5]}
							}
						},
						{
							"origin": [-0.69303, -1.37586, -2.34882],
							"size": [1.0491, 2.40177, 0.80142],
							"inflate": -0.39946,
							"pivot": [0, -0.024, -0.84256],
							"rotation": [-97.4358, 1.9682, -60.2568],
							"uv": {
								"north": {"uv": [8, 25], "uv_size": [1, 2.5]}
							}
						},
						{
							"origin": [-0.55316, -1.25325, -2.23292],
							"size": [1.10631, 2.17175, 2.63355],
							"inflate": -0.28229,
							"pivot": [0, -0.024, -0.84256],
							"rotation": [-97.4314, 0, -60],
							"uv": {
								"north": {"uv": [25, 17], "uv_size": [1, 2]},
								"down": {"uv": [9, 27.5], "uv_size": [1, -2.5]}
							}
						}
					]
				},
				{
					"name": "bones",
					"parent": "dsr50_silencer",
					"pivot": [-0.03884, -0.03527, -0.09292],
					"cubes": [
						{
							"origin": [-1.39884, -0.66926, -0.46528],
							"size": [0.90571, 1.3011, 0.75],
							"inflate": -0.375,
							"pivot": [-0.0186, -0.01872, -0.09028],
							"rotation": [0, 0, 90],
							"uv": {
								"north": {"uv": [18, 25], "uv_size": [1, 1.5]},
								"east": {"uv": [19, 25], "uv_size": [1, 1.5]},
								"south": {"uv": [25, 23], "uv_size": [1, 1.5]},
								"west": {"uv": [25, 25], "uv_size": [1, 1.5]},
								"up": {"uv": [22, 31], "uv_size": [1, 1]},
								"down": {"uv": [23, 32], "uv_size": [1, -1]}
							}
						},
						{
							"origin": [-1.42198, -0.66926, -0.46528],
							"size": [0.92885, 1.3011, 0.75],
							"inflate": -0.375,
							"pivot": [-0.0186, -0.01872, -0.09028],
							"rotation": [0, 0, 270],
							"uv": {
								"north": {"uv": [26, 3], "uv_size": [1, 1.5]},
								"east": {"uv": [26, 5], "uv_size": [1, 1.5]},
								"south": {"uv": [26, 7], "uv_size": [1, 1.5]},
								"west": {"uv": [26, 11], "uv_size": [1, 1.5]},
								"up": {"uv": [31, 23], "uv_size": [1, 1]},
								"down": {"uv": [24, 32], "uv_size": [1, -1]}
							}
						},
						{
							"origin": [-1.39884, -0.66926, -0.46528],
							"size": [0.90571, 1.3011, 0.75],
							"inflate": -0.375,
							"pivot": [-0.0186, -0.01872, -0.09028],
							"rotation": [0, 0, -60],
							"uv": {
								"north": {"uv": [26, 13], "uv_size": [1, 1.5]},
								"east": {"uv": [26, 15], "uv_size": [1, 1.5]},
								"south": {"uv": [26, 17], "uv_size": [1, 1.5]},
								"west": {"uv": [22, 26], "uv_size": [1, 1.5]},
								"up": {"uv": [31, 24], "uv_size": [1, 1]},
								"down": {"uv": [31, 26], "uv_size": [1, -1]}
							}
						},
						{
							"origin": [-1.42198, -0.66926, -0.46528],
							"size": [0.92885, 1.3011, 0.75],
							"inflate": -0.375,
							"pivot": [-0.0186, -0.01872, -0.09028],
							"rotation": [0, 0, 120],
							"uv": {
								"north": {"uv": [23, 26], "uv_size": [1, 1.5]},
								"east": {"uv": [26, 23], "uv_size": [1, 1.5]},
								"south": {"uv": [24, 26], "uv_size": [1, 1.5]},
								"west": {"uv": [26, 25], "uv_size": [1, 1.5]},
								"up": {"uv": [31, 26], "uv_size": [1, 1]},
								"down": {"uv": [31, 28], "uv_size": [1, -1]}
							}
						},
						{
							"origin": [-1.42198, -0.66926, -0.46528],
							"size": [0.92885, 1.3011, 0.75],
							"inflate": -0.375,
							"pivot": [-0.0186, -0.01872, -0.09028],
							"rotation": [0, 0, 150],
							"uv": {
								"north": {"uv": [27, 3], "uv_size": [1, 1.5]},
								"east": {"uv": [27, 5], "uv_size": [1, 1.5]},
								"south": {"uv": [27, 7], "uv_size": [1, 1.5]},
								"west": {"uv": [27, 9], "uv_size": [1, 1.5]},
								"up": {"uv": [31, 28], "uv_size": [1, 1]},
								"down": {"uv": [29, 32], "uv_size": [1, -1]}
							}
						},
						{
							"origin": [-1.39884, -0.66926, -0.46528],
							"size": [0.90571, 1.3011, 0.75],
							"inflate": -0.375,
							"pivot": [-0.0186, -0.01872, -0.09028],
							"rotation": [0, 0, -30],
							"uv": {
								"north": {"uv": [10, 27], "uv_size": [1, 1.5]},
								"east": {"uv": [11, 27], "uv_size": [1, 1.5]},
								"south": {"uv": [27, 11], "uv_size": [1, 1.5]},
								"west": {"uv": [12, 27], "uv_size": [1, 1.5]},
								"up": {"uv": [30, 31], "uv_size": [1, 1]},
								"down": {"uv": [31, 31], "uv_size": [1, -1]}
							}
						},
						{
							"origin": [-1.39884, -0.66926, -0.46528],
							"size": [0.90571, 1.3011, 0.75],
							"inflate": -0.375,
							"uv": {
								"north": {"uv": [13, 27], "uv_size": [1, 1.5]},
								"east": {"uv": [27, 13], "uv_size": [1, 1.5]},
								"south": {"uv": [14, 27], "uv_size": [1, 1.5]},
								"west": {"uv": [15, 27], "uv_size": [1, 1.5]},
								"up": {"uv": [31, 31], "uv_size": [1, 1]},
								"down": {"uv": [0, 33], "uv_size": [1, -1]}
							}
						},
						{
							"origin": [-1.42198, -0.66926, -0.46528],
							"size": [0.92885, 1.3011, 0.75],
							"inflate": -0.375,
							"pivot": [-0.0186, -0.01872, -0.09028],
							"rotation": [0, 0, -180],
							"uv": {
								"north": {"uv": [27, 15], "uv_size": [1, 1.5]},
								"east": {"uv": [16, 27], "uv_size": [1, 1.5]},
								"south": {"uv": [17, 27], "uv_size": [1, 1.5]},
								"west": {"uv": [27, 17], "uv_size": [1, 1.5]},
								"up": {"uv": [1, 32], "uv_size": [1, 1]},
								"down": {"uv": [2, 33], "uv_size": [1, -1]}
							}
						},
						{
							"origin": [-1.42198, -0.66926, -0.46528],
							"size": [0.92885, 1.3011, 0.75],
							"inflate": -0.375,
							"pivot": [-0.0186, -0.01872, -0.09028],
							"rotation": [0, 0, -150],
							"uv": {
								"north": {"uv": [18, 27], "uv_size": [1, 1.5]},
								"east": {"uv": [19, 27], "uv_size": [1, 1.5]},
								"south": {"uv": [27, 23], "uv_size": [1, 1.5]},
								"west": {"uv": [25, 27], "uv_size": [1, 1.5]},
								"up": {"uv": [3, 32], "uv_size": [1, 1]},
								"down": {"uv": [32, 4], "uv_size": [1, -1]}
							}
						},
						{
							"origin": [-1.39884, -0.66926, -0.46528],
							"size": [0.90571, 1.3011, 0.75],
							"inflate": -0.375,
							"pivot": [-0.0186, -0.01872, -0.09028],
							"rotation": [0, 0, 30],
							"uv": {
								"north": {"uv": [27, 25], "uv_size": [1, 1.5]},
								"east": {"uv": [26, 27], "uv_size": [1, 1.5]},
								"south": {"uv": [27, 27], "uv_size": [1, 1.5]},
								"west": {"uv": [0, 28], "uv_size": [1, 1.5]},
								"up": {"uv": [4, 32], "uv_size": [1, 1]},
								"down": {"uv": [32, 5], "uv_size": [1, -1]}
							}
						},
						{
							"origin": [-1.39884, -0.66926, -0.46528],
							"size": [0.90571, 1.3011, 0.75],
							"inflate": -0.375,
							"pivot": [-0.0186, -0.01872, -0.09028],
							"rotation": [0, 0, 60],
							"uv": {
								"north": {"uv": [1, 28], "uv_size": [1, 1.5]},
								"east": {"uv": [2, 28], "uv_size": [1, 1.5]},
								"south": {"uv": [3, 28], "uv_size": [1, 1.5]},
								"west": {"uv": [28, 3], "uv_size": [1, 1.5]},
								"up": {"uv": [5, 32], "uv_size": [1, 1]},
								"down": {"uv": [32, 6], "uv_size": [1, -1]}
							}
						},
						{
							"origin": [-1.42198, -0.66926, -0.46528],
							"size": [0.92885, 1.3011, 0.75],
							"inflate": -0.375,
							"pivot": [-0.0186, -0.01872, -0.09028],
							"rotation": [0, 0, -120],
							"uv": {
								"north": {"uv": [4, 28], "uv_size": [1, 1.5]},
								"east": {"uv": [5, 28], "uv_size": [1, 1.5]},
								"south": {"uv": [28, 5], "uv_size": [1, 1.5]},
								"west": {"uv": [6, 28], "uv_size": [1, 1.5]},
								"up": {"uv": [6, 32], "uv_size": [1, 1]},
								"down": {"uv": [7, 33], "uv_size": [1, -1]}
							}
						},
						{
							"origin": [-0.64456, -0.81406, -0.09743],
							"size": [1.25192, 1.5907, 0],
							"pivot": [-0.0186, -0.01872, -0.09743],
							"rotation": [0, 0, 45],
							"uv": {
								"north": {"uv": [23, 18], "uv_size": [1.5, 1.5]},
								"east": {"uv": [0, 0], "uv_size": [0, 1.5]},
								"south": {"uv": [25, 9], "uv_size": [1.5, 1.5]},
								"west": {"uv": [0, 0], "uv_size": [0, 1.5]},
								"up": {"uv": [0, 0], "uv_size": [1.5, 0]},
								"down": {"uv": [0, 0], "uv_size": [1.5, 0]}
							}
						},
						{
							"origin": [-0.54664, -0.8635, -0.09743],
							"size": [1.05512, 1.73902, 0],
							"pivot": [-0.0186, -0.01872, -0.09743],
							"rotation": [0, 0, 45],
							"uv": {
								"north": {"uv": [7, 28], "uv_size": [1, 1.5]},
								"east": {"uv": [0, 0], "uv_size": [0, 1.5]},
								"south": {"uv": [28, 7], "uv_size": [1, 1.5]},
								"west": {"uv": [0, 0], "uv_size": [0, 1.5]},
								"up": {"uv": [0, 0], "uv_size": [1, 0]},
								"down": {"uv": [0, 0], "uv_size": [1, 0]}
							}
						},
						{
							"origin": [-0.54568, -0.91294, -0.09743],
							"size": [0.95528, 0.75022, 0],
							"pivot": [-0.0186, -0.01872, -0.09743],
							"rotation": [0, 0, 45],
							"uv": {
								"north": {"uv": [8, 32], "uv_size": [1, 1]},
								"east": {"uv": [0, 0], "uv_size": [0, 1]},
								"south": {"uv": [9, 32], "uv_size": [1, 1]},
								"west": {"uv": [0, 0], "uv_size": [0, 1]},
								"up": {"uv": [0, 0], "uv_size": [1, 0]},
								"down": {"uv": [0, 0], "uv_size": [1, 0]}
							}
						},
						{
							"origin": [-0.81396, -0.64466, -0.09743],
							"size": [0.1694, 1.25192, 0],
							"pivot": [-0.0186, -0.01872, -0.09743],
							"rotation": [0, 0, 45],
							"uv": {
								"north": {"uv": [10, 32], "uv_size": [0.5, 1.5]},
								"east": {"uv": [0, 0], "uv_size": [0, 1.5]},
								"south": {"uv": [11, 32], "uv_size": [0.5, 1.5]},
								"west": {"uv": [0, 0], "uv_size": [0, 1.5]},
								"up": {"uv": [0, 0], "uv_size": [0.5, 0]},
								"down": {"uv": [0, 0], "uv_size": [0.5, 0]}
							}
						},
						{
							"origin": [-0.91284, -0.54578, -0.09743],
							"size": [0.21884, 1.05416, 0],
							"pivot": [-0.0186, -0.01872, -0.09743],
							"rotation": [0, 0, 45],
							"uv": {
								"north": {"uv": [16, 33], "uv_size": [0.5, 1]},
								"east": {"uv": [0, 0], "uv_size": [0, 1]},
								"south": {"uv": [33, 16], "uv_size": [0.5, 1]},
								"west": {"uv": [0, 0], "uv_size": [0, 1]},
								"up": {"uv": [0, 0], "uv_size": [0.5, 0]},
								"down": {"uv": [0, 0], "uv_size": [0.5, 0]}
							}
						},
						{
							"origin": [0.60733, -0.64466, -0.09743],
							"size": [0.1694, 1.25192, 0],
							"pivot": [-0.0186, -0.01872, -0.09743],
							"rotation": [0, 0, 45],
							"uv": {
								"north": {"uv": [12, 32], "uv_size": [0.5, 1.5]},
								"east": {"uv": [0, 0], "uv_size": [0, 1.5]},
								"south": {"uv": [13, 32], "uv_size": [0.5, 1.5]},
								"west": {"uv": [0, 0], "uv_size": [0, 1.5]},
								"up": {"uv": [0, 0], "uv_size": [0.5, 0]},
								"down": {"uv": [0, 0], "uv_size": [0.5, 0]}
							}
						},
						{
							"origin": [0.60733, -0.34708, -0.09743],
							"size": [0.31868, 0.7052, 0],
							"pivot": [-0.0186, -0.01872, -0.09743],
							"rotation": [0, 0, 45],
							"uv": {
								"north": {"uv": [25, 33], "uv_size": [0.5, 0.5]},
								"east": {"uv": [0, 0], "uv_size": [0, 0.5]},
								"south": {"uv": [33, 25], "uv_size": [0.5, 0.5]},
								"west": {"uv": [0, 0], "uv_size": [0, 0.5]},
								"up": {"uv": [0, 0], "uv_size": [0.5, 0]},
								"down": {"uv": [0, 0], "uv_size": [0.5, 0]}
							}
						}
					]
				}
			]
		}
	]
}