{
	"format_version": "1.21.0",
	"minecraft:geometry": [
		{
			"description": {
				"identifier": "geometry.DSR50_silencer",
				"texture_width": 32,
				"texture_height": 32,
				"visible_bounds_width": 2,
				"visible_bounds_height": 1.5,
				"visible_bounds_offset": [0, 0.25, 0]
			},
			"bones": [
				{
					"name": "kar98k_silencer",
					"pivot": [0, 0, 0]
				},
				{
					"name": "bone2",
					"parent": "kar98k_silencer",
					"pivot": [0, -0.015, -0.37678],
					"cubes": [
						{
							"origin": [-0.37686, -0.9105, -1.35255],
							"size": [0.92922, 1.63374, 0.80022],
							"inflate": -0.39946,
							"pivot": [0, -0.015, -0.37663],
							"rotation": [-97.4358, -1.9682, 90.2568],
							"uv": {
								"north": {"uv": [8, 11], "uv_size": [1, 1.5]}
							}
						},
						{
							"origin": [-0.55236, -0.9105, -1.35255],
							"size": [0.92922, 1.63374, 0.80022],
							"inflate": -0.39946,
							"pivot": [0, -0.015, -0.37663],
							"rotation": [-97.4358, 1.9682, 89.7432],
							"uv": {
								"north": {"uv": [12, 4], "uv_size": [1, 1.5]}
							}
						},
						{
							"origin": [-0.42337, -0.7905, -1.23604],
							"size": [0.84673, 1.40165, 0.56717],
							"inflate": -0.28229,
							"pivot": [0, -0.015, -0.37663],
							"rotation": [-97.4314, 0, 90],
							"uv": {
								"north": {"uv": [12, 6], "uv_size": [1, 1.5]}
							}
						},
						{
							"origin": [-0.37686, -0.9105, -1.35255],
							"size": [0.92922, 1.63374, 0.80022],
							"inflate": -0.39946,
							"pivot": [0, -0.015, -0.37663],
							"rotation": [-97.4358, -1.9682, -89.7432],
							"uv": {
								"north": {"uv": [9, 12], "uv_size": [1, 1.5]}
							}
						},
						{
							"origin": [-0.42337, -0.7905, -1.23604],
							"size": [0.84673, 1.40165, 0.56717],
							"inflate": -0.28229,
							"pivot": [0, -0.015, -0.37663],
							"rotation": [-97.4314, 0, -90],
							"uv": {
								"north": {"uv": [10, 12], "uv_size": [1, 1.5]}
							}
						},
						{
							"origin": [-0.55236, -0.9105, -1.35255],
							"size": [0.92922, 1.63374, 0.80022],
							"inflate": -0.39946,
							"pivot": [0, -0.015, -0.37663],
							"rotation": [-97.4358, 1.9682, -90.2568],
							"uv": {
								"north": {"uv": [11, 12], "uv_size": [1, 1.5]}
							}
						},
						{
							"origin": [-0.42337, -0.7905, -1.23604],
							"size": [0.84673, 1.40165, 0.56717],
							"inflate": -0.28229,
							"pivot": [0, -0.015, -0.37663],
							"rotation": [-97.4314, 0, 60],
							"uv": {
								"north": {"uv": [12, 12], "uv_size": [1, 1.5]}
							}
						},
						{
							"origin": [-0.55236, -0.9105, -1.35255],
							"size": [0.92922, 1.63374, 0.80022],
							"inflate": -0.39946,
							"pivot": [0, -0.015, -0.37663],
							"rotation": [-97.4358, 1.9682, 59.7432],
							"uv": {
								"north": {"uv": [13, 0], "uv_size": [1, 1.5]}
							}
						},
						{
							"origin": [-0.37686, -0.9105, -1.35255],
							"size": [0.92922, 1.63374, 0.80022],
							"inflate": -0.39946,
							"pivot": [0, -0.015, -0.37663],
							"rotation": [-97.4358, -1.9682, 60.2568],
							"uv": {
								"north": {"uv": [2, 13], "uv_size": [1, 1.5]}
							}
						},
						{
							"origin": [-0.55236, -0.9105, -1.35255],
							"size": [0.92922, 1.63374, 0.80022],
							"inflate": -0.39946,
							"pivot": [0, -0.015, -0.37663],
							"rotation": [-97.4358, 1.9682, -120.2568],
							"uv": {
								"north": {"uv": [3, 13], "uv_size": [1, 1.5]}
							}
						},
						{
							"origin": [-0.42337, -0.7905, -1.23604],
							"size": [0.84673, 1.40165, 0.56717],
							"inflate": -0.28229,
							"pivot": [0, -0.015, -0.37663],
							"rotation": [-97.4314, 0, -120],
							"uv": {
								"north": {"uv": [4, 13], "uv_size": [1, 1.5]}
							}
						},
						{
							"origin": [-0.37686, -0.9105, -1.35255],
							"size": [0.92922, 1.63374, 0.80022],
							"inflate": -0.39946,
							"pivot": [0, -0.015, -0.37663],
							"rotation": [-97.4358, -1.9682, -119.7432],
							"uv": {
								"north": {"uv": [13, 4], "uv_size": [1, 1.5]}
							}
						},
						{
							"origin": [-0.42337, -0.7905, -1.23604],
							"size": [0.84673, 1.40165, 0.56717],
							"inflate": -0.28229,
							"pivot": [0, -0.015, -0.37663],
							"rotation": [-97.4314, 0, 30],
							"uv": {
								"north": {"uv": [5, 13], "uv_size": [1, 1.5]}
							}
						},
						{
							"origin": [-0.55236, -0.9105, -1.35255],
							"size": [0.92922, 1.63374, 0.80022],
							"inflate": -0.39946,
							"pivot": [0, -0.015, -0.37663],
							"rotation": [-97.4358, 1.9682, 29.7432],
							"uv": {
								"north": {"uv": [6, 13], "uv_size": [1, 1.5]}
							}
						},
						{
							"origin": [-0.37686, -0.9105, -1.35255],
							"size": [0.92922, 1.63374, 0.80022],
							"inflate": -0.39946,
							"pivot": [0, -0.015, -0.37663],
							"rotation": [-97.4358, -1.9682, 30.2568],
							"uv": {
								"north": {"uv": [13, 6], "uv_size": [1, 1.5]}
							}
						},
						{
							"origin": [-0.55236, -0.9105, -1.35255],
							"size": [0.92922, 1.63374, 0.80022],
							"inflate": -0.39946,
							"pivot": [0, -0.015, -0.37663],
							"rotation": [-97.4358, 1.9682, -150.2568],
							"uv": {
								"north": {"uv": [7, 13], "uv_size": [1, 1.5]}
							}
						},
						{
							"origin": [-0.42337, -0.7905, -1.23604],
							"size": [0.84673, 1.40165, 0.56717],
							"inflate": -0.28229,
							"pivot": [0, -0.015, -0.37663],
							"rotation": [-97.4314, 0, -150],
							"uv": {
								"north": {"uv": [8, 13], "uv_size": [1, 1.5]}
							}
						},
						{
							"origin": [-0.37686, -0.9105, -1.35255],
							"size": [0.92922, 1.63374, 0.80022],
							"inflate": -0.39946,
							"pivot": [0, -0.015, -0.37663],
							"rotation": [-97.4358, -1.9682, -149.7432],
							"uv": {
								"north": {"uv": [13, 8], "uv_size": [1, 1.5]}
							}
						},
						{
							"origin": [-0.37686, -0.9105, -1.35255],
							"size": [0.92922, 1.63374, 0.80022],
							"inflate": -0.39946,
							"pivot": [0, -0.015, -0.37663],
							"rotation": [-97.4358, -1.9682, -179.7432],
							"uv": {
								"north": {"uv": [13, 10], "uv_size": [1, 1.5]}
							}
						},
						{
							"origin": [-0.42337, -0.7905, -1.23604],
							"size": [0.84673, 1.40165, 0.56717],
							"inflate": -0.28229,
							"pivot": [0, -0.015, -0.37663],
							"rotation": [-97.4314, 0, -180],
							"uv": {
								"north": {"uv": [13, 12], "uv_size": [1, 1.5]}
							}
						},
						{
							"origin": [-0.55236, -0.9105, -1.35255],
							"size": [0.92922, 1.63374, 0.80022],
							"inflate": -0.39946,
							"pivot": [0, -0.015, -0.37663],
							"rotation": [-97.4358, 1.9682, 179.7432],
							"uv": {
								"north": {"uv": [0, 14], "uv_size": [1, 1.5]}
							}
						},
						{
							"origin": [-0.37686, -0.9105, -1.35255],
							"size": [0.92922, 1.63374, 0.80022],
							"inflate": -0.39946,
							"pivot": [0, -0.015, -0.37663],
							"rotation": [-97.4358, -1.9682, 0.2568],
							"uv": {
								"north": {"uv": [14, 0], "uv_size": [1, 1.5]}
							}
						},
						{
							"origin": [-0.55236, -0.9105, -1.35255],
							"size": [0.92922, 1.63374, 0.80022],
							"inflate": -0.39946,
							"pivot": [0, -0.015, -0.37663],
							"rotation": [-97.4358, 1.9682, -0.2568],
							"uv": {
								"north": {"uv": [1, 14], "uv_size": [1, 1.5]}
							}
						},
						{
							"origin": [-0.42337, -0.7905, -1.23604],
							"size": [0.84673, 1.40165, 0.56717],
							"inflate": -0.28229,
							"pivot": [0, -0.015, -0.37663],
							"rotation": [-97.4314, 0, 0],
							"uv": {
								"north": {"uv": [14, 2], "uv_size": [1, 1.5]}
							}
						},
						{
							"origin": [-0.42337, -0.7905, -1.23604],
							"size": [0.84673, 1.40165, 0.56717],
							"inflate": -0.28229,
							"pivot": [0, -0.015, -0.37663],
							"rotation": [-97.4314, 0, -30],
							"uv": {
								"north": {"uv": [14, 4], "uv_size": [1, 1.5]}
							}
						},
						{
							"origin": [-0.55236, -0.9105, -1.35255],
							"size": [0.92922, 1.63374, 0.80022],
							"inflate": -0.39946,
							"pivot": [0, -0.015, -0.37663],
							"rotation": [-97.4358, 1.9682, -30.2568],
							"uv": {
								"north": {"uv": [14, 6], "uv_size": [1, 1.5]}
							}
						},
						{
							"origin": [-0.37686, -0.9105, -1.35255],
							"size": [0.92922, 1.63374, 0.80022],
							"inflate": -0.39946,
							"pivot": [0, -0.015, -0.37663],
							"rotation": [-97.4358, -1.9682, -29.7432],
							"uv": {
								"north": {"uv": [14, 8], "uv_size": [1, 1.5]}
							}
						},
						{
							"origin": [-0.55236, -0.9105, -1.35255],
							"size": [0.92922, 1.63374, 0.80022],
							"inflate": -0.39946,
							"pivot": [0, -0.015, -0.37663],
							"rotation": [-97.4358, 1.9682, 149.7432],
							"uv": {
								"north": {"uv": [9, 14], "uv_size": [1, 1.5]}
							}
						},
						{
							"origin": [-0.42337, -0.7905, -1.23604],
							"size": [0.84673, 1.40165, 0.56717],
							"inflate": -0.28229,
							"pivot": [0, -0.015, -0.37663],
							"rotation": [-97.4314, 0, 150],
							"uv": {
								"north": {"uv": [10, 14], "uv_size": [1, 1.5]}
							}
						},
						{
							"origin": [-0.37686, -0.9105, -1.35255],
							"size": [0.92922, 1.63374, 0.80022],
							"inflate": -0.39946,
							"pivot": [0, -0.015, -0.37663],
							"rotation": [-97.4358, -1.9682, 150.2568],
							"uv": {
								"north": {"uv": [14, 10], "uv_size": [1, 1.5]}
							}
						},
						{
							"origin": [-0.37686, -0.9105, -1.35255],
							"size": [0.92922, 1.63374, 0.80022],
							"inflate": -0.39946,
							"pivot": [0, -0.015, -0.37663],
							"rotation": [-97.4358, -1.9682, 120.2568],
							"uv": {
								"north": {"uv": [11, 14], "uv_size": [1, 1.5]}
							}
						},
						{
							"origin": [-0.42337, -0.7905, -1.23604],
							"size": [0.84673, 1.40165, 0.56717],
							"inflate": -0.28229,
							"pivot": [0, -0.015, -0.37663],
							"rotation": [-97.4314, 0, 120],
							"uv": {
								"north": {"uv": [12, 14], "uv_size": [1, 1.5]}
							}
						},
						{
							"origin": [-0.55236, -0.9105, -1.35255],
							"size": [0.92922, 1.63374, 0.80022],
							"inflate": -0.39946,
							"pivot": [0, -0.015, -0.37663],
							"rotation": [-97.4358, 1.9682, 119.7432],
							"uv": {
								"north": {"uv": [14, 12], "uv_size": [1, 1.5]}
							}
						},
						{
							"origin": [-0.37686, -0.9105, -1.35255],
							"size": [0.92922, 1.63374, 0.80022],
							"inflate": -0.39946,
							"pivot": [0, -0.015, -0.37663],
							"rotation": [-97.4358, -1.9682, -59.7432],
							"uv": {
								"north": {"uv": [13, 14], "uv_size": [1, 1.5]}
							}
						},
						{
							"origin": [-0.55236, -0.9105, -1.35255],
							"size": [0.92922, 1.63374, 0.80022],
							"inflate": -0.39946,
							"pivot": [0, -0.015, -0.37663],
							"rotation": [-97.4358, 1.9682, -60.2568],
							"uv": {
								"north": {"uv": [14, 14], "uv_size": [1, 1.5]}
							}
						},
						{
							"origin": [-0.42337, -0.7905, -1.23604],
							"size": [0.84673, 1.40165, 1.64217],
							"inflate": -0.28229,
							"pivot": [0, -0.015, -0.37663],
							"rotation": [-97.4314, 0, -60],
							"uv": {
								"north": {"uv": [15, 0], "uv_size": [1, 1.5]},
								"down": {"uv": [2, 16.5], "uv_size": [1, -1.5]}
							}
						}
					]
				},
				{
					"name": "bones",
					"parent": "kar98k_silencer",
					"pivot": [-0.02023, -0.02087, 0.01381],
					"cubes": [
						{
							"origin": [-0.90825, -0.53076, -0.35982],
							"size": [0.8311, 1.03703, 0.75],
							"inflate": -0.375,
							"pivot": [-0.00969, -0.01225, 0.01518],
							"rotation": [0, 0, 90],
							"uv": {
								"north": {"uv": [6, 5], "uv_size": [1, 1]},
								"east": {"uv": [7, 5], "uv_size": [1, 1]},
								"south": {"uv": [2, 10], "uv_size": [1, 1]},
								"west": {"uv": [1, 18], "uv_size": [1, 1]},
								"up": {"uv": [18, 7], "uv_size": [1, 1]},
								"down": {"uv": [18, 9], "uv_size": [1, -1]}
							}
						},
						{
							"origin": [-0.9203, -0.53076, -0.35982],
							"size": [0.84315, 1.03703, 0.75],
							"inflate": -0.375,
							"pivot": [-0.00969, -0.01225, 0.01518],
							"rotation": [0, 0, 270],
							"uv": {
								"north": {"uv": [9, 18], "uv_size": [1, 1]},
								"east": {"uv": [18, 9], "uv_size": [1, 1]},
								"south": {"uv": [10, 18], "uv_size": [1, 1]},
								"west": {"uv": [18, 10], "uv_size": [1, 1]},
								"up": {"uv": [11, 18], "uv_size": [1, 1]},
								"down": {"uv": [18, 12], "uv_size": [1, -1]}
							}
						},
						{
							"origin": [-0.90825, -0.53076, -0.35982],
							"size": [0.8311, 1.03703, 0.75],
							"inflate": -0.375,
							"pivot": [-0.00969, -0.01225, 0.01518],
							"rotation": [0, 0, -60],
							"uv": {
								"north": {"uv": [12, 18], "uv_size": [1, 1]},
								"east": {"uv": [18, 12], "uv_size": [1, 1]},
								"south": {"uv": [13, 18], "uv_size": [1, 1]},
								"west": {"uv": [18, 13], "uv_size": [1, 1]},
								"up": {"uv": [14, 18], "uv_size": [1, 1]},
								"down": {"uv": [18, 15], "uv_size": [1, -1]}
							}
						},
						{
							"origin": [-0.9203, -0.53076, -0.35982],
							"size": [0.84315, 1.03703, 0.75],
							"inflate": -0.375,
							"pivot": [-0.00969, -0.01225, 0.01518],
							"rotation": [0, 0, 120],
							"uv": {
								"north": {"uv": [15, 18], "uv_size": [1, 1]},
								"east": {"uv": [18, 15], "uv_size": [1, 1]},
								"south": {"uv": [16, 18], "uv_size": [1, 1]},
								"west": {"uv": [17, 18], "uv_size": [1, 1]},
								"up": {"uv": [18, 18], "uv_size": [1, 1]},
								"down": {"uv": [19, 1], "uv_size": [1, -1]}
							}
						},
						{
							"origin": [-0.9203, -0.53076, -0.35982],
							"size": [0.84315, 1.03703, 0.75],
							"inflate": -0.375,
							"pivot": [-0.00969, -0.01225, 0.01518],
							"rotation": [0, 0, 150],
							"uv": {
								"north": {"uv": [1, 19], "uv_size": [1, 1]},
								"east": {"uv": [19, 1], "uv_size": [1, 1]},
								"south": {"uv": [2, 19], "uv_size": [1, 1]},
								"west": {"uv": [19, 2], "uv_size": [1, 1]},
								"up": {"uv": [3, 19], "uv_size": [1, 1]},
								"down": {"uv": [4, 20], "uv_size": [1, -1]}
							}
						},
						{
							"origin": [-0.90825, -0.53076, -0.35982],
							"size": [0.8311, 1.03703, 0.75],
							"inflate": -0.375,
							"pivot": [-0.00969, -0.01225, 0.01518],
							"rotation": [0, 0, -30],
							"uv": {
								"north": {"uv": [19, 7], "uv_size": [1, 1]},
								"east": {"uv": [19, 8], "uv_size": [1, 1]},
								"south": {"uv": [9, 19], "uv_size": [1, 1]},
								"west": {"uv": [19, 9], "uv_size": [1, 1]},
								"up": {"uv": [10, 19], "uv_size": [1, 1]},
								"down": {"uv": [19, 11], "uv_size": [1, -1]}
							}
						},
						{
							"origin": [-0.90825, -0.53076, -0.35982],
							"size": [0.8311, 1.03703, 0.75],
							"inflate": -0.375,
							"uv": {
								"north": {"uv": [11, 19], "uv_size": [1, 1]},
								"east": {"uv": [19, 11], "uv_size": [1, 1]},
								"south": {"uv": [12, 19], "uv_size": [1, 1]},
								"west": {"uv": [19, 12], "uv_size": [1, 1]},
								"up": {"uv": [13, 19], "uv_size": [1, 1]},
								"down": {"uv": [19, 14], "uv_size": [1, -1]}
							}
						},
						{
							"origin": [-0.9203, -0.53076, -0.35982],
							"size": [0.84315, 1.03703, 0.75],
							"inflate": -0.375,
							"pivot": [-0.00969, -0.01225, 0.01518],
							"rotation": [0, 0, -180],
							"uv": {
								"north": {"uv": [14, 19], "uv_size": [1, 1]},
								"east": {"uv": [19, 14], "uv_size": [1, 1]},
								"south": {"uv": [15, 19], "uv_size": [1, 1]},
								"west": {"uv": [19, 15], "uv_size": [1, 1]},
								"up": {"uv": [16, 19], "uv_size": [1, 1]},
								"down": {"uv": [17, 20], "uv_size": [1, -1]}
							}
						},
						{
							"origin": [-0.9203, -0.53076, -0.35982],
							"size": [0.84315, 1.03703, 0.75],
							"inflate": -0.375,
							"pivot": [-0.00969, -0.01225, 0.01518],
							"rotation": [0, 0, -150],
							"uv": {
								"north": {"uv": [18, 19], "uv_size": [1, 1]},
								"east": {"uv": [19, 18], "uv_size": [1, 1]},
								"south": {"uv": [19, 19], "uv_size": [1, 1]},
								"west": {"uv": [20, 0], "uv_size": [1, 1]},
								"up": {"uv": [1, 20], "uv_size": [1, 1]},
								"down": {"uv": [20, 2], "uv_size": [1, -1]}
							}
						},
						{
							"origin": [-0.90825, -0.53076, -0.35982],
							"size": [0.8311, 1.03703, 0.75],
							"inflate": -0.375,
							"pivot": [-0.00969, -0.01225, 0.01518],
							"rotation": [0, 0, 30],
							"uv": {
								"north": {"uv": [2, 20], "uv_size": [1, 1]},
								"east": {"uv": [20, 2], "uv_size": [1, 1]},
								"south": {"uv": [3, 20], "uv_size": [1, 1]},
								"west": {"uv": [4, 20], "uv_size": [1, 1]},
								"up": {"uv": [5, 20], "uv_size": [1, 1]},
								"down": {"uv": [6, 21], "uv_size": [1, -1]}
							}
						},
						{
							"origin": [-0.90825, -0.53076, -0.35982],
							"size": [0.8311, 1.03703, 0.75],
							"inflate": -0.375,
							"pivot": [-0.00969, -0.01225, 0.01518],
							"rotation": [0, 0, 60],
							"uv": {
								"north": {"uv": [7, 20], "uv_size": [1, 1]},
								"east": {"uv": [20, 7], "uv_size": [1, 1]},
								"south": {"uv": [8, 20], "uv_size": [1, 1]},
								"west": {"uv": [20, 8], "uv_size": [1, 1]},
								"up": {"uv": [9, 20], "uv_size": [1, 1]},
								"down": {"uv": [20, 10], "uv_size": [1, -1]}
							}
						},
						{
							"origin": [-0.9203, -0.53076, -0.35982],
							"size": [0.84315, 1.03703, 0.75],
							"inflate": -0.375,
							"pivot": [-0.00969, -0.01225, 0.01518],
							"rotation": [0, 0, -120],
							"uv": {
								"north": {"uv": [10, 20], "uv_size": [1, 1]},
								"east": {"uv": [20, 10], "uv_size": [1, 1]},
								"south": {"uv": [11, 20], "uv_size": [1, 1]},
								"west": {"uv": [20, 11], "uv_size": [1, 1]},
								"up": {"uv": [12, 20], "uv_size": [1, 1]},
								"down": {"uv": [20, 13], "uv_size": [1, -1]}
							}
						},
						{
							"origin": [-0.33571, -0.42649, 0.01146],
							"size": [0.65204, 0.82849, 0],
							"pivot": [-0.00969, -0.01225, 0.01146],
							"rotation": [0, 0, 45],
							"uv": {
								"north": {"uv": [5, 25], "uv_size": [0.5, 1]},
								"east": {"uv": [0, 0], "uv_size": [0, 1]},
								"south": {"uv": [12, 25], "uv_size": [0.5, 1]},
								"west": {"uv": [0, 0], "uv_size": [0, 1]},
								"up": {"uv": [0, 0], "uv_size": [0.5, 0]},
								"down": {"uv": [0, 0], "uv_size": [0.5, 0]}
							}
						},
						{
							"origin": [-0.28471, -0.45224, 0.01146],
							"size": [0.54954, 0.90574, 0],
							"pivot": [-0.00969, -0.01225, 0.01146],
							"rotation": [0, 0, 45],
							"uv": {
								"north": {"uv": [27, 5], "uv_size": [0.5, 1]},
								"east": {"uv": [0, 0], "uv_size": [0, 1]},
								"south": {"uv": [6, 27], "uv_size": [0.5, 1]},
								"west": {"uv": [0, 0], "uv_size": [0, 1]},
								"up": {"uv": [0, 0], "uv_size": [0.5, 0]},
								"down": {"uv": [0, 0], "uv_size": [0.5, 0]}
							}
						},
						{
							"origin": [-0.28421, -0.47799, 0.01146],
							"size": [0.49754, 0.39074, 0],
							"pivot": [-0.00969, -0.01225, 0.01146],
							"rotation": [0, 0, 45],
							"uv": {
								"north": {"uv": [29, 3], "uv_size": [0.5, 0.5]},
								"east": {"uv": [0, 0], "uv_size": [0, 0.5]},
								"south": {"uv": [4, 29], "uv_size": [0.5, 0.5]},
								"west": {"uv": [0, 0], "uv_size": [0, 0.5]},
								"up": {"uv": [0, 0], "uv_size": [0.5, 0]},
								"down": {"uv": [0, 0], "uv_size": [0.5, 0]}
							}
						},
						{
							"origin": [-0.42394, -0.33826, 0.01146],
							"size": [0.08823, 0.65204, 0],
							"pivot": [-0.00969, -0.01225, 0.01146],
							"rotation": [0, 0, 45],
							"uv": {
								"north": {"uv": [27, 6], "uv_size": [0.5, 0.5]},
								"east": {"uv": [0, 0], "uv_size": [0, 0.5]},
								"south": {"uv": [7, 27], "uv_size": [0.5, 0.5]},
								"west": {"uv": [0, 0], "uv_size": [0, 0.5]},
								"up": {"uv": [0, 0], "uv_size": [0.5, 0]},
								"down": {"uv": [0, 0], "uv_size": [0.5, 0]}
							}
						},
						{
							"origin": [-0.47544, -0.28676, 0.01146],
							"size": [0.11398, 0.54904, 0],
							"pivot": [-0.00969, -0.01225, 0.01146],
							"rotation": [0, 0, 45],
							"uv": {
								"north": {"uv": [29, 2], "uv_size": [0.5, 0.5]},
								"east": {"uv": [0, 0], "uv_size": [0, 0.5]},
								"south": {"uv": [3, 29], "uv_size": [0.5, 0.5]},
								"west": {"uv": [0, 0], "uv_size": [0, 0.5]},
								"up": {"uv": [0, 0], "uv_size": [0.5, 0]},
								"down": {"uv": [0, 0], "uv_size": [0.5, 0]}
							}
						},
						{
							"origin": [0.31632, -0.33826, 0.01146],
							"size": [0.08823, 0.65204, 0],
							"pivot": [-0.00969, -0.01225, 0.01146],
							"rotation": [0, 0, 45],
							"uv": {
								"north": {"uv": [27, 7], "uv_size": [0.5, 0.5]},
								"east": {"uv": [0, 0], "uv_size": [0, 0.5]},
								"south": {"uv": [8, 27], "uv_size": [0.5, 0.5]},
								"west": {"uv": [0, 0], "uv_size": [0, 0.5]},
								"up": {"uv": [0, 0], "uv_size": [0.5, 0]},
								"down": {"uv": [0, 0], "uv_size": [0.5, 0]}
							}
						},
						{
							"origin": [0.31632, -0.18327, 0.01146],
							"size": [0.16598, 0.36729, 0],
							"pivot": [-0.00969, -0.01225, 0.01146],
							"rotation": [0, 0, 45],
							"uv": {
								"north": {"uv": [29, 4], "uv_size": [0.5, 0.5]},
								"east": {"uv": [0, 0], "uv_size": [0, 0.5]},
								"south": {"uv": [5, 29], "uv_size": [0.5, 0.5]},
								"west": {"uv": [0, 0], "uv_size": [0, 0.5]},
								"up": {"uv": [0, 0], "uv_size": [0.5, 0]},
								"down": {"uv": [0, 0], "uv_size": [0.5, 0]}
							}
						}
					]
				},
				{
					"name": "hexadecagon",
					"parent": "kar98k_silencer",
					"pivot": [0, -0.025, -8.875],
					"cubes": [
						{
							"origin": [-0.14548, -0.75636, -1.3841],
							"size": [0.29095, 1.46272, 0.6],
							"pivot": [0, -0.025, -8.875],
							"rotation": [0, 0, -45],
							"uv": {
								"north": {"uv": [21, 0], "uv_size": [0.5, 1.5]},
								"east": {"uv": [1, 21], "uv_size": [0.5, 1.5]},
								"south": {"uv": [2, 21], "uv_size": [0.5, 1.5]},
								"west": {"uv": [21, 2], "uv_size": [0.5, 1.5]},
								"up": {"uv": [27, 8], "uv_size": [0.5, 0.5]},
								"down": {"uv": [9, 27.5], "uv_size": [0.5, -0.5]}
							}
						},
						{
							"origin": [-0.14548, -0.75636, -1.3841],
							"size": [0.29095, 1.46272, 0.6],
							"pivot": [0, -0.025, -8.875],
							"rotation": [0, 0, -22.5],
							"uv": {
								"north": {"uv": [3, 21], "uv_size": [0.5, 1.5]},
								"east": {"uv": [4, 21], "uv_size": [0.5, 1.5]},
								"south": {"uv": [21, 4], "uv_size": [0.5, 1.5]},
								"west": {"uv": [5, 21], "uv_size": [0.5, 1.5]},
								"up": {"uv": [27, 9], "uv_size": [0.5, 0.5]},
								"down": {"uv": [10, 27.5], "uv_size": [0.5, -0.5]}
							}
						},
						{
							"origin": [-0.14548, -0.75636, -1.3841],
							"size": [0.29095, 1.46272, 0.6],
							"uv": {
								"north": {"uv": [6, 21], "uv_size": [0.5, 1.5]},
								"east": {"uv": [21, 6], "uv_size": [0.5, 1.5]},
								"south": {"uv": [7, 21], "uv_size": [0.5, 1.5]},
								"west": {"uv": [8, 21], "uv_size": [0.5, 1.5]},
								"up": {"uv": [27, 10], "uv_size": [0.5, 0.5]},
								"down": {"uv": [11, 27.5], "uv_size": [0.5, -0.5]}
							}
						},
						{
							"origin": [-0.14548, -0.75636, -1.3841],
							"size": [0.29095, 1.46272, 0.6],
							"pivot": [0, -0.025, -8.875],
							"rotation": [0, 0, 22.5],
							"uv": {
								"north": {"uv": [21, 8], "uv_size": [0.5, 1.5]},
								"east": {"uv": [9, 21], "uv_size": [0.5, 1.5]},
								"south": {"uv": [10, 21], "uv_size": [0.5, 1.5]},
								"west": {"uv": [21, 10], "uv_size": [0.5, 1.5]},
								"up": {"uv": [27, 11], "uv_size": [0.5, 0.5]},
								"down": {"uv": [12, 27.5], "uv_size": [0.5, -0.5]}
							}
						},
						{
							"origin": [-0.14548, -0.75636, -1.3841],
							"size": [0.29095, 1.46272, 0.6],
							"pivot": [0, -0.025, -8.875],
							"rotation": [0, 0, 45],
							"uv": {
								"north": {"uv": [11, 21], "uv_size": [0.5, 1.5]},
								"east": {"uv": [12, 21], "uv_size": [0.5, 1.5]},
								"south": {"uv": [21, 12], "uv_size": [0.5, 1.5]},
								"west": {"uv": [13, 21], "uv_size": [0.5, 1.5]},
								"up": {"uv": [27, 12], "uv_size": [0.5, 0.5]},
								"down": {"uv": [13, 27.5], "uv_size": [0.5, -0.5]}
							}
						},
						{
							"origin": [-0.73136, -0.17048, -1.3841],
							"size": [1.46272, 0.29095, 0.6],
							"pivot": [0, -0.025, -8.875],
							"rotation": [0, 0, -22.5],
							"uv": {
								"north": {"uv": [14, 21], "uv_size": [1.5, 0.5]},
								"east": {"uv": [27, 13], "uv_size": [0.5, 0.5]},
								"south": {"uv": [21, 14], "uv_size": [1.5, 0.5]},
								"west": {"uv": [14, 27], "uv_size": [0.5, 0.5]},
								"up": {"uv": [21, 15], "uv_size": [1.5, 0.5]},
								"down": {"uv": [16, 21.5], "uv_size": [1.5, -0.5]}
							}
						},
						{
							"origin": [-0.73136, -0.17048, -1.3841],
							"size": [1.46272, 0.29095, 0.6],
							"uv": {
								"north": {"uv": [21, 16], "uv_size": [1.5, 0.5]},
								"east": {"uv": [27, 14], "uv_size": [0.5, 0.5]},
								"south": {"uv": [21, 17], "uv_size": [1.5, 0.5]},
								"west": {"uv": [15, 27], "uv_size": [0.5, 0.5]},
								"up": {"uv": [18, 21], "uv_size": [1.5, 0.5]},
								"down": {"uv": [21, 18.5], "uv_size": [1.5, -0.5]}
							}
						},
						{
							"origin": [-0.73136, -0.17048, -1.3841],
							"size": [1.46272, 0.29095, 0.6],
							"pivot": [0, -0.025, -8.875],
							"rotation": [0, 0, 22.5],
							"uv": {
								"north": {"uv": [21, 19], "uv_size": [1.5, 0.5]},
								"east": {"uv": [27, 15], "uv_size": [0.5, 0.5]},
								"south": {"uv": [20, 21], "uv_size": [1.5, 0.5]},
								"west": {"uv": [16, 27], "uv_size": [0.5, 0.5]},
								"up": {"uv": [21, 20], "uv_size": [1.5, 0.5]},
								"down": {"uv": [22, 0.5], "uv_size": [1.5, -0.5]}
							}
						}
					]
				},
				{
					"name": "bone5",
					"parent": "hexadecagon",
					"pivot": [0, -0.025, -9.975],
					"cubes": [
						{
							"origin": [-0.14548, -0.75636, -2.4841],
							"size": [0.29095, 1.46272, 0.25],
							"pivot": [0, -0.025, -9.975],
							"rotation": [0, 0, -45],
							"uv": {
								"north": {"uv": [0, 22], "uv_size": [0.5, 1.5]},
								"east": {"uv": [22, 1], "uv_size": [0.5, 1.5]},
								"south": {"uv": [22, 3], "uv_size": [0.5, 1.5]},
								"west": {"uv": [22, 5], "uv_size": [0.5, 1.5]},
								"up": {"uv": [27, 16], "uv_size": [0.5, 0.5]},
								"down": {"uv": [17, 27.5], "uv_size": [0.5, -0.5]}
							}
						},
						{
							"origin": [-0.14548, -0.75636, -2.4841],
							"size": [0.29095, 1.46272, 0.25],
							"pivot": [0, -0.025, -9.975],
							"rotation": [0, 0, -22.5],
							"uv": {
								"north": {"uv": [22, 7], "uv_size": [0.5, 1.5]},
								"east": {"uv": [22, 9], "uv_size": [0.5, 1.5]},
								"south": {"uv": [22, 11], "uv_size": [0.5, 1.5]},
								"west": {"uv": [14, 22], "uv_size": [0.5, 1.5]},
								"up": {"uv": [27, 17], "uv_size": [0.5, 0.5]},
								"down": {"uv": [18, 27.5], "uv_size": [0.5, -0.5]}
							}
						},
						{
							"origin": [-0.14548, -0.75636, -2.4841],
							"size": [0.29095, 1.46272, 0.25],
							"uv": {
								"north": {"uv": [15, 22], "uv_size": [0.5, 1.5]},
								"east": {"uv": [16, 22], "uv_size": [0.5, 1.5]},
								"south": {"uv": [17, 22], "uv_size": [0.5, 1.5]},
								"west": {"uv": [18, 22], "uv_size": [0.5, 1.5]},
								"up": {"uv": [27, 18], "uv_size": [0.5, 0.5]},
								"down": {"uv": [19, 27.5], "uv_size": [0.5, -0.5]}
							}
						},
						{
							"origin": [-0.14548, -0.75636, -2.4841],
							"size": [0.29095, 1.46272, 0.25],
							"pivot": [0, -0.025, -9.975],
							"rotation": [0, 0, 22.5],
							"uv": {
								"north": {"uv": [19, 22], "uv_size": [0.5, 1.5]},
								"east": {"uv": [20, 22], "uv_size": [0.5, 1.5]},
								"south": {"uv": [21, 22], "uv_size": [0.5, 1.5]},
								"west": {"uv": [22, 21], "uv_size": [0.5, 1.5]},
								"up": {"uv": [27, 19], "uv_size": [0.5, 0.5]},
								"down": {"uv": [20, 27.5], "uv_size": [0.5, -0.5]}
							}
						},
						{
							"origin": [-0.14548, -0.75636, -2.4841],
							"size": [0.29095, 1.46272, 0.25],
							"pivot": [0, -0.025, -9.975],
							"rotation": [0, 0, 45],
							"uv": {
								"north": {"uv": [1, 23], "uv_size": [0.5, 1.5]},
								"east": {"uv": [23, 1], "uv_size": [0.5, 1.5]},
								"south": {"uv": [2, 23], "uv_size": [0.5, 1.5]},
								"west": {"uv": [3, 23], "uv_size": [0.5, 1.5]},
								"up": {"uv": [27, 20], "uv_size": [0.5, 0.5]},
								"down": {"uv": [21, 27.5], "uv_size": [0.5, -0.5]}
							}
						},
						{
							"origin": [-0.73136, -0.17048, -2.4841],
							"size": [1.46272, 0.29095, 0.25],
							"pivot": [0, -0.025, -9.975],
							"rotation": [0, 0, -22.5],
							"uv": {
								"north": {"uv": [22, 13], "uv_size": [1.5, 0.5]},
								"east": {"uv": [27, 21], "uv_size": [0.5, 0.5]},
								"south": {"uv": [23, 3], "uv_size": [1.5, 0.5]},
								"west": {"uv": [22, 27], "uv_size": [0.5, 0.5]},
								"up": {"uv": [4, 23], "uv_size": [1.5, 0.5]},
								"down": {"uv": [23, 4.5], "uv_size": [1.5, -0.5]}
							}
						},
						{
							"origin": [-0.73136, -0.17048, -2.4841],
							"size": [1.46272, 0.29095, 0.25],
							"uv": {
								"north": {"uv": [23, 5], "uv_size": [1.5, 0.5]},
								"east": {"uv": [27, 22], "uv_size": [0.5, 0.5]},
								"south": {"uv": [6, 23], "uv_size": [1.5, 0.5]},
								"west": {"uv": [23, 27], "uv_size": [0.5, 0.5]},
								"up": {"uv": [23, 6], "uv_size": [1.5, 0.5]},
								"down": {"uv": [23, 7.5], "uv_size": [1.5, -0.5]}
							}
						},
						{
							"origin": [-0.73136, -0.17048, -2.4841],
							"size": [1.46272, 0.29095, 0.25],
							"pivot": [0, -0.025, -9.975],
							"rotation": [0, 0, 22.5],
							"uv": {
								"north": {"uv": [8, 23], "uv_size": [1.5, 0.5]},
								"east": {"uv": [27, 23], "uv_size": [0.5, 0.5]},
								"south": {"uv": [23, 8], "uv_size": [1.5, 0.5]},
								"west": {"uv": [24, 27], "uv_size": [0.5, 0.5]},
								"up": {"uv": [23, 9], "uv_size": [1.5, 0.5]},
								"down": {"uv": [10, 23.5], "uv_size": [1.5, -0.5]}
							}
						}
					]
				},
				{
					"name": "bone4",
					"parent": "hexadecagon",
					"pivot": [0, -0.025, -10.7],
					"cubes": [
						{
							"origin": [-0.14548, -0.75636, -5.2091],
							"size": [0.29095, 1.46272, 2.6],
							"pivot": [0, -0.025, -10.7],
							"rotation": [0, 0, -45],
							"uv": {
								"north": {"uv": [23, 10], "uv_size": [0.5, 1.5]},
								"east": {"uv": [0, 0], "uv_size": [2.5, 1.5]},
								"south": {"uv": [12, 23], "uv_size": [0.5, 1.5]},
								"west": {"uv": [0, 2], "uv_size": [2.5, 1.5]},
								"up": {"uv": [17, 4], "uv_size": [0.5, 2.5]},
								"down": {"uv": [5, 19.5], "uv_size": [0.5, -2.5]}
							}
						},
						{
							"origin": [-0.14548, -0.75636, -5.2091],
							"size": [0.29095, 1.46272, 2.6],
							"pivot": [0, -0.025, -10.7],
							"rotation": [0, 0, -22.5],
							"uv": {
								"north": {"uv": [13, 23], "uv_size": [0.5, 1.5]},
								"east": {"uv": [3, 0], "uv_size": [2.5, 1.5]},
								"south": {"uv": [23, 14], "uv_size": [0.5, 1.5]},
								"west": {"uv": [3, 2], "uv_size": [2.5, 1.5]},
								"up": {"uv": [6, 17], "uv_size": [0.5, 2.5]},
								"down": {"uv": [7, 19.5], "uv_size": [0.5, -2.5]}
							}
						},
						{
							"origin": [-0.14548, -0.75636, -5.2091],
							"size": [0.29095, 1.46272, 2.6],
							"uv": {
								"north": {"uv": [23, 16], "uv_size": [0.5, 1.5]},
								"east": {"uv": [0, 4], "uv_size": [2.5, 1.5]},
								"south": {"uv": [23, 18], "uv_size": [0.5, 1.5]},
								"west": {"uv": [3, 4], "uv_size": [2.5, 1.5]},
								"up": {"uv": [17, 7], "uv_size": [0.5, 2.5]},
								"down": {"uv": [8, 19.5], "uv_size": [0.5, -2.5]}
							}
						},
						{
							"origin": [-0.14548, -0.75636, -5.2091],
							"size": [0.29095, 1.46272, 2.6],
							"pivot": [0, -0.025, -10.7],
							"rotation": [0, 0, 22.5],
							"uv": {
								"north": {"uv": [23, 20], "uv_size": [0.5, 1.5]},
								"east": {"uv": [0, 6], "uv_size": [2.5, 1.5]},
								"south": {"uv": [22, 23], "uv_size": [0.5, 1.5]},
								"west": {"uv": [6, 0], "uv_size": [2.5, 1.5]},
								"up": {"uv": [17, 10], "uv_size": [0.5, 2.5]},
								"down": {"uv": [17, 15.5], "uv_size": [0.5, -2.5]}
							}
						},
						{
							"origin": [-0.73136, -0.17048, -5.2091],
							"size": [1.46272, 0.29095, 2.6],
							"pivot": [0, -0.025, -10.7],
							"rotation": [0, 0, -22.5],
							"uv": {
								"north": {"uv": [23, 12], "uv_size": [1.5, 0.5]},
								"east": {"uv": [17, 16], "uv_size": [2.5, 0.5]},
								"south": {"uv": [23, 22], "uv_size": [1.5, 0.5]},
								"west": {"uv": [17, 17], "uv_size": [2.5, 0.5]},
								"up": {"uv": [6, 2], "uv_size": [1.5, 2.5]},
								"down": {"uv": [3, 8.5], "uv_size": [1.5, -2.5]}
							}
						},
						{
							"origin": [-0.14548, -0.75636, -5.2091],
							"size": [0.29095, 1.46272, 2.6],
							"pivot": [0, -0.025, -10.7],
							"rotation": [0, 0, 45],
							"uv": {
								"north": {"uv": [23, 23], "uv_size": [0.5, 1.5]},
								"east": {"uv": [5, 6], "uv_size": [2.5, 1.5]},
								"south": {"uv": [0, 24], "uv_size": [0.5, 1.5]},
								"west": {"uv": [0, 8], "uv_size": [2.5, 1.5]},
								"up": {"uv": [0, 18], "uv_size": [0.5, 2.5]},
								"down": {"uv": [18, 2.5], "uv_size": [0.5, -2.5]}
							}
						},
						{
							"origin": [-0.73136, -0.17048, -5.2091],
							"size": [1.46272, 0.29095, 2.6],
							"uv": {
								"north": {"uv": [24, 0], "uv_size": [1.5, 0.5]},
								"east": {"uv": [18, 3], "uv_size": [2.5, 0.5]},
								"south": {"uv": [24, 1], "uv_size": [1.5, 0.5]},
								"west": {"uv": [18, 4], "uv_size": [2.5, 0.5]},
								"up": {"uv": [8, 2], "uv_size": [1.5, 2.5]},
								"down": {"uv": [5, 10.5], "uv_size": [1.5, -2.5]}
							}
						},
						{
							"origin": [-0.73136, -0.17048, -5.2091],
							"size": [1.46272, 0.29095, 2.6],
							"pivot": [0, -0.025, -10.7],
							"rotation": [0, 0, 22.5],
							"uv": {
								"north": {"uv": [24, 2], "uv_size": [1.5, 0.5]},
								"east": {"uv": [18, 5], "uv_size": [2.5, 0.5]},
								"south": {"uv": [4, 24], "uv_size": [1.5, 0.5]},
								"west": {"uv": [18, 6], "uv_size": [2.5, 0.5]},
								"up": {"uv": [8, 5], "uv_size": [1.5, 2.5]},
								"down": {"uv": [7, 10.5], "uv_size": [1.5, -2.5]}
							}
						}
					]
				},
				{
					"name": "bone7",
					"parent": "hexadecagon",
					"pivot": [0, -0.025, -6.9341],
					"cubes": [
						{
							"origin": [-0.11185, -0.58732, -6.94885],
							"size": [0.2237, 1.12464, 1.01428],
							"pivot": [0, -0.025, -12.15541],
							"rotation": [0, 0, -45],
							"uv": {
								"north": {"uv": [25, 12], "uv_size": [0.5, 1]},
								"east": {"uv": [13, 20], "uv_size": [1, 1]},
								"south": {"uv": [13, 25], "uv_size": [0.5, 1]},
								"west": {"uv": [20, 13], "uv_size": [1, 1]},
								"up": {"uv": [25, 13], "uv_size": [0.5, 1]},
								"down": {"uv": [25, 15], "uv_size": [0.5, -1]}
							}
						},
						{
							"origin": [-0.11185, -0.58732, -7.49885],
							"size": [0.2237, 0.37464, 0.56428],
							"pivot": [0, -0.025, -13.30541],
							"rotation": [0, 0, -45],
							"uv": {
								"north": {"uv": [27, 24], "uv_size": [0.5, 0.5]},
								"east": {"uv": [25, 27], "uv_size": [0.5, 0.5]},
								"south": {"uv": [27, 25], "uv_size": [0.5, 0.5]},
								"west": {"uv": [26, 27], "uv_size": [0.5, 0.5]},
								"up": {"uv": [27, 26], "uv_size": [0.5, 0.5]},
								"down": {"uv": [27, 27.5], "uv_size": [0.5, -0.5]}
							}
						},
						{
							"origin": [0.11185, -0.58732, -7.94885],
							"size": [0, 0.37464, 0.46428],
							"pivot": [0, -0.025, -13.85541],
							"rotation": [0, 0, -45],
							"uv": {
								"north": {"uv": [27, 24], "uv_size": [0.5, 0.5]},
								"east": {"uv": [25, 27], "uv_size": [0.5, 0.5]},
								"south": {"uv": [27, 25], "uv_size": [0.5, 0.5]},
								"west": {"uv": [26, 27], "uv_size": [0.5, 0.5]},
								"up": {"uv": [27, 26], "uv_size": [0.5, 0.5]},
								"down": {"uv": [27, 27.5], "uv_size": [0.5, -0.5]}
							}
						},
						{
							"origin": [-0.11185, -0.58732, -8.09885],
							"size": [0.1237, 0.37464, 0.61428],
							"pivot": [0, -0.025, -13.85541],
							"rotation": [0, 0, -45],
							"uv": {
								"north": {"uv": [0, 28], "uv_size": [0.5, 0.5]},
								"east": {"uv": [28, 0], "uv_size": [0.5, 0.5]},
								"south": {"uv": [1, 28], "uv_size": [0.5, 0.5]},
								"west": {"uv": [28, 1], "uv_size": [0.5, 0.5]},
								"up": {"uv": [2, 28], "uv_size": [0.5, 0.5]},
								"down": {"uv": [28, 2.5], "uv_size": [0.5, -0.5]}
							}
						},
						{
							"origin": [-0.11185, -0.58732, -6.94885],
							"size": [0.2237, 1.12464, 1.01428],
							"pivot": [0, -0.025, -12.15541],
							"rotation": [0, 0, -22.5],
							"uv": {
								"north": {"uv": [25, 15], "uv_size": [0.5, 1]},
								"east": {"uv": [14, 20], "uv_size": [1, 1]},
								"south": {"uv": [25, 16], "uv_size": [0.5, 1]},
								"west": {"uv": [20, 14], "uv_size": [1, 1]},
								"up": {"uv": [25, 17], "uv_size": [0.5, 1]},
								"down": {"uv": [25, 19], "uv_size": [0.5, -1]}
							}
						},
						{
							"origin": [-0.11185, -0.58732, -6.94885],
							"size": [0.2237, 1.12464, 1.01428],
							"uv": {
								"north": {"uv": [25, 19], "uv_size": [0.5, 1]},
								"east": {"uv": [15, 20], "uv_size": [1, 1]},
								"south": {"uv": [25, 20], "uv_size": [0.5, 1]},
								"west": {"uv": [20, 15], "uv_size": [1, 1]},
								"up": {"uv": [22, 25], "uv_size": [0.5, 1]},
								"down": {"uv": [25, 23], "uv_size": [0.5, -1]}
							}
						},
						{
							"origin": [-0.11185, -0.58732, -6.94885],
							"size": [0.2237, 1.12464, 1.01428],
							"pivot": [0, -0.025, -12.15541],
							"rotation": [0, 0, 22.5],
							"uv": {
								"north": {"uv": [23, 25], "uv_size": [0.5, 1]},
								"east": {"uv": [16, 20], "uv_size": [1, 1]},
								"south": {"uv": [25, 23], "uv_size": [0.5, 1]},
								"west": {"uv": [20, 16], "uv_size": [1, 1]},
								"up": {"uv": [24, 25], "uv_size": [0.5, 1]},
								"down": {"uv": [25, 25], "uv_size": [0.5, -1]}
							}
						},
						{
							"origin": [-0.56232, -0.13685, -6.94885],
							"size": [1.12464, 0.2237, 1.01428],
							"pivot": [0, -0.025, -12.15541],
							"rotation": [0, 0, -22.5],
							"uv": {
								"north": {"uv": [25, 25], "uv_size": [1, 0.5]},
								"east": {"uv": [0, 26], "uv_size": [1, 0.5]},
								"south": {"uv": [26, 0], "uv_size": [1, 0.5]},
								"west": {"uv": [1, 26], "uv_size": [1, 0.5]},
								"up": {"uv": [17, 20], "uv_size": [1, 1]},
								"down": {"uv": [20, 18], "uv_size": [1, -1]}
							}
						},
						{
							"origin": [-0.11185, -0.58732, -6.94885],
							"size": [0.2237, 1.12464, 1.01428],
							"pivot": [0, -0.025, -12.15541],
							"rotation": [0, 0, 45],
							"uv": {
								"north": {"uv": [26, 1], "uv_size": [0.5, 1]},
								"east": {"uv": [18, 20], "uv_size": [1, 1]},
								"south": {"uv": [2, 26], "uv_size": [0.5, 1]},
								"west": {"uv": [20, 18], "uv_size": [1, 1]},
								"up": {"uv": [26, 2], "uv_size": [0.5, 1]},
								"down": {"uv": [3, 27], "uv_size": [0.5, -1]}
							}
						},
						{
							"origin": [-0.56232, -0.13685, -6.94885],
							"size": [1.12464, 0.2237, 1.01428],
							"uv": {
								"north": {"uv": [4, 26], "uv_size": [1, 0.5]},
								"east": {"uv": [5, 26], "uv_size": [1, 0.5]},
								"south": {"uv": [6, 26], "uv_size": [1, 0.5]},
								"west": {"uv": [7, 26], "uv_size": [1, 0.5]},
								"up": {"uv": [19, 20], "uv_size": [1, 1]},
								"down": {"uv": [20, 20], "uv_size": [1, -1]}
							}
						},
						{
							"origin": [0.18768, -0.13685, -7.49885],
							"size": [0.37464, 0.2237, 0.56428],
							"uv": {
								"north": {"uv": [3, 28], "uv_size": [0.5, 0.5]},
								"east": {"uv": [28, 3], "uv_size": [0.5, 0.5]},
								"south": {"uv": [4, 28], "uv_size": [0.5, 0.5]},
								"west": {"uv": [28, 4], "uv_size": [0.5, 0.5]},
								"up": {"uv": [5, 28], "uv_size": [0.5, 0.5]},
								"down": {"uv": [28, 5.5], "uv_size": [0.5, -0.5]}
							}
						},
						{
							"origin": [0.18768, -0.13685, -7.49885],
							"size": [0.37464, 0.2237, 0.56428],
							"pivot": [0, -0.025, -13.15541],
							"rotation": [0, 0, -22.5],
							"uv": {
								"north": {"uv": [6, 28], "uv_size": [0.5, 0.5]},
								"east": {"uv": [28, 6], "uv_size": [0.5, 0.5]},
								"south": {"uv": [7, 28], "uv_size": [0.5, 0.5]},
								"west": {"uv": [28, 7], "uv_size": [0.5, 0.5]},
								"up": {"uv": [8, 28], "uv_size": [0.5, 0.5]},
								"down": {"uv": [28, 8.5], "uv_size": [0.5, -0.5]}
							}
						},
						{
							"origin": [-0.11185, 0.16268, -7.49885],
							"size": [0.2237, 0.37464, 0.56428],
							"pivot": [0, -0.025, -13.15541],
							"rotation": [0, 0, 45],
							"uv": {
								"north": {"uv": [9, 28], "uv_size": [0.5, 0.5]},
								"east": {"uv": [28, 9], "uv_size": [0.5, 0.5]},
								"south": {"uv": [10, 28], "uv_size": [0.5, 0.5]},
								"west": {"uv": [28, 10], "uv_size": [0.5, 0.5]},
								"up": {"uv": [11, 28], "uv_size": [0.5, 0.5]},
								"down": {"uv": [28, 11.5], "uv_size": [0.5, -0.5]}
							}
						},
						{
							"origin": [-0.11185, 0.16268, -7.49885],
							"size": [0.2237, 0.37464, 0.56428],
							"pivot": [0, -0.025, -13.15541],
							"rotation": [0, 0, 22.5],
							"uv": {
								"north": {"uv": [12, 28], "uv_size": [0.5, 0.5]},
								"east": {"uv": [28, 12], "uv_size": [0.5, 0.5]},
								"south": {"uv": [13, 28], "uv_size": [0.5, 0.5]},
								"west": {"uv": [28, 13], "uv_size": [0.5, 0.5]},
								"up": {"uv": [14, 28], "uv_size": [0.5, 0.5]},
								"down": {"uv": [28, 14.5], "uv_size": [0.5, -0.5]}
							}
						},
						{
							"origin": [0.01315, 0.16268, -7.94885],
							"size": [0.0987, 0.37464, 0.46428],
							"pivot": [0, -0.025, -13.70541],
							"rotation": [0, 0, 22.5],
							"uv": {
								"north": {"uv": [12, 28], "uv_size": [0.5, 0.5]},
								"east": {"uv": [28, 12], "uv_size": [0.5, 0.5]},
								"south": {"uv": [13, 28], "uv_size": [0.5, 0.5]},
								"west": {"uv": [28, 13], "uv_size": [0.5, 0.5]},
								"up": {"uv": [14, 28], "uv_size": [0.5, 0.5]},
								"down": {"uv": [28, 14.5], "uv_size": [0.5, -0.5]}
							}
						},
						{
							"origin": [-0.11185, 0.16268, -8.09885],
							"size": [0.1237, 0.37464, 0.61428],
							"pivot": [0, -0.025, -13.73041],
							"rotation": [0, 0, 22.5],
							"uv": {
								"north": {"uv": [15, 28], "uv_size": [0.5, 0.5]},
								"east": {"uv": [28, 15], "uv_size": [0.5, 0.5]},
								"south": {"uv": [16, 28], "uv_size": [0.5, 0.5]},
								"west": {"uv": [28, 16], "uv_size": [0.5, 0.5]},
								"up": {"uv": [17, 28], "uv_size": [0.5, 0.5]},
								"down": {"uv": [28, 17.5], "uv_size": [0.5, -0.5]}
							}
						},
						{
							"origin": [-0.56232, -0.13685, -6.94885],
							"size": [1.12464, 0.2237, 1.01428],
							"pivot": [0, -0.025, -12.15541],
							"rotation": [0, 0, 22.5],
							"uv": {
								"north": {"uv": [8, 26], "uv_size": [1, 0.5]},
								"east": {"uv": [9, 26], "uv_size": [1, 0.5]},
								"south": {"uv": [10, 26], "uv_size": [1, 0.5]},
								"west": {"uv": [11, 26], "uv_size": [1, 0.5]},
								"up": {"uv": [20, 20], "uv_size": [1, 1]},
								"down": {"uv": [0, 22], "uv_size": [1, -1]}
							}
						},
						{
							"origin": [0.21268, -0.13685, -7.49885],
							"size": [0.34964, 0.2237, 0.56428],
							"pivot": [0, -0.025, -12.15541],
							"rotation": [0, 0, 22.5],
							"uv": {
								"north": {"uv": [18, 28], "uv_size": [0.5, 0.5]},
								"east": {"uv": [28, 18], "uv_size": [0.5, 0.5]},
								"south": {"uv": [19, 28], "uv_size": [0.5, 0.5]},
								"west": {"uv": [28, 19], "uv_size": [0.5, 0.5]},
								"up": {"uv": [20, 28], "uv_size": [0.5, 0.5]},
								"down": {"uv": [28, 20.5], "uv_size": [0.5, -0.5]}
							}
						}
					]
				},
				{
					"name": "bone8",
					"parent": "bone7",
					"pivot": [0, -0.025, -13.15541],
					"cubes": [
						{
							"origin": [-0.11185, 0.21268, -8.09885],
							"size": [0.2237, 0.32464, 1.16428],
							"pivot": [0, -0.025, -13.15541],
							"rotation": [0, 0, -45],
							"uv": {
								"north": {"uv": [21, 28], "uv_size": [0.5, 0.5]},
								"east": {"uv": [12, 26], "uv_size": [1, 0.5]},
								"south": {"uv": [28, 21], "uv_size": [0.5, 0.5]},
								"west": {"uv": [26, 12], "uv_size": [1, 0.5]},
								"up": {"uv": [13, 26], "uv_size": [0.5, 1]},
								"down": {"uv": [26, 14], "uv_size": [0.5, -1]}
							}
						},
						{
							"origin": [-0.11185, -0.58732, -8.09885],
							"size": [0.2237, 0.37464, 1.16428],
							"pivot": [0, -0.025, -13.15541],
							"rotation": [0, 0, -22.5],
							"uv": {
								"north": {"uv": [22, 28], "uv_size": [0.5, 0.5]},
								"east": {"uv": [14, 26], "uv_size": [1, 0.5]},
								"south": {"uv": [28, 22], "uv_size": [0.5, 0.5]},
								"west": {"uv": [26, 14], "uv_size": [1, 0.5]},
								"up": {"uv": [15, 26], "uv_size": [0.5, 1]},
								"down": {"uv": [26, 16], "uv_size": [0.5, -1]}
							}
						},
						{
							"origin": [-0.11185, 0.21268, -8.09885],
							"size": [0.2237, 0.32464, 1.16428],
							"pivot": [0, -0.025, -13.15541],
							"rotation": [0, 0, -22.5],
							"uv": {
								"north": {"uv": [23, 28], "uv_size": [0.5, 0.5]},
								"east": {"uv": [16, 26], "uv_size": [1, 0.5]},
								"south": {"uv": [28, 23], "uv_size": [0.5, 0.5]},
								"west": {"uv": [26, 16], "uv_size": [1, 0.5]},
								"up": {"uv": [17, 26], "uv_size": [0.5, 1]},
								"down": {"uv": [26, 18], "uv_size": [0.5, -1]}
							}
						},
						{
							"origin": [-0.11185, 0.18768, -8.09885],
							"size": [0.2237, 0.34964, 1.16428],
							"uv": {
								"north": {"uv": [24, 28], "uv_size": [0.5, 0.5]},
								"east": {"uv": [18, 26], "uv_size": [1, 0.5]},
								"south": {"uv": [28, 24], "uv_size": [0.5, 0.5]},
								"west": {"uv": [26, 18], "uv_size": [1, 0.5]},
								"up": {"uv": [19, 26], "uv_size": [0.5, 1]},
								"down": {"uv": [26, 20], "uv_size": [0.5, -1]}
							}
						},
						{
							"origin": [-0.11185, -0.58732, -8.09885],
							"size": [0.2237, 0.34964, 1.16428],
							"uv": {
								"north": {"uv": [25, 28], "uv_size": [0.5, 0.5]},
								"east": {"uv": [20, 26], "uv_size": [1, 0.5]},
								"south": {"uv": [28, 25], "uv_size": [0.5, 0.5]},
								"west": {"uv": [26, 20], "uv_size": [1, 0.5]},
								"up": {"uv": [21, 26], "uv_size": [0.5, 1]},
								"down": {"uv": [26, 22], "uv_size": [0.5, -1]}
							}
						},
						{
							"origin": [-0.11185, -0.58732, -8.09885],
							"size": [0.2237, 0.32464, 1.16428],
							"pivot": [0, -0.025, -13.15541],
							"rotation": [0, 0, 22.5],
							"uv": {
								"north": {"uv": [26, 28], "uv_size": [0.5, 0.5]},
								"east": {"uv": [22, 26], "uv_size": [1, 0.5]},
								"south": {"uv": [28, 26], "uv_size": [0.5, 0.5]},
								"west": {"uv": [26, 22], "uv_size": [1, 0.5]},
								"up": {"uv": [23, 26], "uv_size": [0.5, 1]},
								"down": {"uv": [26, 24], "uv_size": [0.5, -1]}
							}
						},
						{
							"origin": [-0.56232, -0.13685, -8.09885],
							"size": [0.32464, 0.2237, 1.16428],
							"pivot": [0, -0.025, -13.15541],
							"rotation": [0, 0, -22.5],
							"uv": {
								"north": {"uv": [27, 28], "uv_size": [0.5, 0.5]},
								"east": {"uv": [24, 26], "uv_size": [1, 0.5]},
								"south": {"uv": [28, 27], "uv_size": [0.5, 0.5]},
								"west": {"uv": [26, 24], "uv_size": [1, 0.5]},
								"up": {"uv": [25, 26], "uv_size": [0.5, 1]},
								"down": {"uv": [26, 26], "uv_size": [0.5, -1]}
							}
						},
						{
							"origin": [-0.11185, -0.58732, -8.09885],
							"size": [0.2237, 0.32464, 1.16428],
							"pivot": [0, -0.025, -13.15541],
							"rotation": [0, 0, 45],
							"uv": {
								"north": {"uv": [28, 28], "uv_size": [0.5, 0.5]},
								"east": {"uv": [26, 26], "uv_size": [1, 0.5]},
								"south": {"uv": [0, 29], "uv_size": [0.5, 0.5]},
								"west": {"uv": [0, 27], "uv_size": [1, 0.5]},
								"up": {"uv": [27, 0], "uv_size": [0.5, 1]},
								"down": {"uv": [1, 28], "uv_size": [0.5, -1]}
							}
						},
						{
							"origin": [-0.56232, -0.13685, -8.09885],
							"size": [0.32464, 0.2237, 1.16428],
							"uv": {
								"north": {"uv": [29, 0], "uv_size": [0.5, 0.5]},
								"east": {"uv": [27, 1], "uv_size": [1, 0.5]},
								"south": {"uv": [1, 29], "uv_size": [0.5, 0.5]},
								"west": {"uv": [2, 27], "uv_size": [1, 0.5]},
								"up": {"uv": [27, 2], "uv_size": [0.5, 1]},
								"down": {"uv": [3, 28], "uv_size": [0.5, -1]}
							}
						},
						{
							"origin": [-0.56232, -0.13685, -8.09885],
							"size": [0.32464, 0.2237, 1.16428],
							"pivot": [0, -0.025, -13.15541],
							"rotation": [0, 0, 22.5],
							"uv": {
								"north": {"uv": [29, 1], "uv_size": [0.5, 0.5]},
								"east": {"uv": [27, 3], "uv_size": [1, 0.5]},
								"south": {"uv": [2, 29], "uv_size": [0.5, 0.5]},
								"west": {"uv": [4, 27], "uv_size": [1, 0.5]},
								"up": {"uv": [27, 4], "uv_size": [0.5, 1]},
								"down": {"uv": [5, 28], "uv_size": [0.5, -1]}
							}
						}
					]
				},
				{
					"name": "bone3",
					"parent": "kar98k_silencer",
					"pivot": [0.005, -0.025, -1.7841],
					"cubes": [
						{
							"origin": [-0.13466, -0.72711, -2.6261],
							"size": [0.27931, 1.40421, 1.25],
							"pivot": [0.005, -0.025, -1.7841],
							"rotation": [0, 0, -45],
							"uv": {
								"north": {"uv": [6, 24], "uv_size": [0.5, 1.5]},
								"east": {"uv": [9, 0], "uv_size": [1.5, 1.5]},
								"south": {"uv": [7, 24], "uv_size": [0.5, 1.5]},
								"west": {"uv": [3, 9], "uv_size": [1.5, 1.5]},
								"up": {"uv": [8, 24], "uv_size": [0.5, 1.5]},
								"down": {"uv": [9, 25.5], "uv_size": [0.5, -1.5]}
							}
						},
						{
							"origin": [-0.13466, -0.72711, -2.6261],
							"size": [0.27931, 1.40421, 1.25],
							"pivot": [0.005, -0.025, -1.7841],
							"rotation": [0, 0, -22.5],
							"uv": {
								"north": {"uv": [10, 24], "uv_size": [0.5, 1.5]},
								"east": {"uv": [9, 8], "uv_size": [1.5, 1.5]},
								"south": {"uv": [24, 10], "uv_size": [0.5, 1.5]},
								"west": {"uv": [0, 10], "uv_size": [1.5, 1.5]},
								"up": {"uv": [11, 24], "uv_size": [0.5, 1.5]},
								"down": {"uv": [24, 14.5], "uv_size": [0.5, -1.5]}
							}
						},
						{
							"origin": [-0.13466, -0.72711, -2.6261],
							"size": [0.27931, 1.40421, 1.25],
							"uv": {
								"north": {"uv": [14, 24], "uv_size": [0.5, 1.5]},
								"east": {"uv": [10, 2], "uv_size": [1.5, 1.5]},
								"south": {"uv": [15, 24], "uv_size": [0.5, 1.5]},
								"west": {"uv": [10, 4], "uv_size": [1.5, 1.5]},
								"up": {"uv": [24, 15], "uv_size": [0.5, 1.5]},
								"down": {"uv": [16, 25.5], "uv_size": [0.5, -1.5]}
							}
						},
						{
							"origin": [-0.13466, -0.72711, -2.6261],
							"size": [0.27931, 1.40421, 1.25],
							"pivot": [0.005, -0.025, -1.7841],
							"rotation": [0, 0, 22.5],
							"uv": {
								"north": {"uv": [17, 24], "uv_size": [0.5, 1.5]},
								"east": {"uv": [10, 6], "uv_size": [1.5, 1.5]},
								"south": {"uv": [24, 17], "uv_size": [0.5, 1.5]},
								"west": {"uv": [9, 10], "uv_size": [1.5, 1.5]},
								"up": {"uv": [18, 24], "uv_size": [0.5, 1.5]},
								"down": {"uv": [19, 25.5], "uv_size": [0.5, -1.5]}
							}
						},
						{
							"origin": [-0.13466, -0.72711, -2.6261],
							"size": [0.27931, 1.40421, 1.25],
							"pivot": [0.005, -0.025, -1.7841],
							"rotation": [0, 0, 45],
							"uv": {
								"north": {"uv": [24, 19], "uv_size": [0.5, 1.5]},
								"east": {"uv": [11, 0], "uv_size": [1.5, 1.5]},
								"south": {"uv": [20, 24], "uv_size": [0.5, 1.5]},
								"west": {"uv": [2, 11], "uv_size": [1.5, 1.5]},
								"up": {"uv": [21, 24], "uv_size": [0.5, 1.5]},
								"down": {"uv": [24, 24.5], "uv_size": [0.5, -1.5]}
							}
						},
						{
							"origin": [-0.69711, -0.16466, -2.6261],
							"size": [1.40421, 0.27931, 1.25],
							"pivot": [0.005, -0.025, -1.7841],
							"rotation": [0, 0, -22.5],
							"uv": {
								"north": {"uv": [24, 21], "uv_size": [1.5, 0.5]},
								"east": {"uv": [1, 25], "uv_size": [1.5, 0.5]},
								"south": {"uv": [3, 25], "uv_size": [1.5, 0.5]},
								"west": {"uv": [25, 3], "uv_size": [1.5, 0.5]},
								"up": {"uv": [4, 11], "uv_size": [1.5, 1.5]},
								"down": {"uv": [6, 12.5], "uv_size": [1.5, -1.5]}
							}
						},
						{
							"origin": [-0.69711, -0.16466, -2.6261],
							"size": [1.40421, 0.27931, 1.25],
							"uv": {
								"north": {"uv": [25, 4], "uv_size": [1.5, 0.5]},
								"east": {"uv": [25, 5], "uv_size": [1.5, 0.5]},
								"south": {"uv": [25, 6], "uv_size": [1.5, 0.5]},
								"west": {"uv": [25, 7], "uv_size": [1.5, 0.5]},
								"up": {"uv": [11, 8], "uv_size": [1.5, 1.5]},
								"down": {"uv": [11, 11.5], "uv_size": [1.5, -1.5]}
							}
						},
						{
							"origin": [-0.69711, -0.16466, -2.6261],
							"size": [1.40421, 0.27931, 1.25],
							"pivot": [0.005, -0.025, -1.7841],
							"rotation": [0, 0, 22.5],
							"uv": {
								"north": {"uv": [25, 8], "uv_size": [1.5, 0.5]},
								"east": {"uv": [25, 9], "uv_size": [1.5, 0.5]},
								"south": {"uv": [25, 10], "uv_size": [1.5, 0.5]},
								"west": {"uv": [25, 11], "uv_size": [1.5, 0.5]},
								"up": {"uv": [0, 12], "uv_size": [1.5, 1.5]},
								"down": {"uv": [12, 3.5], "uv_size": [1.5, -1.5]}
							}
						}
					]
				},
				{
					"name": "bone6",
					"parent": "kar98k_silencer",
					"pivot": [0, -0.015, -5.65178],
					"cubes": [
						{
							"origin": [-0.56765, -0.78712, -5.41872],
							"size": [0.94225, 1.71722, 0.80035],
							"inflate": -0.39946,
							"pivot": [0, -0.015, -5.65194],
							"rotation": [-97.4358, -1.9682, 90.2568],
							"uv": {
								"south": {"uv": [15, 2], "uv_size": [1, 1.5]}
							}
						},
						{
							"origin": [-0.3746, -0.78712, -5.41872],
							"size": [0.94225, 1.71722, 0.80035],
							"inflate": -0.39946,
							"pivot": [0, -0.015, -5.65194],
							"rotation": [-97.4358, 1.9682, 89.7432],
							"uv": {
								"south": {"uv": [3, 15], "uv_size": [1, 1.5]}
							}
						},
						{
							"origin": [-0.43747, -0.67554, -5.30225],
							"size": [0.87495, 1.48536, 0.56743],
							"inflate": -0.28229,
							"pivot": [0, -0.015, -5.65194],
							"rotation": [-97.4314, 0, 90],
							"uv": {
								"south": {"uv": [4, 15], "uv_size": [1, 1.5]}
							}
						},
						{
							"origin": [-0.56765, -0.78712, -5.41872],
							"size": [0.94225, 1.71722, 0.80035],
							"inflate": -0.39946,
							"pivot": [0, -0.015, -5.65194],
							"rotation": [-97.4358, -1.9682, -89.7432],
							"uv": {
								"south": {"uv": [15, 4], "uv_size": [1, 1.5]}
							}
						},
						{
							"origin": [-0.43747, -0.67554, -5.30225],
							"size": [0.87495, 1.48536, 0.56743],
							"inflate": -0.28229,
							"pivot": [0, -0.015, -5.65194],
							"rotation": [-97.4314, 0, -90],
							"uv": {
								"south": {"uv": [5, 15], "uv_size": [1, 1.5]}
							}
						},
						{
							"origin": [-0.3746, -0.78712, -5.41872],
							"size": [0.94225, 1.71722, 0.80035],
							"inflate": -0.39946,
							"pivot": [0, -0.015, -5.65194],
							"rotation": [-97.4358, 1.9682, -90.2568],
							"uv": {
								"south": {"uv": [6, 15], "uv_size": [1, 1.5]}
							}
						},
						{
							"origin": [-0.43747, -0.67554, -5.30225],
							"size": [0.87495, 1.48536, 0.56743],
							"inflate": -0.28229,
							"pivot": [0, -0.015, -5.65194],
							"rotation": [-97.4314, 0, 60],
							"uv": {
								"south": {"uv": [15, 6], "uv_size": [1, 1.5]}
							}
						},
						{
							"origin": [-0.3746, -0.78712, -5.41872],
							"size": [0.94225, 1.71722, 0.80035],
							"inflate": -0.39946,
							"pivot": [0, -0.015, -5.65194],
							"rotation": [-97.4358, 1.9682, 59.7432],
							"uv": {
								"south": {"uv": [7, 15], "uv_size": [1, 1.5]}
							}
						},
						{
							"origin": [-0.56765, -0.78712, -5.41872],
							"size": [0.94225, 1.71722, 0.80035],
							"inflate": -0.39946,
							"pivot": [0, -0.015, -5.65194],
							"rotation": [-97.4358, -1.9682, 60.2568],
							"uv": {
								"south": {"uv": [8, 15], "uv_size": [1, 1.5]}
							}
						},
						{
							"origin": [-0.3746, -0.78712, -5.41872],
							"size": [0.94225, 1.71722, 0.80035],
							"inflate": -0.39946,
							"pivot": [0, -0.015, -5.65194],
							"rotation": [-97.4358, 1.9682, -120.2568],
							"uv": {
								"south": {"uv": [15, 8], "uv_size": [1, 1.5]}
							}
						},
						{
							"origin": [-0.43747, -0.67554, -5.30225],
							"size": [0.87495, 1.48536, 0.56743],
							"inflate": -0.28229,
							"pivot": [0, -0.015, -5.65194],
							"rotation": [-97.4314, 0, -120],
							"uv": {
								"south": {"uv": [15, 10], "uv_size": [1, 1.5]}
							}
						},
						{
							"origin": [-0.56765, -0.78712, -5.41872],
							"size": [0.94225, 1.71722, 0.80035],
							"inflate": -0.39946,
							"pivot": [0, -0.015, -5.65194],
							"rotation": [-97.4358, -1.9682, -119.7432],
							"uv": {
								"south": {"uv": [15, 12], "uv_size": [1, 1.5]}
							}
						},
						{
							"origin": [-0.43747, -0.67554, -5.30225],
							"size": [0.87495, 1.48536, 0.56743],
							"inflate": -0.28229,
							"pivot": [0, -0.015, -5.65194],
							"rotation": [-97.4314, 0, 30],
							"uv": {
								"south": {"uv": [15, 14], "uv_size": [1, 1.5]}
							}
						},
						{
							"origin": [-0.3746, -0.78712, -5.41872],
							"size": [0.94225, 1.71722, 0.80035],
							"inflate": -0.39946,
							"pivot": [0, -0.015, -5.65194],
							"rotation": [-97.4358, 1.9682, 29.7432],
							"uv": {
								"south": {"uv": [0, 16], "uv_size": [1, 1.5]}
							}
						},
						{
							"origin": [-0.56765, -0.78712, -5.41872],
							"size": [0.94225, 1.71722, 0.80035],
							"inflate": -0.39946,
							"pivot": [0, -0.015, -5.65194],
							"rotation": [-97.4358, -1.9682, 30.2568],
							"uv": {
								"south": {"uv": [16, 0], "uv_size": [1, 1.5]}
							}
						},
						{
							"origin": [-0.3746, -0.78712, -5.41872],
							"size": [0.94225, 1.71722, 0.80035],
							"inflate": -0.39946,
							"pivot": [0, -0.015, -5.65194],
							"rotation": [-97.4358, 1.9682, -150.2568],
							"uv": {
								"south": {"uv": [1, 16], "uv_size": [1, 1.5]}
							}
						},
						{
							"origin": [-0.43747, -0.67554, -5.30225],
							"size": [0.87495, 1.48536, 0.56743],
							"inflate": -0.28229,
							"pivot": [0, -0.015, -5.65194],
							"rotation": [-97.4314, 0, -150],
							"uv": {
								"south": {"uv": [16, 2], "uv_size": [1, 1.5]}
							}
						},
						{
							"origin": [-0.56765, -0.78712, -5.41872],
							"size": [0.94225, 1.71722, 0.80035],
							"inflate": -0.39946,
							"pivot": [0, -0.015, -5.65194],
							"rotation": [-97.4358, -1.9682, -149.7432],
							"uv": {
								"south": {"uv": [16, 4], "uv_size": [1, 1.5]}
							}
						},
						{
							"origin": [-0.56765, -0.78712, -5.41872],
							"size": [0.94225, 1.71722, 0.80035],
							"inflate": -0.39946,
							"pivot": [0, -0.015, -5.65194],
							"rotation": [-97.4358, -1.9682, -179.7432],
							"uv": {
								"south": {"uv": [16, 6], "uv_size": [1, 1.5]}
							}
						},
						{
							"origin": [-0.43747, -0.67554, -5.30225],
							"size": [0.87495, 1.48536, 0.56743],
							"inflate": -0.28229,
							"pivot": [0, -0.015, -5.65194],
							"rotation": [-97.4314, 0, -180],
							"uv": {
								"south": {"uv": [16, 8], "uv_size": [1, 1.5]}
							}
						},
						{
							"origin": [-0.3746, -0.78712, -5.41872],
							"size": [0.94225, 1.71722, 0.80035],
							"inflate": -0.39946,
							"pivot": [0, -0.015, -5.65194],
							"rotation": [-97.4358, 1.9682, 179.7432],
							"uv": {
								"south": {"uv": [9, 16], "uv_size": [1, 1.5]}
							}
						},
						{
							"origin": [-0.56765, -0.78712, -5.41872],
							"size": [0.94225, 1.71722, 0.80035],
							"inflate": -0.39946,
							"pivot": [0, -0.015, -5.65194],
							"rotation": [-97.4358, -1.9682, 0.2568],
							"uv": {
								"south": {"uv": [10, 16], "uv_size": [1, 1.5]}
							}
						},
						{
							"origin": [-0.3746, -0.78712, -5.41872],
							"size": [0.94225, 1.71722, 0.80035],
							"inflate": -0.39946,
							"pivot": [0, -0.015, -5.65194],
							"rotation": [-97.4358, 1.9682, -0.2568],
							"uv": {
								"south": {"uv": [16, 10], "uv_size": [1, 1.5]}
							}
						},
						{
							"origin": [-0.43747, -0.67554, -5.30225],
							"size": [0.87495, 1.48536, 0.56743],
							"inflate": -0.28229,
							"pivot": [0, -0.015, -5.65194],
							"rotation": [-97.4314, 0, 0],
							"uv": {
								"south": {"uv": [11, 16], "uv_size": [1, 1.5]}
							}
						},
						{
							"origin": [-0.43747, -0.67554, -5.30225],
							"size": [0.87495, 1.48536, 0.56743],
							"inflate": -0.28229,
							"pivot": [0, -0.015, -5.65194],
							"rotation": [-97.4314, 0, -30],
							"uv": {
								"south": {"uv": [12, 16], "uv_size": [1, 1.5]}
							}
						},
						{
							"origin": [-0.3746, -0.78712, -5.41872],
							"size": [0.94225, 1.71722, 0.80035],
							"inflate": -0.39946,
							"pivot": [0, -0.015, -5.65194],
							"rotation": [-97.4358, 1.9682, -30.2568],
							"uv": {
								"south": {"uv": [16, 12], "uv_size": [1, 1.5]}
							}
						},
						{
							"origin": [-0.56765, -0.78712, -5.41872],
							"size": [0.94225, 1.71722, 0.80035],
							"inflate": -0.39946,
							"pivot": [0, -0.015, -5.65194],
							"rotation": [-97.4358, -1.9682, -29.7432],
							"uv": {
								"south": {"uv": [13, 16], "uv_size": [1, 1.5]}
							}
						},
						{
							"origin": [-0.3746, -0.78712, -5.41872],
							"size": [0.94225, 1.71722, 0.80035],
							"inflate": -0.39946,
							"pivot": [0, -0.015, -5.65194],
							"rotation": [-97.4358, 1.9682, 149.7432],
							"uv": {
								"south": {"uv": [14, 16], "uv_size": [1, 1.5]}
							}
						},
						{
							"origin": [-0.43747, -0.67554, -5.30225],
							"size": [0.87495, 1.48536, 0.56743],
							"inflate": -0.28229,
							"pivot": [0, -0.015, -5.65194],
							"rotation": [-97.4314, 0, 150],
							"uv": {
								"south": {"uv": [16, 14], "uv_size": [1, 1.5]}
							}
						},
						{
							"origin": [-0.56765, -0.78712, -5.41872],
							"size": [0.94225, 1.71722, 0.80035],
							"inflate": -0.39946,
							"pivot": [0, -0.015, -5.65194],
							"rotation": [-97.4358, -1.9682, 150.2568],
							"uv": {
								"south": {"uv": [15, 16], "uv_size": [1, 1.5]}
							}
						},
						{
							"origin": [-0.56765, -0.78712, -5.41872],
							"size": [0.94225, 1.71722, 0.80035],
							"inflate": -0.39946,
							"pivot": [0, -0.015, -5.65194],
							"rotation": [-97.4358, -1.9682, 120.2568],
							"uv": {
								"south": {"uv": [16, 16], "uv_size": [1, 1.5]}
							}
						},
						{
							"origin": [-0.43747, -0.67554, -5.30225],
							"size": [0.87495, 1.48536, 0.56743],
							"inflate": -0.28229,
							"pivot": [0, -0.015, -5.65194],
							"rotation": [-97.4314, 0, 120],
							"uv": {
								"south": {"uv": [17, 0], "uv_size": [1, 1.5]}
							}
						},
						{
							"origin": [-0.3746, -0.78712, -5.41872],
							"size": [0.94225, 1.71722, 0.80035],
							"inflate": -0.39946,
							"pivot": [0, -0.015, -5.65194],
							"rotation": [-97.4358, 1.9682, 119.7432],
							"uv": {
								"south": {"uv": [2, 17], "uv_size": [1, 1.5]}
							}
						},
						{
							"origin": [-0.56765, -0.78712, -5.41872],
							"size": [0.94225, 1.71722, 0.80035],
							"inflate": -0.39946,
							"pivot": [0, -0.015, -5.65194],
							"rotation": [-97.4358, -1.9682, -59.7432],
							"uv": {
								"south": {"uv": [17, 2], "uv_size": [1, 1.5]}
							}
						},
						{
							"origin": [-0.3746, -0.78712, -5.41872],
							"size": [0.94225, 1.71722, 0.80035],
							"inflate": -0.39946,
							"pivot": [0, -0.015, -5.65194],
							"rotation": [-97.4358, 1.9682, -60.2568],
							"uv": {
								"south": {"uv": [3, 17], "uv_size": [1, 1.5]}
							}
						},
						{
							"origin": [-0.43747, -0.67554, -5.30225],
							"size": [0.87495, 1.48536, 0.56743],
							"inflate": -0.28229,
							"pivot": [0, -0.015, -5.65194],
							"rotation": [-97.4314, 0, -60],
							"uv": {
								"south": {"uv": [4, 17], "uv_size": [1, 1.5]}
							}
						}
					]
				}
			]
		}
	]
}