{
	"format_version": "1.12.0",
	"minecraft:geometry": [
		{
			"description": {
				"identifier": "geometry.Marauder_silencer",
				"texture_width": 16,
				"texture_height": 16,
				"visible_bounds_width": 2,
				"visible_bounds_height": 1.5,
				"visible_bounds_offset": [0, 0.25, 0]
			},
			"bones": [
				{
					"name": "muzzle_725_suppressor",
					"pivot": [0, 0, 0],
					"cubes": [
						{
							"origin": [-0.4, 0.45, -5.9],
							"size": [0.8, 0.375, 5.45],
							"uv": {
								"north": {"uv": [6, 1], "uv_size": [0.8125, 0.375]},
								"east": {"uv": [1, 3], "uv_size": [5.4375, 0.375]},
								"south": {"uv": [6, 1], "uv_size": [0.8125, 0.375]},
								"west": {"uv": [1, 3], "uv_size": [5.4375, 0.375]},
								"up": {"uv": [0, 2], "uv_size": [0.8125, 5.4375]},
								"down": {"uv": [0.8125, 7.4375], "uv_size": [-0.8125, -5.4375]}
							}
						},
						{
							"origin": [-0.4, 0.275, -5.9],
							"size": [0.125, 0.175, 5.45],
							"uv": {
								"north": {"uv": [8, 2], "uv_size": [0.125, 0.1875]},
								"east": {"uv": [4, 4], "uv_size": [5.4375, 0.1875]},
								"south": {"uv": [8, 2], "uv_size": [0.125, 0.1875]},
								"west": {"uv": [4, 4], "uv_size": [5.4375, 0.1875]},
								"up": {"uv": [5, 5], "uv_size": [0.125, 5.4375]},
								"down": {"uv": [5.125, 10.4375], "uv_size": [-0.125, -5.4375]}
							}
						},
						{
							"origin": [0.275, 0.275, -5.9],
							"size": [0.125, 0.175, 5.45],
							"uv": {
								"north": {"uv": [8, 2], "uv_size": [0.125, 0.1875]},
								"east": {"uv": [4, 4], "uv_size": [5.4375, 0.1875]},
								"south": {"uv": [8, 2], "uv_size": [0.125, 0.1875]},
								"west": {"uv": [4, 4], "uv_size": [5.4375, 0.1875]},
								"up": {"uv": [5.125, 10.4375], "uv_size": [-0.125, -5.4375]},
								"down": {"uv": [5.125, 10.4375], "uv_size": [-0.125, -5.4375]}
							}
						},
						{
							"origin": [-0.6, -1.35, -5.9],
							"size": [0.2, 1.8, 5.45],
							"uv": {
								"north": {"uv": [7, 1], "uv_size": [0.1875, 1.8125]},
								"east": {"uv": [0, 0], "uv_size": [5.4375, 1.8125]},
								"south": {"uv": [7, 1], "uv_size": [0.1875, 1.8125]},
								"west": {"uv": [0, 0], "uv_size": [5.4375, 1.8125]},
								"up": {"uv": [1, 5], "uv_size": [0.1875, 5.4375]},
								"down": {"uv": [1.1875, 10.4375], "uv_size": [-0.1875, -5.4375]}
							}
						},
						{
							"origin": [0.4, -1.35, -5.9],
							"size": [0.2, 1.8, 5.45],
							"uv": {
								"north": {"uv": [7, 1], "uv_size": [0.1875, 1.8125]},
								"east": {"uv": [0, 0], "uv_size": [5.4375, 1.8125]},
								"south": {"uv": [7, 1], "uv_size": [0.1875, 1.8125]},
								"west": {"uv": [0, 0], "uv_size": [5.4375, 1.8125]},
								"up": {"uv": [1.1875, 10.4375], "uv_size": [-0.1875, -5.4375]},
								"down": {"uv": [1.1875, 10.4375], "uv_size": [-0.1875, -5.4375]}
							}
						},
						{
							"origin": [0.73499, 0.06715, -5.9],
							"size": [0.2, 0.425, 1.2],
							"pivot": [0, -0.4143, -2.7875],
							"rotation": [0, 0, -28],
							"uv": {
								"north": {"uv": [0, 8], "uv_size": [0.1875, 0.4375]},
								"east": {"uv": [6, 0], "uv_size": [1.1875, 0.4375]},
								"south": {"uv": [0, 8], "uv_size": [0.1875, 0.4375]},
								"west": {"uv": [6, 0], "uv_size": [1.1875, 0.4375]},
								"up": {"uv": [7, 5], "uv_size": [0.1875, 1.1875]},
								"down": {"uv": [7.1875, 6.1875], "uv_size": [-0.1875, -1.1875]}
							}
						},
						{
							"origin": [0.73499, 0.06715, -4.7],
							"size": [0.2, 0.1, 1.85],
							"pivot": [0, -0.4143, -2.7875],
							"rotation": [0, 0, -28],
							"uv": {
								"north": {"uv": [4, 8], "uv_size": [0.1875, 0.09375]},
								"east": {"uv": [6, 7], "uv_size": [1.84375, 0.09375]},
								"south": {"uv": [4, 8], "uv_size": [0.1875, 0.09375]},
								"west": {"uv": [6, 7], "uv_size": [1.84375, 0.09375]},
								"up": {"uv": [6, 5], "uv_size": [0.1875, 1.84375]},
								"down": {"uv": [6.1875, 6.84375], "uv_size": [-0.1875, -1.84375]}
							}
						},
						{
							"origin": [0.73499, 0.39215, -4.7],
							"size": [0.2, 0.1, 1.85],
							"pivot": [0, -0.4143, -2.7875],
							"rotation": [0, 0, -28],
							"uv": {
								"north": {"uv": [4, 8], "uv_size": [0.1875, 0.09375]},
								"east": {"uv": [6, 7], "uv_size": [1.84375, 0.09375]},
								"south": {"uv": [4, 8], "uv_size": [0.1875, 0.09375]},
								"west": {"uv": [6, 7], "uv_size": [1.84375, 0.09375]},
								"up": {"uv": [6.1875, 6.84375], "uv_size": [-0.1875, -1.84375]},
								"down": {"uv": [6.1875, 6.84375], "uv_size": [-0.1875, -1.84375]}
							}
						},
						{
							"origin": [0.73499, 0.06715, -2.85],
							"size": [0.2, 0.425, 2.4],
							"pivot": [0, -0.4143, -2.7875],
							"rotation": [0, 0, -28],
							"uv": {
								"north": {"uv": [0, 8], "uv_size": [0.1875, 0.4375]},
								"east": {"uv": [1, 4], "uv_size": [2.40625, 0.4375]},
								"south": {"uv": [0, 8], "uv_size": [0.1875, 0.4375]},
								"west": {"uv": [1, 4], "uv_size": [2.40625, 0.4375]},
								"up": {"uv": [2, 6], "uv_size": [0.1875, 2.40625]},
								"down": {"uv": [2.1875, 8.40625], "uv_size": [-0.1875, -2.40625]}
							}
						},
						{
							"origin": [-0.93499, 0.06715, -5.9],
							"size": [0.2, 0.425, 1.2],
							"pivot": [0, -0.4143, -2.7875],
							"rotation": [0, 0, 28],
							"uv": {
								"north": {"uv": [0, 8], "uv_size": [0.1875, 0.4375]},
								"east": {"uv": [6, 0], "uv_size": [1.1875, 0.4375]},
								"south": {"uv": [0, 8], "uv_size": [0.1875, 0.4375]},
								"west": {"uv": [6, 0], "uv_size": [1.1875, 0.4375]},
								"up": {"uv": [7.1875, 6.1875], "uv_size": [-0.1875, -1.1875]},
								"down": {"uv": [7.1875, 6.1875], "uv_size": [-0.1875, -1.1875]}
							}
						},
						{
							"origin": [-0.93499, 0.06715, -2.75],
							"size": [0.2, 0.425, 2.3],
							"pivot": [0, -0.4143, -2.7875],
							"rotation": [0, 0, 28],
							"uv": {
								"north": {"uv": [0, 8], "uv_size": [0.1875, 0.4375]},
								"east": {"uv": [2, 5], "uv_size": [2.3125, 0.4375]},
								"south": {"uv": [0, 8], "uv_size": [0.1875, 0.4375]},
								"west": {"uv": [2, 5], "uv_size": [2.3125, 0.4375]},
								"up": {"uv": [3, 6], "uv_size": [0.1875, 2.3125]},
								"down": {"uv": [3.1875, 8.3125], "uv_size": [-0.1875, -2.3125]}
							}
						},
						{
							"origin": [-0.93499, 0.06715, -4.7],
							"size": [0.2, 0.1, 1.95],
							"pivot": [0, -0.4143, -2.7875],
							"rotation": [0, 0, 28],
							"uv": {
								"north": {"uv": [4, 8], "uv_size": [0.1875, 0.09375]},
								"east": {"uv": [7, 3], "uv_size": [1.9375, 0.09375]},
								"south": {"uv": [4, 8], "uv_size": [0.1875, 0.09375]},
								"west": {"uv": [7, 3], "uv_size": [1.9375, 0.09375]},
								"up": {"uv": [4, 6], "uv_size": [0.1875, 1.9375]},
								"down": {"uv": [4.1875, 7.9375], "uv_size": [-0.1875, -1.9375]}
							}
						},
						{
							"origin": [-0.93499, 0.39215, -4.7],
							"size": [0.2, 0.1, 1.95],
							"pivot": [0, -0.4143, -2.7875],
							"rotation": [0, 0, 28],
							"uv": {
								"north": {"uv": [4, 8], "uv_size": [0.1875, 0.09375]},
								"east": {"uv": [7, 3], "uv_size": [1.9375, 0.09375]},
								"south": {"uv": [4, 8], "uv_size": [0.1875, 0.09375]},
								"west": {"uv": [7, 3], "uv_size": [1.9375, 0.09375]},
								"up": {"uv": [4.1875, 7.9375], "uv_size": [-0.1875, -1.9375]},
								"down": {"uv": [4.1875, 7.9375], "uv_size": [-0.1875, -1.9375]}
							}
						},
						{
							"origin": [0.88591, -1.10167, -5.9],
							"size": [0.2, 0.45, 5.45],
							"pivot": [0, -0.4143, -2.7875],
							"rotation": [0, 0, 45],
							"uv": {
								"north": {"uv": [8, 0], "uv_size": [0.1875, 0.4375]},
								"east": {"uv": [1, 2], "uv_size": [5.4375, 0.4375]},
								"south": {"uv": [8, 0], "uv_size": [0.1875, 0.4375]},
								"west": {"uv": [1, 2], "uv_size": [5.4375, 0.4375]},
								"up": {"uv": [1.1875, 10.4375], "uv_size": [-0.1875, -5.4375]},
								"down": {"uv": [1.1875, 10.4375], "uv_size": [-0.1875, -5.4375]}
							}
						},
						{
							"origin": [-1.08591, -1.10167, -5.9],
							"size": [0.2, 0.45, 5.45],
							"pivot": [0, -0.4143, -2.7875],
							"rotation": [0, 0, -45],
							"uv": {
								"north": {"uv": [8, 0], "uv_size": [0.1875, 0.4375]},
								"east": {"uv": [1, 2], "uv_size": [5.4375, 0.4375]},
								"south": {"uv": [8, 0], "uv_size": [0.1875, 0.4375]},
								"west": {"uv": [1, 2], "uv_size": [5.4375, 0.4375]},
								"up": {"uv": [1.1875, 10.4375], "uv_size": [-0.1875, -5.4375]},
								"down": {"uv": [1.1875, 10.4375], "uv_size": [-0.1875, -5.4375]}
							}
						},
						{
							"origin": [-0.5, -0.18211, -5.9],
							"size": [0.125, 0.41421, 5.45],
							"uv": {
								"north": {"uv": [8, 1], "uv_size": [0.125, 0.40625]},
								"east": {"uv": [8, 1], "uv_size": [0.125, 0.40625]},
								"south": {"uv": [8, 1], "uv_size": [0.125, 0.40625]},
								"west": {"uv": [8, 1], "uv_size": [0.125, 0.40625]},
								"up": {"uv": [8, 1], "uv_size": [0.125, 0.40625]},
								"down": {"uv": [8, 1.40625], "uv_size": [0.125, -0.40625]}
							}
						},
						{
							"origin": [-0.5, -0.88211, -5.9],
							"size": [0.125, 0.71421, 5.425],
							"uv": {
								"north": {"uv": [8, 1], "uv_size": [0.125, 0.40625]},
								"east": {"uv": [8, 1], "uv_size": [0.125, 0.40625]},
								"south": {"uv": [8, 1], "uv_size": [0.125, 0.40625]},
								"west": {"uv": [8, 1], "uv_size": [0.125, 0.40625]},
								"up": {"uv": [8, 1], "uv_size": [0.125, 0.40625]},
								"down": {"uv": [8, 1.40625], "uv_size": [0.125, -0.40625]}
							}
						},
						{
							"origin": [-0.20711, 0.425, -5.9],
							"size": [0.41421, 0.1, 5.45],
							"uv": {
								"north": {"uv": [8, 1], "uv_size": [0.125, 0.40625]},
								"east": {"uv": [8, 1], "uv_size": [0.125, 0.40625]},
								"south": {"uv": [8, 1], "uv_size": [0.125, 0.40625]},
								"west": {"uv": [8, 1], "uv_size": [0.125, 0.40625]},
								"up": {"uv": [8, 1], "uv_size": [0.125, 0.40625]},
								"down": {"uv": [8, 1.40625], "uv_size": [0.125, -0.40625]}
							}
						},
						{
							"origin": [-0.81063, -0.31078, -5.9],
							"size": [0.125, 0.41421, 5.45],
							"pivot": [0, -0.4143, -2.7875],
							"rotation": [0, 0, 45],
							"uv": {
								"north": {"uv": [8, 1], "uv_size": [0.125, 0.40625]},
								"east": {"uv": [8, 1], "uv_size": [0.125, 0.40625]},
								"south": {"uv": [8, 1], "uv_size": [0.125, 0.40625]},
								"west": {"uv": [8, 1], "uv_size": [0.125, 0.40625]},
								"up": {"uv": [8, 1], "uv_size": [0.125, 0.40625]},
								"down": {"uv": [8, 1.40625], "uv_size": [0.125, -0.40625]}
							}
						},
						{
							"origin": [-0.51774, 0.24633, -5.9],
							"size": [0.41421, 0.15, 5.45],
							"pivot": [0, -0.4143, -2.7875],
							"rotation": [0, 0, 45],
							"uv": {
								"north": {"uv": [8, 1], "uv_size": [0.125, 0.40625]},
								"east": {"uv": [8, 1], "uv_size": [0.125, 0.40625]},
								"south": {"uv": [8, 1], "uv_size": [0.125, 0.40625]},
								"west": {"uv": [8, 1], "uv_size": [0.125, 0.40625]},
								"up": {"uv": [8, 1], "uv_size": [0.125, 0.40625]},
								"down": {"uv": [8, 1.40625], "uv_size": [0.125, -0.40625]}
							}
						},
						{
							"origin": [0.375, -0.18211, -5.9],
							"size": [0.125, 0.41421, 5.45],
							"uv": {
								"north": {"uv": [8, 1], "uv_size": [0.125, 0.40625]},
								"east": {"uv": [8, 1], "uv_size": [0.125, 0.40625]},
								"south": {"uv": [8, 1], "uv_size": [0.125, 0.40625]},
								"west": {"uv": [8, 1], "uv_size": [0.125, 0.40625]},
								"up": {"uv": [8, 1], "uv_size": [0.125, 0.40625]},
								"down": {"uv": [8, 1.40625], "uv_size": [0.125, -0.40625]}
							}
						},
						{
							"origin": [0.375, -0.88211, -5.9],
							"size": [0.125, 0.71421, 5.425],
							"uv": {
								"north": {"uv": [8, 1], "uv_size": [0.125, 0.40625]},
								"east": {"uv": [8, 1], "uv_size": [0.125, 0.40625]},
								"south": {"uv": [8, 1], "uv_size": [0.125, 0.40625]},
								"west": {"uv": [8, 1], "uv_size": [0.125, 0.40625]},
								"up": {"uv": [8, 1], "uv_size": [0.125, 0.40625]},
								"down": {"uv": [8, 1.40625], "uv_size": [0.125, -0.40625]}
							}
						},
						{
							"origin": [0.225, -0.75711, -5.9],
							"size": [0.2, 0.46421, 5.45],
							"uv": {
								"north": {"uv": [8, 1], "uv_size": [0.125, 0.40625]},
								"east": {"uv": [8, 1], "uv_size": [0.125, 0.40625]},
								"south": {"uv": [8, 1], "uv_size": [0.125, 0.40625]},
								"west": {"uv": [8, 1], "uv_size": [0.125, 0.40625]},
								"up": {"uv": [8, 1], "uv_size": [0.125, 0.40625]},
								"down": {"uv": [8, 1.40625], "uv_size": [0.125, -0.40625]}
							}
						},
						{
							"origin": [-0.425, -0.75711, -5.9],
							"size": [0.2, 0.46421, 5.45],
							"uv": {
								"north": {"uv": [8, 1], "uv_size": [0.125, 0.40625]},
								"east": {"uv": [8, 1], "uv_size": [0.125, 0.40625]},
								"south": {"uv": [8, 1], "uv_size": [0.125, 0.40625]},
								"west": {"uv": [8, 1], "uv_size": [0.125, 0.40625]},
								"up": {"uv": [8, 1], "uv_size": [0.125, 0.40625]},
								"down": {"uv": [8, 1.40625], "uv_size": [0.125, -0.40625]}
							}
						},
						{
							"origin": [0.06437, -0.31078, -5.9],
							"size": [0.125, 0.41421, 5.45],
							"pivot": [0, -0.4143, -2.7875],
							"rotation": [0, 0, 45],
							"uv": {
								"north": {"uv": [8, 1], "uv_size": [0.125, 0.40625]},
								"east": {"uv": [8, 1], "uv_size": [0.125, 0.40625]},
								"south": {"uv": [8, 1], "uv_size": [0.125, 0.40625]},
								"west": {"uv": [8, 1], "uv_size": [0.125, 0.40625]},
								"up": {"uv": [8, 1], "uv_size": [0.125, 0.40625]},
								"down": {"uv": [8, 1.40625], "uv_size": [0.125, -0.40625]}
							}
						},
						{
							"origin": [-0.25711, -0.625, -5.9],
							"size": [0.51421, 0.275, 5.45],
							"uv": {
								"north": {"uv": [8, 1], "uv_size": [0.125, 0.40625]},
								"east": {"uv": [8, 1], "uv_size": [0.125, 0.40625]},
								"south": {"uv": [8, 1], "uv_size": [0.125, 0.40625]},
								"west": {"uv": [8, 1], "uv_size": [0.125, 0.40625]},
								"up": {"uv": [8, 1], "uv_size": [0.125, 0.40625]},
								"down": {"uv": [8, 1.40625], "uv_size": [0.125, -0.40625]}
							}
						},
						{
							"origin": [-0.51774, -0.62867, -5.9],
							"size": [0.41421, 0.15, 5.45],
							"pivot": [0, -0.4143, -2.7875],
							"rotation": [0, 0, 45],
							"uv": {
								"north": {"uv": [8, 1], "uv_size": [0.125, 0.40625]},
								"east": {"uv": [8, 1], "uv_size": [0.125, 0.40625]},
								"south": {"uv": [8, 1], "uv_size": [0.125, 0.40625]},
								"west": {"uv": [8, 1], "uv_size": [0.125, 0.40625]},
								"up": {"uv": [8, 1], "uv_size": [0.125, 0.40625]},
								"down": {"uv": [8, 1.40625], "uv_size": [0.125, -0.40625]}
							}
						},
						{
							"origin": [-0.05781, -1.08859, -5.9],
							"size": [0.15, 0.41421, 5.45],
							"pivot": [0, -0.4143, -2.7875],
							"rotation": [0, 0, 45],
							"uv": {
								"north": {"uv": [8, 1], "uv_size": [0.125, 0.40625]},
								"east": {"uv": [8, 1], "uv_size": [0.125, 0.40625]},
								"south": {"uv": [8, 1], "uv_size": [0.125, 0.40625]},
								"west": {"uv": [8, 1], "uv_size": [0.125, 0.40625]},
								"up": {"uv": [8, 1], "uv_size": [0.125, 0.40625]},
								"down": {"uv": [8, 1.40625], "uv_size": [0.125, -0.40625]}
							}
						},
						{
							"origin": [-0.20711, -0.7, -5.9],
							"size": [0.41421, 0.125, 5.45],
							"uv": {
								"north": {"uv": [8, 1], "uv_size": [0.125, 0.40625]},
								"east": {"uv": [8, 1], "uv_size": [0.125, 0.40625]},
								"south": {"uv": [8, 1], "uv_size": [0.125, 0.40625]},
								"west": {"uv": [8, 1], "uv_size": [0.125, 0.40625]},
								"up": {"uv": [8, 1], "uv_size": [0.125, 0.40625]},
								"down": {"uv": [8, 1.40625], "uv_size": [0.125, -0.40625]}
							}
						},
						{
							"origin": [0.26008, -0.50648, -5.9],
							"size": [0.41421, 0.125, 5.45],
							"pivot": [0, -0.4143, -2.7875],
							"rotation": [0, 0, 45],
							"uv": {
								"north": {"uv": [8, 1], "uv_size": [0.125, 0.40625]},
								"east": {"uv": [8, 1], "uv_size": [0.125, 0.40625]},
								"south": {"uv": [8, 1], "uv_size": [0.125, 0.40625]},
								"west": {"uv": [8, 1], "uv_size": [0.125, 0.40625]},
								"up": {"uv": [8, 1], "uv_size": [0.125, 0.40625]},
								"down": {"uv": [8, 1.40625], "uv_size": [0.125, -0.40625]}
							}
						},
						{
							"origin": [0.375, -1.28211, -5.9],
							"size": [0.125, 0.41421, 5.45],
							"uv": {
								"north": {"uv": [8, 1], "uv_size": [0.125, 0.40625]},
								"east": {"uv": [8, 1], "uv_size": [0.125, 0.40625]},
								"south": {"uv": [8, 1], "uv_size": [0.125, 0.40625]},
								"west": {"uv": [8, 1], "uv_size": [0.125, 0.40625]},
								"up": {"uv": [8, 1], "uv_size": [0.125, 0.40625]},
								"down": {"uv": [8, 1.40625], "uv_size": [0.125, -0.40625]}
							}
						},
						{
							"origin": [0.84219, -1.08859, -5.9],
							"size": [0.125, 0.41421, 5.45],
							"pivot": [0, -0.4143, -2.7875],
							"rotation": [0, 0, 45],
							"uv": {
								"north": {"uv": [8, 1], "uv_size": [0.125, 0.40625]},
								"east": {"uv": [8, 1], "uv_size": [0.125, 0.40625]},
								"south": {"uv": [8, 1], "uv_size": [0.125, 0.40625]},
								"west": {"uv": [8, 1], "uv_size": [0.125, 0.40625]},
								"up": {"uv": [8, 1], "uv_size": [0.125, 0.40625]},
								"down": {"uv": [8, 1.40625], "uv_size": [0.125, -0.40625]}
							}
						},
						{
							"origin": [-0.28211, -1.675, -5.9],
							"size": [0.56421, 0.225, 5.45],
							"uv": {
								"north": {"uv": [8, 1], "uv_size": [0.125, 0.40625]},
								"east": {"uv": [8, 1], "uv_size": [0.125, 0.40625]},
								"south": {"uv": [8, 1], "uv_size": [0.125, 0.40625]},
								"west": {"uv": [8, 1], "uv_size": [0.125, 0.40625]},
								"up": {"uv": [8, 1], "uv_size": [0.125, 0.40625]},
								"down": {"uv": [8, 1.40625], "uv_size": [0.125, -0.40625]}
							}
						},
						{
							"origin": [-0.5, -1.28211, -5.9],
							"size": [0.125, 0.41421, 5.45],
							"uv": {
								"north": {"uv": [8, 1], "uv_size": [0.125, 0.40625]},
								"east": {"uv": [8, 1], "uv_size": [0.125, 0.40625]},
								"south": {"uv": [8, 1], "uv_size": [0.125, 0.40625]},
								"west": {"uv": [8, 1], "uv_size": [0.125, 0.40625]},
								"up": {"uv": [8, 1], "uv_size": [0.125, 0.40625]},
								"down": {"uv": [8, 1.40625], "uv_size": [0.125, -0.40625]}
							}
						},
						{
							"origin": [0.26008, -1.38148, -5.9],
							"size": [0.41421, 0.125, 5.45],
							"pivot": [0, -0.4143, -2.7875],
							"rotation": [0, 0, 45],
							"uv": {
								"north": {"uv": [8, 1], "uv_size": [0.125, 0.40625]},
								"east": {"uv": [8, 1], "uv_size": [0.125, 0.40625]},
								"south": {"uv": [8, 1], "uv_size": [0.125, 0.40625]},
								"west": {"uv": [8, 1], "uv_size": [0.125, 0.40625]},
								"up": {"uv": [8, 1], "uv_size": [0.125, 0.40625]},
								"down": {"uv": [8, 1.40625], "uv_size": [0.125, -0.40625]}
							}
						},
						{
							"origin": [-0.35, -0.11997, -0.55],
							"size": [0, 0.28995, 0.55],
							"uv": {
								"north": {"uv": [0, 0], "uv_size": [0, 0.28125]},
								"east": {"uv": [0, 0], "uv_size": [0, 0.28125]},
								"south": {"uv": [0, 0], "uv_size": [0, 0.28125]},
								"west": {"uv": [0, 0], "uv_size": [0, 0.28125]},
								"up": {"uv": [0, 0.28125], "uv_size": [0, -0.28125]},
								"down": {"uv": [0, 0.28125], "uv_size": [0, -0.28125]}
							}
						},
						{
							"origin": [-0.66063, -0.24864, -0.55],
							"size": [0, 0.28995, 0.55],
							"pivot": [0, -0.4143, -2.7875],
							"rotation": [0, 0, 45],
							"uv": {
								"north": {"uv": [0, 0], "uv_size": [0, 0.28125]},
								"east": {"uv": [0, 0], "uv_size": [0, 0.28125]},
								"south": {"uv": [0, 0], "uv_size": [0, 0.28125]},
								"west": {"uv": [0, 0], "uv_size": [0, 0.28125]},
								"up": {"uv": [0, 0.28125], "uv_size": [0, -0.28125]},
								"down": {"uv": [0, 0.28125], "uv_size": [0, -0.28125]}
							}
						},
						{
							"origin": [0.35, -0.11997, -0.55],
							"size": [0, 0.28995, 0.55],
							"uv": {
								"north": {"uv": [0, 0], "uv_size": [0, 0.28125]},
								"east": {"uv": [0, 0], "uv_size": [0, 0.28125]},
								"south": {"uv": [0, 0], "uv_size": [0, 0.28125]},
								"west": {"uv": [0, 0], "uv_size": [0, 0.28125]},
								"up": {"uv": [0, 0.28125], "uv_size": [0, -0.28125]},
								"down": {"uv": [0, 0.28125], "uv_size": [0, -0.28125]}
							}
						},
						{
							"origin": [0.03937, -0.24864, -0.55],
							"size": [0, 0.28995, 0.55],
							"pivot": [0, -0.4143, -2.7875],
							"rotation": [0, 0, 45],
							"uv": {
								"north": {"uv": [0, 0], "uv_size": [0, 0.28125]},
								"east": {"uv": [0, 0], "uv_size": [0, 0.28125]},
								"south": {"uv": [0, 0], "uv_size": [0, 0.28125]},
								"west": {"uv": [0, 0], "uv_size": [0, 0.28125]},
								"up": {"uv": [0, 0.28125], "uv_size": [0, -0.28125]},
								"down": {"uv": [0, 0.28125], "uv_size": [0, -0.28125]}
							}
						},
						{
							"origin": [-0.14497, 0.375, -0.55],
							"size": [0.28995, 0, 0.55],
							"uv": {
								"north": {"uv": [0, 0], "uv_size": [0, 0.28125]},
								"east": {"uv": [0, 0], "uv_size": [0, 0.28125]},
								"south": {"uv": [0, 0], "uv_size": [0, 0.28125]},
								"west": {"uv": [0, 0], "uv_size": [0, 0.28125]},
								"up": {"uv": [0, 0.28125], "uv_size": [0, -0.28125]},
								"down": {"uv": [0, 0.28125], "uv_size": [0, -0.28125]}
							}
						},
						{
							"origin": [-0.4556, 0.24633, -0.55],
							"size": [0.28995, 0, 0.55],
							"pivot": [0, -0.4143, -2.7875],
							"rotation": [0, 0, 45],
							"uv": {
								"north": {"uv": [0, 0], "uv_size": [0, 0.28125]},
								"east": {"uv": [0, 0], "uv_size": [0, 0.28125]},
								"south": {"uv": [0, 0], "uv_size": [0, 0.28125]},
								"west": {"uv": [0, 0], "uv_size": [0, 0.28125]},
								"up": {"uv": [0, 0.28125], "uv_size": [0, -0.28125]},
								"down": {"uv": [0, 0.28125], "uv_size": [0, -0.28125]}
							}
						},
						{
							"origin": [-0.14497, -0.325, -0.55],
							"size": [0.28995, 0, 0.55],
							"uv": {
								"north": {"uv": [0, 0], "uv_size": [0, 0.28125]},
								"east": {"uv": [0, 0], "uv_size": [0, 0.28125]},
								"south": {"uv": [0, 0], "uv_size": [0, 0.28125]},
								"west": {"uv": [0, 0], "uv_size": [0, 0.28125]},
								"up": {"uv": [0, 0.28125], "uv_size": [0, -0.28125]},
								"down": {"uv": [0, 0.28125], "uv_size": [0, -0.28125]}
							}
						},
						{
							"origin": [-0.4556, -0.45367, -0.55],
							"size": [0.28995, 0, 0.55],
							"pivot": [0, -0.4143, -2.7875],
							"rotation": [0, 0, 45],
							"uv": {
								"north": {"uv": [0, 0], "uv_size": [0, 0.28125]},
								"east": {"uv": [0, 0], "uv_size": [0, 0.28125]},
								"south": {"uv": [0, 0], "uv_size": [0, 0.28125]},
								"west": {"uv": [0, 0], "uv_size": [0, 0.28125]},
								"up": {"uv": [0, 0.28125], "uv_size": [0, -0.28125]},
								"down": {"uv": [0, 0.28125], "uv_size": [0, -0.28125]}
							}
						},
						{
							"origin": [-0.35, -1.21997, -0.55],
							"size": [0, 0.28995, 0.55],
							"uv": {
								"north": {"uv": [0, 0], "uv_size": [0, 0.28125]},
								"east": {"uv": [0, 0], "uv_size": [0, 0.28125]},
								"south": {"uv": [0, 0], "uv_size": [0, 0.28125]},
								"west": {"uv": [0, 0], "uv_size": [0, 0.28125]},
								"up": {"uv": [0, 0.28125], "uv_size": [0, -0.28125]},
								"down": {"uv": [0, 0.28125], "uv_size": [0, -0.28125]}
							}
						},
						{
							"origin": [0.11719, -1.02646, -0.55],
							"size": [0, 0.28995, 0.55],
							"pivot": [0, -0.4143, -2.7875],
							"rotation": [0, 0, 45],
							"uv": {
								"north": {"uv": [0, 0], "uv_size": [0, 0.28125]},
								"east": {"uv": [0, 0], "uv_size": [0, 0.28125]},
								"south": {"uv": [0, 0], "uv_size": [0, 0.28125]},
								"west": {"uv": [0, 0], "uv_size": [0, 0.28125]},
								"up": {"uv": [0, 0.28125], "uv_size": [0, -0.28125]},
								"down": {"uv": [0, 0.28125], "uv_size": [0, -0.28125]}
							}
						},
						{
							"origin": [0.35, -1.21997, -0.55],
							"size": [0, 0.28995, 0.55],
							"uv": {
								"north": {"uv": [0, 0], "uv_size": [0, 0.28125]},
								"east": {"uv": [0, 0], "uv_size": [0, 0.28125]},
								"south": {"uv": [0, 0], "uv_size": [0, 0.28125]},
								"west": {"uv": [0, 0], "uv_size": [0, 0.28125]},
								"up": {"uv": [0, 0.28125], "uv_size": [0, -0.28125]},
								"down": {"uv": [0, 0.28125], "uv_size": [0, -0.28125]}
							}
						},
						{
							"origin": [0.81719, -1.02646, -0.55],
							"size": [0, 0.28995, 0.55],
							"pivot": [0, -0.4143, -2.7875],
							"rotation": [0, 0, 45],
							"uv": {
								"north": {"uv": [0, 0], "uv_size": [0, 0.28125]},
								"east": {"uv": [0, 0], "uv_size": [0, 0.28125]},
								"south": {"uv": [0, 0], "uv_size": [0, 0.28125]},
								"west": {"uv": [0, 0], "uv_size": [0, 0.28125]},
								"up": {"uv": [0, 0.28125], "uv_size": [0, -0.28125]},
								"down": {"uv": [0, 0.28125], "uv_size": [0, -0.28125]}
							}
						},
						{
							"origin": [-0.14497, -0.725, -0.55],
							"size": [0.28995, 0, 0.55],
							"uv": {
								"north": {"uv": [0, 0], "uv_size": [0, 0.28125]},
								"east": {"uv": [0, 0], "uv_size": [0, 0.28125]},
								"south": {"uv": [0, 0], "uv_size": [0, 0.28125]},
								"west": {"uv": [0, 0], "uv_size": [0, 0.28125]},
								"up": {"uv": [0, 0.28125], "uv_size": [0, -0.28125]},
								"down": {"uv": [0, 0.28125], "uv_size": [0, -0.28125]}
							}
						},
						{
							"origin": [0.32221, -0.53148, -0.55],
							"size": [0.28995, 0, 0.55],
							"pivot": [0, -0.4143, -2.7875],
							"rotation": [0, 0, 45],
							"uv": {
								"north": {"uv": [0, 0], "uv_size": [0, 0.28125]},
								"east": {"uv": [0, 0], "uv_size": [0, 0.28125]},
								"south": {"uv": [0, 0], "uv_size": [0, 0.28125]},
								"west": {"uv": [0, 0], "uv_size": [0, 0.28125]},
								"up": {"uv": [0, 0.28125], "uv_size": [0, -0.28125]},
								"down": {"uv": [0, 0.28125], "uv_size": [0, -0.28125]}
							}
						},
						{
							"origin": [-0.14497, -1.425, -0.55],
							"size": [0.28995, 0, 0.55],
							"uv": {
								"north": {"uv": [0, 0], "uv_size": [0, 0.28125]},
								"east": {"uv": [0, 0], "uv_size": [0, 0.28125]},
								"south": {"uv": [0, 0], "uv_size": [0, 0.28125]},
								"west": {"uv": [0, 0], "uv_size": [0, 0.28125]},
								"up": {"uv": [0, 0.28125], "uv_size": [0, -0.28125]},
								"down": {"uv": [0, 0.28125], "uv_size": [0, -0.28125]}
							}
						},
						{
							"origin": [0.32221, -1.23148, -0.55],
							"size": [0.28995, 0, 0.55],
							"pivot": [0, -0.4143, -2.7875],
							"rotation": [0, 0, 45],
							"uv": {
								"north": {"uv": [0, 0], "uv_size": [0, 0.28125]},
								"east": {"uv": [0, 0], "uv_size": [0, 0.28125]},
								"south": {"uv": [0, 0], "uv_size": [0, 0.28125]},
								"west": {"uv": [0, 0], "uv_size": [0, 0.28125]},
								"up": {"uv": [0, 0.28125], "uv_size": [0, -0.28125]},
								"down": {"uv": [0, 0.28125], "uv_size": [0, -0.28125]}
							}
						}
					]
				}
			]
		}
	]
}