{
	"format_version": "1.12.0",
	"minecraft:geometry": [
		{
			"description": {
				"identifier": "geometry.M82_silencer",
				"texture_width": 32,
				"texture_height": 32,
				"visible_bounds_width": 2,
				"visible_bounds_height": 1.5,
				"visible_bounds_offset": [0, 0.25, 0]
			},
			"bones": [
				{
					"name": "muzzle_m82_silencer",
					"pivot": [0.00009, -0.00063, -18.63829],
					"cubes": [
						{
							"origin": [-0.40025, -0.5, -4.74325],
							"size": [0.8005, 14.5, 2.9865],
							"pivot": [0, 0, -3.25],
							"rotation": [90, 0, 180],
							"uv": {
								"north": {"uv": [0, 0], "uv_size": [0.8125, 14.5]},
								"south": {"uv": [1, 0], "uv_size": [0.8125, 14.5]},
								"up": {"uv": [15, 16], "uv_size": [0.8125, 3]},
								"down": {"uv": [16, 19], "uv_size": [0.8125, -3]}
							}
						},
						{
							"origin": [-1.1875, 0.6875, -19.5],
							"size": [2.375, 0.25, 2.25],
							"uv": {
								"north": {"uv": [20, 10], "uv_size": [2.375, 0.25]},
								"east": {"uv": [20, 21], "uv_size": [2.25, 0.25]},
								"south": {"uv": [20, 11], "uv_size": [2.375, 0.25]},
								"west": {"uv": [21, 20], "uv_size": [2.25, 0.25]},
								"up": {"uv": [12, 0], "uv_size": [2.375, 2.25]},
								"down": {"uv": [12, 5.25], "uv_size": [2.375, -2.25]}
							}
						},
						{
							"origin": [-1.1875, -0.6875, -18.5],
							"size": [2.375, 1.375, 0.25],
							"uv": {
								"north": {"uv": [12, 12], "uv_size": [2.375, 1.375]},
								"east": {"uv": [22, 22], "uv_size": [0.25, 1.375]},
								"south": {"uv": [12, 14], "uv_size": [2.375, 1.375]},
								"west": {"uv": [0, 23], "uv_size": [0.25, 1.375]},
								"up": {"uv": [20, 13], "uv_size": [2.375, 0.25]},
								"down": {"uv": [20, 14.25], "uv_size": [2.375, -0.25]}
							}
						},
						{
							"origin": [-1.1875, -0.6875, -17.5],
							"size": [2.375, 1.375, 0.25],
							"uv": {
								"north": {"uv": [0, 15], "uv_size": [2.375, 1.375]},
								"east": {"uv": [1, 23], "uv_size": [0.25, 1.375]},
								"south": {"uv": [15, 0], "uv_size": [2.375, 1.375]},
								"west": {"uv": [2, 23], "uv_size": [0.25, 1.375]},
								"up": {"uv": [20, 15], "uv_size": [2.375, 0.25]},
								"down": {"uv": [20, 16.25], "uv_size": [2.375, -0.25]}
							}
						},
						{
							"origin": [-1.1875, -0.6875, -19.5],
							"size": [2.375, 1.375, 0.25],
							"uv": {
								"north": {"uv": [15, 2], "uv_size": [2.375, 1.375]},
								"east": {"uv": [3, 23], "uv_size": [0.25, 1.375]},
								"south": {"uv": [3, 15], "uv_size": [2.375, 1.375]},
								"west": {"uv": [4, 23], "uv_size": [0.25, 1.375]},
								"up": {"uv": [18, 20], "uv_size": [2.375, 0.25]},
								"down": {"uv": [21, 1.25], "uv_size": [2.375, -0.25]}
							}
						},
						{
							"origin": [-0.35741, -0.9375, -19.72242],
							"size": [0.71482, 0.625, 0.22242],
							"uv": {
								"north": {"uv": [22, 12], "uv_size": [0.71875, 0.625]},
								"east": {"uv": [25, 17], "uv_size": [0.21875, 0.625]},
								"south": {"uv": [22, 19], "uv_size": [0.71875, 0.625]},
								"west": {"uv": [18, 25], "uv_size": [0.21875, 0.625]},
								"up": {"uv": [24, 17], "uv_size": [0.71875, 0.21875]},
								"down": {"uv": [18, 24.21875], "uv_size": [0.71875, -0.21875]}
							}
						},
						{
							"origin": [-0.35741, 0.3125, -19.72242],
							"size": [0.71482, 0.625, 0.22242],
							"uv": {
								"north": {"uv": [20, 22], "uv_size": [0.71875, 0.625]},
								"east": {"uv": [25, 18], "uv_size": [0.21875, 0.625]},
								"south": {"uv": [21, 22], "uv_size": [0.71875, 0.625]},
								"west": {"uv": [19, 25], "uv_size": [0.21875, 0.625]},
								"up": {"uv": [24, 18], "uv_size": [0.71875, 0.21875]},
								"down": {"uv": [19, 24.21875], "uv_size": [0.71875, -0.21875]}
							}
						},
						{
							"origin": [0.31041, -0.9375, -19.61547],
							"size": [0.85938, 1.875, 0.25],
							"pivot": [0.7401, 0, -19.49047],
							"rotation": [0, -15, 0],
							"uv": {
								"north": {"uv": [15, 19], "uv_size": [0.875, 1.875]},
								"east": {"uv": [22, 8], "uv_size": [0.25, 1.875]},
								"south": {"uv": [19, 15], "uv_size": [0.875, 1.875]},
								"west": {"uv": [22, 17], "uv_size": [0.25, 1.875]},
								"up": {"uv": [24, 1], "uv_size": [0.875, 0.25]},
								"down": {"uv": [24, 2.25], "uv_size": [0.875, -0.25]}
							}
						},
						{
							"origin": [-1.16979, -0.9375, -19.61547],
							"size": [0.85938, 1.875, 0.25],
							"pivot": [-0.7401, 0, -19.49047],
							"rotation": [0, 15, 0],
							"uv": {
								"north": {"uv": [16, 19], "uv_size": [0.875, 1.875]},
								"east": {"uv": [18, 22], "uv_size": [0.25, 1.875]},
								"south": {"uv": [17, 19], "uv_size": [0.875, 1.875]},
								"west": {"uv": [19, 22], "uv_size": [0.25, 1.875]},
								"up": {"uv": [24, 4], "uv_size": [0.875, 0.25]},
								"down": {"uv": [5, 24.25], "uv_size": [0.875, -0.25]}
							}
						},
						{
							"origin": [-1.1875, -0.9375, -19.5],
							"size": [2.375, 0.25, 2.25],
							"uv": {
								"north": {"uv": [21, 2], "uv_size": [2.375, 0.25]},
								"east": {"uv": [22, 3], "uv_size": [2.25, 0.25]},
								"south": {"uv": [21, 4], "uv_size": [2.375, 0.25]},
								"west": {"uv": [5, 22], "uv_size": [2.25, 0.25]},
								"up": {"uv": [12, 6], "uv_size": [2.375, 2.25]},
								"down": {"uv": [12, 11.25], "uv_size": [2.375, -2.25]}
							}
						},
						{
							"origin": [-0.00164, 13.75, -4.36825],
							"size": [0.40189, 0.25, 0.36541],
							"pivot": [0, 0, -5.5],
							"rotation": [90, 0, 60],
							"uv": {
								"north": {"uv": [25, 23], "uv_size": [0.40625, 0.25]},
								"east": {"uv": [10, 26], "uv_size": [0.375, 0.25]},
								"south": {"uv": [24, 25], "uv_size": [0.40625, 0.25]},
								"west": {"uv": [26, 10], "uv_size": [0.375, 0.25]},
								"up": {"uv": [24, 19], "uv_size": [0.40625, 0.375]},
								"down": {"uv": [20, 24.375], "uv_size": [0.40625, -0.375]}
							}
						},
						{
							"origin": [-0.21815, 12, -3.87784],
							"size": [0.21651, 2.25, 0.125],
							"pivot": [0, 0, -5.25],
							"rotation": [90, 0, 60],
							"uv": {
								"north": {"uv": [22, 5], "uv_size": [0.21875, 2.25]},
								"east": {"uv": [23, 5], "uv_size": [0.125, 2.25]},
								"south": {"uv": [8, 22], "uv_size": [0.21875, 2.25]},
								"west": {"uv": [6, 23], "uv_size": [0.125, 2.25]},
								"up": {"uv": [22, 28], "uv_size": [0.21875, 0.125]},
								"down": {"uv": [28, 22.125], "uv_size": [0.21875, -0.125]}
							}
						},
						{
							"origin": [-0.00164, -14, -4.36825],
							"size": [0.40189, 0.25, 0.36541],
							"pivot": [0, 0, -5.5],
							"rotation": [-90, 0, -60],
							"uv": {
								"north": {"uv": [25, 24], "uv_size": [0.40625, 0.25]},
								"east": {"uv": [11, 26], "uv_size": [0.375, 0.25]},
								"south": {"uv": [25, 25], "uv_size": [0.40625, 0.25]},
								"west": {"uv": [26, 11], "uv_size": [0.375, 0.25]},
								"up": {"uv": [24, 20], "uv_size": [0.40625, 0.375]},
								"down": {"uv": [21, 24.375], "uv_size": [0.40625, -0.375]}
							}
						},
						{
							"origin": [-0.21815, -14.25, -3.87784],
							"size": [0.21651, 2.25, 0.125],
							"pivot": [0, 0, -5.25],
							"rotation": [-90, 0, -60],
							"uv": {
								"north": {"uv": [12, 22], "uv_size": [0.21875, 2.25]},
								"east": {"uv": [7, 23], "uv_size": [0.125, 2.25]},
								"south": {"uv": [13, 22], "uv_size": [0.21875, 2.25]},
								"west": {"uv": [23, 8], "uv_size": [0.125, 2.25]},
								"up": {"uv": [23, 28], "uv_size": [0.21875, 0.125]},
								"down": {"uv": [28, 23.125], "uv_size": [0.21875, -0.125]}
							}
						},
						{
							"origin": [0.9385, -0.125, -19.53125],
							"size": [0.8039, 0.25, 0.3125],
							"pivot": [1.34045, 0, -19.375],
							"rotation": [90, 0, 90],
							"uv": {
								"north": {"uv": [24, 5], "uv_size": [0.8125, 0.25]},
								"east": {"uv": [26, 26], "uv_size": [0.3125, 0.25]},
								"south": {"uv": [24, 6], "uv_size": [0.8125, 0.25]},
								"west": {"uv": [0, 27], "uv_size": [0.3125, 0.25]},
								"up": {"uv": [23, 14], "uv_size": [0.8125, 0.3125]},
								"down": {"uv": [23, 15.3125], "uv_size": [0.8125, -0.3125]}
							}
						},
						{
							"origin": [-0.00164, 13.75, -3.36825],
							"size": [0.40189, 0.25, 0.36541],
							"pivot": [0, 0, -4.5],
							"rotation": [90, 0, 60],
							"uv": {
								"north": {"uv": [0, 26], "uv_size": [0.40625, 0.25]},
								"east": {"uv": [12, 26], "uv_size": [0.375, 0.25]},
								"south": {"uv": [26, 0], "uv_size": [0.40625, 0.25]},
								"west": {"uv": [26, 12], "uv_size": [0.375, 0.25]},
								"up": {"uv": [24, 21], "uv_size": [0.40625, 0.375]},
								"down": {"uv": [22, 24.375], "uv_size": [0.40625, -0.375]}
							}
						},
						{
							"origin": [1.28185, 0.30042, -18.32171],
							"size": [0.125, 0.4375, 0.1154],
							"pivot": [1.34435, 0.55042, -18.26401],
							"rotation": [90, -67.5, 60],
							"uv": {
								"north": {"uv": [27, 17], "uv_size": [0.125, 0.4375]},
								"east": {"uv": [18, 27], "uv_size": [0.125, 0.4375]},
								"south": {"uv": [27, 18], "uv_size": [0.125, 0.4375]},
								"west": {"uv": [19, 27], "uv_size": [0.125, 0.4375]},
								"up": {"uv": [26, 28], "uv_size": [0.125, 0.125]},
								"down": {"uv": [28, 26.125], "uv_size": [0.125, -0.125]}
							}
						},
						{
							"origin": [1.28185, 0.30042, -19.32171],
							"size": [0.125, 0.4375, 0.1154],
							"pivot": [1.34435, 0.55042, -19.26401],
							"rotation": [90, -67.5, 60],
							"uv": {
								"north": {"uv": [27, 19], "uv_size": [0.125, 0.4375]},
								"east": {"uv": [20, 27], "uv_size": [0.125, 0.4375]},
								"south": {"uv": [27, 20], "uv_size": [0.125, 0.4375]},
								"west": {"uv": [21, 27], "uv_size": [0.125, 0.4375]},
								"up": {"uv": [27, 28], "uv_size": [0.125, 0.125]},
								"down": {"uv": [28, 27.125], "uv_size": [0.125, -0.125]}
							}
						},
						{
							"origin": [1.09435, 0.48792, -18.54369],
							"size": [0.4375, 0.125, 0.1154],
							"pivot": [1.34435, 0.55042, -18.48599],
							"rotation": [90, -22.5, 60],
							"uv": {
								"north": {"uv": [27, 21], "uv_size": [0.4375, 0.125]},
								"east": {"uv": [28, 28], "uv_size": [0.125, 0.125]},
								"south": {"uv": [22, 27], "uv_size": [0.4375, 0.125]},
								"west": {"uv": [0, 29], "uv_size": [0.125, 0.125]},
								"up": {"uv": [27, 22], "uv_size": [0.4375, 0.125]},
								"down": {"uv": [23, 27.125], "uv_size": [0.4375, -0.125]}
							}
						},
						{
							"origin": [1.09435, 0.48792, -17.54369],
							"size": [0.4375, 0.125, 0.1154],
							"pivot": [1.34435, 0.55042, -17.48599],
							"rotation": [90, -22.5, 60],
							"uv": {
								"north": {"uv": [27, 23], "uv_size": [0.4375, 0.125]},
								"east": {"uv": [29, 0], "uv_size": [0.125, 0.125]},
								"south": {"uv": [24, 27], "uv_size": [0.4375, 0.125]},
								"west": {"uv": [1, 29], "uv_size": [0.125, 0.125]},
								"up": {"uv": [27, 24], "uv_size": [0.4375, 0.125]},
								"down": {"uv": [25, 27.125], "uv_size": [0.4375, -0.125]}
							}
						},
						{
							"origin": [1.28185, -0.73792, -19.32171],
							"size": [0.125, 0.4375, 0.1154],
							"pivot": [1.34435, -0.55042, -19.26401],
							"rotation": [-90, -67.5, -60],
							"uv": {
								"north": {"uv": [27, 25], "uv_size": [0.125, 0.4375]},
								"east": {"uv": [26, 27], "uv_size": [0.125, 0.4375]},
								"south": {"uv": [27, 26], "uv_size": [0.125, 0.4375]},
								"west": {"uv": [27, 27], "uv_size": [0.125, 0.4375]},
								"up": {"uv": [29, 1], "uv_size": [0.125, 0.125]},
								"down": {"uv": [2, 29.125], "uv_size": [0.125, -0.125]}
							}
						},
						{
							"origin": [1.09435, -0.61292, -18.54369],
							"size": [0.4375, 0.125, 0.1154],
							"pivot": [1.34435, -0.55042, -18.48599],
							"rotation": [-90, -22.5, -60],
							"uv": {
								"north": {"uv": [0, 28], "uv_size": [0.4375, 0.125]},
								"east": {"uv": [29, 2], "uv_size": [0.125, 0.125]},
								"south": {"uv": [28, 0], "uv_size": [0.4375, 0.125]},
								"west": {"uv": [3, 29], "uv_size": [0.125, 0.125]},
								"up": {"uv": [1, 28], "uv_size": [0.4375, 0.125]},
								"down": {"uv": [28, 1.125], "uv_size": [0.4375, -0.125]}
							}
						},
						{
							"origin": [1.28185, -0.73792, -18.32171],
							"size": [0.125, 0.4375, 0.1154],
							"pivot": [1.34435, -0.55042, -18.26401],
							"rotation": [-90, -67.5, -60],
							"uv": {
								"north": {"uv": [2, 28], "uv_size": [0.125, 0.4375]},
								"east": {"uv": [28, 2], "uv_size": [0.125, 0.4375]},
								"south": {"uv": [3, 28], "uv_size": [0.125, 0.4375]},
								"west": {"uv": [28, 3], "uv_size": [0.125, 0.4375]},
								"up": {"uv": [29, 3], "uv_size": [0.125, 0.125]},
								"down": {"uv": [4, 29.125], "uv_size": [0.125, -0.125]}
							}
						},
						{
							"origin": [1.09435, -0.61292, -17.54369],
							"size": [0.4375, 0.125, 0.1154],
							"pivot": [1.34435, -0.55042, -17.48599],
							"rotation": [-90, -22.5, -60],
							"uv": {
								"north": {"uv": [4, 28], "uv_size": [0.4375, 0.125]},
								"east": {"uv": [29, 4], "uv_size": [0.125, 0.125]},
								"south": {"uv": [28, 4], "uv_size": [0.4375, 0.125]},
								"west": {"uv": [5, 29], "uv_size": [0.125, 0.125]},
								"up": {"uv": [5, 28], "uv_size": [0.4375, 0.125]},
								"down": {"uv": [28, 5.125], "uv_size": [0.4375, -0.125]}
							}
						},
						{
							"origin": [0.9385, -0.125, -18.53125],
							"size": [0.8039, 0.25, 0.3125],
							"pivot": [1.34045, 0, -18.375],
							"rotation": [90, 0, 90],
							"uv": {
								"north": {"uv": [24, 7], "uv_size": [0.8125, 0.25]},
								"east": {"uv": [27, 0], "uv_size": [0.3125, 0.25]},
								"south": {"uv": [24, 8], "uv_size": [0.8125, 0.25]},
								"west": {"uv": [1, 27], "uv_size": [0.3125, 0.25]},
								"up": {"uv": [23, 16], "uv_size": [0.8125, 0.3125]},
								"down": {"uv": [23, 17.3125], "uv_size": [0.8125, -0.3125]}
							}
						},
						{
							"origin": [-0.00164, -14, -3.36825],
							"size": [0.40189, 0.25, 0.36541],
							"pivot": [0, 0, -4.5],
							"rotation": [-90, 0, -60],
							"uv": {
								"north": {"uv": [1, 26], "uv_size": [0.40625, 0.25]},
								"east": {"uv": [13, 26], "uv_size": [0.375, 0.25]},
								"south": {"uv": [26, 1], "uv_size": [0.40625, 0.25]},
								"west": {"uv": [26, 13], "uv_size": [0.375, 0.25]},
								"up": {"uv": [24, 22], "uv_size": [0.40625, 0.375]},
								"down": {"uv": [23, 24.375], "uv_size": [0.40625, -0.375]}
							}
						},
						{
							"origin": [-0.00164, 13.75, -2.36825],
							"size": [0.40189, 0.25, 0.36541],
							"pivot": [0, 0, -3.5],
							"rotation": [90, 0, 60],
							"uv": {
								"north": {"uv": [2, 26], "uv_size": [0.40625, 0.25]},
								"east": {"uv": [14, 26], "uv_size": [0.375, 0.25]},
								"south": {"uv": [26, 2], "uv_size": [0.40625, 0.25]},
								"west": {"uv": [26, 14], "uv_size": [0.375, 0.25]},
								"up": {"uv": [24, 23], "uv_size": [0.40625, 0.375]},
								"down": {"uv": [24, 24.375], "uv_size": [0.40625, -0.375]}
							}
						},
						{
							"origin": [0.84914, 0.6773, -17.48641],
							"size": [0.27689, 0.25, 0.36541],
							"pivot": [1.05008, 0.8023, -17.3037],
							"rotation": [90, 45, 60],
							"uv": {
								"north": {"uv": [27, 13], "uv_size": [0.28125, 0.25]},
								"east": {"uv": [15, 26], "uv_size": [0.375, 0.25]},
								"south": {"uv": [14, 27], "uv_size": [0.28125, 0.25]},
								"west": {"uv": [26, 15], "uv_size": [0.375, 0.25]},
								"up": {"uv": [25, 19], "uv_size": [0.28125, 0.375]},
								"down": {"uv": [20, 25.375], "uv_size": [0.28125, -0.375]}
							}
						},
						{
							"origin": [-1.12603, 0.6773, -17.48641],
							"size": [0.27689, 0.25, 0.36541],
							"pivot": [-1.05008, 0.8023, -17.3037],
							"rotation": [90, -45, -60],
							"uv": {
								"north": {"uv": [27, 14], "uv_size": [0.28125, 0.25]},
								"east": {"uv": [16, 26], "uv_size": [0.375, 0.25]},
								"south": {"uv": [15, 27], "uv_size": [0.28125, 0.25]},
								"west": {"uv": [26, 16], "uv_size": [0.375, 0.25]},
								"up": {"uv": [25, 20], "uv_size": [0.28125, 0.375]},
								"down": {"uv": [21, 25.375], "uv_size": [0.28125, -0.375]}
							}
						},
						{
							"origin": [-1.12603, -0.9273, -17.48641],
							"size": [0.27689, 0.25, 0.36541],
							"pivot": [-1.05008, -0.8023, -17.3037],
							"rotation": [-90, -45, 60],
							"uv": {
								"north": {"uv": [27, 15], "uv_size": [0.28125, 0.25]},
								"east": {"uv": [17, 26], "uv_size": [0.375, 0.25]},
								"south": {"uv": [16, 27], "uv_size": [0.28125, 0.25]},
								"west": {"uv": [26, 17], "uv_size": [0.375, 0.25]},
								"up": {"uv": [25, 21], "uv_size": [0.28125, 0.375]},
								"down": {"uv": [22, 25.375], "uv_size": [0.28125, -0.375]}
							}
						},
						{
							"origin": [0.84914, -0.9273, -17.48641],
							"size": [0.27689, 0.25, 0.36541],
							"pivot": [1.05008, -0.8023, -17.3037],
							"rotation": [-90, 45, -60],
							"uv": {
								"north": {"uv": [27, 16], "uv_size": [0.28125, 0.25]},
								"east": {"uv": [18, 26], "uv_size": [0.375, 0.25]},
								"south": {"uv": [17, 27], "uv_size": [0.28125, 0.25]},
								"west": {"uv": [26, 18], "uv_size": [0.375, 0.25]},
								"up": {"uv": [25, 22], "uv_size": [0.28125, 0.375]},
								"down": {"uv": [23, 25.375], "uv_size": [0.28125, -0.375]}
							}
						},
						{
							"origin": [0.9385, -0.125, -17.53125],
							"size": [0.8039, 0.25, 0.3125],
							"pivot": [1.34045, 0, -17.375],
							"rotation": [90, 0, 90],
							"uv": {
								"north": {"uv": [24, 9], "uv_size": [0.8125, 0.25]},
								"east": {"uv": [27, 1], "uv_size": [0.3125, 0.25]},
								"south": {"uv": [24, 10], "uv_size": [0.8125, 0.25]},
								"west": {"uv": [2, 27], "uv_size": [0.3125, 0.25]},
								"up": {"uv": [23, 18], "uv_size": [0.8125, 0.3125]},
								"down": {"uv": [23, 19.3125], "uv_size": [0.8125, -0.3125]}
							}
						},
						{
							"origin": [-0.00164, -14, -2.36825],
							"size": [0.40189, 0.25, 0.36541],
							"pivot": [0, 0, -3.5],
							"rotation": [-90, 0, -60],
							"uv": {
								"north": {"uv": [3, 26], "uv_size": [0.40625, 0.25]},
								"east": {"uv": [19, 26], "uv_size": [0.375, 0.25]},
								"south": {"uv": [26, 3], "uv_size": [0.40625, 0.25]},
								"west": {"uv": [26, 19], "uv_size": [0.375, 0.25]},
								"up": {"uv": [0, 25], "uv_size": [0.40625, 0.375]},
								"down": {"uv": [25, 0.375], "uv_size": [0.40625, -0.375]}
							}
						},
						{
							"origin": [-0.40025, 13.75, -2.36825],
							"size": [0.40189, 0.25, 0.36541],
							"pivot": [0, 0, -3.5],
							"rotation": [90, 0, -60],
							"uv": {
								"north": {"uv": [4, 26], "uv_size": [0.40625, 0.25]},
								"east": {"uv": [20, 26], "uv_size": [0.375, 0.25]},
								"south": {"uv": [26, 4], "uv_size": [0.40625, 0.25]},
								"west": {"uv": [26, 20], "uv_size": [0.375, 0.25]},
								"up": {"uv": [1, 25], "uv_size": [0.40625, 0.375]},
								"down": {"uv": [25, 1.375], "uv_size": [0.40625, -0.375]}
							}
						},
						{
							"origin": [-1.7424, -0.125, -17.53125],
							"size": [0.8039, 0.25, 0.3125],
							"pivot": [-1.34045, 0, -17.375],
							"rotation": [90, 0, -90],
							"uv": {
								"north": {"uv": [24, 11], "uv_size": [0.8125, 0.25]},
								"east": {"uv": [27, 2], "uv_size": [0.3125, 0.25]},
								"south": {"uv": [24, 12], "uv_size": [0.8125, 0.25]},
								"west": {"uv": [3, 27], "uv_size": [0.3125, 0.25]},
								"up": {"uv": [20, 23], "uv_size": [0.8125, 0.3125]},
								"down": {"uv": [21, 23.3125], "uv_size": [0.8125, -0.3125]}
							}
						},
						{
							"origin": [-1.53185, 0.48792, -17.54369],
							"size": [0.4375, 0.125, 0.1154],
							"pivot": [-1.34435, 0.55042, -17.48599],
							"rotation": [90, 22.5, -60],
							"uv": {
								"north": {"uv": [6, 28], "uv_size": [0.4375, 0.125]},
								"east": {"uv": [29, 5], "uv_size": [0.125, 0.125]},
								"south": {"uv": [28, 6], "uv_size": [0.4375, 0.125]},
								"west": {"uv": [6, 29], "uv_size": [0.125, 0.125]},
								"up": {"uv": [7, 28], "uv_size": [0.4375, 0.125]},
								"down": {"uv": [28, 7.125], "uv_size": [0.4375, -0.125]}
							}
						},
						{
							"origin": [0.00164, 12, -3.87784],
							"size": [0.21651, 2.25, 0.125],
							"pivot": [0, 0, -5.25],
							"rotation": [90, 0, -60],
							"uv": {
								"north": {"uv": [14, 22], "uv_size": [0.21875, 2.25]},
								"east": {"uv": [9, 23], "uv_size": [0.125, 2.25]},
								"south": {"uv": [15, 22], "uv_size": [0.21875, 2.25]},
								"west": {"uv": [10, 23], "uv_size": [0.125, 2.25]},
								"up": {"uv": [24, 28], "uv_size": [0.21875, 0.125]},
								"down": {"uv": [28, 24.125], "uv_size": [0.21875, -0.125]}
							}
						},
						{
							"origin": [-0.40025, 13.75, -3.36825],
							"size": [0.40189, 0.25, 0.36541],
							"pivot": [0, 0, -4.5],
							"rotation": [90, 0, -60],
							"uv": {
								"north": {"uv": [5, 26], "uv_size": [0.40625, 0.25]},
								"east": {"uv": [21, 26], "uv_size": [0.375, 0.25]},
								"south": {"uv": [26, 5], "uv_size": [0.40625, 0.25]},
								"west": {"uv": [26, 21], "uv_size": [0.375, 0.25]},
								"up": {"uv": [2, 25], "uv_size": [0.40625, 0.375]},
								"down": {"uv": [25, 2.375], "uv_size": [0.40625, -0.375]}
							}
						},
						{
							"origin": [-1.40685, 0.30042, -18.32171],
							"size": [0.125, 0.4375, 0.1154],
							"pivot": [-1.34435, 0.55042, -18.26401],
							"rotation": [90, 67.5, -60],
							"uv": {
								"north": {"uv": [8, 28], "uv_size": [0.125, 0.4375]},
								"east": {"uv": [28, 8], "uv_size": [0.125, 0.4375]},
								"south": {"uv": [9, 28], "uv_size": [0.125, 0.4375]},
								"west": {"uv": [28, 9], "uv_size": [0.125, 0.4375]},
								"up": {"uv": [29, 6], "uv_size": [0.125, 0.125]},
								"down": {"uv": [7, 29.125], "uv_size": [0.125, -0.125]}
							}
						},
						{
							"origin": [-1.53185, 0.48792, -18.54369],
							"size": [0.4375, 0.125, 0.1154],
							"pivot": [-1.34435, 0.55042, -18.48599],
							"rotation": [90, 22.5, -60],
							"uv": {
								"north": {"uv": [10, 28], "uv_size": [0.4375, 0.125]},
								"east": {"uv": [29, 7], "uv_size": [0.125, 0.125]},
								"south": {"uv": [28, 10], "uv_size": [0.4375, 0.125]},
								"west": {"uv": [8, 29], "uv_size": [0.125, 0.125]},
								"up": {"uv": [11, 28], "uv_size": [0.4375, 0.125]},
								"down": {"uv": [28, 11.125], "uv_size": [0.4375, -0.125]}
							}
						},
						{
							"origin": [-1.7424, -0.125, -18.53125],
							"size": [0.8039, 0.25, 0.3125],
							"pivot": [-1.34045, 0, -18.375],
							"rotation": [90, 0, -90],
							"uv": {
								"north": {"uv": [24, 13], "uv_size": [0.8125, 0.25]},
								"east": {"uv": [27, 3], "uv_size": [0.3125, 0.25]},
								"south": {"uv": [24, 14], "uv_size": [0.8125, 0.25]},
								"west": {"uv": [4, 27], "uv_size": [0.3125, 0.25]},
								"up": {"uv": [23, 21], "uv_size": [0.8125, 0.3125]},
								"down": {"uv": [23, 22.3125], "uv_size": [0.8125, -0.3125]}
							}
						},
						{
							"origin": [-1.53185, -0.61292, -17.54369],
							"size": [0.4375, 0.125, 0.1154],
							"pivot": [-1.34435, -0.55042, -17.48599],
							"rotation": [-90, 22.5, 60],
							"uv": {
								"north": {"uv": [12, 28], "uv_size": [0.4375, 0.125]},
								"east": {"uv": [29, 8], "uv_size": [0.125, 0.125]},
								"south": {"uv": [28, 12], "uv_size": [0.4375, 0.125]},
								"west": {"uv": [9, 29], "uv_size": [0.125, 0.125]},
								"up": {"uv": [13, 28], "uv_size": [0.4375, 0.125]},
								"down": {"uv": [28, 13.125], "uv_size": [0.4375, -0.125]}
							}
						},
						{
							"origin": [-0.40025, -14, -2.36825],
							"size": [0.40189, 0.25, 0.36541],
							"pivot": [0, 0, -3.5],
							"rotation": [-90, 0, 60],
							"uv": {
								"north": {"uv": [6, 26], "uv_size": [0.40625, 0.25]},
								"east": {"uv": [22, 26], "uv_size": [0.375, 0.25]},
								"south": {"uv": [26, 6], "uv_size": [0.40625, 0.25]},
								"west": {"uv": [26, 22], "uv_size": [0.375, 0.25]},
								"up": {"uv": [3, 25], "uv_size": [0.40625, 0.375]},
								"down": {"uv": [25, 3.375], "uv_size": [0.40625, -0.375]}
							}
						},
						{
							"origin": [0.00164, -14.25, -3.87784],
							"size": [0.21651, 2.25, 0.125],
							"pivot": [0, 0, -5.25],
							"rotation": [-90, 0, 60],
							"uv": {
								"north": {"uv": [16, 22], "uv_size": [0.21875, 2.25]},
								"east": {"uv": [11, 23], "uv_size": [0.125, 2.25]},
								"south": {"uv": [17, 22], "uv_size": [0.21875, 2.25]},
								"west": {"uv": [23, 11], "uv_size": [0.125, 2.25]},
								"up": {"uv": [25, 28], "uv_size": [0.21875, 0.125]},
								"down": {"uv": [28, 25.125], "uv_size": [0.21875, -0.125]}
							}
						},
						{
							"origin": [-0.40025, -14, -3.36825],
							"size": [0.40189, 0.25, 0.36541],
							"pivot": [0, 0, -4.5],
							"rotation": [-90, 0, 60],
							"uv": {
								"north": {"uv": [7, 26], "uv_size": [0.40625, 0.25]},
								"east": {"uv": [23, 26], "uv_size": [0.375, 0.25]},
								"south": {"uv": [26, 7], "uv_size": [0.40625, 0.25]},
								"west": {"uv": [26, 23], "uv_size": [0.375, 0.25]},
								"up": {"uv": [4, 25], "uv_size": [0.40625, 0.375]},
								"down": {"uv": [25, 4.375], "uv_size": [0.40625, -0.375]}
							}
						},
						{
							"origin": [-1.40685, -0.73792, -18.32171],
							"size": [0.125, 0.4375, 0.1154],
							"pivot": [-1.34435, -0.55042, -18.26401],
							"rotation": [-90, 67.5, 60],
							"uv": {
								"north": {"uv": [14, 28], "uv_size": [0.125, 0.4375]},
								"east": {"uv": [28, 14], "uv_size": [0.125, 0.4375]},
								"south": {"uv": [15, 28], "uv_size": [0.125, 0.4375]},
								"west": {"uv": [28, 15], "uv_size": [0.125, 0.4375]},
								"up": {"uv": [29, 9], "uv_size": [0.125, 0.125]},
								"down": {"uv": [10, 29.125], "uv_size": [0.125, -0.125]}
							}
						},
						{
							"origin": [-1.53185, -0.61292, -18.54369],
							"size": [0.4375, 0.125, 0.1154],
							"pivot": [-1.34435, -0.55042, -18.48599],
							"rotation": [-90, 22.5, 60],
							"uv": {
								"north": {"uv": [16, 28], "uv_size": [0.4375, 0.125]},
								"east": {"uv": [29, 10], "uv_size": [0.125, 0.125]},
								"south": {"uv": [28, 16], "uv_size": [0.4375, 0.125]},
								"west": {"uv": [11, 29], "uv_size": [0.125, 0.125]},
								"up": {"uv": [17, 28], "uv_size": [0.4375, 0.125]},
								"down": {"uv": [28, 17.125], "uv_size": [0.4375, -0.125]}
							}
						},
						{
							"origin": [-0.40025, -14, -4.36825],
							"size": [0.40189, 0.25, 0.36541],
							"pivot": [0, 0, -5.5],
							"rotation": [-90, 0, 60],
							"uv": {
								"north": {"uv": [8, 26], "uv_size": [0.40625, 0.25]},
								"east": {"uv": [24, 26], "uv_size": [0.375, 0.25]},
								"south": {"uv": [26, 8], "uv_size": [0.40625, 0.25]},
								"west": {"uv": [26, 24], "uv_size": [0.375, 0.25]},
								"up": {"uv": [5, 25], "uv_size": [0.40625, 0.375]},
								"down": {"uv": [25, 5.375], "uv_size": [0.40625, -0.375]}
							}
						},
						{
							"origin": [-1.40685, -0.73792, -19.32171],
							"size": [0.125, 0.4375, 0.1154],
							"pivot": [-1.34435, -0.55042, -19.26401],
							"rotation": [-90, 67.5, 60],
							"uv": {
								"north": {"uv": [18, 28], "uv_size": [0.125, 0.4375]},
								"east": {"uv": [28, 18], "uv_size": [0.125, 0.4375]},
								"south": {"uv": [19, 28], "uv_size": [0.125, 0.4375]},
								"west": {"uv": [28, 19], "uv_size": [0.125, 0.4375]},
								"up": {"uv": [29, 11], "uv_size": [0.125, 0.125]},
								"down": {"uv": [12, 29.125], "uv_size": [0.125, -0.125]}
							}
						},
						{
							"origin": [-1.7424, -0.125, -19.53125],
							"size": [0.8039, 0.25, 0.3125],
							"pivot": [-1.34045, 0, -19.375],
							"rotation": [90, 0, -90],
							"uv": {
								"north": {"uv": [24, 15], "uv_size": [0.8125, 0.25]},
								"east": {"uv": [27, 4], "uv_size": [0.3125, 0.25]},
								"south": {"uv": [24, 16], "uv_size": [0.8125, 0.25]},
								"west": {"uv": [5, 27], "uv_size": [0.3125, 0.25]},
								"up": {"uv": [23, 23], "uv_size": [0.8125, 0.3125]},
								"down": {"uv": [24, 0.3125], "uv_size": [0.8125, -0.3125]}
							}
						},
						{
							"origin": [-1.40685, 0.30042, -19.32171],
							"size": [0.125, 0.4375, 0.1154],
							"pivot": [-1.34435, 0.55042, -19.26401],
							"rotation": [90, 67.5, -60],
							"uv": {
								"north": {"uv": [20, 28], "uv_size": [0.125, 0.4375]},
								"east": {"uv": [28, 20], "uv_size": [0.125, 0.4375]},
								"south": {"uv": [21, 28], "uv_size": [0.125, 0.4375]},
								"west": {"uv": [28, 21], "uv_size": [0.125, 0.4375]},
								"up": {"uv": [29, 12], "uv_size": [0.125, 0.125]},
								"down": {"uv": [13, 29.125], "uv_size": [0.125, -0.125]}
							}
						},
						{
							"origin": [-0.40025, 13.75, -4.36825],
							"size": [0.40189, 0.25, 0.36541],
							"pivot": [0, 0, -5.5],
							"rotation": [90, 0, -60],
							"uv": {
								"north": {"uv": [9, 26], "uv_size": [0.40625, 0.25]},
								"east": {"uv": [25, 26], "uv_size": [0.375, 0.25]},
								"south": {"uv": [26, 9], "uv_size": [0.40625, 0.25]},
								"west": {"uv": [26, 25], "uv_size": [0.375, 0.25]},
								"up": {"uv": [25, 6], "uv_size": [0.40625, 0.375]},
								"down": {"uv": [25, 7.375], "uv_size": [0.40625, -0.375]}
							}
						},
						{
							"origin": [-0.5, -0.20711, -19.875],
							"size": [0.1875, 0.41422, 0.375],
							"uv": {
								"north": {"uv": [27, 5], "uv_size": [0.1875, 0.40625]},
								"east": {"uv": [8, 25], "uv_size": [0.375, 0.40625]},
								"south": {"uv": [6, 27], "uv_size": [0.1875, 0.40625]},
								"west": {"uv": [25, 8], "uv_size": [0.375, 0.40625]}
							}
						},
						{
							"origin": [-0.5, -0.20711, -19.875],
							"size": [0.1875, 0.41422, 0.375],
							"pivot": [0, 0, -20],
							"rotation": [0, 0, 45],
							"uv": {
								"north": {"uv": [27, 6], "uv_size": [0.1875, 0.40625]},
								"east": {"uv": [25, 9], "uv_size": [0.375, 0.40625]},
								"south": {"uv": [7, 27], "uv_size": [0.1875, 0.40625]},
								"west": {"uv": [25, 10], "uv_size": [0.375, 0.40625]}
							}
						},
						{
							"origin": [0.3125, -0.20711, -19.875],
							"size": [0.1875, 0.41422, 0.375],
							"uv": {
								"north": {"uv": [27, 7], "uv_size": [0.1875, 0.40625]},
								"east": {"uv": [25, 11], "uv_size": [0.375, 0.40625]},
								"south": {"uv": [8, 27], "uv_size": [0.1875, 0.40625]},
								"west": {"uv": [12, 25], "uv_size": [0.375, 0.40625]}
							}
						},
						{
							"origin": [0.3125, -0.20711, -19.875],
							"size": [0.1875, 0.41422, 0.375],
							"pivot": [0, 0, -20],
							"rotation": [0, 0, 45],
							"uv": {
								"north": {"uv": [27, 8], "uv_size": [0.1875, 0.40625]},
								"east": {"uv": [25, 12], "uv_size": [0.375, 0.40625]},
								"south": {"uv": [9, 27], "uv_size": [0.1875, 0.40625]},
								"west": {"uv": [13, 25], "uv_size": [0.375, 0.40625]}
							}
						},
						{
							"origin": [-0.20711, 0.3125, -19.875],
							"size": [0.41422, 0.1875, 0.375],
							"uv": {
								"north": {"uv": [27, 9], "uv_size": [0.40625, 0.1875]},
								"south": {"uv": [10, 27], "uv_size": [0.40625, 0.1875]},
								"up": {"uv": [25, 13], "uv_size": [0.40625, 0.375]},
								"down": {"uv": [14, 25.375], "uv_size": [0.40625, -0.375]}
							}
						},
						{
							"origin": [-0.20711, 0.3125, -19.875],
							"size": [0.41422, 0.1875, 0.375],
							"pivot": [0, 0, -20],
							"rotation": [0, 0, 45],
							"uv": {
								"north": {"uv": [27, 10], "uv_size": [0.40625, 0.1875]},
								"south": {"uv": [11, 27], "uv_size": [0.40625, 0.1875]},
								"up": {"uv": [25, 14], "uv_size": [0.40625, 0.375]},
								"down": {"uv": [15, 25.375], "uv_size": [0.40625, -0.375]}
							}
						},
						{
							"origin": [-0.20711, -0.5, -19.875],
							"size": [0.41422, 0.1875, 0.375],
							"uv": {
								"north": {"uv": [27, 11], "uv_size": [0.40625, 0.1875]},
								"south": {"uv": [12, 27], "uv_size": [0.40625, 0.1875]},
								"up": {"uv": [25, 15], "uv_size": [0.40625, 0.375]},
								"down": {"uv": [16, 25.375], "uv_size": [0.40625, -0.375]}
							}
						},
						{
							"origin": [-0.20711, -0.5, -19.875],
							"size": [0.41422, 0.1875, 0.375],
							"pivot": [0, 0, -20],
							"rotation": [0, 0, 45],
							"uv": {
								"north": {"uv": [27, 12], "uv_size": [0.40625, 0.1875]},
								"south": {"uv": [13, 27], "uv_size": [0.40625, 0.1875]},
								"up": {"uv": [25, 16], "uv_size": [0.40625, 0.375]},
								"down": {"uv": [17, 25.375], "uv_size": [0.40625, -0.375]}
							}
						},
						{
							"origin": [-0.40025, -0.5, -4.74325],
							"size": [0.8005, 14.5, 2.9865],
							"pivot": [0, 0, -3.25],
							"rotation": [90, 0, 30],
							"uv": {
								"north": {"uv": [2, 0], "uv_size": [0.8125, 14.5]},
								"south": {"uv": [3, 0], "uv_size": [0.8125, 14.5]},
								"up": {"uv": [0, 17], "uv_size": [0.8125, 3]},
								"down": {"uv": [1, 20], "uv_size": [0.8125, -3]}
							}
						},
						{
							"origin": [-0.40025, -0.5, -4.74325],
							"size": [0.8005, 14.5, 2.9865],
							"pivot": [0, 0, -3.25],
							"rotation": [90, 0, 60],
							"uv": {
								"north": {"uv": [4, 0], "uv_size": [0.8125, 14.5]},
								"south": {"uv": [5, 0], "uv_size": [0.8125, 14.5]},
								"up": {"uv": [2, 17], "uv_size": [0.8125, 3]},
								"down": {"uv": [3, 20], "uv_size": [0.8125, -3]}
							}
						},
						{
							"origin": [-0.40025, -0.5, -4.74325],
							"size": [0.8005, 14.5, 2.9865],
							"pivot": [0, 0, -3.25],
							"rotation": [90, 0, 90],
							"uv": {
								"north": {"uv": [6, 0], "uv_size": [0.8125, 14.5]},
								"south": {"uv": [7, 0], "uv_size": [0.8125, 14.5]},
								"up": {"uv": [4, 17], "uv_size": [0.8125, 3]},
								"down": {"uv": [5, 20], "uv_size": [0.8125, -3]}
							}
						},
						{
							"origin": [-0.40025, -0.5, -4.74325],
							"size": [0.8005, 14.5, 2.9865],
							"pivot": [0, 0, -3.25],
							"rotation": [90, 0, 120],
							"uv": {
								"north": {"uv": [8, 0], "uv_size": [0.8125, 14.5]},
								"south": {"uv": [9, 0], "uv_size": [0.8125, 14.5]},
								"up": {"uv": [6, 17], "uv_size": [0.8125, 3]},
								"down": {"uv": [7, 20], "uv_size": [0.8125, -3]}
							}
						},
						{
							"origin": [-0.40025, -0.5, -4.74325],
							"size": [0.8005, 14.5, 2.9865],
							"pivot": [0, 0, -3.25],
							"rotation": [90, 0, 150],
							"uv": {
								"north": {"uv": [10, 0], "uv_size": [0.8125, 14.5]},
								"south": {"uv": [11, 0], "uv_size": [0.8125, 14.5]},
								"up": {"uv": [17, 7], "uv_size": [0.8125, 3]},
								"down": {"uv": [8, 20], "uv_size": [0.8125, -3]}
							}
						},
						{
							"origin": [-1.5625, -0.29837, -1],
							"size": [3.125, 0.59674, 1],
							"pivot": [0, 0, -0.5],
							"rotation": [0, 0, -45],
							"uv": {
								"north": {"uv": [17, 12], "uv_size": [3.125, 0.59375]},
								"east": {"uv": [21, 5], "uv_size": [1, 0.59375]},
								"south": {"uv": [18, 3], "uv_size": [3.125, 0.59375]},
								"west": {"uv": [21, 6], "uv_size": [1, 0.59375]},
								"up": {"uv": [15, 4], "uv_size": [3.125, 1]},
								"down": {"uv": [15, 6], "uv_size": [3.125, -1]}
							}
						},
						{
							"origin": [-1.375, -0.29837, -1],
							"size": [2.75, 0.59674, 1],
							"pivot": [0, 0, -0.5],
							"rotation": [0, 0, -67.5],
							"uv": {
								"north": {"uv": [19, 17], "uv_size": [2.75, 0.59375]},
								"east": {"uv": [7, 21], "uv_size": [1, 0.59375]},
								"south": {"uv": [18, 19], "uv_size": [2.75, 0.59375]},
								"west": {"uv": [8, 21], "uv_size": [1, 0.59375]},
								"up": {"uv": [15, 15], "uv_size": [2.75, 1]},
								"down": {"uv": [6, 17], "uv_size": [2.75, -1]}
							}
						},
						{
							"origin": [-1.5625, -0.29837, -1],
							"size": [3.125, 0.59674, 1],
							"pivot": [0, 0, -0.5],
							"rotation": [0, 0, -90],
							"uv": {
								"north": {"uv": [18, 18], "uv_size": [3.125, 0.59375]},
								"east": {"uv": [21, 8], "uv_size": [1, 0.59375]},
								"south": {"uv": [19, 0], "uv_size": [3.125, 0.59375]},
								"west": {"uv": [21, 9], "uv_size": [1, 0.59375]},
								"up": {"uv": [6, 15], "uv_size": [3.125, 1]},
								"down": {"uv": [15, 7], "uv_size": [3.125, -1]}
							}
						},
						{
							"origin": [-0.29837, -1.375, -1],
							"size": [0.59674, 2.75, 1],
							"pivot": [0, 0, -0.5],
							"rotation": [0, 0, -22.5],
							"uv": {
								"north": {"uv": [0, 20], "uv_size": [0.59375, 2.75]},
								"east": {"uv": [16, 7], "uv_size": [1, 2.75]},
								"south": {"uv": [1, 20], "uv_size": [0.59375, 2.75]},
								"west": {"uv": [9, 16], "uv_size": [1, 2.75]},
								"up": {"uv": [12, 21], "uv_size": [0.59375, 1]},
								"down": {"uv": [21, 13], "uv_size": [0.59375, -1]}
							}
						},
						{
							"origin": [-0.29837, -1.5625, -1],
							"size": [0.59674, 3.125, 1],
							"pivot": [0, 0, -0.5],
							"rotation": [0, 0, -45],
							"uv": {
								"north": {"uv": [19, 4], "uv_size": [0.59375, 3.125]},
								"east": {"uv": [15, 7], "uv_size": [1, 3.125]},
								"south": {"uv": [9, 19], "uv_size": [0.59375, 3.125]},
								"west": {"uv": [10, 15], "uv_size": [1, 3.125]},
								"up": {"uv": [13, 21], "uv_size": [0.59375, 1]},
								"down": {"uv": [14, 22], "uv_size": [0.59375, -1]}
							}
						},
						{
							"origin": [-0.29837, -1.375, -1],
							"size": [0.59674, 2.75, 1],
							"pivot": [0, 0, -0.5],
							"rotation": [0, 0, -67.5],
							"uv": {
								"north": {"uv": [2, 20], "uv_size": [0.59375, 2.75]},
								"east": {"uv": [16, 10], "uv_size": [1, 2.75]},
								"south": {"uv": [3, 20], "uv_size": [0.59375, 2.75]},
								"west": {"uv": [12, 16], "uv_size": [1, 2.75]},
								"up": {"uv": [15, 21], "uv_size": [0.59375, 1]},
								"down": {"uv": [16, 22], "uv_size": [0.59375, -1]}
							}
						},
						{
							"origin": [-0.29837, -1.5625, -1],
							"size": [0.59674, 3.125, 1],
							"pivot": [0, 0, -0.5],
							"rotation": [0, 0, -90],
							"uv": {
								"north": {"uv": [10, 19], "uv_size": [0.59375, 3.125]},
								"east": {"uv": [11, 15], "uv_size": [1, 3.125]},
								"south": {"uv": [11, 19], "uv_size": [0.59375, 3.125]},
								"west": {"uv": [15, 11], "uv_size": [1, 3.125]},
								"up": {"uv": [17, 21], "uv_size": [0.59375, 1]},
								"down": {"uv": [18, 22], "uv_size": [0.59375, -1]}
							}
						},
						{
							"origin": [-0.29837, -1.375, -1],
							"size": [0.59674, 2.75, 1],
							"pivot": [0, 0, -0.5],
							"rotation": [0, 0, -112.5],
							"uv": {
								"north": {"uv": [4, 20], "uv_size": [0.59375, 2.75]},
								"east": {"uv": [13, 16], "uv_size": [1, 2.75]},
								"south": {"uv": [20, 4], "uv_size": [0.59375, 2.75]},
								"west": {"uv": [14, 16], "uv_size": [1, 2.75]},
								"up": {"uv": [19, 21], "uv_size": [0.59375, 1]},
								"down": {"uv": [21, 20], "uv_size": [0.59375, -1]}
							}
						},
						{
							"origin": [-1.1875, -0.49188, -2.75],
							"size": [2.375, 0.98376, 1.75],
							"uv": {
								"north": {"uv": [16, 13], "uv_size": [2.375, 0.96875]},
								"east": {"uv": [19, 1], "uv_size": [1.75, 0.96875]},
								"south": {"uv": [16, 14], "uv_size": [2.375, 0.96875]},
								"west": {"uv": [19, 2], "uv_size": [1.75, 0.96875]}
							}
						},
						{
							"origin": [-1.1875, -0.49188, -2.75],
							"size": [2.375, 0.98376, 1.75],
							"pivot": [0, 0, -1.5],
							"rotation": [0, 0, 45],
							"uv": {
								"north": {"uv": [17, 10], "uv_size": [2.375, 0.96875]},
								"east": {"uv": [19, 8], "uv_size": [1.75, 0.96875]},
								"south": {"uv": [17, 11], "uv_size": [2.375, 0.96875]},
								"west": {"uv": [19, 9], "uv_size": [1.75, 0.96875]}
							}
						},
						{
							"origin": [-0.49188, -1.1875, -2.75],
							"size": [0.98376, 2.375, 1.75],
							"uv": {
								"north": {"uv": [17, 16], "uv_size": [0.96875, 2.375]},
								"south": {"uv": [18, 0], "uv_size": [0.96875, 2.375]},
								"up": {"uv": [12, 19], "uv_size": [0.96875, 1.75]},
								"down": {"uv": [13, 20.75], "uv_size": [0.96875, -1.75]}
							}
						},
						{
							"origin": [-0.49188, -1.1875, -2.75],
							"size": [0.98376, 2.375, 1.75],
							"pivot": [0, 0, -1.5],
							"rotation": [0, 0, 45],
							"uv": {
								"north": {"uv": [18, 7], "uv_size": [0.96875, 2.375]},
								"south": {"uv": [18, 15], "uv_size": [0.96875, 2.375]},
								"up": {"uv": [19, 13], "uv_size": [0.96875, 1.75]},
								"down": {"uv": [14, 20.75], "uv_size": [0.96875, -1.75]}
							}
						},
						{
							"origin": [-1.07157, 0.82041, -2.19446],
							"size": [0.7226, 0.44875, 1.74013],
							"pivot": [-0.44661, 1.04478, -1.48259],
							"rotation": [0, -11, 67.5],
							"uv": {
								"north": {"uv": [23, 0], "uv_size": [0.71875, 0.4375]},
								"east": {"uv": [7, 20], "uv_size": [1.75, 0.4375]},
								"south": {"uv": [5, 23], "uv_size": [0.71875, 0.4375]},
								"west": {"uv": [20, 7], "uv_size": [1.75, 0.4375]},
								"up": {"uv": [5, 20], "uv_size": [0.71875, 1.75]},
								"down": {"uv": [6, 21.75], "uv_size": [0.71875, -1.75]}
							}
						}
					]
				}
			]
		}
	]
}