{
	"format_version": "1.12.0",
	"minecraft:geometry": [
		{
			"description": {
				"identifier": "geometry.scope_revolt",
				"texture_width": 256,
				"texture_height": 256,
				"visible_bounds_width": 22,
				"visible_bounds_height": 15,
				"visible_bounds_offset": [0, 0.5, 0]
			},
			"bones": [
				{
					"name": "bb_main",
					"pivot": [0, 0, 0]
				},
				{
					"name": "scope_body",
					"pivot": [0, 7.475, 2.075]
				},
				{
					"name": "ads_hide",
					"parent": "scope_body",
					"pivot": [0, 0.5875, 1.7625]
				},
				{
					"name": "rear_scope",
					"parent": "ads_hide",
					"pivot": [0, 0.5875, 1.7625]
				},
				{
					"name": "octagon9",
					"parent": "rear_scope",
					"pivot": [0, 0.5875, 1.7625],
					"cubes": [
						{
							"origin": [0.8, 1.0475, 1.95875],
							"size": [0.225, 1.25, 2.005],
							"uv": {
								"north": {"uv": [138, 144], "uv_size": [0.5, 1.5]},
								"east": {"uv": [125, 144], "uv_size": [1, 1.5]},
								"south": {"uv": [139, 144], "uv_size": [0.5, 1.5]},
								"west": {"uv": [126, 144], "uv_size": [1, 1.5]},
								"down": {"uv": [80, 146], "uv_size": [0.5, -1]}
							}
						},
						{
							"origin": [-0.28284, 2.61421, 1.95875],
							"size": [0.6364, 0.225, 2.005],
							"pivot": [0, 1.6725, 3.10625],
							"rotation": [0, 0, 135],
							"uv": {
								"north": {"uv": [38, 146], "uv_size": [0.5, 0.5]},
								"east": {"uv": [81, 145], "uv_size": [1, 0.5]},
								"south": {"uv": [39, 146], "uv_size": [0.5, 0.5]},
								"west": {"uv": [82, 145], "uv_size": [1, 0.5]},
								"up": {"uv": [83, 145], "uv_size": [0.5, 1]},
								"down": {"uv": [84, 146], "uv_size": [0.5, -1]}
							}
						},
						{
							"origin": [-0.35356, 2.61422, 1.95875],
							"size": [0.6364, 0.225, 2.005],
							"pivot": [0, 1.6725, 3.10625],
							"rotation": [0, 0, 45],
							"uv": {
								"north": {"uv": [43, 146], "uv_size": [0.5, 0.5]},
								"south": {"uv": [44, 146], "uv_size": [0.5, 0.5]},
								"up": {"uv": [129, 144], "uv_size": [0.5, 2]},
								"down": {"uv": [130, 146], "uv_size": [0.5, -2]}
							}
						},
						{
							"origin": [-0.575, 2.5225, 1.95875],
							"size": [1.15, 0.225, 2.005],
							"uv": {
								"north": {"uv": [89, 145], "uv_size": [1, 0.5]},
								"south": {"uv": [94, 145], "uv_size": [1, 0.5]},
								"up": {"uv": [92, 144], "uv_size": [1, 2]},
								"down": {"uv": [93, 146], "uv_size": [1, -2]}
							}
						},
						{
							"origin": [-0.28283, 2.61422, 1.95875],
							"size": [0.6364, 0.225, 2.005],
							"pivot": [0, 1.6725, 3.10625],
							"rotation": [0, 0, -45],
							"uv": {
								"north": {"uv": [46, 146], "uv_size": [0.5, 0.5]},
								"south": {"uv": [47, 146], "uv_size": [0.5, 0.5]},
								"up": {"uv": [131, 144], "uv_size": [0.5, 2]},
								"down": {"uv": [132, 146], "uv_size": [0.5, -2]}
							}
						},
						{
							"origin": [-1.025, 1.0475, 1.95875],
							"size": [0.225, 1.25, 2.005],
							"uv": {
								"north": {"uv": [10, 145], "uv_size": [0.5, 1.5]},
								"east": {"uv": [127, 144], "uv_size": [1, 1.5]},
								"south": {"uv": [21, 145], "uv_size": [0.5, 1.5]},
								"west": {"uv": [128, 144], "uv_size": [1, 1.5]},
								"down": {"uv": [99, 146], "uv_size": [0.5, -1]}
							}
						},
						{
							"origin": [-0.35355, 2.61421, 1.95875],
							"size": [0.6364, 0.225, 2.005],
							"pivot": [0, 1.6725, 3.10625],
							"rotation": [0, 0, -135],
							"uv": {
								"north": {"uv": [50, 146], "uv_size": [0.5, 0.5]},
								"east": {"uv": [100, 145], "uv_size": [1, 0.5]},
								"south": {"uv": [51, 146], "uv_size": [0.5, 0.5]},
								"west": {"uv": [101, 145], "uv_size": [1, 0.5]},
								"up": {"uv": [104, 145], "uv_size": [0.5, 1]},
								"down": {"uv": [105, 146], "uv_size": [0.5, -1]}
							}
						},
						{
							"origin": [-0.575, 0.5975, 1.95875],
							"size": [1.15, 0.225, 2.005],
							"uv": {
								"north": {"uv": [106, 145], "uv_size": [1, 0.5]},
								"east": {"uv": [107, 145], "uv_size": [1, 0.5]},
								"south": {"uv": [108, 145], "uv_size": [1, 0.5]},
								"west": {"uv": [109, 145], "uv_size": [1, 0.5]},
								"up": {"uv": [133, 144], "uv_size": [1, 1]},
								"down": {"uv": [134, 145], "uv_size": [1, -1]}
							}
						}
					]
				},
				{
					"name": "mount",
					"parent": "ads_hide",
					"pivot": [0, 0.5875, 1.7625]
				},
				{
					"name": "group",
					"parent": "mount",
					"pivot": [0.16854, -0.43774, 8.0125],
					"cubes": [
						{
							"origin": [-0.3625, 0.33625, 1.48625],
							"size": [0.725, 0.36941, 0.45],
							"uv": {
								"north": {"uv": [56, 146], "uv_size": [0.5, 0.5]},
								"east": {"uv": [57, 146], "uv_size": [0.5, 0.5]},
								"south": {"uv": [58, 146], "uv_size": [0.5, 0.5]},
								"west": {"uv": [59, 146], "uv_size": [0.5, 0.5]},
								"up": {"uv": [60, 146], "uv_size": [0.5, 0.5]},
								"down": {"uv": [61, 146.5], "uv_size": [0.5, -0.5]}
							}
						},
						{
							"origin": [-0.3625, -0.19125, -2.33875],
							"size": [0.725, 0.5525, 4.275],
							"uv": {
								"north": {"uv": [62, 146], "uv_size": [0.5, 0.5]},
								"east": {"uv": [80, 144], "uv_size": [4.5, 0.5]},
								"south": {"uv": [63, 146], "uv_size": [0.5, 0.5]},
								"west": {"uv": [85, 144], "uv_size": [4.5, 0.5]},
								"up": {"uv": [90, 144], "uv_size": [0.5, 4.5]},
								"down": {"uv": [91, 148.5], "uv_size": [0.5, -4.5]}
							}
						},
						{
							"origin": [-0.4375, -0.16625, -1.73875],
							"size": [0.9, 0.3, 0.3],
							"pivot": [0.0625, 0.08375, -1.48875],
							"rotation": [-45, 0, 0],
							"uv": {
								"north": {"uv": [62.5, 146], "uv_size": [0.5, 0.5]},
								"east": {"uv": [85, 143.5], "uv_size": [4.5, 0.5]},
								"south": {"uv": [85, 143.5], "uv_size": [0.5, 0.5]},
								"west": {"uv": [85, 143.5], "uv_size": [4.5, 0.5]},
								"up": {"uv": [90.5, 144], "uv_size": [0.5, 4.5]},
								"down": {"uv": [85, 144], "uv_size": [4.5, -0.5]}
							}
						},
						{
							"origin": [-0.4375, -0.16625, 1.06125],
							"size": [0.9, 0.3, 0.3],
							"pivot": [0.0625, 0.08375, 1.31125],
							"rotation": [-45, 0, 0],
							"uv": {
								"north": {"uv": [62.5, 146], "uv_size": [0.5, 0.5]},
								"east": {"uv": [85, 143.5], "uv_size": [4.5, 0.5]},
								"south": {"uv": [85.5, 143.5], "uv_size": [0.5, 0.5]},
								"west": {"uv": [85, 143.5], "uv_size": [4.5, 0.5]},
								"up": {"uv": [90.5, 144], "uv_size": [0.5, 4.5]},
								"down": {"uv": [89.5, 144], "uv_size": [-4.5, -0.5]}
							}
						},
						{
							"origin": [-0.3625, 0.68324, -2.66532],
							"size": [0.725, 0.39191, 1.00024],
							"pivot": [0.00088, 1.53909, -0.7075],
							"rotation": [22.5, 0, 0],
							"uv": {
								"north": {"uv": [80, 146], "uv_size": [0.5, 0.5]},
								"east": {"uv": [110, 145], "uv_size": [1, 0.5]},
								"south": {"uv": [81, 146], "uv_size": [0.5, 0.5]},
								"west": {"uv": [111, 145], "uv_size": [1, 0.5]},
								"up": {"uv": [115, 145], "uv_size": [0.5, 1]},
								"down": {"uv": [116, 146], "uv_size": [0.5, -1]}
							}
						},
						{
							"origin": [-0.3625, 0.30711, -1.41465],
							"size": [0.725, 0.43691, 0.45],
							"uv": {
								"north": {"uv": [82, 146], "uv_size": [0.5, 0.5]},
								"east": {"uv": [83, 146], "uv_size": [0.5, 0.5]},
								"south": {"uv": [84, 146], "uv_size": [0.5, 0.5]},
								"west": {"uv": [85, 146], "uv_size": [0.5, 0.5]},
								"up": {"uv": [86, 146], "uv_size": [0.5, 0.5]},
								"down": {"uv": [87, 146.5], "uv_size": [0.5, -0.5]}
							}
						}
					]
				},
				{
					"name": "hide_when_ads",
					"parent": "ads_hide",
					"pivot": [0, 5.4, 6.575]
				},
				{
					"name": "hexadecagon4",
					"parent": "hide_when_ads",
					"pivot": [0, 0.5875, 1.7625],
					"cubes": [
						{
							"origin": [-1.125, 1.0475, -4.56625],
							"size": [0.225, 1.35, 6.1],
							"uv": {
								"north": {"uv": [22, 145], "uv_size": [0.5, 1.5]},
								"east": {"uv": [21, 143], "uv_size": [6, 1.5]},
								"south": {"uv": [23, 145], "uv_size": [0.5, 1.5]},
								"west": {"uv": [27, 143], "uv_size": [6, 1.5]},
								"down": {"uv": [11, 150], "uv_size": [0.5, -6]}
							}
						},
						{
							"origin": [0.9, 1.0475, -4.56625],
							"size": [0.225, 1.35, 6.1],
							"uv": {
								"north": {"uv": [24, 145], "uv_size": [0.5, 1.5]},
								"east": {"uv": [33, 143], "uv_size": [6, 1.5]},
								"south": {"uv": [25, 145], "uv_size": [0.5, 1.5]},
								"west": {"uv": [39, 143], "uv_size": [6, 1.5]},
								"down": {"uv": [12, 150], "uv_size": [0.5, -6]}
							}
						},
						{
							"origin": [0.9, 2.0725, -5.57875],
							"size": [0.225, 0.325, 1.125],
							"uv": {
								"north": {"uv": [88, 146], "uv_size": [0.5, 0.5]},
								"east": {"uv": [117, 145], "uv_size": [1, 0.5]},
								"west": {"uv": [118, 145], "uv_size": [1, 0.5]}
							}
						},
						{
							"origin": [-1.125, 2.0725, -5.57875],
							"size": [0.225, 0.325, 1.0125],
							"uv": {
								"north": {"uv": [89, 146], "uv_size": [0.5, 0.5]},
								"east": {"uv": [119, 145], "uv_size": [1, 0.5]},
								"west": {"uv": [120, 145], "uv_size": [1, 0.5]}
							}
						},
						{
							"origin": [0.9, -1.52823, -4.52918],
							"size": [0.225, 0.28125, 1.4375],
							"pivot": [0.00088, 1.53909, -0.7075],
							"rotation": [-45, 0, 0],
							"uv": {
								"east": {"uv": [26, 145], "uv_size": [1.5, 0.5]},
								"west": {"uv": [28, 145], "uv_size": [1.5, 0.5]},
								"down": {"uv": [30, 146.5], "uv_size": [0.5, -1.5]}
							}
						},
						{
							"origin": [-1.125, -1.52823, -4.52918],
							"size": [0.225, 0.28125, 1.4375],
							"pivot": [0.00088, 1.53909, -0.7075],
							"rotation": [-45, 0, 0],
							"uv": {
								"east": {"uv": [31, 145], "uv_size": [1.5, 0.5]},
								"west": {"uv": [33, 145], "uv_size": [1.5, 0.5]},
								"down": {"uv": [35, 146.5], "uv_size": [0.5, -1.5]}
							}
						},
						{
							"origin": [-1.125, -1.2498, -4.25075],
							"size": [0.225, 0.28125, 0.9],
							"pivot": [0.00088, 1.53909, -0.7075],
							"rotation": [-45, 0, 0],
							"uv": {
								"east": {"uv": [121, 145], "uv_size": [1, 0.5]},
								"west": {"uv": [122, 145], "uv_size": [1, 0.5]}
							}
						},
						{
							"origin": [0.9, -1.2498, -4.25075],
							"size": [0.225, 0.28125, 0.9],
							"pivot": [0.00088, 1.53909, -0.7075],
							"rotation": [-45, 0, 0],
							"uv": {
								"east": {"uv": [123, 145], "uv_size": [1, 0.5]},
								"west": {"uv": [124, 145], "uv_size": [1, 0.5]}
							}
						},
						{
							"origin": [-1.125, -0.97138, -3.97233],
							"size": [0.225, 0.28125, 0.39375],
							"pivot": [0.00088, 1.53909, -0.7075],
							"rotation": [-45, 0, 0],
							"uv": {
								"east": {"uv": [92, 146], "uv_size": [0.5, 0.5]},
								"west": {"uv": [93, 146], "uv_size": [0.5, 0.5]}
							}
						},
						{
							"origin": [0.9, -0.97138, -3.97233],
							"size": [0.225, 0.28125, 0.39375],
							"pivot": [0.00088, 1.53909, -0.7075],
							"rotation": [-45, 0, 0],
							"uv": {
								"east": {"uv": [94, 146], "uv_size": [0.5, 0.5]},
								"west": {"uv": [95, 146], "uv_size": [0.5, 0.5]}
							}
						},
						{
							"origin": [-0.675, 0.5975, -4.56625],
							"size": [1.35, 0.225, 6.525],
							"uv": {
								"north": {"uv": [36, 145], "uv_size": [1.5, 0.5]},
								"east": {"uv": [4, 144], "uv_size": [6.5, 0.5]},
								"south": {"uv": [38, 145], "uv_size": [1.5, 0.5]},
								"west": {"uv": [45, 144], "uv_size": [6.5, 0.5]},
								"up": {"uv": [17, 143], "uv_size": [1.5, 6.5]},
								"down": {"uv": [19, 149.5], "uv_size": [1.5, -6.5]}
							}
						},
						{
							"origin": [-0.675, 2.6225, -5.57875],
							"size": [1.35, 0.225, 7.1125],
							"uv": {
								"north": {"uv": [40, 145], "uv_size": [1.5, 0.5]},
								"south": {"uv": [42, 145], "uv_size": [1.5, 0.5]},
								"up": {"uv": [13, 143], "uv_size": [1.5, 7]},
								"down": {"uv": [15, 150], "uv_size": [1.5, -7]}
							}
						},
						{
							"origin": [-0.475, 2.8225, -1.97875],
							"size": [0.95, 0.05, 3.5125],
							"uv": {
								"north": {"uv": [133, 145], "uv_size": [1, 0.5]},
								"east": {"uv": [117, 144], "uv_size": [3.5, 0.5]},
								"south": {"uv": [134, 145], "uv_size": [1, 0.5]},
								"west": {"uv": [121, 144], "uv_size": [3.5, 0.5]},
								"up": {"uv": [142, 143], "uv_size": [1, 3.5]},
								"down": {"uv": [143, 146.5], "uv_size": [1, -3.5]}
							}
						},
						{
							"origin": [-0.675, 2.8225, -2.92875],
							"size": [1.35, 0.05, 0.5],
							"uv": {
								"north": {"uv": [44, 145], "uv_size": [1.5, 0.5]},
								"east": {"uv": [96, 146], "uv_size": [0.5, 0.5]},
								"south": {"uv": [46, 145], "uv_size": [1.5, 0.5]},
								"west": {"uv": [97, 146], "uv_size": [0.5, 0.5]},
								"up": {"uv": [48, 145], "uv_size": [1.5, 0.5]},
								"down": {"uv": [50, 145.5], "uv_size": [1.5, -0.5]}
							}
						},
						{
							"origin": [-0.20917, 2.90988, -2.92875],
							"size": [0.675, 0.05, 0.5],
							"pivot": [0.00088, 1.53909, -0.7075],
							"rotation": [0, 0, -45],
							"uv": {
								"north": {"uv": [98, 146], "uv_size": [0.5, 0.5]},
								"east": {"uv": [99, 146], "uv_size": [0.5, 0.5]},
								"south": {"uv": [100, 146], "uv_size": [0.5, 0.5]},
								"west": {"uv": [101, 146], "uv_size": [0.5, 0.5]},
								"up": {"uv": [104, 146], "uv_size": [0.5, 0.5]},
								"down": {"uv": [105, 146.5], "uv_size": [0.5, -0.5]}
							}
						},
						{
							"origin": [-0.46532, 2.90862, -2.92875],
							"size": [0.675, 0.05, 0.5],
							"pivot": [0.00088, 1.53909, -0.7075],
							"rotation": [0, 0, 45],
							"uv": {
								"north": {"uv": [106, 146], "uv_size": [0.5, 0.5]},
								"east": {"uv": [107, 146], "uv_size": [0.5, 0.5]},
								"south": {"uv": [108, 146], "uv_size": [0.5, 0.5]},
								"west": {"uv": [109, 146], "uv_size": [0.5, 0.5]},
								"up": {"uv": [110, 146], "uv_size": [0.5, 0.5]},
								"down": {"uv": [111, 146.5], "uv_size": [0.5, -0.5]}
							}
						},
						{
							"origin": [-1.1523, 2.1952, -2.92875],
							"size": [0.05, 0.2, 0.5],
							"uv": {
								"north": {"uv": [114, 146], "uv_size": [0.5, 0.5]},
								"east": {"uv": [115, 146], "uv_size": [0.5, 0.5]},
								"south": {"uv": [116, 146], "uv_size": [0.5, 0.5]},
								"west": {"uv": [117, 146], "uv_size": [0.5, 0.5]},
								"up": {"uv": [118, 146], "uv_size": [0.5, 0.5]},
								"down": {"uv": [119, 146.5], "uv_size": [0.5, -0.5]}
							}
						},
						{
							"origin": [1.1023, 2.1952, -2.92875],
							"size": [0.05, 0.2, 0.5],
							"uv": {
								"north": {"uv": [120, 146], "uv_size": [0.5, 0.5]},
								"east": {"uv": [121, 146], "uv_size": [0.5, 0.5]},
								"south": {"uv": [122, 146], "uv_size": [0.5, 0.5]},
								"west": {"uv": [123, 146], "uv_size": [0.5, 0.5]},
								"up": {"uv": [124, 146], "uv_size": [0.5, 0.5]},
								"down": {"uv": [125, 146.5], "uv_size": [0.5, -0.5]}
							}
						},
						{
							"origin": [-1.1523, 1.7953, -2.50858],
							"size": [0.05, 1.2, 0.475],
							"pivot": [0.00088, 1.53909, -0.7075],
							"rotation": [22.5, 0, 0],
							"uv": {
								"north": {"uv": [136, 145], "uv_size": [0.5, 1]},
								"east": {"uv": [137, 145], "uv_size": [0.5, 1]},
								"south": {"uv": [140, 145], "uv_size": [0.5, 1]},
								"west": {"uv": [141, 145], "uv_size": [0.5, 1]},
								"up": {"uv": [126, 146], "uv_size": [0.5, 0.5]},
								"down": {"uv": [127, 146.5], "uv_size": [0.5, -0.5]}
							}
						},
						{
							"origin": [1.1023, 1.7953, -2.50858],
							"size": [0.05, 1.2, 0.475],
							"pivot": [0.00088, 1.53909, -0.7075],
							"rotation": [22.5, 0, 0],
							"uv": {
								"north": {"uv": [144, 145], "uv_size": [0.5, 1]},
								"east": {"uv": [145, 145], "uv_size": [0.5, 1]},
								"south": {"uv": [5, 146], "uv_size": [0.5, 1]},
								"west": {"uv": [6, 146], "uv_size": [0.5, 1]},
								"up": {"uv": [128, 146], "uv_size": [0.5, 0.5]},
								"down": {"uv": [129, 146.5], "uv_size": [0.5, -0.5]}
							}
						},
						{
							"origin": [-1.1523, 1.08655, -2.46953],
							"size": [0.05, 0.2, 4],
							"uv": {
								"north": {"uv": [130, 146], "uv_size": [0.5, 0.5]},
								"east": {"uv": [94, 144], "uv_size": [4, 0.5]},
								"south": {"uv": [131, 146], "uv_size": [0.5, 0.5]},
								"west": {"uv": [98, 144], "uv_size": [4, 0.5]},
								"up": {"uv": [102, 144], "uv_size": [0.5, 4]},
								"down": {"uv": [103, 148], "uv_size": [0.5, -4]}
							}
						},
						{
							"origin": [1.1023, 1.08655, -2.46953],
							"size": [0.05, 0.2, 4],
							"uv": {
								"north": {"uv": [132, 146], "uv_size": [0.5, 0.5]},
								"east": {"uv": [104, 144], "uv_size": [4, 0.5]},
								"south": {"uv": [133, 146], "uv_size": [0.5, 0.5]},
								"west": {"uv": [108, 144], "uv_size": [4, 0.5]},
								"up": {"uv": [112, 144], "uv_size": [0.5, 4]},
								"down": {"uv": [113, 148], "uv_size": [0.5, -4]}
							}
						},
						{
							"origin": [-0.175, 2.7975, -1.87875],
							"size": [0.35, 0.1, 1],
							"uv": {
								"north": {"uv": [134, 146], "uv_size": [0.5, 0.5]},
								"east": {"uv": [7, 146], "uv_size": [1, 0.5]},
								"south": {"uv": [135, 146], "uv_size": [0.5, 0.5]},
								"west": {"uv": [8, 146], "uv_size": [1, 0.5]},
								"up": {"uv": [26, 146], "uv_size": [0.5, 1]},
								"down": {"uv": [27, 147], "uv_size": [0.5, -1]}
							}
						},
						{
							"origin": [-0.075, 2.89317, -1.64778],
							"size": [0.15, 0.1, 0.537],
							"uv": {
								"north": {"uv": [136, 146], "uv_size": [0.5, 0.5]},
								"east": {"uv": [137, 146], "uv_size": [0.5, 0.5]},
								"south": {"uv": [138, 146], "uv_size": [0.5, 0.5]},
								"west": {"uv": [139, 146], "uv_size": [0.5, 0.5]},
								"up": {"uv": [140, 146], "uv_size": [0.5, 0.5]},
								"down": {"uv": [141, 146.5], "uv_size": [0.5, -0.5]}
							}
						},
						{
							"origin": [-0.075, 3.14231, -1.26975],
							"size": [0.15, 0.1, 0.25],
							"pivot": [0.00088, 1.53909, -0.7075],
							"rotation": [22.5, 0, 0],
							"uv": {
								"north": {"uv": [146, 143], "uv_size": [0.5, 0.5]},
								"east": {"uv": [144, 146], "uv_size": [0.5, 0.5]},
								"south": {"uv": [146, 144], "uv_size": [0.5, 0.5]},
								"west": {"uv": [145, 146], "uv_size": [0.5, 0.5]},
								"up": {"uv": [146, 145], "uv_size": [0.5, 0.5]},
								"down": {"uv": [146, 146.5], "uv_size": [0.5, -0.5]}
							}
						},
						{
							"origin": [-0.075, 2.62856, -1.63556],
							"size": [0.15, 0.1, 0.25],
							"pivot": [0.00088, 1.53909, -0.7075],
							"rotation": [-22.5, 0, 0],
							"uv": {
								"north": {"uv": [4, 147], "uv_size": [0.5, 0.5]},
								"east": {"uv": [5, 147], "uv_size": [0.5, 0.5]},
								"south": {"uv": [6, 147], "uv_size": [0.5, 0.5]},
								"west": {"uv": [7, 147], "uv_size": [0.5, 0.5]},
								"up": {"uv": [8, 147], "uv_size": [0.5, 0.5]},
								"down": {"uv": [9, 147.5], "uv_size": [0.5, -0.5]}
							}
						},
						{
							"origin": [-0.18824, 2.7172, -5.57875],
							"size": [0.6364, 0.225, 7.1125],
							"pivot": [0.00088, 1.53909, -0.7075],
							"rotation": [0, 0, -45],
							"uv": {
								"north": {"uv": [10, 147], "uv_size": [0.5, 0.5]},
								"south": {"uv": [21, 147], "uv_size": [0.5, 0.5]},
								"up": {"uv": [0, 144], "uv_size": [0.5, 7]},
								"down": {"uv": [1, 151], "uv_size": [0.5, -7]}
							}
						},
						{
							"origin": [-0.44764, 2.71594, -5.57875],
							"size": [0.6364, 0.225, 7.1125],
							"pivot": [0.00088, 1.53909, -0.7075],
							"rotation": [0, 0, 45],
							"uv": {
								"north": {"uv": [22, 147], "uv_size": [0.5, 0.5]},
								"south": {"uv": [23, 147], "uv_size": [0.5, 0.5]},
								"up": {"uv": [2, 144], "uv_size": [0.5, 7]},
								"down": {"uv": [3, 151], "uv_size": [0.5, -7]}
							}
						},
						{
							"origin": [-0.18698, 2.4578, -4.56625],
							"size": [0.6364, 0.225, 6.1],
							"pivot": [0.00088, 1.53909, -0.7075],
							"rotation": [0, 0, -135],
							"uv": {
								"north": {"uv": [24, 147], "uv_size": [0.5, 0.5]},
								"east": {"uv": [52, 144], "uv_size": [6, 0.5]},
								"south": {"uv": [25, 147], "uv_size": [0.5, 0.5]},
								"west": {"uv": [58, 144], "uv_size": [6, 0.5]},
								"up": {"uv": [64, 144], "uv_size": [0.5, 6]},
								"down": {"uv": [65, 150], "uv_size": [0.5, -6]}
							}
						},
						{
							"origin": [-0.44638, 2.45654, -4.56625],
							"size": [0.6364, 0.225, 6.1],
							"pivot": [0.00088, 1.53909, -0.7075],
							"rotation": [0, 0, 135],
							"uv": {
								"north": {"uv": [26, 147], "uv_size": [0.5, 0.5]},
								"east": {"uv": [66, 144], "uv_size": [6, 0.5]},
								"south": {"uv": [27, 147], "uv_size": [0.5, 0.5]},
								"west": {"uv": [72, 144], "uv_size": [6, 0.5]},
								"up": {"uv": [78, 144], "uv_size": [0.5, 6]},
								"down": {"uv": [79, 150], "uv_size": [0.5, -6]}
							}
						},
						{
							"origin": [-1.27367, 1.84645, 1.725],
							"size": [0.25, 0.20711, 0.05],
							"uv": {
								"north": {"uv": [28, 147], "uv_size": [0.5, 0.5]},
								"east": {"uv": [29, 147], "uv_size": [0.5, 0.5]},
								"south": {"uv": [30, 147], "uv_size": [0.5, 0.5]},
								"west": {"uv": [31, 147], "uv_size": [0.5, 0.5]},
								"up": {"uv": [32, 147], "uv_size": [0.5, 0.5]},
								"down": {"uv": [33, 147.5], "uv_size": [0.5, -0.5]}
							}
						},
						{
							"origin": [-0.68302, 2.45057, 1.725],
							"size": [0.25, 0.20711, 0.05],
							"pivot": [0.00088, 1.53909, -0.7075],
							"rotation": [0, 0, -45],
							"uv": {
								"north": {"uv": [34, 147], "uv_size": [0.5, 0.5]},
								"east": {"uv": [35, 147], "uv_size": [0.5, 0.5]},
								"south": {"uv": [36, 147], "uv_size": [0.5, 0.5]},
								"west": {"uv": [37, 147], "uv_size": [0.5, 0.5]},
								"up": {"uv": [38, 147], "uv_size": [0.5, 0.5]},
								"down": {"uv": [39, 147.5], "uv_size": [0.5, -0.5]}
							}
						},
						{
							"origin": [-1.12722, 1.7, 1.725],
							"size": [0.20711, 0.5, 0.05],
							"uv": {
								"north": {"uv": [40, 147], "uv_size": [0.5, 0.5]},
								"east": {"uv": [41, 147], "uv_size": [0.5, 0.5]},
								"south": {"uv": [42, 147], "uv_size": [0.5, 0.5]},
								"west": {"uv": [43, 147], "uv_size": [0.5, 0.5]},
								"up": {"uv": [44, 147], "uv_size": [0.5, 0.5]},
								"down": {"uv": [45, 147.5], "uv_size": [0.5, -0.5]}
							}
						},
						{
							"origin": [-0.53657, 2.55412, 1.725],
							"size": [0.20711, 0.25, 0.05],
							"pivot": [0.00088, 1.53909, -0.7075],
							"rotation": [0, 0, -45],
							"uv": {
								"north": {"uv": [46, 147], "uv_size": [0.5, 0.5]},
								"east": {"uv": [47, 147], "uv_size": [0.5, 0.5]},
								"south": {"uv": [48, 147], "uv_size": [0.5, 0.5]},
								"west": {"uv": [49, 147], "uv_size": [0.5, 0.5]},
								"up": {"uv": [50, 147], "uv_size": [0.5, 0.5]},
								"down": {"uv": [51, 147.5], "uv_size": [0.5, -0.5]}
							}
						},
						{
							"origin": [1.02544, 1.84645, 1.725],
							"size": [0.25, 0.20711, 0.05],
							"uv": {
								"north": {"uv": [52, 147], "uv_size": [0.5, 0.5]},
								"east": {"uv": [53, 147], "uv_size": [0.5, 0.5]},
								"south": {"uv": [54, 147], "uv_size": [0.5, 0.5]},
								"west": {"uv": [55, 147], "uv_size": [0.5, 0.5]},
								"up": {"uv": [56, 147], "uv_size": [0.5, 0.5]},
								"down": {"uv": [57, 147.5], "uv_size": [0.5, -0.5]}
							}
						},
						{
							"origin": [0.43479, 2.45056, 1.725],
							"size": [0.25, 0.20711, 0.05],
							"pivot": [0.00088, 1.53909, -0.7075],
							"rotation": [0, 0, 45],
							"uv": {
								"north": {"uv": [58, 147], "uv_size": [0.5, 0.5]},
								"east": {"uv": [59, 147], "uv_size": [0.5, 0.5]},
								"south": {"uv": [60, 147], "uv_size": [0.5, 0.5]},
								"west": {"uv": [61, 147], "uv_size": [0.5, 0.5]},
								"up": {"uv": [62, 147], "uv_size": [0.5, 0.5]},
								"down": {"uv": [63, 147.5], "uv_size": [0.5, -0.5]}
							}
						},
						{
							"origin": [0.92189, 1.7, 1.725],
							"size": [0.20711, 0.5, 0.05],
							"uv": {
								"north": {"uv": [66, 147], "uv_size": [0.5, 0.5]},
								"east": {"uv": [67, 147], "uv_size": [0.5, 0.5]},
								"south": {"uv": [68, 147], "uv_size": [0.5, 0.5]},
								"west": {"uv": [69, 147], "uv_size": [0.5, 0.5]},
								"up": {"uv": [70, 147], "uv_size": [0.5, 0.5]},
								"down": {"uv": [71, 147.5], "uv_size": [0.5, -0.5]}
							}
						},
						{
							"origin": [0.33124, 2.55411, 1.725],
							"size": [0.20711, 0.25, 0.05],
							"pivot": [0.00088, 1.53909, -0.7075],
							"rotation": [0, 0, 45],
							"uv": {
								"north": {"uv": [72, 147], "uv_size": [0.5, 0.5]},
								"east": {"uv": [73, 147], "uv_size": [0.5, 0.5]},
								"south": {"uv": [74, 147], "uv_size": [0.5, 0.5]},
								"west": {"uv": [75, 147], "uv_size": [0.5, 0.5]},
								"up": {"uv": [76, 147], "uv_size": [0.5, 0.5]},
								"down": {"uv": [77, 147.5], "uv_size": [0.5, -0.5]}
							}
						},
						{
							"origin": [-0.44764, 2.71594, 1.52125],
							"size": [0.6364, 0.225, 0.4375],
							"pivot": [0.00088, 1.53909, -0.7075],
							"rotation": [0, 0, 45],
							"uv": {
								"north": {"uv": [80, 147], "uv_size": [0.5, 0.5]},
								"south": {"uv": [81, 147], "uv_size": [0.5, 0.5]},
								"up": {"uv": [82, 147], "uv_size": [0.5, 0.5]},
								"down": {"uv": [83, 147.5], "uv_size": [0.5, -0.5]}
							}
						},
						{
							"origin": [0.9, 1.0475, 1.53375],
							"size": [0.225, 1.35, 0.425],
							"uv": {
								"north": {"uv": [52, 145], "uv_size": [0.5, 1.5]},
								"east": {"uv": [53, 145], "uv_size": [0.5, 1.5]},
								"south": {"uv": [54, 145], "uv_size": [0.5, 1.5]},
								"west": {"uv": [55, 145], "uv_size": [0.5, 1.5]},
								"down": {"uv": [84, 147.5], "uv_size": [0.5, -0.5]}
							}
						},
						{
							"origin": [-0.675, 2.6225, 1.52125],
							"size": [1.35, 0.225, 0.4375],
							"uv": {
								"north": {"uv": [56, 145], "uv_size": [1.5, 0.5]},
								"south": {"uv": [58, 145], "uv_size": [1.5, 0.5]},
								"up": {"uv": [60, 145], "uv_size": [1.5, 0.5]},
								"down": {"uv": [62, 145.5], "uv_size": [1.5, -0.5]}
							}
						},
						{
							"origin": [-0.18824, 2.7172, 1.52125],
							"size": [0.6364, 0.225, 0.4375],
							"pivot": [0.00088, 1.53909, -0.7075],
							"rotation": [0, 0, -45],
							"uv": {
								"north": {"uv": [85, 147], "uv_size": [0.5, 0.5]},
								"south": {"uv": [86, 147], "uv_size": [0.5, 0.5]},
								"up": {"uv": [87, 147], "uv_size": [0.5, 0.5]},
								"down": {"uv": [88, 147.5], "uv_size": [0.5, -0.5]}
							}
						},
						{
							"origin": [-1.125, 1.0475, 1.53375],
							"size": [0.225, 1.35, 0.425],
							"uv": {
								"north": {"uv": [66, 145], "uv_size": [0.5, 1.5]},
								"east": {"uv": [67, 145], "uv_size": [0.5, 1.5]},
								"south": {"uv": [68, 145], "uv_size": [0.5, 1.5]},
								"west": {"uv": [69, 145], "uv_size": [0.5, 1.5]},
								"down": {"uv": [89, 147.5], "uv_size": [0.5, -0.5]}
							}
						},
						{
							"origin": [-0.18698, 2.4578, 1.53375],
							"size": [0.6364, 0.225, 0.425],
							"pivot": [0.00088, 1.53909, -0.7075],
							"rotation": [0, 0, -135],
							"uv": {
								"north": {"uv": [92, 147], "uv_size": [0.5, 0.5]},
								"east": {"uv": [93, 147], "uv_size": [0.5, 0.5]},
								"south": {"uv": [94, 147], "uv_size": [0.5, 0.5]},
								"west": {"uv": [95, 147], "uv_size": [0.5, 0.5]},
								"up": {"uv": [96, 147], "uv_size": [0.5, 0.5]},
								"down": {"uv": [97, 147.5], "uv_size": [0.5, -0.5]}
							}
						},
						{
							"origin": [-0.44638, 2.45654, 1.53375],
							"size": [0.6364, 0.225, 0.425],
							"pivot": [0.00088, 1.53909, -0.7075],
							"rotation": [0, 0, 135],
							"uv": {
								"north": {"uv": [98, 147], "uv_size": [0.5, 0.5]},
								"east": {"uv": [99, 147], "uv_size": [0.5, 0.5]},
								"south": {"uv": [100, 147], "uv_size": [0.5, 0.5]},
								"west": {"uv": [101, 147], "uv_size": [0.5, 0.5]},
								"up": {"uv": [104, 147], "uv_size": [0.5, 0.5]},
								"down": {"uv": [105, 147.5], "uv_size": [0.5, -0.5]}
							}
						}
					]
				},
				{
					"name": "lens",
					"parent": "hide_when_ads",
					"pivot": [0.5, 0.275, -4.7375],
					"cubes": [
						{
							"origin": [-0.9, 0.8125, -4.46625],
							"size": [1.8, 1.8, 0.0009],
							"uv": {
								"north": {"uv": [140, 143], "uv_size": [2, 2]},
								"east": {"uv": [0, 0], "uv_size": [0, 2]},
								"west": {"uv": [0, 0], "uv_size": [0, 2]},
								"down": {"uv": [0, 0], "uv_size": [2, 0]}
							}
						}
					]
				},
				{
					"name": "ocular_ring",
					"pivot": [0, 0, 0],
					"cubes": [
						{
							"origin": [-0.35356, 2.61422, 3.95875],
							"size": [0.6364, 0.225, 0.15],
							"pivot": [0, 1.6725, 4.03375],
							"rotation": [0, 0, -135],
							"uv": {
								"north": {"uv": [106, 147], "uv_size": [0.5, 0.5]},
								"east": {"uv": [107, 147], "uv_size": [0.5, 0.5]},
								"south": {"uv": [108, 147], "uv_size": [0.5, 0.5]},
								"west": {"uv": [109, 147], "uv_size": [0.5, 0.5]},
								"up": {"uv": [110, 147], "uv_size": [0.5, 0.5]},
								"down": {"uv": [111, 147.5], "uv_size": [0.5, -0.5]}
							}
						},
						{
							"origin": [-0.28284, 2.61422, 3.95875],
							"size": [0.6364, 0.225, 0.15],
							"pivot": [0, 1.6725, 4.03375],
							"rotation": [0, 0, 135],
							"uv": {
								"north": {"uv": [114, 147], "uv_size": [0.5, 0.5]},
								"east": {"uv": [115, 147], "uv_size": [0.5, 0.5]},
								"south": {"uv": [116, 147], "uv_size": [0.5, 0.5]},
								"west": {"uv": [117, 147], "uv_size": [0.5, 0.5]},
								"up": {"uv": [118, 147], "uv_size": [0.5, 0.5]},
								"down": {"uv": [119, 147.5], "uv_size": [0.5, -0.5]}
							}
						},
						{
							"origin": [0.8, 1.0475, 3.95875],
							"size": [0.225, 1.25, 0.15],
							"uv": {
								"north": {"uv": [70, 145], "uv_size": [0.5, 1.5]},
								"east": {"uv": [71, 145], "uv_size": [0.5, 1.5]},
								"south": {"uv": [72, 145], "uv_size": [0.5, 1.5]},
								"west": {"uv": [73, 145], "uv_size": [0.5, 1.5]},
								"down": {"uv": [120, 147.5], "uv_size": [0.5, -0.5]}
							}
						},
						{
							"origin": [-0.575, 0.5975, 3.95875],
							"size": [1.15, 0.225, 0.15],
							"uv": {
								"north": {"uv": [28, 146], "uv_size": [1, 0.5]},
								"east": {"uv": [121, 147], "uv_size": [0.5, 0.5]},
								"south": {"uv": [29, 146], "uv_size": [1, 0.5]},
								"west": {"uv": [122, 147], "uv_size": [0.5, 0.5]},
								"up": {"uv": [31, 146], "uv_size": [1, 0.5]},
								"down": {"uv": [32, 146.5], "uv_size": [1, -0.5]}
							}
						},
						{
							"origin": [-0.35356, 2.61422, 3.95875],
							"size": [0.6364, 0.225, 0.15],
							"pivot": [0, 1.6725, 4.03375],
							"rotation": [0, 0, 45],
							"uv": {
								"north": {"uv": [123, 147], "uv_size": [0.5, 0.5]},
								"south": {"uv": [124, 147], "uv_size": [0.5, 0.5]},
								"up": {"uv": [125, 147], "uv_size": [0.5, 0.5]},
								"down": {"uv": [126, 147.5], "uv_size": [0.5, -0.5]}
							}
						},
						{
							"origin": [-0.575, 2.5225, 3.95875],
							"size": [1.15, 0.225, 0.15],
							"uv": {
								"north": {"uv": [33, 146], "uv_size": [1, 0.5]},
								"south": {"uv": [34, 146], "uv_size": [1, 0.5]},
								"up": {"uv": [36, 146], "uv_size": [1, 0.5]},
								"down": {"uv": [37, 146.5], "uv_size": [1, -0.5]}
							}
						},
						{
							"origin": [-0.28284, 2.61422, 3.95875],
							"size": [0.6364, 0.225, 0.15],
							"pivot": [0, 1.6725, 4.03375],
							"rotation": [0, 0, -45],
							"uv": {
								"north": {"uv": [127, 147], "uv_size": [0.5, 0.5]},
								"south": {"uv": [128, 147], "uv_size": [0.5, 0.5]},
								"up": {"uv": [129, 147], "uv_size": [0.5, 0.5]},
								"down": {"uv": [130, 147.5], "uv_size": [0.5, -0.5]}
							}
						},
						{
							"origin": [-1.025, 1.0475, 3.95875],
							"size": [0.225, 1.25, 0.15],
							"uv": {
								"north": {"uv": [74, 145], "uv_size": [0.5, 1.5]},
								"east": {"uv": [75, 145], "uv_size": [0.5, 1.5]},
								"south": {"uv": [76, 145], "uv_size": [0.5, 1.5]},
								"west": {"uv": [77, 145], "uv_size": [0.5, 1.5]},
								"down": {"uv": [131, 147.5], "uv_size": [0.5, -0.5]}
							}
						}
					]
				},
				{
					"name": "ocular",
					"pivot": [0, 1.71616, 3.855],
					"cubes": [
						{
							"origin": [-0.28477, 0.6875, 3.85],
							"size": [0.56954, 2.025, 0.01],
							"pivot": [0, 1.725, 3.85],
							"rotation": [0, 0, 45],
							"uv": {
								"south": {"uv": [135, 144], "uv_size": [0.5, 2]}
							}
						},
						{
							"origin": [-0.48477, 0.7875, 3.85],
							"size": [0.99454, 1.825, 0.01],
							"uv": {
								"south": {"uv": [114, 144], "uv_size": [1, 2]}
							}
						},
						{
							"origin": [-1.0125, 1.44023, 3.85],
							"size": [2.075, 0.56954, 0.01],
							"pivot": [0, 1.725, 3.85],
							"rotation": [0, 0, 45],
							"uv": {
								"south": {"uv": [136, 144], "uv_size": [2, 0.5]}
							}
						},
						{
							"origin": [-0.8875, 1.29023, 3.85],
							"size": [1.75, 0.91954, 0.01],
							"uv": {
								"south": {"uv": [115, 144], "uv_size": [2, 1]}
							}
						}
					]
				},
				{
					"name": "divisions",
					"pivot": [0, 0, -8]
				},
				{
					"name": "division",
					"parent": "divisions",
					"pivot": [-0.08437, 1.04688, -87.575],
					"cubes": [
						{
							"origin": [-16.25, 3.94688, -119.625],
							"size": [14.025, 0.2625, 0],
							"pivot": [0, 4.07813, -119.625],
							"rotation": [0, 0, -90],
							"uv": {
								"south": {"uv": [45, 143], "uv_size": [14, 0.5]}
							}
						},
						{
							"origin": [-16.25, 17.92188, -119.625],
							"size": [14, 0.2625, 0],
							"pivot": [0, 18.05313, -119.625],
							"rotation": [0, 0, -90],
							"uv": {
								"south": {"uv": [59, 143], "uv_size": [14, 0.5]}
							}
						},
						{
							"origin": [5, 1.45313, -119.625],
							"size": [39, 0.75, 0],
							"uv": {
								"south": {"uv": [101, 143], "uv_size": [13, 0.5]}
							}
						},
						{
							"origin": [5, 1.45313, -119.625],
							"size": [39, 0.75, 0],
							"pivot": [0, 1.82813, -119.625],
							"rotation": [0, 0, 90],
							"uv": {
								"south": {"uv": [114, 143], "uv_size": [13, 0.5]}
							}
						},
						{
							"origin": [0, 1.69688, -119.625],
							"size": [14, 0.2625, 0],
							"uv": {
								"south": {"uv": [73, 143], "uv_size": [14, 0.5]}
							}
						},
						{
							"origin": [-20.75565, -4.49554, -119.625],
							"size": [0.53033, 0.53033, 0],
							"pivot": [-9, 4.07813, -119.625],
							"rotation": [0, 0, -135],
							"uv": {
								"south": {"uv": [132, 147], "uv_size": [0.5, 0.5]}
							}
						},
						{
							"origin": [-25.75565, -9.49554, -119.625],
							"size": [0.53033, 0.53033, 0],
							"pivot": [-14, -0.92188, -119.625],
							"rotation": [0, 0, -135],
							"uv": {
								"south": {"uv": [133, 147], "uv_size": [0.5, 0.5]}
							}
						},
						{
							"origin": [-23.5, 21.92187, -119.625],
							"size": [39, 0.75, 0],
							"pivot": [0, 22.29687, -119.625],
							"rotation": [0, 0, 90],
							"uv": {
								"south": {"uv": [0, 143], "uv_size": [13, 1]}
							}
						},
						{
							"origin": [-2.56326, 12.0798, -119.625],
							"size": [0.53033, 0.53033, 0],
							"pivot": [0, 10.04688, -119.625],
							"rotation": [0, 0, -135],
							"uv": {
								"south": {"uv": [134, 147], "uv_size": [0.5, 0.5]}
							}
						},
						{
							"origin": [20.22532, -4.49554, -119.625],
							"size": [0.53033, 0.53033, 0],
							"pivot": [9, 4.07813, -119.625],
							"rotation": [0, 0, 135],
							"uv": {
								"south": {"uv": [135, 147], "uv_size": [0.5, 0.5]}
							}
						},
						{
							"origin": [-14, 1.69688, -119.625],
							"size": [14, 0.2625, 0],
							"uv": {
								"south": {"uv": [87, 143], "uv_size": [14, 0.5]}
							}
						},
						{
							"origin": [-44, 1.45313, -119.625],
							"size": [39, 0.75, 0],
							"uv": {
								"south": {"uv": [127, 143], "uv_size": [13, 0.5]}
							}
						}
					]
				},
				{
					"name": "views",
					"pivot": [0, -0.1, 1.95]
				},
				{
					"name": "scope_view",
					"parent": "views",
					"pivot": [0, 1.6625, 9.5]
				}
			]
		}
	]
}