{
	"format_version": "1.12.0",
	"minecraft:geometry": [
		{
			"description": {
				"identifier": "geometry.unknown",
				"texture_width": 32,
				"texture_height": 32,
				"visible_bounds_width": 2,
				"visible_bounds_height": 1.5,
				"visible_bounds_offset": [0, 0.25, 0]
			},
			"bones": [
				{
					"name": "g17",
					"pivot": [0, 0, 0]
				},
				{
					"name": "Barrel",
					"parent": "g17",
					"pivot": [-0.00207, 5.51188, -5.73688],
					"cubes": [
						{
							"origin": [-0.13304, 4.59384, -5.00026],
							"size": [0.26193, 0.26193, 0.78697],
							"pivot": [-0.00207, 4.7248, -5.69013],
							"rotation": [0, 0, 45],
							"uv": {
								"north": {"uv": [12, 18], "uv_size": [0.5, 0.5]},
								"east": {"uv": [1, 17], "uv_size": [1, 0.5]},
								"south": {"uv": [13, 18], "uv_size": [0.5, 0.5]},
								"west": {"uv": [5, 17], "uv_size": [1, 0.5]},
								"up": {"uv": [10, 17], "uv_size": [0.5, 1]},
								"down": {"uv": [4, 19], "uv_size": [0.5, -1]}
							}
						},
						{
							"origin": [-0.25301, 5.19276, -5.03181],
							"size": [0.54475, 0.54475, 3.62385],
							"pivot": [0.06612, 5.51188, -5.73688],
							"rotation": [0, 0, 45],
							"uv": {
								"north": {"uv": [14, 18], "uv_size": [0.5, 0.5]},
								"east": {"uv": [15, 6], "uv_size": [3.5, 0.5]},
								"south": {"uv": [15, 18], "uv_size": [0.5, 0.5]},
								"west": {"uv": [15, 7], "uv_size": [3.5, 0.5]},
								"up": {"uv": [6, 15], "uv_size": [0.5, 3.5]},
								"down": {"uv": [7, 18.5], "uv_size": [0.5, -3.5]}
							}
						},
						{
							"origin": [-0.51666, 4.68471, -1.3826],
							"size": [1.03332, 1.37127, 1.95609],
							"uv": {
								"north": {"uv": [15, 8], "uv_size": [1, 1.5]},
								"east": {"uv": [13, 5], "uv_size": [2, 1.5]},
								"south": {"uv": [10, 15], "uv_size": [1, 1.5]},
								"west": {"uv": [13, 7], "uv_size": [2, 1.5]},
								"up": {"uv": [1, 15], "uv_size": [1, 2]},
								"down": {"uv": [15, 4], "uv_size": [1, -2]}
							}
						}
					]
				},
				{
					"name": "Slide",
					"parent": "Barrel",
					"pivot": [0.13729, 5.90172, -14.29822],
					"cubes": [
						{
							"origin": [-0.625, 5.03181, -4.99411],
							"size": [1.25, 1.03997, 8.95848],
							"uv": {
								"north": {"uv": [15, 10], "uv_size": [1.5, 1]},
								"east": {"uv": [8, 0], "uv_size": [9, 1]},
								"south": {"uv": [11, 15], "uv_size": [1.5, 1]},
								"west": {"uv": [8, 1], "uv_size": [9, 1]},
								"up": {"uv": [0, 6], "uv_size": [1.5, 9]},
								"down": {"uv": [6, 9], "uv_size": [1.5, -9]}
							}
						},
						{
							"origin": [-0.57395, 5.98342, 2.48863],
							"size": [0.39042, 0.37218, 0.42441],
							"uv": {
								"north": {"uv": [16, 18], "uv_size": [0.5, 0.5]},
								"east": {"uv": [17, 18], "uv_size": [0.5, 0.5]},
								"south": {"uv": [18, 18], "uv_size": [0.5, 0.5]},
								"west": {"uv": [0, 19], "uv_size": [0.5, 0.5]},
								"up": {"uv": [19, 0], "uv_size": [0.5, 0.5]},
								"down": {"uv": [1, 19.5], "uv_size": [0.5, -0.5]}
							}
						},
						{
							"origin": [-0.11633, 5.76089, -4.8356],
							"size": [0.23266, 0.59795, 0.37218],
							"pivot": [0.07888, 5.97309, -4.64951],
							"rotation": [-67.5, 0, 0],
							"uv": {
								"north": {"uv": [19, 1], "uv_size": [0.5, 0.5]},
								"east": {"uv": [2, 19], "uv_size": [0.5, 0.5]},
								"south": {"uv": [3, 19], "uv_size": [0.5, 0.5]},
								"west": {"uv": [4, 19], "uv_size": [0.5, 0.5]},
								"up": {"uv": [19, 4], "uv_size": [0.5, 0.5]},
								"down": {"uv": [5, 19.5], "uv_size": [0.5, -0.5]}
							}
						},
						{
							"origin": [-0.25437, 6.03863, 2.48863],
							"size": [0.50874, 0.14343, 0.42441],
							"uv": {
								"north": {"uv": [19, 5], "uv_size": [0.5, 0.5]},
								"east": {"uv": [6, 19], "uv_size": [0.5, 0.5]},
								"south": {"uv": [19, 6], "uv_size": [0.5, 0.5]},
								"west": {"uv": [7, 19], "uv_size": [0.5, 0.5]},
								"up": {"uv": [19, 7], "uv_size": [0.5, 0.5]},
								"down": {"uv": [8, 19.5], "uv_size": [0.5, -0.5]}
							}
						},
						{
							"origin": [0.18353, 5.98342, 2.48863],
							"size": [0.39042, 0.37218, 0.42441],
							"uv": {
								"north": {"uv": [19, 8], "uv_size": [0.5, 0.5]},
								"east": {"uv": [9, 19], "uv_size": [0.5, 0.5]},
								"south": {"uv": [19, 9], "uv_size": [0.5, 0.5]},
								"west": {"uv": [10, 19], "uv_size": [0.5, 0.5]},
								"up": {"uv": [19, 10], "uv_size": [0.5, 0.5]},
								"down": {"uv": [11, 19.5], "uv_size": [0.5, -0.5]}
							}
						}
					]
				},
				{
					"name": "G17Lower",
					"parent": "g17",
					"pivot": [-0.00374, 0.28756, 4.41065],
					"cubes": [
						{
							"origin": [-0.71598, 4.30597, -2.33564],
							"size": [1.43196, 0.72227, 5.38351],
							"uv": {
								"north": {"uv": [3, 17], "uv_size": [1.5, 0.5]},
								"east": {"uv": [14, 13], "uv_size": [5.5, 0.5]},
								"south": {"uv": [8, 17], "uv_size": [1.5, 0.5]},
								"west": {"uv": [14, 14], "uv_size": [5.5, 0.5]},
								"up": {"uv": [8, 2], "uv_size": [1.5, 5.5]},
								"down": {"uv": [8, 13.5], "uv_size": [1.5, -5.5]}
							}
						},
						{
							"origin": [-0.6213, 4.30597, -4.96914],
							"size": [1.24259, 0.72227, 2.68376],
							"uv": {
								"north": {"uv": [18, 4], "uv_size": [1, 0.5]},
								"east": {"uv": [13, 16], "uv_size": [2.5, 0.5]},
								"south": {"uv": [5, 18], "uv_size": [1, 0.5]},
								"west": {"uv": [16, 16], "uv_size": [2.5, 0.5]},
								"up": {"uv": [5, 12], "uv_size": [1, 2.5]},
								"down": {"uv": [0, 17.5], "uv_size": [1, -2.5]}
							}
						},
						{
							"origin": [-0.71847, 3.16175, 3.16319],
							"size": [1.43693, 0.43262, 0.97681],
							"inflate": -0.004,
							"pivot": [-0.00473, 3.29445, -0.44032],
							"rotation": [17.5, 0, 0],
							"uv": {
								"north": {"uv": [17, 10], "uv_size": [1.5, 0.5]},
								"east": {"uv": [18, 5], "uv_size": [1, 0.5]},
								"south": {"uv": [17, 12], "uv_size": [1.5, 0.5]},
								"west": {"uv": [8, 18], "uv_size": [1, 0.5]},
								"up": {"uv": [13, 15], "uv_size": [1.5, 1]},
								"down": {"uv": [15, 16], "uv_size": [1.5, -1]}
							}
						},
						{
							"origin": [0, 2.93901, -2.12371],
							"size": [0, 1.90035, 3.03],
							"uv": {
								"north": {"uv": [0, 0], "uv_size": [0, 2]},
								"east": {"uv": [10, 8], "uv_size": [3, 2]},
								"south": {"uv": [0, 0], "uv_size": [0, 2]},
								"west": {"uv": [10, 10], "uv_size": [3, 2]},
								"up": {"uv": [0, 0], "uv_size": [0, 3]},
								"down": {"uv": [0, 3], "uv_size": [0, -3]}
							}
						},
						{
							"origin": [-0.73425, 2.88785, 2.3719],
							"size": [1.4685, 1.81134, 0.95452],
							"inflate": -0.03,
							"uv": {
								"north": {"uv": [13, 9], "uv_size": [1.5, 2]},
								"east": {"uv": [3, 15], "uv_size": [1, 2]},
								"south": {"uv": [8, 14], "uv_size": [1.5, 2]},
								"west": {"uv": [4, 15], "uv_size": [1, 2]},
								"up": {"uv": [16, 2], "uv_size": [1.5, 1]},
								"down": {"uv": [16, 4], "uv_size": [1.5, -1]}
							}
						},
						{
							"origin": [-0.71598, 4.54783, 3.00146],
							"size": [1.43196, 0.48041, 0.96143],
							"uv": {
								"north": {"uv": [13, 17], "uv_size": [1.5, 0.5]},
								"east": {"uv": [18, 8], "uv_size": [1, 0.5]},
								"south": {"uv": [15, 17], "uv_size": [1.5, 0.5]},
								"west": {"uv": [9, 18], "uv_size": [1, 0.5]},
								"up": {"uv": [16, 4], "uv_size": [1.5, 1]},
								"down": {"uv": [16, 6], "uv_size": [1.5, -1]}
							}
						},
						{
							"origin": [-0.73, 4.50096, 2.46946],
							"size": [1.46, 0.53952, 1.22642],
							"inflate": -0.025,
							"pivot": [-0.00284, 4.65277, 3.43763],
							"rotation": [62.5, 0, 0],
							"uv": {
								"north": {"uv": [17, 15], "uv_size": [1.5, 0.5]},
								"east": {"uv": [18, 9], "uv_size": [1, 0.5]},
								"south": {"uv": [17, 17], "uv_size": [1.5, 0.5]},
								"west": {"uv": [10, 18], "uv_size": [1, 0.5]},
								"up": {"uv": [8, 16], "uv_size": [1.5, 1]},
								"down": {"uv": [16, 9], "uv_size": [1.5, -1]}
							}
						},
						{
							"origin": [-0.73175, -0.40379, 1.06108],
							"size": [1.4635, 5.96184, 2.46922],
							"inflate": -0.025,
							"pivot": [-0.00649, 2.68151, 2.46529],
							"rotation": [26.5, 0, 0],
							"uv": {
								"north": {"uv": [2, 6], "uv_size": [1.5, 6]},
								"east": {"uv": [5.5, 0], "uv_size": [-2.5, 6]},
								"south": {"uv": [4, 6], "uv_size": [1.5, 6]},
								"west": {"uv": [3, 0], "uv_size": [2.5, 6]},
								"up": {"uv": [12, 12], "uv_size": [1.5, 2.5]},
								"down": {"uv": [13, 4.5], "uv_size": [1.5, -2.5]}
							}
						},
						{
							"origin": [-0.7327, -0.56821, 1.78653],
							"size": [1.4655, 1, 3],
							"inflate": -0.025,
							"uv": {
								"north": {"uv": [16, 9], "uv_size": [1.5, 1]},
								"east": {"uv": [13, 11], "uv_size": [3, 1]},
								"south": {"uv": [16, 11], "uv_size": [1.5, 1]},
								"west": {"uv": [14, 12], "uv_size": [3, 1]},
								"up": {"uv": [3, 12], "uv_size": [1.5, 3]},
								"down": {"uv": [10, 15], "uv_size": [1.5, -3]}
							}
						},
						{
							"origin": [-0.70675, 1.3639, 1.72574],
							"size": [1.4135, 0.25, 0.5],
							"pivot": [-0.025, 1.1139, 3.22574],
							"rotation": [45, 0, 0],
							"uv": {
								"north": {"uv": [0, 18], "uv_size": [1.5, 0.5]},
								"east": {"uv": [19, 11], "uv_size": [0.5, 0.5]},
								"south": {"uv": [2, 18], "uv_size": [1.5, 0.5]},
								"west": {"uv": [12, 19], "uv_size": [0.5, 0.5]},
								"up": {"uv": [18, 2], "uv_size": [1.5, 0.5]},
								"down": {"uv": [18, 3.5], "uv_size": [1.5, -0.5]}
							}
						}
					]
				},
				{
					"name": "Mag",
					"parent": "g17",
					"pivot": [0, -0.04505, 3.00401],
					"cubes": [
						{
							"origin": [-0.53298, -1.00991, 2.32284],
							"size": [1.06597, 0.47238, 1.78969],
							"inflate": 0.002,
							"uv": {
								"north": {"uv": [11, 18], "uv_size": [1, 0.5]},
								"east": {"uv": [17, 0], "uv_size": [2, 0.5]},
								"south": {"uv": [18, 11], "uv_size": [1, 0.5]},
								"west": {"uv": [17, 1], "uv_size": [2, 0.5]},
								"up": {"uv": [15, 4], "uv_size": [1, 2]},
								"down": {"uv": [5, 17], "uv_size": [1, -2]}
							}
						},
						{
							"origin": [-0.4103, -0.83046, 1.75647],
							"size": [0.82061, 5.33144, 1.63156],
							"pivot": [0.12272, 1.87208, 2.57225],
							"rotation": [14.25, 0, 0],
							"uv": {
								"north": {"uv": [2, 12], "uv_size": [1, 5.5]},
								"east": {"uv": [6, 9], "uv_size": [1.5, 5.5]},
								"south": {"uv": [12, 2], "uv_size": [1, 5.5]},
								"west": {"uv": [10, 2], "uv_size": [1.5, 5.5]},
								"up": {"uv": [11, 16], "uv_size": [1, 1.5]},
								"down": {"uv": [12, 17.5], "uv_size": [1, -1.5]}
							}
						}
					]
				},
				{
					"name": "positioning",
					"pivot": [-3.025, -8.95, -11.225]
				},
				{
					"name": "ground",
					"parent": "positioning",
					"pivot": [-2.25, -2.825, 0.05]
				},
				{
					"name": "fixed",
					"parent": "positioning",
					"pivot": [-0.725, 2.425, -0.325],
					"rotation": [0, 90, 0]
				},
				{
					"name": "thirdperson_hand",
					"parent": "positioning",
					"pivot": [0.025, 3.225, -0.35]
				},
				{
					"name": "shell",
					"parent": "positioning",
					"pivot": [-0.625, 5.625, -0.475]
				},
				{
					"name": "muzzle_flash",
					"parent": "positioning",
					"pivot": [-0.025, 5.6, -5.225]
				}
			]
		}
	]
}