{
  "ammo": "tacz:556x45",
  "ammo_amount": 30,
  "extended_mag_ammo_amount": [
    40,
    50,
    60
  ],
  "bolt": "closed_bolt",
  "rpm": 480,
  "bullet": {
    "life": 1,
    "bullet_amount": 1,
    "damage": 13,
    "tracer_count_interval": 0,
    "extra_damage": {
      "armor_ignore": 0.4,
      "head_shot_multiplier": 1.75,
      "damage_adjust": [
        {"distance": 0.5, "damage": 15},
        {"distance": 10, "damage": 13},
        {"distance": 20, "damage": 12},
        {"distance": 30, "damage": 11},
        {"distance": "infinite", "damage": 10}
      ]
    },
    "speed": 265,
    "gravity": 0.0245,
    "knockback": 0,
    "friction": 0.01,
    "ignite": false,
    "pierce": 1
  },
  "reload": {
    "type": "magazine",
    "feed": {
      "empty": 1.87,
      "tactical": 1.40
    },
    "cooldown": {
      "empty": 2.2,
      "tactical": 1.87
    }
  },
  "draw_time": 0.3,
  "put_away_time": 0.43,
  "aim_time": 0.3,
  "sprint_time": 0.2,
  "fire_mode": [
    "semi",
    "burst"
  ],
  "burst_data": {
    "continuous_shoot": false,
    "count": 2,
    "bpm": 900,
    "min_interval": 0.3
  },
  "recoil": {
    "pitch": [
      {"time": 0, "value": [0.4, 0.4]},
      {"time": 0.3, "value": [0.4, 0.4]},
      {"time": 0.5, "value": [-0.125, -0.125]},
      {"time": 0.65, "value": [0, 0]}
    ],
    "yaw": [
      {"time": 0, "value": [0.07, 0.15]},
      {"time": 0.3, "value": [0.07, 0.15]},
      {"time": 0.5, "value": [0, 0]}
    ]
  },
  "inaccuracy": {
    "stand": 2,
    "move": 3,
    "sneak": 1,
    "lie": 0.7,
    "aim": 0.1
  },
  "allow_attachment_types": [
    "scope",
    "stock",
    "grip",
    "muzzle",
    "extended_mag"
  ]
}