{
	"format_version": "1.8.0",
	"animations": {
		"static_idle": {
			"loop": true,
			"bones": {
				"lefthand": {
					"rotation": [89.52779, -393.457, -128.79941],
					"position": [6.85, -12.7, -2.325],
					"scale": [1, 1.5, 1]
				},
				"constraint": {
					"rotation": [0.05, 0.05, 0.05],
					"position": [0.2, 0.2, 0.2]
				},
				"righthand": {
					"rotation": [92.95715, -348.33003, -179.8124],
					"position": [-7.125, -14.15, 6.95],
					"scale": [1, 1.5, 1]
				},
				"root": {
					"rotation": [0, 0, 0],
					"position": [0, 0, 0]
				}
			}
		},
		"draw": {
			"animation_length": 0.75,
			"bones": {
				"lefthand": {
					"rotation": [89.52779, -393.457, -128.79941],
					"position": [6.85, -12.7, -2.325],
					"scale": [1, 1.5, 1]
				},
				"constraint": {
					"rotation": [0.05, 0.05, 0.05],
					"position": [0.2, 0.2, 0.2]
				},
				"righthand": {
					"rotation": [92.95715, -348.33003, -179.8124],
					"position": [-7.125, -14.15, 6.95],
					"scale": [1, 1.5, 1]
				},
				"root": {
					"rotation": {
						"0.0": {
							"post": [-72.9516, -9.1334, -4.68968],
							"lerp_mode": "catmullrom"
						},
						"0.25": {
							"post": [-59.61955, -8.72355, -8.09836],
							"lerp_mode": "catmullrom"
						},
						"0.2917": {
							"post": [-54.95063, -7.19944, -8.57488],
							"lerp_mode": "catmullrom"
						},
						"0.3333": {
							"post": [-44.65, -4.92, -8.53],
							"lerp_mode": "catmullrom"
						},
						"0.5": {
							"post": [-4.53, -1.25, -1.42],
							"lerp_mode": "catmullrom"
						},
						"0.6667": {
							"post": [0, 0, 0],
							"lerp_mode": "catmullrom"
						}
					},
					"position": {
						"0.0": {
							"post": [-4.14, -12.02, 31.47],
							"lerp_mode": "catmullrom"
						},
						"0.125": {
							"post": [-3.025, -1.675, 19.04],
							"lerp_mode": "catmullrom"
						},
						"0.25": {
							"post": [-2.7, -0.3, 7.43],
							"lerp_mode": "catmullrom"
						},
						"0.2917": {
							"post": [-2.35, -0.775, 5.075],
							"lerp_mode": "catmullrom"
						},
						"0.3333": {
							"post": [-1.375, -2.25, 3.7],
							"lerp_mode": "catmullrom"
						},
						"0.5": {
							"post": [0.025, -3.6, 0],
							"lerp_mode": "catmullrom"
						},
						"0.7083": {
							"post": [0, 0, 0],
							"lerp_mode": "catmullrom"
						}
					}
				},
				"camera": {
					"rotation": {
						"0.0": {
							"post": [0, 0, 0],
							"lerp_mode": "catmullrom"
						},
						"0.0833": {
							"post": [-1.175, 0.325, -0.7],
							"lerp_mode": "catmullrom"
						},
						"0.2083": {
							"post": [0.88, -0.025, -0.925],
							"lerp_mode": "catmullrom"
						},
						"0.4167": {
							"post": [-0.245, 0.025, 0.175],
							"lerp_mode": "catmullrom"
						},
						"0.5": {
							"post": [0.15, 0, -0.2],
							"lerp_mode": "catmullrom"
						},
						"0.5417": {
							"post": [0.02, 0, -0.08],
							"lerp_mode": "catmullrom"
						},
						"0.5833": {
							"post": [-0.15, 0, 0.3],
							"lerp_mode": "catmullrom"
						},
						"0.6667": {
							"post": [-0.06, 0, -0.205],
							"lerp_mode": "catmullrom"
						},
						"0.7083": {
							"post": [0, 0, 0],
							"lerp_mode": "catmullrom"
						}
					}
				}
			}
		},
		"put_away": {
			"animation_length": 0.85,
			"bones": {
				"lefthand": {
					"rotation": [89.52779, -393.457, -128.79941],
					"position": [6.85, -12.7, -2.325],
					"scale": [1, 1.5, 1]
				},
				"constraint": {
					"rotation": [0.05, 0.05, 0.05],
					"position": [0.2, 0.2, 0.2]
				},
				"righthand": {
					"rotation": {
						"0.0": [92.95715, -348.33003, -179.8124],
						"0.125": {
							"pre": [101.2139, -323.71163, -174.99863],
							"post": [101.2139, -323.71163, -174.99863],
							"lerp_mode": "catmullrom"
						},
						"0.25": {
							"post": [99.92205, -324.96551, -168.50279],
							"lerp_mode": "catmullrom"
						},
						"0.5": {
							"post": [101.48941, -375.72158, -1.01416],
							"lerp_mode": "catmullrom"
						},
						"0.625": {
							"post": [148.08097, -322.55981, -3.11006],
							"lerp_mode": "catmullrom"
						}
					},
					"position": {
						"0.0": [-7.125, -14.15, 6.95],
						"0.125": {
							"pre": [-8.525, -13.075, 7.325],
							"post": [-8.525, -13.075, 7.325],
							"lerp_mode": "catmullrom"
						},
						"0.25": {
							"post": [-9.38656, -8.07425, 7.23038],
							"lerp_mode": "catmullrom"
						},
						"0.2917": {
							"post": [-4.83735, -4.87436, 10.75939],
							"lerp_mode": "catmullrom"
						},
						"0.4167": {
							"post": [-2.14866, -10.06411, 11.38744],
							"lerp_mode": "catmullrom"
						},
						"0.5": {
							"post": [-2.36662, -10.54845, 8.56647],
							"lerp_mode": "catmullrom"
						},
						"0.625": {
							"post": [-3.50353, -12.2298, 8.24931],
							"lerp_mode": "catmullrom"
						}
					},
					"scale": [1, 1.5, 1]
				},
				"root": {
					"rotation": {
						"0.0": {
							"post": [0, 0, 0],
							"lerp_mode": "catmullrom"
						},
						"0.125": {
							"post": [-4.53, -1.25, -1.42],
							"lerp_mode": "catmullrom"
						},
						"0.2917": {
							"post": [-44.65, -7.52, -8.53],
							"lerp_mode": "catmullrom"
						},
						"0.375": {
							"post": [-54.95063, -7.19944, -9.87488],
							"lerp_mode": "catmullrom"
						},
						"0.4583": {
							"post": [-59.61955, -6.12355, -2.89836],
							"lerp_mode": "catmullrom"
						},
						"0.8333": {
							"post": [-72.9516, -9.1334, -4.68968],
							"lerp_mode": "catmullrom"
						}
					},
					"position": {
						"0.0": {
							"post": [0, 0, 0],
							"lerp_mode": "catmullrom"
						},
						"0.125": {
							"post": [-0.85, -2.475, -0.525],
							"lerp_mode": "catmullrom"
						},
						"0.2917": {
							"post": [-1.8, -4.55, -0.95],
							"lerp_mode": "catmullrom"
						},
						"0.375": {
							"post": [-3.35, -2.325, 0.35],
							"lerp_mode": "catmullrom"
						},
						"0.4583": {
							"post": [-4.275, -0.525, 3.505],
							"lerp_mode": "catmullrom"
						},
						"0.6667": {
							"post": [-4.65, -0.05, 14.865],
							"lerp_mode": "catmullrom"
						},
						"0.8333": {
							"post": [-3.34, -13.595, 31.27],
							"lerp_mode": "catmullrom"
						}
					}
				},
				"camera": {
					"rotation": {
						"0.0": {
							"post": [0, 0, 0],
							"lerp_mode": "catmullrom"
						},
						"0.0833": {
							"post": [-0.125, 0, -0.125],
							"lerp_mode": "catmullrom"
						},
						"0.3333": {
							"post": [0.725, 0, 0.175],
							"lerp_mode": "catmullrom"
						},
						"0.5417": {
							"post": [1.125, 0, 1.575],
							"lerp_mode": "catmullrom"
						},
						"0.625": {
							"post": [0.275, 0, 1.5],
							"lerp_mode": "catmullrom"
						},
						"0.8333": {
							"post": [0, 0, 0],
							"lerp_mode": "catmullrom"
						}
					}
				}
			}
		},
		"shoot": {
			"animation_length": 0.7,
			"bones": {
				"root": {
					"position": {
						"0.0": {
							"post": [0, 0, 0],
							"lerp_mode": "catmullrom"
						},
						"0.0333": {
							"post": [0, -0.09, 3],
							"lerp_mode": "catmullrom"
						},
						"0.0667": {
							"post": [0, 0.32, 3.5],
							"lerp_mode": "catmullrom"
						},
						"0.1333": {
							"post": [0, 0.74, 3.14],
							"lerp_mode": "catmullrom"
						},
						"0.1667": {
							"post": [0, 0.73, 1.84],
							"lerp_mode": "catmullrom"
						},
						"0.2": {
							"post": [0, 0.61, 1],
							"lerp_mode": "catmullrom"
						},
						"0.2667": {
							"post": [0, 0.42, 0.27],
							"lerp_mode": "catmullrom"
						},
						"0.3": {
							"post": [0, 0.32, 0.11],
							"lerp_mode": "catmullrom"
						},
						"0.3333": {
							"post": [0, 0.19, 0.01],
							"lerp_mode": "catmullrom"
						},
						"0.3667": {
							"post": [0, 0.06, -0.06],
							"lerp_mode": "catmullrom"
						},
						"0.4333": {
							"post": [0, -0.05, -0.09],
							"lerp_mode": "catmullrom"
						},
						"0.4667": {
							"post": [0, -0.12, -0.12],
							"lerp_mode": "catmullrom"
						},
						"0.5": {
							"post": [0, -0.13, -0.13],
							"lerp_mode": "catmullrom"
						},
						"0.5333": {
							"post": [0, -0.12, -0.11],
							"lerp_mode": "catmullrom"
						},
						"0.5667": {
							"post": [0, -0.09, -0.08],
							"lerp_mode": "catmullrom"
						},
						"0.6333": {
							"post": [0, -0.05, -0.05],
							"lerp_mode": "catmullrom"
						},
						"0.6667": {
							"post": [0, -0.02, -0.02],
							"lerp_mode": "catmullrom"
						},
						"0.7": {
							"post": [0, 0, 0],
							"lerp_mode": "catmullrom"
						}
					}
				},
				"m95_barrel": {
					"position": {
						"0.0": [0, 0, 0],
						"0.0667": [0, 0, 6],
						"0.1333": [0, 0, 0],
						"0.2": [0, 0, 0.55],
						"0.2667": [0, 0, 0]
					}
				},
				"camera": {
					"rotation": {
						"0.0": {
							"post": [0, 0, 0],
							"lerp_mode": "catmullrom"
						},
						"0.1667": {
							"post": [0, 0, -2.055],
							"lerp_mode": "catmullrom"
						},
						"0.2333": {
							"post": [0, 0, 1.37],
							"lerp_mode": "catmullrom"
						},
						"0.3": {
							"post": [0, 0, -0.85],
							"lerp_mode": "catmullrom"
						},
						"0.3667": {
							"post": [0, 0, 0.525],
							"lerp_mode": "catmullrom"
						},
						"0.4333": {
							"post": [0, 0, -0.125],
							"lerp_mode": "catmullrom"
						},
						"0.5333": {
							"post": [0, 0, 0],
							"lerp_mode": "catmullrom"
						}
					}
				},
				"constraint": {
					"rotation": {
						"0.0": [0.4, 0.1, 0.1],
						"0.5667": [0, 0, 0],
						"0.6": [0, 0, 0]
					},
					"position": {
						"0.0": [0.2, 0.3, 0.2],
						"0.5667": [0, 0, 0],
						"0.6": [0, 0, 0]
					}
				},
				"trigger": {
					"rotation": {
						"0.0": [0, 0, 0],
						"0.0333": [25, 0, 0],
						"0.1333": [0, 0, 0]
					},
					"position": {
						"0.0": [0, 0, 0],
						"0.0333": [0, 0.1, 0],
						"0.1333": [0, 0, 0]
					}
				},
				"bone8": {
					"rotation": [0, 0, 0],
					"position": [0, 0, 0]
				}
			}
		},
		"bolt": {
			"animation_length": 0.9,
			"bones": {
				"lefthand": {
					"rotation": [89.52779, -393.457, -128.79941],
					"position": [6.85, -12.7, -2.325],
					"scale": [1, 1.5, 1]
				},
				"righthand": {
					"rotation": {
						"0.0": [92.95715, -348.33003, -179.8124],
						"0.0333": [92.96, -348.33, -179.81],
						"0.0667": [92.96, -348.33, -179.81],
						"0.1": [92.96, -348.33, -179.81],
						"0.1333": [89.36863, -347.98184, -197.17902],
						"0.1667": [87.7306, -348.17832, -205.09754],
						"0.2": [86.13757, -348.5935, -212.99845],
						"0.2333": [86.14, -348.59, -213],
						"0.2667": [85.88931, -348.67688, -214.27193],
						"0.3": [85.89, -348.68, -214.27],
						"0.3333": [91.29645, -348.02669, -206.53438],
						"0.3667": [91.3, -348.03, -195.13],
						"0.4": [91.3, -348.03, -195.13],
						"0.4333": [91.3, -348.03, -195.13],
						"0.4667": [91.3, -348.03, -195.13],
						"0.5": [91.3, -348.03, -195.13],
						"0.5333": [102.7, -348.03, -195.13],
						"0.5667": [107.51533, -350.34357, -187.33261],
						"0.6": [107.52, -350.34, -187.33],
						"0.6333": [107.52, -350.34, -187.33],
						"0.6667": [107.52, -350.34, -187.33],
						"0.7": [107.52, -350.34, -187.33],
						"0.7333": [108.16169, -351.64265, -183.23392],
						"0.7667": [109.53195, -355.94039, -170.62298],
						"0.8": [109.53195, -355.94039, -170.62298],
						"0.8333": [104.01, -353.4, -173.69],
						"0.8667": [98.48, -350.87, -176.75],
						"0.9": [92.95715, -348.33003, -179.8124]
					},
					"position": {
						"0.0": [-7.125, -14.15, 6.95],
						"0.0333": [-7.12, -14.15, 6.95],
						"0.0667": [-7.12, -14.15, 6.95],
						"0.1": [-8.32, -15.175, 6.95],
						"0.1333": [-10.02, -13.995, 7.175],
						"0.1667": [-10.27, -13.44, 6.605],
						"0.2": [-10.27, -13.44, 6.61],
						"0.2333": [-10.27, -13.265, 6.61],
						"0.2667": [-10.27, -12.765, 6.61],
						"0.3": [-10.27, -10.83, 6.61],
						"0.3333": [-10.12, -9.615, 6.71],
						"0.3667": [-10.12, -9.61, 9.11],
						"0.4": [-10.12, -9.61, 12.735],
						"0.4333": [-10.12, -9.61, 12.74],
						"0.4667": [-10.12, -9.61, 12.74],
						"0.5": [-10.12, -9.61, 12.74],
						"0.5333": [-10.12, -9.61, 12.74],
						"0.5667": [-9.995, -9.51, 12.54],
						"0.6": [-9.99, -9.51, 12.54],
						"0.6333": [-9.99, -9.51, 12.54],
						"0.6667": [-9.99, -9.51, 12.54],
						"0.7": [-9.99, -9.51, 12.54],
						"0.7333": [-9.99, -9.51, 11.365],
						"0.7667": [-9.99, -9.435, 7.27],
						"0.8": [-10.415, -11.705, 7.175],
						"0.8333": [-9.32, -12.52, 7.1],
						"0.8667": [-8.22, -13.33, 7.03],
						"0.9": [-7.125, -14.15, 6.95]
					},
					"scale": [1, 1.5, 1]
				},
				"shell_ejection": {
					"rotation": {
						"0.2333": [0, 0, 0],
						"0.3": [0, 0, 0],
						"0.3333": [0, -135.42, 0],
						"0.4": [0, -270.83, 0],
						"0.5": [0, -406.25, 0],
						"0.5667": [0, -541.67, 0],
						"0.6333": [0, -677.08, 0],
						"0.6667": [0, -812.5, 0],
						"0.7": [0, 0, 0]
					},
					"position": {
						"0.2": [0, 0, 0],
						"0.3": [0, 0.0875, 6.01875],
						"0.3333": {
							"pre": [-9.1, 1.0875, -1.98125],
							"post": [-9.1, 1.0875, -1.98125],
							"lerp_mode": "catmullrom"
						},
						"0.4": {
							"post": [-16.3, 1.0875, -7.98125],
							"lerp_mode": "catmullrom"
						},
						"0.5": {
							"post": [-24.4, -2.9125, -14.98125],
							"lerp_mode": "catmullrom"
						},
						"0.5667": {
							"post": [-31.8, -8.9125, -21.98125],
							"lerp_mode": "catmullrom"
						},
						"0.6333": {
							"post": [-37.8, -16.9125, -27.28125],
							"lerp_mode": "catmullrom"
						},
						"0.6667": {
							"post": [-42, -25.3125, -30.28125],
							"lerp_mode": "catmullrom"
						},
						"0.7": [-46.1, -35.0125, -33.48125],
						"0.7667": [0, 0, 0]
					},
					"scale": {
						"0.0": [1, 1, 1],
						"0.6667": {
							"pre": [1, 1, 1],
							"post": [0, 0, 0]
						},
						"0.9": {
							"pre": [0, 0, 0],
							"post": [1, 1, 1]
						}
					}
				},
				"root": {
					"rotation": {
						"0.0": [0, 0, 0],
						"0.0333": [0, 0, 0],
						"0.0667": [0, 0, 0],
						"0.1": [0, 0, 0],
						"0.1333": [0.3, 0, 0],
						"0.1667": [0.6, 0, 0],
						"0.2": [0.7, 0, 0],
						"0.2333": [0.8, 0, 0],
						"0.2667": [0.9, 0, 0],
						"0.3": [1, 0, 0],
						"0.3333": [1.1, 0, 0],
						"0.3667": [0.8, 0, 0],
						"0.4": [0.3, 0, 0],
						"0.4333": [-0.3, 0, 0],
						"0.4667": [-0.3, 0, -0.3],
						"0.5": [-0.3, 0, -0.6],
						"0.5333": [-0.3, 0, -0.6],
						"0.5667": [-0.3, 0, -0.6],
						"0.6": [-0.3, 0, -0.6],
						"0.6333": [-0.3, 0, -0.6],
						"0.6667": [-0.3, 0, -0.6],
						"0.7": [-0.3, 0, -0.6],
						"0.7333": [-0.2, 0, -0.5],
						"0.7667": [-0.1, 0, -0.3],
						"0.8": [0, 0, -0.2],
						"0.8333": [0, 0, -0.1],
						"0.8667": [0, 0, 0],
						"0.9": [0, 0, 0]
					},
					"position": {
						"0.0": [0, 0, 0],
						"0.0333": [0, 0, 0],
						"0.0667": [0, 0, 0],
						"0.1": [0, 0, 0],
						"0.1333": [0, -0.1, 0],
						"0.1667": [0, -0.2, 0],
						"0.2": [0, -0.2, 0],
						"0.2333": [0, -0.2, 0],
						"0.2667": [0, -0.2, 0],
						"0.3": [0, -0.2, 0],
						"0.3333": [0, -0.2, 0.1],
						"0.3667": [0, -0.2, 0.2],
						"0.4": [0, -0.2, 0.3],
						"0.4333": [0, -0.2, 0.4],
						"0.4667": [0, -0.2, 0.6],
						"0.5": [0, -0.2, 0.8],
						"0.5333": [0, -0.2, 0.9],
						"0.5667": [0, -0.2, 1],
						"0.6": [0, -0.2, 0.99],
						"0.6333": [0, -0.2, 0.99],
						"0.6667": [0, -0.3, 1],
						"0.7": [0, -0.3, 0.99],
						"0.7333": [0, -0.3, 0.9],
						"0.7667": [0, -0.2, 0.9],
						"0.8": [0, -0.2, 0.9],
						"0.8333": [0, -0.2, 0.6],
						"0.8667": [0, -0.1, 0.3],
						"0.9": [0, 0, 0]
					}
				},
				"m200_bolt": {
					"position": {
						"0.3": [0, 0, 0],
						"0.3333": [0, 0, 0],
						"0.3667": [0, 0, 2.275],
						"0.4": [0, 0, 5.345],
						"0.6667": [0, 0, 5.35],
						"0.7": [0, 0, 5.35],
						"0.7333": [0, 0, 4.15],
						"0.7667": [0, 0, 0]
					}
				},
				"rotate": {
					"rotation": {
						"0.2667": [0, 0, 0],
						"0.3": [0, 0, 30],
						"0.3333": [0, 0, 60],
						"0.7333": [0, 0, 60],
						"0.7667": [0, 0, 30],
						"0.8": [0, 0, 0]
					}
				},
				"camera": {
					"rotation": {
						"0.2333": {
							"pre": [0, 0, 0],
							"post": [0, 0, 0],
							"lerp_mode": "catmullrom"
						},
						"0.2667": {
							"post": [-0.3, 0, 0.2],
							"lerp_mode": "catmullrom"
						},
						"0.3": {
							"post": [-0.6, 0, 0.4],
							"lerp_mode": "catmullrom"
						},
						"0.3333": {
							"post": [-0.9, 0, 0.6],
							"lerp_mode": "catmullrom"
						},
						"0.6": {
							"post": [-0.9, 0, 0.4],
							"lerp_mode": "catmullrom"
						},
						"0.6333": {
							"post": [-0.6, 0, 0.3],
							"lerp_mode": "catmullrom"
						},
						"0.6667": {
							"post": [-0.3, 0, 0.2],
							"lerp_mode": "catmullrom"
						},
						"0.7": {
							"post": [0, 0, 0.1],
							"lerp_mode": "catmullrom"
						},
						"0.7333": {
							"post": [0, 0, 0],
							"lerp_mode": "catmullrom"
						}
					}
				}
			},
			"sound_effects": {
				"0.1": {
					"effect": "ex:intervention/wpfoly_cheytech_reload_bolt_v1"
				}
			}
		},
		"reload_tactical": {
			"animation_length": 1.2,
			"bones": {
				"root": {
					"rotation": {
						"0.0": [0, 0, 0],
						"0.0417": [0, 0, 0],
						"0.0833": [-0.75, 0, -0.7],
						"0.125": [-1.75, 0, -1.7],
						"0.1667": [-4.73201, -0.41352, -6.68291],
						"0.2083": [-8.64053, -0.31685, -12.61181],
						"0.25": [-8.64, -1.32, -22.71],
						"0.2917": [-7.7865, -3.8386, -31.70145],
						"0.3333": [-7.29, -4.84, -37.3],
						"0.375": [-6.265, -4.84, -40.2],
						"0.4167": [-5.69, -4.84, -40.2],
						"0.4583": [-4.19, -4.84, -40.2],
						"0.5": [-3.19, -4.84, -40.2],
						"0.5417": [-3.19, -4.84, -40.2],
						"0.5833": [-3.69, -4.84, -40.2],
						"0.625": [-3.69, -4.84, -40.2],
						"0.6667": [-4.79, -4.84, -40.2],
						"0.7083": [-6.79, -4.84, -40.2],
						"0.75": [-8.39, -4.84, -40.2],
						"0.7917": [-8.39, -4.84, -40.2],
						"0.8333": [-10.39, -4.84, -40.2],
						"0.875": [-13.59, -4.84, -38.7],
						"0.9167": [-12.49, -4.84, -32.1],
						"0.9583": [-6.29, -4.84, -21.7],
						"1.0": [-3.19, -4.84, -11.9],
						"1.0417": [-2.39, -3.63, -6.97],
						"1.0833": [-1.59, -2.42, -4.65],
						"1.125": [-0.79, -1.21, -2.33],
						"1.1667": [0, 0, 0]
					},
					"position": {
						"0.0": [0, 0, 0],
						"0.0417": [0, 0, 0],
						"0.0833": [0, 0.2, -0.2],
						"0.125": [-0.3, 0.5, -0.6],
						"0.1667": [-0.8, 0.875, -0.8],
						"0.2083": [-1.675, 1.055, -0.925],
						"0.25": [-2.48, 0.96, -0.92],
						"0.2917": [-3.03, 0.535, -0.92],
						"0.3333": [-3.33, 0.04, -0.92],
						"0.375": [-3.53, -0.26, -0.92],
						"0.4167": [-3.53, -0.46, -0.92],
						"0.4583": [-3.53, -0.56, -0.92],
						"0.5": [-3.53, -0.56, -0.92],
						"0.5417": [-3.53, -0.56, -0.92],
						"0.5833": [-3.53, -0.56, -0.92],
						"0.625": [-3.53, -0.56, -0.92],
						"0.6667": [-3.53, -0.56, -0.92],
						"0.7083": [-3.53, -0.36, -0.92],
						"0.75": [-3.53, -0.36, -0.92],
						"0.7917": [-3.53, -0.36, -0.92],
						"0.8333": [-3.53, -0.36, -0.92],
						"0.875": [-3.53, -0.36, -0.92],
						"0.9167": [-3.03, -0.36, -0.92],
						"0.9583": [-2.33, -0.36, -0.92],
						"1.0": [-1.83, -0.36, -0.92],
						"1.0417": [-1.23, -0.36, -0.92],
						"1.0833": [-0.83, -0.36, -0.72],
						"1.125": [-0.43, -0.36, -0.52],
						"1.1667": [0, 0, 0]
					}
				},
				"righthand": {
					"rotation": [92.95715, -348.33003, -179.8124],
					"position": [-7.125, -14.15, 6.95],
					"scale": [1, 1.5, 1]
				},
				"lefthand": {
					"rotation": {
						"0.0": [89.52779, -393.457, -128.79941],
						"0.0417": [89.53, -393.46, -128.8],
						"0.0833": [89.53, -393.46, -128.8],
						"0.125": [89.53, -393.46, -128.8],
						"0.1667": [89.53, -393.46, -128.8],
						"0.2083": [89.53, -393.46, -128.8],
						"0.25": [89.53, -393.46, -128.8],
						"0.2917": [89.53, -393.46, -128.8],
						"0.3333": [89.53, -393.46, -128.8],
						"0.375": [89.59682, -373.46057, -128.96529],
						"0.4167": [113.01344, -372.87262, -113.3173],
						"0.4583": [135.13962, -354.58045, -108.42431],
						"0.5": [144.50666, -351.59109, -105.37608],
						"0.5417": [133.04681, -363.09584, -110.97078],
						"0.5833": [156.19197, -401.84122, -164.60109],
						"0.625": [99.31805, -384.20729, -128.88263],
						"0.6667": [99.32, -384.21, -128.88],
						"0.7083": [99.32, -384.21, -128.88],
						"0.75": [99.32, -384.21, -128.88],
						"0.7917": [99.32, -384.21, -128.88],
						"0.8333": [99.32, -384.21, -128.88],
						"0.875": [99.32, -384.21, -128.88],
						"0.9167": [99.32, -384.21, -128.88],
						"0.9583": [99.32, -384.21, -128.88],
						"1.0": [94.42, -388.83, -128.84],
						"1.0417": [89.52779, -393.457, -128.79941]
					},
					"position": {
						"0.0": [6.85, -12.7, -2.325],
						"0.0417": [6.85, -12.7, -2.33],
						"0.0833": [7.65, -13.05, -0.88],
						"0.125": [7.65, -13.05, 0.945],
						"0.1667": [7.65, -13.35, 1.55],
						"0.2083": [7.35, -14.225, 1.35],
						"0.25": [6.875, -14.22, 1.05],
						"0.2917": [6.88, -14.445, 1.05],
						"0.3333": [6.88, -14.44, 1.05],
						"0.375": [7.455, -14.79, 1.05],
						"0.4167": [8.205, -15.785, 0.225],
						"0.4583": [10.935, -16.63, -0.17],
						"0.5": [13.265, -19.805, -0.17],
						"0.5417": [11.47, -16.9, -0.17],
						"0.5833": [6.57, -14.3, 0.305],
						"0.625": [7.275, -23.275, 1.35],
						"0.6667": [7.28, -27.37, 1.35],
						"0.7083": [7.28, -27.37, 1.35],
						"0.75": [7.28, -27.37, 1.35],
						"0.7917": [7.28, -27.37, 1.35],
						"0.8333": [7.28, -27.37, 1.35],
						"0.875": [7.28, -16.37, 1.35],
						"0.9167": [8.805, -16.37, 1.2],
						"0.9583": [9.335, -15.97, -0.55],
						"1.0": [8.165, -14.82, -0.975],
						"1.0417": [6.85, -12.7, -2.325]
					},
					"scale": [1, 1.5, 1]
				},
				"mag_and_lefthand": {
					"rotation": {
						"0.0": [0, 0, 0],
						"0.0417": [0, 0, 0],
						"0.0833": [0, 0, 0],
						"0.125": [0, 0, 0],
						"0.1667": [0, 0, 0],
						"0.2083": [0, 0, 0],
						"0.25": [0, 0, 0],
						"0.2917": [0, 0, 0],
						"0.3333": [0, 0, 0],
						"0.375": [0, 0, -12.85],
						"0.4167": [0, 0, -24.75],
						"0.4583": [0, 0, -24.75],
						"0.5": [0, 0, -24.75],
						"0.5417": [0, 0, -24.75],
						"0.5833": [0, 0, -24.75],
						"0.625": [0, 0, 0],
						"0.6667": [0, 0, 0],
						"0.7083": [0, 0, 0],
						"0.75": [0, 0, 0],
						"0.7917": [0, 0, 0],
						"0.8333": [0, 0, 0],
						"0.875": [0, 0, 0]
					},
					"position": {
						"0.0": [0, 0, 0],
						"0.0417": [0, 0, 0],
						"0.0833": [0, 0, 0],
						"0.125": [0, 0, 0],
						"0.1667": [0, 0, 0],
						"0.2083": [0, 0, 0],
						"0.25": [0, 0, 0],
						"0.2917": [0, 0, 0],
						"0.3333": [0, 0, 0],
						"0.375": [5.5, -7, 0],
						"0.4167": [5.5, -7, 0],
						"0.4583": [5.5, -7, 0],
						"0.5": [5.5, -7, 0],
						"0.5417": [5.5, -7, 0],
						"0.5833": [5.5, -7, 0],
						"0.625": [0, 0, 0],
						"0.6667": [0, 0, 0],
						"0.7083": [0, 0, 0],
						"0.75": [0, 2.825, 0],
						"0.7917": [0, 6.805, 0],
						"0.8333": [0, 9.235, 0],
						"0.875": [0, 0, 0]
					}
				},
				"mag_and_bullet": {
					"rotation": {
						"0.0": [0, 0, 0],
						"0.0417": [0, 0, 0],
						"0.0833": [0, 0, 0],
						"0.125": [0, 0, 0],
						"0.1667": [0, 0, 0],
						"0.2083": [0, 0, 0],
						"0.25": [0, 0, 0],
						"0.2917": [0, 0, 0],
						"0.3333": [0, 0, 0],
						"0.375": [0, 0, -41.1],
						"0.4167": [94.1, -36, -135.4],
						"0.4583": [180, -67.5, -197.5],
						"0.5": [274.1, -49.8, -150.3],
						"0.5417": [0, 0, 0],
						"0.5833": [0, 0, 0],
						"0.625": [0, 0, 0],
						"0.6667": [0, 0, 0],
						"0.7083": [0, 0, 0],
						"0.75": [0, 0, 0],
						"0.7917": [0, 0, 0],
						"0.8333": [0, 0, 0],
						"0.875": [0, 0, 0]
					},
					"position": {
						"0.0": [0, 0, 0],
						"0.0417": [0, 0, 0],
						"0.0833": [0, 0, 0],
						"0.125": [0, 0, 0],
						"0.1667": [0, 0, 0],
						"0.2083": [0, 0, 0],
						"0.25": [0, 0, 0],
						"0.2917": [0, 0, 0],
						"0.3333": [0, 0, 0],
						"0.375": [0, 0, 0],
						"0.4167": [0.625, -2.45, -3.025],
						"0.4583": [4.875, -14.9, -7.225],
						"0.5": [5.65, -26.45, -7.23],
						"0.5417": [-14.25, -6, 7.47],
						"0.5833": [-14.25, -6, 7.47],
						"0.625": [0, -12.4, 0],
						"0.6667": [0, -12.4, 0],
						"0.7083": [0, -12.4, 0],
						"0.75": [0, -12.4, 0],
						"0.7917": [0, -12.4, 0],
						"0.8333": [0, -12.4, 0],
						"0.875": [0, 0, 0]
					}
				},
				"camera": {
					"rotation": {
						"0.0": {
							"post": [0, 0, 0],
							"lerp_mode": "catmullrom"
						},
						"0.0833": {
							"post": [-0.04, 0, 0.01],
							"lerp_mode": "catmullrom"
						},
						"0.1667": {
							"post": [-0.3, 0, 0.03],
							"lerp_mode": "catmullrom"
						},
						"0.25": {
							"post": [-0.9, 0, 0.05],
							"lerp_mode": "catmullrom"
						},
						"0.3333": {
							"post": [-1.6, 0, 0.07],
							"lerp_mode": "catmullrom"
						},
						"0.4167": {
							"post": [-2, 0, 0.09],
							"lerp_mode": "catmullrom"
						},
						"0.5833": {
							"post": [-2.56, 0, 0.14],
							"lerp_mode": "catmullrom"
						},
						"0.8333": {
							"post": [-1.41, 0, 0.26],
							"lerp_mode": "catmullrom"
						},
						"0.9167": {
							"post": [-0.56, 0, 0.29],
							"lerp_mode": "catmullrom"
						},
						"1.0": {
							"post": [0.42, 0, 0.32],
							"lerp_mode": "catmullrom"
						},
						"1.0833": {
							"post": [-0.98, 0, 0.37],
							"lerp_mode": "catmullrom"
						},
						"1.1667": {
							"post": [0, 0, 0],
							"lerp_mode": "catmullrom"
						}
					}
				}
			},
			"sound_effects": {
				"0.0": {
					"effect": "ex:intervention/wpfoly_cheytech_reload_lift_v1"
				},
				"0.3333": {
					"effect": "ex:intervention/wpfoly_cheytech_reload_clipout_v1"
				},
				"0.8333": {
					"effect": "ex:intervention/wpfoly_cheytech_reload_clipin_v1"
				}
			}
		},
		"reload_empty": {
			"animation_length": 2,
			"bones": {
				"root": {
					"rotation": {
						"0.0": [0, 0, 0],
						"0.0417": [0, 0, 0],
						"0.0833": [0, -1.5, 0],
						"0.125": [0, -7.56, 0],
						"0.1667": [0, -13.62, 0],
						"0.2083": [1.24751, -12.9063, 1.62735],
						"0.25": [2.43563, -10.8, 3.32052],
						"0.2917": [2.72, -6.2, 2.21],
						"0.3333": [2.94, -4.5, 1.77],
						"0.375": [3.66, -4.5, 1.33],
						"0.4167": [4.14, -4.5, 0.89],
						"0.4583": [4.27, -4.5, 0.45],
						"0.5": [5.01168, -4.5, 0.18782],
						"0.5417": [5.61, -3, 0.13],
						"0.5833": [0, 0, 0],
						"0.625": [-0.75, 0, -0.7],
						"0.6667": [-1.75, 0, -1.7],
						"0.7083": [-4.73201, -0.41352, -6.68291],
						"0.75": [-8.64053, -0.31685, -12.61181],
						"0.7917": [-8.64, -1.32, -22.71],
						"0.8333": [-7.7865, -3.8386, -31.70145],
						"0.875": [-7.29, -4.84, -37.3],
						"0.9167": [-6.265, -4.84, -40.2],
						"0.9583": [-5.69, -4.84, -40.2],
						"1.0": [-4.19, -4.84, -40.2],
						"1.0417": [-3.19, -4.84, -40.2],
						"1.0833": [-3.19, -4.84, -40.2],
						"1.125": [-3.69, -4.84, -40.2],
						"1.1667": [-3.69, -4.84, -40.2],
						"1.2083": [-4.79, -4.84, -40.2],
						"1.25": [-6.29, -4.84, -40.2],
						"1.2917": [-8.39, -4.84, -40.2],
						"1.3333": [-8.39, -4.84, -40.2],
						"1.375": [-10.39, -4.84, -40.2],
						"1.4167": [-13.59, -4.84, -38.7],
						"1.4583": [-12.49, -4.84, -32.1],
						"1.5": [-6.29, -4.84, -21.7],
						"1.5417": [-3.19, -4.84, -11.4],
						"1.5833": [-0.19, -3.63, -6.97],
						"1.625": [5.47925, -3.22723, 3.06729],
						"1.6667": [7.88, -3.23, 3.07],
						"1.7083": [6.68, -3.23, -0.53],
						"1.75": [6.16201, -1.30836, -10.3037],
						"1.7917": [6.16, -1.31, -10.3],
						"1.8333": [3.76, -1.31, -7.3],
						"1.875": [3.76, -1.31, -5.5],
						"1.9167": [2.51, -0.87, -3.67],
						"1.9583": [1.26, -0.44, -1.84],
						"2.0": [0, 0, 0]
					},
					"position": {
						"0.0": [0, 0, 0],
						"0.0417": [0, 0, 0],
						"0.0833": [0, 0.2, -0.2],
						"0.125": [0.17, 0.26, -0.28],
						"0.1667": [0.54, 0.26, -0.465],
						"0.2083": [0.61, 0.25, -0.57],
						"0.25": [0.48, 0.265, -0.58],
						"0.2917": [0.32, 0.08, -0.59],
						"0.3333": [0.26, -0.16, -0.61],
						"0.375": [0.2, -0.29, -0.53],
						"0.4167": [0.13, -0.26, -0.45],
						"0.4583": [0.07, -0.23, -0.48],
						"0.5": [0.05, -0.35, -0.285],
						"0.5417": [0.03, -0.63, 0.28],
						"0.5833": [0, 0, 0],
						"0.625": [0, 0.2, -0.2],
						"0.6667": [-0.3, 0.5, -0.6],
						"0.7083": [-0.8, 0.875, -0.8],
						"0.75": [-1.675, 1.055, -0.925],
						"0.7917": [-2.48, 0.96, -0.92],
						"0.8333": [-3.03, 0.535, -0.92],
						"0.875": [-3.33, 0.04, -0.92],
						"0.9167": [-3.53, -0.26, -0.92],
						"0.9583": [-3.53, -0.46, -0.92],
						"1.0": [-3.53, -0.56, -0.92],
						"1.0417": [-3.53, -0.56, -0.92],
						"1.0833": [-3.53, -0.56, -0.92],
						"1.125": [-3.53, -0.56, -0.92],
						"1.1667": [-3.53, -0.56, -0.92],
						"1.2083": [-3.53, -0.56, -0.92],
						"1.25": [-3.53, -0.36, -0.92],
						"1.2917": [-3.53, -0.36, -0.92],
						"1.3333": [-3.53, -0.36, -0.92],
						"1.375": [-3.53, -0.36, -0.92],
						"1.4167": [-3.53, -0.36, -0.92],
						"1.4583": [-3.03, -0.36, -0.92],
						"1.5": [-2.43, -0.36, -0.92],
						"1.5417": [-1.83, -0.36, -0.92],
						"1.5833": [-1.23, -0.56, -1.22],
						"1.625": [-0.93, -1.06, -1.445],
						"1.6667": [-0.83, -1.16, -1.64],
						"1.7083": [-0.83, -1.26, -1.74],
						"1.75": [-0.83, -1.26, -1.74],
						"1.7917": [-0.83, -1.26, -1.74],
						"1.8333": [-0.83, -1.26, -1.44],
						"1.875": [-0.83, -1.26, -1.44],
						"1.9167": [-0.55, -0.84, -0.96],
						"1.9583": [-0.28, -0.42, -0.48],
						"2.0": [0, 0, 0]
					}
				},
				"righthand": {
					"rotation": {
						"0.0": [92.95715, -348.33003, -179.8124],
						"0.0417": [92.96, -348.33, -179.81],
						"0.0833": [92.96, -348.33, -179.81],
						"0.125": [92.96, -348.33, -179.81],
						"0.1667": [88.6783, -348.03724, -200.50105],
						"0.2083": [91.4432, -348.05109, -187.21152],
						"0.25": [91.44, -348.05, -187.21],
						"0.2917": [91.44, -348.05, -187.21],
						"0.3333": [91.44, -348.05, -187.21],
						"0.375": [91.44, -348.05, -187.21],
						"0.4167": [92.95715, -348.33003, -179.8124],
						"1.5417": [92.96, -348.33, -179.81],
						"1.5833": [92.96, -348.33, -179.81],
						"1.625": [92.96, -348.33, -179.81],
						"1.6667": [133.71, -348.33, -179.81],
						"1.7083": [133.71, -348.33, -179.81],
						"1.75": [132.4817, -343.71515, -184.88805],
						"1.7917": [128.73, -343.72, -184.89],
						"1.8333": [133.48, -343.72, -184.89],
						"1.875": [133.48, -343.72, -184.89],
						"1.9167": [119.97, -345.26, -183.2],
						"1.9583": [106.46, -346.8, -181.51],
						"2.0": [92.95715, -348.33003, -179.8124]
					},
					"position": {
						"0.0": [-7.125, -14.15, 6.95],
						"0.0417": [-7.12, -14.15, 6.95],
						"0.0833": [-7.945, -14.725, 6.95],
						"0.125": [-10.465, -14.52, 6.875],
						"0.1667": [-9.91, -12.37, 6.88],
						"0.2083": [-10.585, -9.445, 6.88],
						"0.25": [-10.53, -9.265, 8.88],
						"0.2917": [-10.53, -9.26, 12.48],
						"0.3333": [-10.53, -9.26, 12.48],
						"0.375": [-10.68, -12.11, 9.63],
						"0.4167": [-7.125, -14.15, 6.95],
						"1.5417": [-7.12, -14.15, 6.95],
						"1.5833": [-7.12, -14.15, 6.95],
						"1.625": [-8.49, -12.55, 9],
						"1.6667": [-9.79, -9.3, 12.175],
						"1.7083": [-10.59, -8.8, 8.655],
						"1.75": [-10.09, -12, 6.925],
						"1.7917": [-10.09, -12, 6.93],
						"1.8333": [-10.09, -12.45, 6.93],
						"1.875": [-11.315, -13.7, 7.23],
						"1.9167": [-9.92, -13.85, 7.14],
						"1.9583": [-8.52, -14, 7.05],
						"2.0": [-7.125, -14.15, 6.95]
					},
					"scale": [1, 1.5, 1]
				},
				"lefthand": {
					"rotation": {
						"0.0": [89.52779, -393.457, -128.79941],
						"0.5833": [89.53, -393.46, -128.8],
						"0.625": [89.53, -393.46, -128.8],
						"0.6667": [89.53, -393.46, -128.8],
						"0.7083": [89.53, -393.46, -128.8],
						"0.75": [89.53, -393.46, -128.8],
						"0.7917": [89.53, -393.46, -128.8],
						"0.8333": [89.53, -393.46, -128.8],
						"0.875": [89.53, -393.46, -128.8],
						"0.9167": [89.59682, -373.46057, -128.96529],
						"0.9583": [113.01344, -372.87262, -113.3173],
						"1.0": [135.13962, -354.58045, -108.42431],
						"1.0417": [144.50666, -351.59109, -105.37608],
						"1.0833": [133.04681, -363.09584, -110.97078],
						"1.125": [156.19197, -401.84122, -164.60109],
						"1.1667": [99.31805, -384.20729, -128.88263],
						"1.2083": [99.32, -384.21, -128.88],
						"1.25": [99.32, -384.21, -128.88],
						"1.2917": [99.32, -384.21, -128.88],
						"1.3333": [99.32, -384.21, -128.88],
						"1.375": [99.32, -384.21, -128.88],
						"1.4167": [99.32, -384.21, -128.88],
						"1.4583": [99.32, -384.21, -128.88],
						"1.5": [99.32, -384.21, -128.88],
						"1.5417": [94.42, -388.83, -128.84],
						"1.5833": [89.52779, -393.457, -128.79941]
					},
					"position": {
						"0.0": [6.85, -12.7, -2.325],
						"0.5833": [6.85, -12.7, -2.33],
						"0.625": [7.65, -13.05, -0.88],
						"0.6667": [7.65, -13.05, 0.945],
						"0.7083": [7.65, -13.35, 1.55],
						"0.75": [7.35, -14.225, 1.35],
						"0.7917": [6.875, -14.22, 1.05],
						"0.8333": [6.88, -14.445, 1.05],
						"0.875": [6.88, -14.44, 1.05],
						"0.9167": [7.455, -14.79, 1.05],
						"0.9583": [8.205, -15.785, 0.225],
						"1.0": [10.935, -16.63, -0.17],
						"1.0417": [13.265, -19.805, -0.17],
						"1.0833": [11.47, -16.9, -0.17],
						"1.125": [6.57, -14.3, 0.305],
						"1.1667": [7.275, -23.275, 1.35],
						"1.2083": [7.28, -27.37, 1.35],
						"1.25": [7.28, -27.37, 1.35],
						"1.2917": [7.28, -27.37, 1.35],
						"1.3333": [7.28, -27.37, 1.35],
						"1.375": [7.28, -27.37, 1.35],
						"1.4167": [7.28, -16.37, 1.35],
						"1.4583": [8.805, -16.37, 1.2],
						"1.5": [9.335, -15.97, -0.55],
						"1.5417": [8.165, -14.82, -0.975],
						"1.5833": [6.85, -12.7, -2.325]
					},
					"scale": [1, 1.5, 1]
				},
				"m200_bolt": {
					"position": {
						"0.2083": [0, 0, 0],
						"0.25": [0, 0, 2.175],
						"0.2917": [0, 0, 5.345],
						"1.6667": [0, 0, 5.35],
						"1.7083": [0, 0, 1.9],
						"1.75": [0, 0, 0]
					}
				},
				"rotate": {
					"rotation": {
						"0.1667": [0, 0, 0],
						"0.2083": [0, 0, 60],
						"1.7083": [0, 0, 60],
						"1.75": [0, 0, 0]
					}
				},
				"mag_and_lefthand": {
					"rotation": {
						"0.0": [0, 0, 0],
						"0.5833": [0, 0, 0],
						"0.625": [0, 0, 0],
						"0.6667": [0, 0, 0],
						"0.7083": [0, 0, 0],
						"0.75": [0, 0, 0],
						"0.7917": [0, 0, 0],
						"0.8333": [0, 0, 0],
						"0.875": [0, 0, 0],
						"0.9167": [0, 0, -12.85],
						"0.9583": [0, 0, -24.75],
						"1.0": [0, 0, -24.75],
						"1.0417": [0, 0, -24.75],
						"1.0833": [0, 0, -24.75],
						"1.125": [0, 0, -24.75],
						"1.1667": [0, 0, 0],
						"1.2083": [0, 0, 0],
						"1.25": [0, 0, 0],
						"1.2917": [0, 0, 0],
						"1.3333": [0, 0, 0],
						"1.375": [0, 0, 0],
						"1.4167": [0, 0, 0]
					},
					"position": {
						"0.0": [0, 0, 0],
						"0.5833": [0, 0, 0],
						"0.625": [0, 0, 0],
						"0.6667": [0, 0, 0],
						"0.7083": [0, 0, 0],
						"0.75": [0, 0, 0],
						"0.7917": [0, 0, 0],
						"0.8333": [0, 0, 0],
						"0.875": [0, 0, 0],
						"0.9167": [5.5, -7, 0],
						"0.9583": [5.5, -7, 0],
						"1.0": [5.5, -7, 0],
						"1.0417": [5.5, -7, 0],
						"1.0833": [5.5, -7, 0],
						"1.125": [5.5, -7, 0],
						"1.1667": [0, 0, 0],
						"1.2083": [0, 0, 0],
						"1.25": [0, 0, 0],
						"1.2917": [0, 2.825, 0],
						"1.3333": [0, 6.805, 0],
						"1.375": [0, 9.235, 0],
						"1.4167": [0, 0, 0]
					}
				},
				"mag_and_bullet": {
					"rotation": {
						"0.0": [0, 0, 0],
						"0.5833": [0, 0, 0],
						"0.625": [0, 0, 0],
						"0.6667": [0, 0, 0],
						"0.7083": [0, 0, 0],
						"0.75": [0, 0, 0],
						"0.7917": [0, 0, 0],
						"0.8333": [0, 0, 0],
						"0.875": [0, 0, 0],
						"0.9167": [0, 0, -41.1],
						"0.9583": [94.1, -36, -135.4],
						"1.0": [180, -67.5, -197.5],
						"1.0417": [274.1, -49.8, -150.3],
						"1.0833": [0, 0, 0],
						"1.125": [0, 0, 0],
						"1.1667": [0, 0, 0],
						"1.2083": [0, 0, 0],
						"1.25": [0, 0, 0],
						"1.2917": [0, 0, 0],
						"1.3333": [0, 0, 0],
						"1.375": [0, 0, 0],
						"1.4167": [0, 0, 0]
					},
					"position": {
						"0.0": [0, 0, 0],
						"0.5833": [0, 0, 0],
						"0.625": [0, 0, 0],
						"0.6667": [0, 0, 0],
						"0.7083": [0, 0, 0],
						"0.75": [0, 0, 0],
						"0.7917": [0, 0, 0],
						"0.8333": [0, 0, 0],
						"0.875": [0, 0, 0],
						"0.9167": [0, 0, 0],
						"0.9583": [0.625, -2.45, -3.025],
						"1.0": [4.875, -14.9, -7.225],
						"1.0417": [5.65, -26.45, -7.23],
						"1.0833": [-14.25, -6, 7.47],
						"1.125": [-14.25, -6, 7.47],
						"1.1667": [0, -12.4, 0],
						"1.2083": [0, -12.4, 0],
						"1.25": [0, -12.4, 0],
						"1.2917": [0, -12.4, 0],
						"1.3333": [0, -12.4, 0],
						"1.375": [0, -12.4, 0],
						"1.4167": [0, 0, 0]
					}
				},
				"camera": {
					"rotation": {
						"0.0": {
							"post": [0, 0, 0],
							"lerp_mode": "catmullrom"
						},
						"0.125": {
							"post": [0, 0, 0],
							"lerp_mode": "catmullrom"
						},
						"0.1667": {
							"post": [-0.3, 0, 0.2],
							"lerp_mode": "catmullrom"
						},
						"0.2083": {
							"post": [-0.6, 0, 0.4],
							"lerp_mode": "catmullrom"
						},
						"0.25": {
							"post": [-0.9, 0, 0.6],
							"lerp_mode": "catmullrom"
						},
						"0.4167": {
							"post": [0, 0, 0],
							"lerp_mode": "catmullrom"
						},
						"0.5": {
							"post": [-0.04, 0, 0.01],
							"lerp_mode": "catmullrom"
						},
						"0.5833": {
							"post": [-0.3, 0, 0.03],
							"lerp_mode": "catmullrom"
						},
						"0.6667": {
							"post": [-0.9, 0, 0.05],
							"lerp_mode": "catmullrom"
						},
						"0.75": {
							"post": [-1.6, 0, 0.07],
							"lerp_mode": "catmullrom"
						},
						"0.8333": {
							"post": [-2, 0, 0.09],
							"lerp_mode": "catmullrom"
						},
						"1.0": {
							"post": [-2.56, 0, 0.14],
							"lerp_mode": "catmullrom"
						},
						"1.25": {
							"post": [-1.41, 0, 0.26],
							"lerp_mode": "catmullrom"
						},
						"1.3333": {
							"post": [-0.56, 0, 0.29],
							"lerp_mode": "catmullrom"
						},
						"1.4167": {
							"post": [0.42, 0, 0.32],
							"lerp_mode": "catmullrom"
						},
						"1.5417": {
							"post": [-0.98, 0, 0.37],
							"lerp_mode": "catmullrom"
						},
						"1.6667": {
							"post": [-0.9, 0, 0.4],
							"lerp_mode": "catmullrom"
						},
						"1.7083": {
							"post": [-0.6, 0, 0.3],
							"lerp_mode": "catmullrom"
						},
						"1.75": {
							"post": [-0.3, 0, 0.2],
							"lerp_mode": "catmullrom"
						},
						"1.7917": {
							"post": [0, 0, 0.1],
							"lerp_mode": "catmullrom"
						},
						"1.8333": {
							"post": [0, 0, 0],
							"lerp_mode": "catmullrom"
						}
					}
				},
				"shell_ejection": {
					"rotation": {
						"0.25": [0, 0, 0],
						"0.2917": [0, 0, 0],
						"0.3333": [0, -135.42, 0],
						"0.4167": [0, -270.83, 0],
						"0.5": [0, -406.25, 0],
						"0.5833": [0, -541.67, 0],
						"0.625": [0, -677.08, 0],
						"0.6667": [0, -812.5, 0],
						"0.7083": [0, 0, 0]
					},
					"position": {
						"0.2083": [0, 0, 0],
						"0.2917": [0, 0.0875, 6.01875],
						"0.3333": {
							"pre": [-9.1, 1.0875, -1.98125],
							"post": [-9.1, 1.0875, -1.98125],
							"lerp_mode": "catmullrom"
						},
						"0.4167": {
							"post": [-16.3, 1.0875, -7.98125],
							"lerp_mode": "catmullrom"
						},
						"0.5": {
							"post": [-24.4, -2.9125, -14.98125],
							"lerp_mode": "catmullrom"
						},
						"0.5833": {
							"post": [-31.8, -8.9125, -21.98125],
							"lerp_mode": "catmullrom"
						},
						"0.625": {
							"post": [-37.8, -16.9125, -27.28125],
							"lerp_mode": "catmullrom"
						},
						"0.6667": {
							"post": [-42, -25.3125, -30.28125],
							"lerp_mode": "catmullrom"
						},
						"0.7083": [-46.1, -35.0125, -33.48125],
						"0.75": [0, 0, 0]
					},
					"scale": {
						"0.0": [1, 1, 1],
						"0.6667": {
							"pre": [1, 1, 1],
							"post": [0, 0, 0]
						},
						"0.9167": {
							"pre": [0, 0, 0],
							"post": [1, 1, 1]
						}
					}
				}
			},
			"sound_effects": {
				"0.0": {
					"effect": "ex:intervention/wpfoly_cheytech_reload_lift_v1"
				},
				"0.1667": {
					"effect": "ex:intervention/wpfoly_cheytech_reload_boltunlock_v1"
				},
				"0.2083": {
					"effect": "ex:intervention/wpfoly_cheytech_reload_boltopen_v1"
				},
				"0.8333": {
					"effect": "ex:intervention/wpfoly_cheytech_reload_clipout_v1"
				},
				"1.2917": {
					"effect": "ex:intervention/wpfoly_cheytech_reload_clipin_v1"
				},
				"1.875": {
					"effect": "ex:intervention/wpfoly_cheytech_reload_boltclose_v1"
				}
			}
		},
		"run": {
			"loop": true,
			"animation_length": 1,
			"bones": {
				"root": {
					"rotation": {
						"0.0": {
							"post": [-20.19774, -62.19456, 44.56047],
							"lerp_mode": "catmullrom"
						},
						"0.25": {
							"post": [-18.39024, -59.38193, 40.99674],
							"lerp_mode": "catmullrom"
						},
						"0.5": {
							"post": [-13.71375, -52.49066, 29.30105],
							"lerp_mode": "catmullrom"
						},
						"0.75": {
							"post": [-18.39024, -59.38193, 40.99674],
							"lerp_mode": "catmullrom"
						},
						"1.0": {
							"post": [-20.19774, -62.19456, 44.56047],
							"lerp_mode": "catmullrom"
						}
					},
					"position": {
						"0.0": {
							"post": [6.985, -6.86, 1.3],
							"lerp_mode": "catmullrom"
						},
						"0.25": {
							"post": [3.86, -4.46, -1],
							"lerp_mode": "catmullrom"
						},
						"0.5": {
							"post": [0.6, -6.355, 1],
							"lerp_mode": "catmullrom"
						},
						"0.75": {
							"post": [3.86, -4.46, -1],
							"lerp_mode": "catmullrom"
						},
						"1.0": {
							"post": [6.985, -6.86, 1.3],
							"lerp_mode": "catmullrom"
						}
					}
				}
			}
		},
		"run_hold": {
			"loop": true,
			"bones": {
				"constraint": {
					"rotation": [0, 0, 0],
					"position": [0.1, 0, 0.25]
				},
				"root": {
					"rotation": [-0.57138, -22.27273, 32.90075],
					"position": [2.685, -2.235, -1.7]
				}
			}
		},
		"run_start": {
			"loop": true,
			"animation_length": 0.1667,
			"bones": {
				"constraint": {
					"rotation": [0, 0, 0],
					"position": [0.1, 0, 0.25]
				},
				"root": {
					"rotation": {
						"0.0": [0, 0, 0],
						"0.0833": [3.36628, -11.61941, 9.23003],
						"0.1667": [-6.65682, -37.38221, 35.13671]
					},
					"position": {
						"0.0": [0, 0, 0],
						"0.0833": [1.58, -2.085, -0.15],
						"0.1667": [4.06, -3.235, 0.675]
					}
				}
			}
		},
		"run_end": {
			"loop": true,
			"animation_length": 0.5,
			"bones": {
				"constraint": {
					"rotation": [0, 0, 0],
					"position": [0.1, 0, 0.25]
				},
				"root": {
					"rotation": {
						"0.0": [-5.81944, -24.70675, 33.52295],
						"0.0833": [6.37298, -23.57592, 12.22809],
						"0.1667": [5.95408, -9.56335, 13.15033],
						"0.25": [2.97, -1.94, 7.99],
						"0.3333": [0.83, -0.46, 2.48],
						"0.4167": [0, 0, 0]
					},
					"position": {
						"0.0": [-0.315, -3.635, 0.3],
						"0.0833": [0.485, -2.76, 0.3],
						"0.1667": [1.04, -1.895, 0],
						"0.25": [0.82, -0.82, 0],
						"0.3333": [0.43, -0.03, 0],
						"0.4167": [0, 0, 0]
					}
				}
			}
		}
	}
}